CellId,nCount_ATAC,nCount_RNA,ID,Case,WNN_L4,WNN_L1,celltype
28_AGAGGATGTAACCACA-1,44831,71610,HC24,HC,Exc_FEZF2_NTNG1,Neuronal,Exc_FEZF2_NTNG1
28_ATTACCCGTGGTTATG-1,22060,67496,HC22,HC,Exc_FEZF2_NTNG1,Neuronal,Exc_FEZF2_NTNG1
4_GCGCAAACATACCCGG-1,8620,32383,HC28,HC,Exc_FEZF2_NTNG1,Neuronal,Exc_FEZF2_NTNG1
25_GAGGAGGCAAACTAAG-1,49538,76534,HC32,HC,Exc_FEZF2_NTNG1,Neuronal,Exc_FEZF2_NTNG1
28_CTATTGAAGCGATACT-1,22691,46924,HC21,HC,Exc_FEZF2_NTNG1,Neuronal,Exc_FEZF2_NTNG1
2_CGGCTAATCCCTCTAA-1,42866,39965,HC4,HC,Exc_FEZF2_NTNG1,Neuronal,Exc_FEZF2_NTNG1
18_ATGGTCTAGGGCTTAT-1,24973,80501,HC7,HC,Exc_FEZF2_NTNG1,Neuronal,Exc_FEZF2_NTNG1
18_TAGCTTAAGCATTATG-1,22250,45637,HC5,HC,Exc_FEZF2_NTNG1,Neuronal,Exc_FEZF2_NTNG1
5_CGATATTCAGTTTGTG-1,27784,52564,HC12,HC,Exc_FEZF2_NTNG1,Neuronal,Exc_FEZF2_NTNG1
7_GTTTATCTCAAGTGTC-1,25697,36831,HC25,HC,Exc_FEZF2_NTNG1,Neuronal,Exc_FEZF2_NTNG1
5_TGGAACAAGGGATGAC-1,35834,29570,HC11,HC,Exc_FEZF2_NTNG1,Neuronal,Exc_FEZF2_NTNG1
24_CTCTAAGCATGCAACC-1,41548,93715,HC16,HC,Exc_FEZF2_NTNG1,Neuronal,Exc_FEZF2_NTNG1
26_AAGCAAGTCCGTTATT-1,7544,72428,HC19,HC,Exc_FEZF2_NTNG1,Neuronal,Exc_FEZF2_NTNG1
4_ACCTTGTGTTAGTTGG-1,22316,39414,HC30,HC,Exc_FEZF2_NTNG1,Neuronal,Exc_FEZF2_NTNG1
30_TCCTGGTTCAAACCTA-1,15777,95493,HC27,HC,Exc_FEZF2_NTNG1,Neuronal,Exc_FEZF2_NTNG1
2_CCAAGGCTCTAGCGTG-1,25957,24492,HC1,HC,Exc_FEZF2_NTNG1,Neuronal,Exc_FEZF2_NTNG1
32_GTAAGCGCAATTGAGA-1,42422,118989,HC31,HC,Exc_FEZF2_NTNG1,Neuronal,Exc_FEZF2_NTNG1
18_AGTAACACACTGGCTG-1,15953,29186,HC8,HC,Exc_FEZF2_NTNG1,Neuronal,Exc_FEZF2_NTNG1
23_TACTGGCCAACACCTA-1,38740,78676,HC9,HC,Exc_FEZF2_NTNG1,Neuronal,Exc_FEZF2_NTNG1
2_CGAGCTGGTTAGGACC-1,41565,21041,HC2,HC,Exc_FEZF2_NTNG1,Neuronal,Exc_FEZF2_NTNG1
23_TCAATCGCAGTTTGGC-1,43390,48927,HC10,HC,Exc_FEZF2_NTNG1,Neuronal,Exc_FEZF2_NTNG1
7_CTTAGTTTCACGTTAA-1,27502,61191,HC23,HC,Exc_FEZF2_NTNG1,Neuronal,Exc_FEZF2_NTNG1
18_TAGGTTATCTTTGTAC-1,11387,39736,HC6,HC,Exc_FEZF2_NTNG1,Neuronal,Exc_FEZF2_NTNG1
24_GAGCCACTCCTAAATG-1,51424,75356,HC13,HC,Exc_FEZF2_NTNG1,Neuronal,Exc_FEZF2_NTNG1
7_GTTAACCAGTTATGTG-1,45146,44337,HC26,HC,Exc_FEZF2_NTNG1,Neuronal,Exc_FEZF2_NTNG1
14_TTATCCGTCGTTAGTA-1,40340,22648,HC3,HC,Exc_FEZF2_NTNG1,Neuronal,Exc_FEZF2_NTNG1
8_GCGGAACCAATTAAGG-1,30673,56419,HC18,HC,Exc_FEZF2_NTNG1,Neuronal,Exc_FEZF2_NTNG1
18_GTTTGTTTCAAGCTTA-1,18770,32195,HC7,HC,Exc_FEZF2_NTNG1,Neuronal,Exc_FEZF2_NTNG1
5_GCACGCTAGGGTGAGT-1,11482,24564,HC12,HC,Exc_FEZF2_NTNG1,Neuronal,Exc_FEZF2_NTNG1
18_AATCTTGAGGGTGAAC-1,30603,18658,HC6,HC,Exc_FEZF2_NTNG1,Neuronal,Exc_FEZF2_NTNG1
26_GCCTACTTCTATCGCC-1,25835,83161,HC19,HC,Exc_FEZF2_NTNG1,Neuronal,Exc_FEZF2_NTNG1
25_TCAGCGATCATAGACC-1,37696,84243,HC32,HC,Exc_FEZF2_NTNG1,Neuronal,Exc_FEZF2_NTNG1
28_CTGCAATAGGCGCTTA-1,15430,138274,HC22,HC,Exc_FEZF2_NTNG1,Neuronal,Exc_FEZF2_NTNG1
24_CAACTAATCAAACCTA-1,31811,52304,HC13,HC,Exc_FEZF2_NTNG1,Neuronal,Exc_FEZF2_NTNG1
8_AAGCTAGAGCGGATTT-1,31946,19515,HC18,HC,Exc_FEZF2_NTNG1,Neuronal,Exc_FEZF2_NTNG1
4_AGACAATAGTTCCTCA-1,37515,42646,HC21,HC,Exc_FEZF2_NTNG1,Neuronal,Exc_FEZF2_NTNG1
7_AGCACTAGTCCCGGAA-1,38290,27887,HC23,HC,Exc_FEZF2_NTNG1,Neuronal,Exc_FEZF2_NTNG1
4_CGAGCTGGTCAAGACC-1,13027,20604,HC28,HC,Exc_FEZF2_NTNG1,Neuronal,Exc_FEZF2_NTNG1
5_TCATAACCACAATGTT-1,29693,32399,HC11,HC,Exc_FEZF2_NTNG1,Neuronal,Exc_FEZF2_NTNG1
2_CACTGACCAATGCCCG-1,9034,29076,HC4,HC,Exc_FEZF2_NTNG1,Neuronal,Exc_FEZF2_NTNG1
23_GCCTTTGGTGGAGCAA-1,52264,80039,HC9,HC,Exc_FEZF2_NTNG1,Neuronal,Exc_FEZF2_NTNG1
18_AATTAGGCAGAATGAC-1,22320,31987,HC8,HC,Exc_FEZF2_NTNG1,Neuronal,Exc_FEZF2_NTNG1
5_TAGCTAATCTCCATAT-1,9403,34611,HC10,HC,Exc_FEZF2_NTNG1,Neuronal,Exc_FEZF2_NTNG1
8_GCCTTAGAGGCATGTT-1,8441,5380,HC24,HC,Exc_FEZF2_NTNG1,Neuronal,Exc_FEZF2_NTNG1
18_CTAAGTCAGGAGTCGG-1,27373,20996,HC5,HC,Exc_FEZF2_NTNG1,Neuronal,Exc_FEZF2_NTNG1
7_AGTGGACAGGAGCAAC-1,77095,41094,HC25,HC,Exc_FEZF2_NTNG1,Neuronal,Exc_FEZF2_NTNG1
24_GAGGAGGCACTAAATC-1,32844,39110,HC16,HC,Exc_FEZF2_NTNG1,Neuronal,Exc_FEZF2_NTNG1
14_AGCGTGCTCCAGCACA-1,19874,43823,HC3,HC,Exc_FEZF2_NTNG1,Neuronal,Exc_FEZF2_NTNG1
2_CGAAGTAAGTACCGCA-1,29770,19181,HC2,HC,Exc_FEZF2_NTNG1,Neuronal,Exc_FEZF2_NTNG1
4_GAGCGATAGCACGATT-1,29500,30105,HC31,HC,Exc_FEZF2_NTNG1,Neuronal,Exc_FEZF2_NTNG1
7_CTCTATGTCAGTATTG-1,13198,38091,HC26,HC,Exc_FEZF2_NTNG1,Neuronal,Exc_FEZF2_NTNG1
2_GTAGCTGTCCTAGTTT-1,39845,25343,HC2,HC,Exc_FEZF2_NTNG1,Neuronal,Exc_FEZF2_NTNG1
32_TATTAGGTCTCGCCTG-1,31440,60222,HC28,HC,Exc_FEZF2_NTNG1,Neuronal,Exc_FEZF2_NTNG1
8_TCCACAACAATTATGC-1,41807,75900,HC18,HC,Exc_FEZF2_NTNG1,Neuronal,Exc_FEZF2_NTNG1
18_GGCTATGTCATGTCAA-1,21366,37413,HC5,HC,Exc_FEZF2_NTNG1,Neuronal,Exc_FEZF2_NTNG1
4_ACTTCGCTCCTAATGA-1,10429,24077,HC31,HC,Exc_FEZF2_NTNG1,Neuronal,Exc_FEZF2_NTNG1
2_CGACAAGCATGATTGT-1,62685,44744,HC4,HC,Exc_FEZF2_NTNG1,Neuronal,Exc_FEZF2_NTNG1
28_TAAGTAGCACCGTTCC-1,8179,51117,HC22,HC,Exc_FEZF2_NTNG1,Neuronal,Exc_FEZF2_NTNG1
28_GGTTCTTGTGGAAGGC-1,29511,45436,HC21,HC,Exc_FEZF2_NTNG1,Neuronal,Exc_FEZF2_NTNG1
24_CGAAGGCCACGTAAGG-1,36354,101323,HC13,HC,Exc_FEZF2_NTNG1,Neuronal,Exc_FEZF2_NTNG1
5_CTTAATGAGAGAAGGG-1,29840,15709,HC12,HC,Exc_FEZF2_NTNG1,Neuronal,Exc_FEZF2_NTNG1
7_CTGGACCAGACAAGTG-1,43434,74466,HC26,HC,Exc_FEZF2_NTNG1,Neuronal,Exc_FEZF2_NTNG1
28_GCAATCTAGGCCTGGT-1,38839,29050,HC23,HC,Exc_FEZF2_NTNG1,Neuronal,Exc_FEZF2_NTNG1
5_AAACCAACAATCCCTT-1,36766,34011,HC10,HC,Exc_FEZF2_NTNG1,Neuronal,Exc_FEZF2_NTNG1
14_GCCAATAGTACGTTTC-1,7814,42543,HC3,HC,Exc_FEZF2_NTNG1,Neuronal,Exc_FEZF2_NTNG1
5_GACCTAGTCCAATTAG-1,26665,30917,HC11,HC,Exc_FEZF2_NTNG1,Neuronal,Exc_FEZF2_NTNG1
25_ACGAATCTCACTTCAT-1,44366,56198,HC32,HC,Exc_FEZF2_NTNG1,Neuronal,Exc_FEZF2_NTNG1
8_CACTTAAAGGGCTAAA-1,26943,28616,HC24,HC,Exc_FEZF2_NTNG1,Neuronal,Exc_FEZF2_NTNG1
18_AAGGAAGCAAGTAAGC-1,6843,29541,HC8,HC,Exc_FEZF2_NTNG1,Neuronal,Exc_FEZF2_NTNG1
18_ATTGAAGCACGTAATT-1,23588,33496,HC7,HC,Exc_FEZF2_NTNG1,Neuronal,Exc_FEZF2_NTNG1
5_ACCACACCAAATTCGT-1,36085,35428,HC11,HC,Exc_FEZF2_NTNG1,Neuronal,Exc_FEZF2_NTNG1
2_TATAGCCAGGCTACAT-1,63438,73285,HC2,HC,Exc_FEZF2_NTNG1,Neuronal,Exc_FEZF2_NTNG1
8_TAGCCGGGTCCTTCAG-1,22666,73945,HC18,HC,Exc_FEZF2_NTNG1,Neuronal,Exc_FEZF2_NTNG1
2_CCGCTTAGTCAACAAT-1,44531,46653,HC4,HC,Exc_FEZF2_NTNG1,Neuronal,Exc_FEZF2_NTNG1
4_GCCTATTGTCCCGAAG-1,27026,35072,HC28,HC,Exc_FEZF2_NTNG1,Neuronal,Exc_FEZF2_NTNG1
24_GTTTAACCAGTAAGTA-1,49282,86654,HC13,HC,Exc_FEZF2_NTNG1,Neuronal,Exc_FEZF2_NTNG1
4_GTGTTACAGTTATCTC-1,28564,32044,HC31,HC,Exc_FEZF2_NTNG1,Neuronal,Exc_FEZF2_NTNG1
5_TCCCTCACATGTTTGG-1,43212,46517,HC12,HC,Exc_FEZF2_NTNG1,Neuronal,Exc_FEZF2_NTNG1
18_TTTCCACCAGCACGAA-1,27569,57662,HC8,HC,Exc_FEZF2_NTNG1,Neuronal,Exc_FEZF2_NTNG1
4_CTCGCTCCACGAACAG-1,42459,20329,HC21,HC,Exc_FEZF2_NTNG1,Neuronal,Exc_FEZF2_NTNG1
14_TTGGGTTAGCCGCTTT-1,44717,39710,HC3,HC,Exc_FEZF2_NTNG1,Neuronal,Exc_FEZF2_NTNG1
28_ACTTCGCTCCTAGTCC-1,36664,122414,HC23,HC,Exc_FEZF2_NTNG1,Neuronal,Exc_FEZF2_NTNG1
18_CAATCCCTCCGGTTGA-1,7281,39241,HC5,HC,Exc_FEZF2_NTNG1,Neuronal,Exc_FEZF2_NTNG1
18_TGGCTATAGCTTAACA-1,22367,33038,HC7,HC,Exc_FEZF2_NTNG1,Neuronal,Exc_FEZF2_NTNG1
5_GGACATAAGTACCGCA-1,28573,28899,HC10,HC,Exc_FEZF2_NTNG1,Neuronal,Exc_FEZF2_NTNG1
7_TGAGCACGTGCTAGAC-1,17319,75184,HC26,HC,Exc_FEZF2_NTNG1,Neuronal,Exc_FEZF2_NTNG1
8_TTAGAAGCAACCCTAA-1,30420,58735,HC24,HC,Exc_FEZF2_NTNG1,Neuronal,Exc_FEZF2_NTNG1
18_GATGGACAGAACCTGT-1,24475,28583,HC7,HC,Exc_FEZF2_NTNG1,Neuronal,Exc_FEZF2_NTNG1
18_CTGACATAGGGACTAA-1,28239,44833,HC8,HC,Exc_FEZF2_NTNG1,Neuronal,Exc_FEZF2_NTNG1
28_ACCTCACTCCTAAGTA-1,44459,22630,HC23,HC,Exc_FEZF2_NTNG1,Neuronal,Exc_FEZF2_NTNG1
2_ACCATTAAGGATAAAC-1,22616,22466,HC2,HC,Exc_FEZF2_NTNG1,Neuronal,Exc_FEZF2_NTNG1
23_CGCATGATCAGAAACG-1,30968,35024,HC10,HC,Exc_FEZF2_NTNG1,Neuronal,Exc_FEZF2_NTNG1
8_AGTAAACAGCTACTGG-1,31401,41468,HC18,HC,Exc_FEZF2_NTNG1,Neuronal,Exc_FEZF2_NTNG1
7_TCCCGGACATCCCTCA-1,33729,36283,HC26,HC,Exc_FEZF2_NTNG1,Neuronal,Exc_FEZF2_NTNG1
4_TCCTTCAAGAAGGTGC-1,12042,36963,HC31,HC,Exc_FEZF2_NTNG1,Neuronal,Exc_FEZF2_NTNG1
4_GCGGGTTTCCTTCTAG-1,36051,31156,HC21,HC,Exc_FEZF2_NTNG1,Neuronal,Exc_FEZF2_NTNG1
18_TATCACAAGCTCATAA-1,20590,32849,HC5,HC,Exc_FEZF2_NTNG1,Neuronal,Exc_FEZF2_NTNG1
14_TCCTGTTCATCGCTCC-1,34038,32286,HC3,HC,Exc_FEZF2_NTNG1,Neuronal,Exc_FEZF2_NTNG1
8_AGTCCTGAGCACGTTG-1,23599,15015,HC24,HC,Exc_FEZF2_NTNG1,Neuronal,Exc_FEZF2_NTNG1
18_CAATCCCTCACAGACT-1,11425,59813,HC8,HC,Exc_FEZF2_NTNG1,Neuronal,Exc_FEZF2_NTNG1
2_GTTGGCCAGGATAAAC-1,21774,33414,HC2,HC,Exc_FEZF2_NTNG1,Neuronal,Exc_FEZF2_NTNG1
5_GAACCGCTCTTAGTGA-1,38176,35511,HC10,HC,Exc_FEZF2_NTNG1,Neuronal,Exc_FEZF2_NTNG1
14_GCGCCTTGTTATAGCG-1,30581,37906,HC3,HC,Exc_FEZF2_NTNG1,Neuronal,Exc_FEZF2_NTNG1
18_GCTGTACCACAATACT-1,30237,68952,HC7,HC,Exc_FEZF2_NTNG1,Neuronal,Exc_FEZF2_NTNG1
28_TTGTGCCTCATTAGCA-1,27580,14209,HC23,HC,Exc_FEZF2_NTNG1,Neuronal,Exc_FEZF2_NTNG1
4_TCCTTCAAGCGCCTTT-1,27289,41398,HC31,HC,Exc_FEZF2_NTNG1,Neuronal,Exc_FEZF2_NTNG1
4_CCGTTATGTTCCTGAT-1,24763,28548,HC21,HC,Exc_FEZF2_NTNG1,Neuronal,Exc_FEZF2_NTNG1
8_GTCCTAGAGTGAAGTG-1,32256,40546,HC24,HC,Exc_FEZF2_NTNG1,Neuronal,Exc_FEZF2_NTNG1
8_TTATAGCCATCGCTTT-1,56969,29964,HC18,HC,Exc_FEZF2_NTNG1,Neuronal,Exc_FEZF2_NTNG1
7_GTGTGAGCAGAAATGC-1,16893,12912,HC26,HC,Exc_FEZF2_NTNG1,Neuronal,Exc_FEZF2_NTNG1
18_TCTGTGACAAAGCGCA-1,14207,31165,HC5,HC,Exc_FEZF2_NTNG1,Neuronal,Exc_FEZF2_NTNG1
2_ATATAGGCAAATACCT-1,14973,25355,HC2,HC,Exc_FEZF2_NTNG1,Neuronal,Exc_FEZF2_NTNG1
8_AAAGGACGTTACTTGC-1,19057,48787,HC24,HC,Exc_FEZF2_NTNG1,Neuronal,Exc_FEZF2_NTNG1
7_GCAATGAAGATTGAGG-1,29465,40324,HC26,HC,Exc_FEZF2_NTNG1,Neuronal,Exc_FEZF2_NTNG1
5_GCTCTGGCAACAGCCT-1,38404,29888,HC10,HC,Exc_FEZF2_NTNG1,Neuronal,Exc_FEZF2_NTNG1
14_ATTGCTCGTTACTTCA-1,34871,23539,HC3,HC,Exc_FEZF2_NTNG1,Neuronal,Exc_FEZF2_NTNG1
28_CTAGCTGAGTCCTTCA-1,16859,19054,HC23,HC,Exc_FEZF2_NTNG1,Neuronal,Exc_FEZF2_NTNG1
4_TAATGCATCGTTAGCG-1,22453,17320,HC21,HC,Exc_FEZF2_NTNG1,Neuronal,Exc_FEZF2_NTNG1
18_CTGTTGGAGGTGCTGC-1,28443,9643,HC5,HC,Exc_FEZF2_NTNG1,Neuronal,Exc_FEZF2_NTNG1
18_AACATTGTCCAAACAC-1,7197,25440,HC8,HC,Exc_FEZF2_NTNG1,Neuronal,Exc_FEZF2_NTNG1
4_GTTCTCATCGGGCCAT-1,59409,144842,HC31,HC,Exc_FEZF2_NTNG1,Neuronal,Exc_FEZF2_NTNG1
8_TGCTTCATCGGCTAGC-1,37872,45901,HC24,HC,Exc_FEZF2_NTNG1,Neuronal,Exc_FEZF2_NTNG1
2_CTAAGGTTCGCACAAT-1,41093,27334,HC2,HC,Exc_FEZF2_NTNG1,Neuronal,Exc_FEZF2_NTNG1
14_GCCTTACTCCTAGTAA-1,28819,32445,HC3,HC,Exc_FEZF2_NTNG1,Neuronal,Exc_FEZF2_NTNG1
28_TAGCGGCTCAATCTCT-1,24237,28772,HC21,HC,Exc_FEZF2_NTNG1,Neuronal,Exc_FEZF2_NTNG1
30_GATTCATCAATTAGGA-1,45372,83759,HC26,HC,Exc_FEZF2_NTNG1,Neuronal,Exc_FEZF2_NTNG1
7_ACGAAGTCAGTAAGTA-1,52485,23129,HC23,HC,Exc_FEZF2_NTNG1,Neuronal,Exc_FEZF2_NTNG1
18_GCACATTAGGAACCGG-1,25354,63326,HC5,HC,Exc_FEZF2_NTNG1,Neuronal,Exc_FEZF2_NTNG1
23_GAAGGATGTGGCTTCC-1,43008,38775,HC10,HC,Exc_FEZF2_NTNG1,Neuronal,Exc_FEZF2_NTNG1
18_GTTTAACCAAGACTCC-1,22279,49931,HC8,HC,Exc_FEZF2_NTNG1,Neuronal,Exc_FEZF2_NTNG1
7_CGAAGGCCAAAGCGGC-1,34339,42795,HC26,HC,Exc_FEZF2_NTNG1,Neuronal,Exc_FEZF2_NTNG1
28_CATGCATAGCTATGAC-1,43201,145620,HC23,HC,Exc_FEZF2_NTNG1,Neuronal,Exc_FEZF2_NTNG1
18_TTACCGTGTGCACGCA-1,18584,26482,HC8,HC,Exc_FEZF2_NTNG1,Neuronal,Exc_FEZF2_NTNG1
8_CTATGACAGTCTCACC-1,8210,6366,HC24,HC,Exc_FEZF2_NTNG1,Neuronal,Exc_FEZF2_NTNG1
14_CAGTATGGTGCGCATG-1,35989,32834,HC3,HC,Exc_FEZF2_NTNG1,Neuronal,Exc_FEZF2_NTNG1
4_AAGCTCCCACATACTG-1,34099,8140,HC21,HC,Exc_FEZF2_NTNG1,Neuronal,Exc_FEZF2_NTNG1
5_CATTATCTCCCGAAGC-1,19613,60036,HC10,HC,Exc_FEZF2_NTNG1,Neuronal,Exc_FEZF2_NTNG1
5_CGGATTAGTTAAGGTT-1,29500,24542,HC10,HC,Exc_FEZF2_NTNG1,Neuronal,Exc_FEZF2_NTNG1
8_TCAGGTTAGCCTGGTA-1,32961,37944,HC24,HC,Exc_FEZF2_NTNG1,Neuronal,Exc_FEZF2_NTNG1
7_TTAGCAGGTCTCAGCC-1,14929,23311,HC23,HC,Exc_FEZF2_NTNG1,Neuronal,Exc_FEZF2_NTNG1
4_GACCTTTGTTTAGCTC-1,26320,62305,HC21,HC,Exc_FEZF2_NTNG1,Neuronal,Exc_FEZF2_NTNG1
18_TGGTTCCTCACCAATA-1,22049,38858,HC8,HC,Exc_FEZF2_NTNG1,Neuronal,Exc_FEZF2_NTNG1
14_CTTGCTCAGTTAGTTG-1,31452,37240,HC3,HC,Exc_FEZF2_NTNG1,Neuronal,Exc_FEZF2_NTNG1
4_CGGGCTTAGTTAGTTG-1,35794,47028,HC21,HC,Exc_FEZF2_NTNG1,Neuronal,Exc_FEZF2_NTNG1
8_ATTCCTAGTAAGCACC-1,8410,76885,HC24,HC,Exc_FEZF2_NTNG1,Neuronal,Exc_FEZF2_NTNG1
18_CTTAAGGGTGGATTCA-1,21525,36700,HC8,HC,Exc_FEZF2_NTNG1,Neuronal,Exc_FEZF2_NTNG1
14_AATGCATGTTACATCC-1,48644,44004,HC3,HC,Exc_FEZF2_NTNG1,Neuronal,Exc_FEZF2_NTNG1
23_GTGCTTACAATTAAGG-1,40225,70291,HC10,HC,Exc_FEZF2_NTNG1,Neuronal,Exc_FEZF2_NTNG1
7_AATCTCAAGAAGCTAG-1,33559,16414,HC23,HC,Exc_FEZF2_NTNG1,Neuronal,Exc_FEZF2_NTNG1
14_CTAGATTCATCAGTAT-1,36465,38753,HC3,HC,Exc_FEZF2_NTNG1,Neuronal,Exc_FEZF2_NTNG1
4_CTTCTCAAGTCAATCA-1,14461,13088,HC28,HC,Exc_FEZF2_PKD2L1,Neuronal,Exc_FEZF2_PKD2L1
24_AATTAGCGTAGTTGGC-1,25977,30477,HC13,HC,Exc_FEZF2_PKD2L1,Neuronal,Exc_FEZF2_PKD2L1
7_AGCATCCCAAACATAG-1,10133,48507,HC23,HC,Exc_FEZF2_PKD2L1,Neuronal,Exc_FEZF2_PKD2L1
30_ATGTAACGTGCCTCAC-1,24340,57142,HC25,HC,Exc_FEZF2_PKD2L1,Neuronal,Exc_FEZF2_PKD2L1
8_TGTTACTTCCAGGTTG-1,6711,8381,HC15,HC,Exc_FEZF2_PKD2L1,Neuronal,Exc_FEZF2_PKD2L1
8_ACTTGTAAGCGGGCAA-1,15349,14844,HC18,HC,Exc_FEZF2_PKD2L1,Neuronal,Exc_FEZF2_PKD2L1
28_ATGTCCACATCCAGGT-1,17752,21032,HC22,HC,Exc_FEZF2_PKD2L1,Neuronal,Exc_FEZF2_PKD2L1
18_CAATAAGCATGCAACC-1,20862,39568,HC8,HC,Exc_FEZF2_PKD2L1,Neuronal,Exc_FEZF2_PKD2L1
26_TCCTGGTTCCCTGTTA-1,19279,54395,HC20,HC,Exc_FEZF2_PKD2L1,Neuronal,Exc_FEZF2_PKD2L1
24_CTTCGCGTCCCTCATA-1,19376,27801,HC16,HC,Exc_FEZF2_PKD2L1,Neuronal,Exc_FEZF2_PKD2L1
2_GACACCGGTCTTGCAT-1,22430,25085,HC2,HC,Exc_FEZF2_PKD2L1,Neuronal,Exc_FEZF2_PKD2L1
25_CGAGGCAAGTTAGAGG-1,20316,31949,HC32,HC,Exc_FEZF2_PKD2L1,Neuronal,Exc_FEZF2_PKD2L1
5_TTGTTCCCATCGTTCT-1,20912,21471,HC11,HC,Exc_FEZF2_PKD2L1,Neuronal,Exc_FEZF2_PKD2L1
23_AATGCAACAACGTGCT-1,88118,92526,HC12,HC,Exc_FEZF2_PKD2L1,Neuronal,Exc_FEZF2_PKD2L1
30_ACCATTAAGTCTCACC-1,5877,47993,HC27,HC,Exc_FEZF2_PKD2L1,Neuronal,Exc_FEZF2_PKD2L1
14_CTTCTCAAGCGATAGA-1,23115,14675,HC4,HC,Exc_FEZF2_PKD2L1,Neuronal,Exc_FEZF2_PKD2L1
5_GCTTAGTAGCACGTTG-1,32744,19974,HC10,HC,Exc_FEZF2_PKD2L1,Neuronal,Exc_FEZF2_PKD2L1
4_CCCTCATAGGCATGAA-1,13357,14050,HC21,HC,Exc_FEZF2_PKD2L1,Neuronal,Exc_FEZF2_PKD2L1
4_CTGCTATGTCTCACTG-1,6991,8321,HC31,HC,Exc_FEZF2_PKD2L1,Neuronal,Exc_FEZF2_PKD2L1
8_TGGATTCAGTGTGATC-1,14952,17253,HC24,HC,Exc_FEZF2_PKD2L1,Neuronal,Exc_FEZF2_PKD2L1
2_CAAAGGATCGACAAAG-1,9534,13331,HC1,HC,Exc_FEZF2_PKD2L1,Neuronal,Exc_FEZF2_PKD2L1
18_TGCTCCGTCCAGGTCA-1,18388,21447,HC5,HC,Exc_FEZF2_PKD2L1,Neuronal,Exc_FEZF2_PKD2L1
7_GTATGTGGTATTGAGT-1,6961,13856,HC26,HC,Exc_FEZF2_PKD2L1,Neuronal,Exc_FEZF2_PKD2L1
4_CGGTGAACAGGCTTCG-1,28607,26190,HC30,HC,Exc_FEZF2_PKD2L1,Neuronal,Exc_FEZF2_PKD2L1
18_CTATGAGGTTTAAAGC-1,12955,14774,HC7,HC,Exc_FEZF2_PKD2L1,Neuronal,Exc_FEZF2_PKD2L1
23_ACTAAAGCATTGGGAG-1,38209,19332,HC9,HC,Exc_FEZF2_PKD2L1,Neuronal,Exc_FEZF2_PKD2L1
24_CGCACACAGCGAAGTA-1,23013,14425,HC14,HC,Exc_FEZF2_PKD2L1,Neuronal,Exc_FEZF2_PKD2L1
2_GCACGCTAGGACAACA-1,23442,23881,HC3,HC,Exc_FEZF2_PKD2L1,Neuronal,Exc_FEZF2_PKD2L1
25_CATAACGGTAATGGCC-1,29315,41826,HC32,HC,Exc_FEZF2_PKD2L1,Neuronal,Exc_FEZF2_PKD2L1
2_CTTGTCCAGGCCCAGT-1,26597,12193,HC4,HC,Exc_FEZF2_PKD2L1,Neuronal,Exc_FEZF2_PKD2L1
24_CCACAATAGCGCCTTT-1,7764,20735,HC14,HC,Exc_FEZF2_PKD2L1,Neuronal,Exc_FEZF2_PKD2L1
18_GCTATTGCAAGTTATC-1,32161,19800,HC7,HC,Exc_FEZF2_PKD2L1,Neuronal,Exc_FEZF2_PKD2L1
7_AAGTTAGCATTCAGCA-1,6961,28367,HC26,HC,Exc_FEZF2_PKD2L1,Neuronal,Exc_FEZF2_PKD2L1
4_ATTACCGCATTCAGCA-1,6068,21492,HC30,HC,Exc_FEZF2_PKD2L1,Neuronal,Exc_FEZF2_PKD2L1
23_TTTACGAAGGCAATAG-1,11162,27925,HC9,HC,Exc_FEZF2_PKD2L1,Neuronal,Exc_FEZF2_PKD2L1
4_TACTGGCCATGAGCAG-1,15054,20841,HC28,HC,Exc_FEZF2_PKD2L1,Neuronal,Exc_FEZF2_PKD2L1
7_AAACCGGCAACCTAAT-1,20991,40060,HC25,HC,Exc_FEZF2_PKD2L1,Neuronal,Exc_FEZF2_PKD2L1
26_TACGTTAAGTATCGCG-1,23797,22462,HC20,HC,Exc_FEZF2_PKD2L1,Neuronal,Exc_FEZF2_PKD2L1
7_CAATGACTCTGCAAGT-1,16939,17849,HC23,HC,Exc_FEZF2_PKD2L1,Neuronal,Exc_FEZF2_PKD2L1
28_GTGATCAGTAGACAAA-1,18811,20617,HC22,HC,Exc_FEZF2_PKD2L1,Neuronal,Exc_FEZF2_PKD2L1
24_ACGGTACGTCACAGAC-1,25949,26765,HC13,HC,Exc_FEZF2_PKD2L1,Neuronal,Exc_FEZF2_PKD2L1
5_CCTTCAGGTTAGCCAA-1,18891,15567,HC11,HC,Exc_FEZF2_PKD2L1,Neuronal,Exc_FEZF2_PKD2L1
8_CTATGTTTCTGTGAGT-1,11898,11059,HC15,HC,Exc_FEZF2_PKD2L1,Neuronal,Exc_FEZF2_PKD2L1
32_CCTAAATCATAATTGC-1,15949,85890,HC31,HC,Exc_FEZF2_PKD2L1,Neuronal,Exc_FEZF2_PKD2L1
18_ATGTCATCATAATCGT-1,17678,17594,HC8,HC,Exc_FEZF2_PKD2L1,Neuronal,Exc_FEZF2_PKD2L1
23_GGTGAGGTCTAACCTT-1,17667,21689,HC10,HC,Exc_FEZF2_PKD2L1,Neuronal,Exc_FEZF2_PKD2L1
8_GCGGGTTTCGTTACTT-1,23413,13395,HC18,HC,Exc_FEZF2_PKD2L1,Neuronal,Exc_FEZF2_PKD2L1
24_GTGCGGTTCGATTTGA-1,37598,34379,HC16,HC,Exc_FEZF2_PKD2L1,Neuronal,Exc_FEZF2_PKD2L1
18_GCTAGCTCAATCCTAG-1,9095,28049,HC5,HC,Exc_FEZF2_PKD2L1,Neuronal,Exc_FEZF2_PKD2L1
2_CAAGTGAAGCGAGTAA-1,39141,14711,HC2,HC,Exc_FEZF2_PKD2L1,Neuronal,Exc_FEZF2_PKD2L1
8_ACGCAAGCACATGCTA-1,18732,25126,HC24,HC,Exc_FEZF2_PKD2L1,Neuronal,Exc_FEZF2_PKD2L1
4_TTGCATTTCACTTCAT-1,22224,39737,HC21,HC,Exc_FEZF2_PKD2L1,Neuronal,Exc_FEZF2_PKD2L1
2_CCATCATGTCGTAAAT-1,25630,6427,HC3,HC,Exc_FEZF2_PKD2L1,Neuronal,Exc_FEZF2_PKD2L1
7_CAAACATGTAAAGCGG-1,41495,23559,HC23,HC,Exc_FEZF2_PKD2L1,Neuronal,Exc_FEZF2_PKD2L1
4_TAGCTTAAGTTGTCAA-1,12896,17227,HC28,HC,Exc_FEZF2_PKD2L1,Neuronal,Exc_FEZF2_PKD2L1
18_CTAACCACAATTAGCT-1,19604,44733,HC5,HC,Exc_FEZF2_PKD2L1,Neuronal,Exc_FEZF2_PKD2L1
23_TACGTTAAGGCCTAAT-1,31674,45700,HC9,HC,Exc_FEZF2_PKD2L1,Neuronal,Exc_FEZF2_PKD2L1
24_GTTAGACTCTTAGCGG-1,19396,31600,HC13,HC,Exc_FEZF2_PKD2L1,Neuronal,Exc_FEZF2_PKD2L1
5_CTAGCTTGTCGCGCAA-1,21472,18591,HC10,HC,Exc_FEZF2_PKD2L1,Neuronal,Exc_FEZF2_PKD2L1
24_TTCGGTACAACCCTCC-1,24459,31935,HC16,HC,Exc_FEZF2_PKD2L1,Neuronal,Exc_FEZF2_PKD2L1
7_CTGGTCAAGTCAATTG-1,18836,27905,HC26,HC,Exc_FEZF2_PKD2L1,Neuronal,Exc_FEZF2_PKD2L1
7_GTTCACCTCAATGTGC-1,22183,42145,HC25,HC,Exc_FEZF2_PKD2L1,Neuronal,Exc_FEZF2_PKD2L1
26_TACGTTAAGAAAGCAT-1,23386,14652,HC18,HC,Exc_FEZF2_PKD2L1,Neuronal,Exc_FEZF2_PKD2L1
8_GTGATCAGTCACCTAT-1,12322,16069,HC24,HC,Exc_FEZF2_PKD2L1,Neuronal,Exc_FEZF2_PKD2L1
4_GGTTGCATCGCTAGTG-1,20923,17223,HC31,HC,Exc_FEZF2_PKD2L1,Neuronal,Exc_FEZF2_PKD2L1
2_GGAACTAAGCAAGGGT-1,27246,11440,HC4,HC,Exc_FEZF2_PKD2L1,Neuronal,Exc_FEZF2_PKD2L1
28_GGGCGAATCCTGTTCA-1,23961,24735,HC22,HC,Exc_FEZF2_PKD2L1,Neuronal,Exc_FEZF2_PKD2L1
4_GATTGCGTCCGCCAAA-1,14886,8688,HC21,HC,Exc_FEZF2_PKD2L1,Neuronal,Exc_FEZF2_PKD2L1
14_CTCCGTCCAGAAATTG-1,19481,5321,HC3,HC,Exc_FEZF2_PKD2L1,Neuronal,Exc_FEZF2_PKD2L1
18_GTTTGTAAGACTTATG-1,17638,17277,HC8,HC,Exc_FEZF2_PKD2L1,Neuronal,Exc_FEZF2_PKD2L1
18_CCTGACTTCATGGCTG-1,6232,19959,HC7,HC,Exc_FEZF2_PKD2L1,Neuronal,Exc_FEZF2_PKD2L1
25_CTCTTGATCTATTGTC-1,30903,35298,HC32,HC,Exc_FEZF2_PKD2L1,Neuronal,Exc_FEZF2_PKD2L1
24_ATTAACCCACTTACAG-1,9851,23797,HC14,HC,Exc_FEZF2_PKD2L1,Neuronal,Exc_FEZF2_PKD2L1
2_CCTGAATAGTTAGACC-1,28172,18471,HC2,HC,Exc_FEZF2_PKD2L1,Neuronal,Exc_FEZF2_PKD2L1
26_GCTTAAATCGGGATTT-1,19548,20698,HC20,HC,Exc_FEZF2_PKD2L1,Neuronal,Exc_FEZF2_PKD2L1
32_GAACCAGCATGTTTGG-1,22770,57653,HC30,HC,Exc_FEZF2_PKD2L1,Neuronal,Exc_FEZF2_PKD2L1
23_GCATATATCATGACCG-1,24545,36270,HC10,HC,Exc_FEZF2_PKD2L1,Neuronal,Exc_FEZF2_PKD2L1
8_TCTAGCACAAGCGATG-1,28252,27518,HC18,HC,Exc_FEZF2_PKD2L1,Neuronal,Exc_FEZF2_PKD2L1
25_TCGCGAGGTGAGCGAA-1,12303,18361,HC32,HC,Exc_FEZF2_PKD2L1,Neuronal,Exc_FEZF2_PKD2L1
24_ACGTTGTAGGTTTGAC-1,33203,27743,HC13,HC,Exc_FEZF2_PKD2L1,Neuronal,Exc_FEZF2_PKD2L1
18_CGTGACATCTAGCTAA-1,22784,13407,HC5,HC,Exc_FEZF2_PKD2L1,Neuronal,Exc_FEZF2_PKD2L1
2_CCGCTAGCAGTTATCG-1,31241,17694,HC4,HC,Exc_FEZF2_PKD2L1,Neuronal,Exc_FEZF2_PKD2L1
8_GTTGCGGGTCTAACCT-1,9743,20783,HC24,HC,Exc_FEZF2_PKD2L1,Neuronal,Exc_FEZF2_PKD2L1
28_GGACGGATCGCTATAA-1,19000,42165,HC22,HC,Exc_FEZF2_PKD2L1,Neuronal,Exc_FEZF2_PKD2L1
24_CCCTCATAGTCATGCG-1,18447,38640,HC16,HC,Exc_FEZF2_PKD2L1,Neuronal,Exc_FEZF2_PKD2L1
18_ATCCCGCGTTTGTCTA-1,18578,12677,HC8,HC,Exc_FEZF2_PKD2L1,Neuronal,Exc_FEZF2_PKD2L1
14_TCATCCATCGCCTAAG-1,10955,15644,HC3,HC,Exc_FEZF2_PKD2L1,Neuronal,Exc_FEZF2_PKD2L1
2_ATATGCATCTAAGGAG-1,30299,8066,HC2,HC,Exc_FEZF2_PKD2L1,Neuronal,Exc_FEZF2_PKD2L1
4_AGAACCGCATTAGCGC-1,17297,11692,HC21,HC,Exc_FEZF2_PKD2L1,Neuronal,Exc_FEZF2_PKD2L1
23_GGCAGGATCCGGTATG-1,42382,33706,HC9,HC,Exc_FEZF2_PKD2L1,Neuronal,Exc_FEZF2_PKD2L1
28_GTCCAGGGTACGCGCA-1,11831,31670,HC23,HC,Exc_FEZF2_PKD2L1,Neuronal,Exc_FEZF2_PKD2L1
24_TGGCGGTTCTCACACC-1,19082,27989,HC14,HC,Exc_FEZF2_PKD2L1,Neuronal,Exc_FEZF2_PKD2L1
32_TTGGAGGCAGGAAGCC-1,11614,33677,HC28,HC,Exc_FEZF2_PKD2L1,Neuronal,Exc_FEZF2_PKD2L1
18_ACCTACCTCTCACAAA-1,12780,18545,HC7,HC,Exc_FEZF2_PKD2L1,Neuronal,Exc_FEZF2_PKD2L1
4_GATTGCGTCTTCAATC-1,18507,12046,HC31,HC,Exc_FEZF2_PKD2L1,Neuronal,Exc_FEZF2_PKD2L1
30_TTACACCGTATTGGAT-1,27992,42963,HC26,HC,Exc_FEZF2_PKD2L1,Neuronal,Exc_FEZF2_PKD2L1
4_GCTCATTGTTTGCAGA-1,16443,21616,HC28,HC,Exc_FEZF2_PKD2L1,Neuronal,Exc_FEZF2_PKD2L1
5_CTGACATAGGAAGCAC-1,28938,22517,HC10,HC,Exc_FEZF2_PKD2L1,Neuronal,Exc_FEZF2_PKD2L1
14_TACGTACAGTTGTCCC-1,19129,36130,HC4,HC,Exc_FEZF2_PKD2L1,Neuronal,Exc_FEZF2_PKD2L1
23_AATCGCCCATATTGAC-1,22951,50490,HC9,HC,Exc_FEZF2_PKD2L1,Neuronal,Exc_FEZF2_PKD2L1
4_CGCTTGCGTTACCGGG-1,13307,15703,HC31,HC,Exc_FEZF2_PKD2L1,Neuronal,Exc_FEZF2_PKD2L1
24_TGTGATCAGGTCCAAT-1,27559,43521,HC13,HC,Exc_FEZF2_PKD2L1,Neuronal,Exc_FEZF2_PKD2L1
24_GGGTGTTGTGTGTGGT-1,15482,19756,HC14,HC,Exc_FEZF2_PKD2L1,Neuronal,Exc_FEZF2_PKD2L1
8_TTGTGTGCAACTGGCT-1,12851,24566,HC18,HC,Exc_FEZF2_PKD2L1,Neuronal,Exc_FEZF2_PKD2L1
28_GTACAATGTTTAAAGC-1,16364,21616,HC23,HC,Exc_FEZF2_PKD2L1,Neuronal,Exc_FEZF2_PKD2L1
28_ATAATGGCACTTGTTC-1,18507,40978,HC22,HC,Exc_FEZF2_PKD2L1,Neuronal,Exc_FEZF2_PKD2L1
18_GCCTGAGGTAAGCACC-1,13602,13526,HC7,HC,Exc_FEZF2_PKD2L1,Neuronal,Exc_FEZF2_PKD2L1
18_AGCAGGTAGCCAAATC-1,9439,33978,HC8,HC,Exc_FEZF2_PKD2L1,Neuronal,Exc_FEZF2_PKD2L1
4_GCCAATAGTAAATTGC-1,19267,16462,HC21,HC,Exc_FEZF2_PKD2L1,Neuronal,Exc_FEZF2_PKD2L1
8_CTCTTGATCCTAATGA-1,11385,29823,HC24,HC,Exc_FEZF2_PKD2L1,Neuronal,Exc_FEZF2_PKD2L1
14_CTGTACCTCATGCTAA-1,17877,16458,HC3,HC,Exc_FEZF2_PKD2L1,Neuronal,Exc_FEZF2_PKD2L1
2_CTTACTAGTAGCTGGT-1,6054,17421,HC2,HC,Exc_FEZF2_PKD2L1,Neuronal,Exc_FEZF2_PKD2L1
24_CGAAGCCTCACAAGCT-1,21887,32249,HC16,HC,Exc_FEZF2_PKD2L1,Neuronal,Exc_FEZF2_PKD2L1
18_TATTCGTTCATTATGG-1,17437,11803,HC5,HC,Exc_FEZF2_PKD2L1,Neuronal,Exc_FEZF2_PKD2L1
30_GCCAGGTTCGCAAACT-1,24418,55096,HC26,HC,Exc_FEZF2_PKD2L1,Neuronal,Exc_FEZF2_PKD2L1
4_TAGCTTAAGGAACCAA-1,11095,20951,HC28,HC,Exc_FEZF2_PKD2L1,Neuronal,Exc_FEZF2_PKD2L1
2_CAATGAACAAACTGTT-1,11467,14053,HC4,HC,Exc_FEZF2_PKD2L1,Neuronal,Exc_FEZF2_PKD2L1
8_ACTTACAAGTCGCTAG-1,21459,23519,HC18,HC,Exc_FEZF2_PKD2L1,Neuronal,Exc_FEZF2_PKD2L1
23_CTGGTTACAGGCATGA-1,28807,92405,HC9,HC,Exc_FEZF2_PKD2L1,Neuronal,Exc_FEZF2_PKD2L1
2_AGGATATAGTTAGCTA-1,25344,12861,HC2,HC,Exc_FEZF2_PKD2L1,Neuronal,Exc_FEZF2_PKD2L1
18_TGGCCTGCAGTTAGCC-1,14717,19531,HC7,HC,Exc_FEZF2_PKD2L1,Neuronal,Exc_FEZF2_PKD2L1
7_TCTCCTCGTTGCAATG-1,10741,16680,HC23,HC,Exc_FEZF2_PKD2L1,Neuronal,Exc_FEZF2_PKD2L1
7_CCTAAGCCAGGTTCAC-1,10377,10073,HC26,HC,Exc_FEZF2_PKD2L1,Neuronal,Exc_FEZF2_PKD2L1
28_GTTGTTGCAGCTCATA-1,32468,56118,HC24,HC,Exc_FEZF2_PKD2L1,Neuronal,Exc_FEZF2_PKD2L1
18_ATTACGTCATTGTGAT-1,38422,16780,HC8,HC,Exc_FEZF2_PKD2L1,Neuronal,Exc_FEZF2_PKD2L1
28_CCCTCACCAATAGCCC-1,92108,14794,HC22,HC,Exc_FEZF2_PKD2L1,Neuronal,Exc_FEZF2_PKD2L1
24_CGCTAACCAGCACCAT-1,26991,31484,HC13,HC,Exc_FEZF2_PKD2L1,Neuronal,Exc_FEZF2_PKD2L1
18_TCTAGCCTCAGGTCCA-1,8289,27405,HC5,HC,Exc_FEZF2_PKD2L1,Neuronal,Exc_FEZF2_PKD2L1
2_ATCAATCCATCACAGC-1,24494,17613,HC3,HC,Exc_FEZF2_PKD2L1,Neuronal,Exc_FEZF2_PKD2L1
23_TGATTGCAGCTAATTG-1,31151,30489,HC10,HC,Exc_FEZF2_PKD2L1,Neuronal,Exc_FEZF2_PKD2L1
4_TGATTAGTCTAAATCG-1,12595,9991,HC31,HC,Exc_FEZF2_PKD2L1,Neuronal,Exc_FEZF2_PKD2L1
28_GTTAAGCTCATGCTTT-1,18780,49883,HC21,HC,Exc_FEZF2_PKD2L1,Neuronal,Exc_FEZF2_PKD2L1
24_GTCAAACTCCCTCGCA-1,17682,40364,HC16,HC,Exc_FEZF2_PKD2L1,Neuronal,Exc_FEZF2_PKD2L1
7_CAACAATGTCACAGCG-1,16448,8069,HC26,HC,Exc_FEZF2_PKD2L1,Neuronal,Exc_FEZF2_PKD2L1
28_CGAAGAATCTTGGACG-1,22485,39011,HC22,HC,Exc_FEZF2_PKD2L1,Neuronal,Exc_FEZF2_PKD2L1
2_GATTCCTGTGTCCTGC-1,10654,8076,HC4,HC,Exc_FEZF2_PKD2L1,Neuronal,Exc_FEZF2_PKD2L1
2_GGCTCACAGAATCGCT-1,25622,14076,HC2,HC,Exc_FEZF2_PKD2L1,Neuronal,Exc_FEZF2_PKD2L1
18_TAGTAGGAGCTGTACG-1,16839,10180,HC8,HC,Exc_FEZF2_PKD2L1,Neuronal,Exc_FEZF2_PKD2L1
26_TCACCGGCATGGCCTG-1,15757,34644,HC18,HC,Exc_FEZF2_PKD2L1,Neuronal,Exc_FEZF2_PKD2L1
4_AGTCAAGAGGGTCCAC-1,23128,10310,HC21,HC,Exc_FEZF2_PKD2L1,Neuronal,Exc_FEZF2_PKD2L1
24_CAAGACAAGCGGATAA-1,20234,13717,HC16,HC,Exc_FEZF2_PKD2L1,Neuronal,Exc_FEZF2_PKD2L1
2_AGTGATGAGGATCACT-1,17574,15811,HC3,HC,Exc_FEZF2_PKD2L1,Neuronal,Exc_FEZF2_PKD2L1
23_AGTAACACAGGACCTT-1,17529,38095,HC10,HC,Exc_FEZF2_PKD2L1,Neuronal,Exc_FEZF2_PKD2L1
23_GAGGTACAGACTTATG-1,46197,68219,HC9,HC,Exc_FEZF2_PKD2L1,Neuronal,Exc_FEZF2_PKD2L1
18_GGATACTTCATCCTCA-1,20359,6777,HC5,HC,Exc_FEZF2_PKD2L1,Neuronal,Exc_FEZF2_PKD2L1
18_GATTCATCAGGAACCA-1,14315,17961,HC7,HC,Exc_FEZF2_PKD2L1,Neuronal,Exc_FEZF2_PKD2L1
24_CAAGAACCATTGGGAG-1,33609,28992,HC13,HC,Exc_FEZF2_PKD2L1,Neuronal,Exc_FEZF2_PKD2L1
8_TATCCGGAGGTAGCTT-1,19960,11726,HC24,HC,Exc_FEZF2_PKD2L1,Neuronal,Exc_FEZF2_PKD2L1
4_TTGTCCATCTATCGCC-1,7608,17033,HC31,HC,Exc_FEZF2_PKD2L1,Neuronal,Exc_FEZF2_PKD2L1
7_CTAACCTGTGACCTGG-1,12831,19907,HC23,HC,Exc_FEZF2_PKD2L1,Neuronal,Exc_FEZF2_PKD2L1
4_TTGCAATCAATCGCAC-1,19213,5994,HC31,HC,Exc_FEZF2_TRPM3,Neuronal,Exc_FEZF2_TRPM3
7_TACAATGTCACGCCAA-1,84346,39438,HC23,HC,Exc_FEZF2_TRPM3,Neuronal,Exc_FEZF2_TRPM3
23_CGATTCCTCGTGCCTT-1,36745,21546,HC9,HC,Exc_FEZF2_TRPM3,Neuronal,Exc_FEZF2_TRPM3
18_AGTAAGTAGCGAGCGA-1,15500,15326,HC5,HC,Exc_FEZF2_TRPM3,Neuronal,Exc_FEZF2_TRPM3
30_TCATCCATCTTGCATT-1,14860,19423,HC27,HC,Exc_FEZF2_TRPM3,Neuronal,Exc_FEZF2_TRPM3
18_CCCAATTGTAATTAGC-1,14769,23929,HC7,HC,Exc_FEZF2_TRPM3,Neuronal,Exc_FEZF2_TRPM3
25_GAGGTGAGTTGTGATG-1,28238,20153,HC32,HC,Exc_FEZF2_TRPM3,Neuronal,Exc_FEZF2_TRPM3
26_CGCGATTCATAGACCC-1,25819,36228,HC20,HC,Exc_FEZF2_TRPM3,Neuronal,Exc_FEZF2_TRPM3
4_AGTTACATCGGTACGC-1,32082,43312,HC30,HC,Exc_FEZF2_TRPM3,Neuronal,Exc_FEZF2_TRPM3
2_ACTTACTTCCTGCGAA-1,6391,23438,HC4,HC,Exc_FEZF2_TRPM3,Neuronal,Exc_FEZF2_TRPM3
2_TCAGTAGGTACGGGTT-1,33189,36082,HC1,HC,Exc_FEZF2_TRPM3,Neuronal,Exc_FEZF2_TRPM3
8_ACTTACTTCGCTAGTG-1,28865,19643,HC24,HC,Exc_FEZF2_TRPM3,Neuronal,Exc_FEZF2_TRPM3
7_TATGGATGTCTTTGAC-1,5820,16844,HC26,HC,Exc_FEZF2_TRPM3,Neuronal,Exc_FEZF2_TRPM3
28_TTTCCGGGTGATGGCT-1,5578,24683,HC22,HC,Exc_FEZF2_TRPM3,Neuronal,Exc_FEZF2_TRPM3
23_CGAAGAATCCCTGTTA-1,28305,26686,HC10,HC,Exc_FEZF2_TRPM3,Neuronal,Exc_FEZF2_TRPM3
24_TGCGATTAGGACCTGC-1,14167,19565,HC16,HC,Exc_FEZF2_TRPM3,Neuronal,Exc_FEZF2_TRPM3
7_GTTTCCTCACCAGGTT-1,10929,12790,HC25,HC,Exc_FEZF2_TRPM3,Neuronal,Exc_FEZF2_TRPM3
4_ACGCACGGTTCCTGAT-1,28178,23960,HC28,HC,Exc_FEZF2_TRPM3,Neuronal,Exc_FEZF2_TRPM3
14_AAACCGAAGTTAGGCT-1,28360,32347,HC3,HC,Exc_FEZF2_TRPM3,Neuronal,Exc_FEZF2_TRPM3
24_TCGCGCACAAAGGTAC-1,15517,21586,HC14,HC,Exc_FEZF2_TRPM3,Neuronal,Exc_FEZF2_TRPM3
18_CCAGGAACATTGCAGC-1,18353,34090,HC8,HC,Exc_FEZF2_TRPM3,Neuronal,Exc_FEZF2_TRPM3
8_TGTTACTTCAAATCGC-1,11319,11791,HC18,HC,Exc_FEZF2_TRPM3,Neuronal,Exc_FEZF2_TRPM3
2_TTGGGCGGTGCTGTAA-1,28507,10092,HC2,HC,Exc_FEZF2_TRPM3,Neuronal,Exc_FEZF2_TRPM3
24_CGGTTTGAGCCTGTGA-1,36493,18033,HC13,HC,Exc_FEZF2_TRPM3,Neuronal,Exc_FEZF2_TRPM3
4_GGCTATTAGGCCTGGT-1,24016,6343,HC21,HC,Exc_FEZF2_TRPM3,Neuronal,Exc_FEZF2_TRPM3
2_TTCAACCGTCCAAGAC-1,25231,24035,HC4,HC,Exc_FEZF2_TRPM3,Neuronal,Exc_FEZF2_TRPM3
18_ACCCGTAAGCAAACCT-1,18602,21210,HC7,HC,Exc_FEZF2_TRPM3,Neuronal,Exc_FEZF2_TRPM3
4_CAAGTAACAAGGTACG-1,53157,27740,HC28,HC,Exc_FEZF2_TRPM3,Neuronal,Exc_FEZF2_TRPM3
26_GGAGGTTAGGTTACAC-1,45990,48979,HC20,HC,Exc_FEZF2_TRPM3,Neuronal,Exc_FEZF2_TRPM3
28_AGGGCTACAATAAGCA-1,35424,6533,HC23,HC,Exc_FEZF2_TRPM3,Neuronal,Exc_FEZF2_TRPM3
2_ATGCATTCATTATGAC-1,12098,14041,HC2,HC,Exc_FEZF2_TRPM3,Neuronal,Exc_FEZF2_TRPM3
2_TTACCTGTCAAAGGCA-1,21101,9355,HC1,HC,Exc_FEZF2_TRPM3,Neuronal,Exc_FEZF2_TRPM3
4_CATCCTGGTTGTAACG-1,7009,10287,HC31,HC,Exc_FEZF2_TRPM3,Neuronal,Exc_FEZF2_TRPM3
25_CTAATAGTCTTTGACT-1,22314,13789,HC32,HC,Exc_FEZF2_TRPM3,Neuronal,Exc_FEZF2_TRPM3
4_TCGCATTGTGCACGCA-1,30778,10109,HC30,HC,Exc_FEZF2_TRPM3,Neuronal,Exc_FEZF2_TRPM3
24_CTAGCGGGTGCTGTAA-1,19412,29835,HC13,HC,Exc_FEZF2_TRPM3,Neuronal,Exc_FEZF2_TRPM3
8_TGATCAATCGCATTAA-1,27370,39259,HC18,HC,Exc_FEZF2_TRPM3,Neuronal,Exc_FEZF2_TRPM3
24_TAGCGGCTCCGCCTCA-1,24914,15047,HC16,HC,Exc_FEZF2_TRPM3,Neuronal,Exc_FEZF2_TRPM3
23_CAACCCTTCGAGGAGT-1,22713,28297,HC10,HC,Exc_FEZF2_TRPM3,Neuronal,Exc_FEZF2_TRPM3
18_TACCGCAAGGACCTTG-1,12989,25411,HC5,HC,Exc_FEZF2_TRPM3,Neuronal,Exc_FEZF2_TRPM3
23_TGTCCTTCAAGCTTTG-1,25729,37031,HC9,HC,Exc_FEZF2_TRPM3,Neuronal,Exc_FEZF2_TRPM3
24_TGTCCTGGTTTCCGGC-1,22230,20441,HC14,HC,Exc_FEZF2_TRPM3,Neuronal,Exc_FEZF2_TRPM3
2_GGCTGTCAGGCTTAAC-1,15232,19402,HC3,HC,Exc_FEZF2_TRPM3,Neuronal,Exc_FEZF2_TRPM3
8_TTTAGCTTCATTGCAA-1,12739,7520,HC24,HC,Exc_FEZF2_TRPM3,Neuronal,Exc_FEZF2_TRPM3
18_CGGGACAAGGCGCTTA-1,20752,24700,HC8,HC,Exc_FEZF2_TRPM3,Neuronal,Exc_FEZF2_TRPM3
28_CGGAATCGTTAGGCTA-1,28439,9356,HC22,HC,Exc_FEZF2_TRPM3,Neuronal,Exc_FEZF2_TRPM3
30_TGATCAGGTCTTACTA-1,69648,29238,HC27,HC,Exc_FEZF2_TRPM3,Neuronal,Exc_FEZF2_TRPM3
7_TAGGTTGGTTAACGGC-1,28445,7171,HC26,HC,Exc_FEZF2_TRPM3,Neuronal,Exc_FEZF2_TRPM3
28_GCAGGATAGCTAATTG-1,33808,23266,HC21,HC,Exc_FEZF2_TRPM3,Neuronal,Exc_FEZF2_TRPM3
4_GAAGTGATCGGCCAGT-1,28128,16032,HC28,HC,Exc_FEZF2_TRPM3,Neuronal,Exc_FEZF2_TRPM3
2_GCTAAGCGTCCAAATG-1,6749,11961,HC1,HC,Exc_FEZF2_TRPM3,Neuronal,Exc_FEZF2_TRPM3
4_GGTGAGTAGCTAAGTC-1,28145,11244,HC30,HC,Exc_FEZF2_TRPM3,Neuronal,Exc_FEZF2_TRPM3
30_TCGGTTACAGCTTACA-1,15648,20369,HC27,HC,Exc_FEZF2_TRPM3,Neuronal,Exc_FEZF2_TRPM3
23_AACCTCACAGAAATGC-1,34538,36811,HC10,HC,Exc_FEZF2_TRPM3,Neuronal,Exc_FEZF2_TRPM3
4_AAATGCCTCTTGTCCA-1,15346,46976,HC21,HC,Exc_FEZF2_TRPM3,Neuronal,Exc_FEZF2_TRPM3
18_TCATGTTTCCCATAGG-1,13120,11289,HC8,HC,Exc_FEZF2_TRPM3,Neuronal,Exc_FEZF2_TRPM3
28_GCCTCGACAAGCTAAA-1,35386,40331,HC22,HC,Exc_FEZF2_TRPM3,Neuronal,Exc_FEZF2_TRPM3
14_GAGTAATAGCCTAATA-1,25830,20314,HC3,HC,Exc_FEZF2_TRPM3,Neuronal,Exc_FEZF2_TRPM3
24_AGCAGGTAGGTCCTGA-1,34336,34220,HC13,HC,Exc_FEZF2_TRPM3,Neuronal,Exc_FEZF2_TRPM3
18_CCTTCAATCGGTTACG-1,13082,16292,HC7,HC,Exc_FEZF2_TRPM3,Neuronal,Exc_FEZF2_TRPM3
7_TGCACCTTCCTCAGTC-1,84603,39128,HC23,HC,Exc_FEZF2_TRPM3,Neuronal,Exc_FEZF2_TRPM3
26_CCGTTGCGTTACATCC-1,15757,24149,HC20,HC,Exc_FEZF2_TRPM3,Neuronal,Exc_FEZF2_TRPM3
2_CTCCAAACACAGACTC-1,43039,30688,HC4,HC,Exc_FEZF2_TRPM3,Neuronal,Exc_FEZF2_TRPM3
25_GTGATGAAGTGCTGTG-1,31338,10046,HC32,HC,Exc_FEZF2_TRPM3,Neuronal,Exc_FEZF2_TRPM3
24_TCATAACCAACACCTA-1,15795,15855,HC14,HC,Exc_FEZF2_TRPM3,Neuronal,Exc_FEZF2_TRPM3
32_TTGCAACAGTAGAGGC-1,24211,16990,HC31,HC,Exc_FEZF2_TRPM3,Neuronal,Exc_FEZF2_TRPM3
2_CATAGGTTCGAGCTAT-1,15042,20916,HC2,HC,Exc_FEZF2_TRPM3,Neuronal,Exc_FEZF2_TRPM3
30_GTTACGCCATAAACCT-1,35081,38845,HC26,HC,Exc_FEZF2_TRPM3,Neuronal,Exc_FEZF2_TRPM3
8_AGGTACGCATGAGTTT-1,19012,11215,HC18,HC,Exc_FEZF2_TRPM3,Neuronal,Exc_FEZF2_TRPM3
8_ATTGACTCATAGCGGA-1,8394,15620,HC24,HC,Exc_FEZF2_TRPM3,Neuronal,Exc_FEZF2_TRPM3
24_GGTTTCCTCCTTCTAG-1,21459,33367,HC16,HC,Exc_FEZF2_TRPM3,Neuronal,Exc_FEZF2_TRPM3
18_TCACGGATCCTGATTT-1,12260,43239,HC8,HC,Exc_FEZF2_TRPM3,Neuronal,Exc_FEZF2_TRPM3
8_CAAACCGTCCGCAAGC-1,27352,17636,HC24,HC,Exc_FEZF2_TRPM3,Neuronal,Exc_FEZF2_TRPM3
24_GATTTGCAGAGGGACT-1,17737,31235,HC13,HC,Exc_FEZF2_TRPM3,Neuronal,Exc_FEZF2_TRPM3
4_TAGTGAGAGCAGCTCA-1,12934,7841,HC28,HC,Exc_FEZF2_TRPM3,Neuronal,Exc_FEZF2_TRPM3
26_CGTTATCGTAAGGTTT-1,21801,81408,HC20,HC,Exc_FEZF2_TRPM3,Neuronal,Exc_FEZF2_TRPM3
23_ACCGCAATCTTAGCCC-1,37665,58832,HC10,HC,Exc_FEZF2_TRPM3,Neuronal,Exc_FEZF2_TRPM3
2_CATATCGCATATAACC-1,26015,21627,HC4,HC,Exc_FEZF2_TRPM3,Neuronal,Exc_FEZF2_TRPM3
24_AAAGGAGCAGCTCATA-1,10365,13557,HC14,HC,Exc_FEZF2_TRPM3,Neuronal,Exc_FEZF2_TRPM3
4_CAGGTTAGTCATCCTG-1,21848,10897,HC30,HC,Exc_FEZF2_TRPM3,Neuronal,Exc_FEZF2_TRPM3
4_CCAGCTAAGAAGCTAG-1,24680,8818,HC21,HC,Exc_FEZF2_TRPM3,Neuronal,Exc_FEZF2_TRPM3
14_AACCGCTCATTGACAT-1,27325,33352,HC3,HC,Exc_FEZF2_TRPM3,Neuronal,Exc_FEZF2_TRPM3
2_GCTTTATTCCTCACAC-1,19198,32448,HC1,HC,Exc_FEZF2_TRPM3,Neuronal,Exc_FEZF2_TRPM3
24_ACACTAATCCGTTAAA-1,31150,10151,HC16,HC,Exc_FEZF2_TRPM3,Neuronal,Exc_FEZF2_TRPM3
32_GCCTACTTCACTCGCT-1,9613,23705,HC31,HC,Exc_FEZF2_TRPM3,Neuronal,Exc_FEZF2_TRPM3
28_AAGTGTTGTAAGCTTG-1,34237,6764,HC22,HC,Exc_FEZF2_TRPM3,Neuronal,Exc_FEZF2_TRPM3
8_CTTCATCCATTAAGTC-1,11138,28399,HC18,HC,Exc_FEZF2_TRPM3,Neuronal,Exc_FEZF2_TRPM3
2_CCGTTGCGTGGATTCA-1,7954,16264,HC2,HC,Exc_FEZF2_TRPM3,Neuronal,Exc_FEZF2_TRPM3
18_AAATCCGGTAGTTGGC-1,15687,19410,HC7,HC,Exc_FEZF2_TRPM3,Neuronal,Exc_FEZF2_TRPM3
28_GGAACAATCTTAGTGA-1,31637,20456,HC23,HC,Exc_FEZF2_TRPM3,Neuronal,Exc_FEZF2_TRPM3
7_TAAGTGCTCACAGCCA-1,37643,22521,HC26,HC,Exc_FEZF2_TRPM3,Neuronal,Exc_FEZF2_TRPM3
25_TGGATTCAGCATGTTA-1,63033,114546,HC32,HC,Exc_FEZF2_TRPM3,Neuronal,Exc_FEZF2_TRPM3
7_TCACCTGGTTAAGCCA-1,20117,6175,HC26,HC,Exc_FEZF2_TRPM3,Neuronal,Exc_FEZF2_TRPM3
18_CGTATTGCACAGGGAC-1,18816,25616,HC8,HC,Exc_FEZF2_TRPM3,Neuronal,Exc_FEZF2_TRPM3
2_AACTGTTCAAACTGTT-1,19974,23415,HC4,HC,Exc_FEZF2_TRPM3,Neuronal,Exc_FEZF2_TRPM3
28_CTTAACAAGTGAACCT-1,10718,30759,HC22,HC,Exc_FEZF2_TRPM3,Neuronal,Exc_FEZF2_TRPM3
24_TCCCGGACATGGCCTG-1,43915,39554,HC13,HC,Exc_FEZF2_TRPM3,Neuronal,Exc_FEZF2_TRPM3
2_TATGGGCGTGCGCGTA-1,23192,9787,HC1,HC,Exc_FEZF2_TRPM3,Neuronal,Exc_FEZF2_TRPM3
24_GCAAACAAGCGGATTT-1,38744,24482,HC16,HC,Exc_FEZF2_TRPM3,Neuronal,Exc_FEZF2_TRPM3
7_AGCTAACTCCCATAAA-1,45383,12516,HC23,HC,Exc_FEZF2_TRPM3,Neuronal,Exc_FEZF2_TRPM3
4_TAGACCAGTCAGTAAT-1,29269,14401,HC28,HC,Exc_FEZF2_TRPM3,Neuronal,Exc_FEZF2_TRPM3
32_TCTTAGTTCGCATTAA-1,14651,28554,HC30,HC,Exc_FEZF2_TRPM3,Neuronal,Exc_FEZF2_TRPM3
8_CCAAGTTAGCATTATG-1,37692,29068,HC24,HC,Exc_FEZF2_TRPM3,Neuronal,Exc_FEZF2_TRPM3
2_CGCATTACAAGCTACC-1,31680,28400,HC2,HC,Exc_FEZF2_TRPM3,Neuronal,Exc_FEZF2_TRPM3
4_GAACCAGCACAATACT-1,34285,13761,HC31,HC,Exc_FEZF2_TRPM3,Neuronal,Exc_FEZF2_TRPM3
8_CTAGCTGAGGAAACTG-1,21839,15438,HC18,HC,Exc_FEZF2_TRPM3,Neuronal,Exc_FEZF2_TRPM3
24_CTAGATTCAATGCCTA-1,6636,14767,HC14,HC,Exc_FEZF2_TRPM3,Neuronal,Exc_FEZF2_TRPM3
26_TTTGTGTTCCTAGTAA-1,18360,38689,HC20,HC,Exc_FEZF2_TRPM3,Neuronal,Exc_FEZF2_TRPM3
23_CGATCCTTCAATTACG-1,13860,22908,HC10,HC,Exc_FEZF2_TRPM3,Neuronal,Exc_FEZF2_TRPM3
2_AGCAACAAGTTAGGCT-1,14204,20019,HC3,HC,Exc_FEZF2_TRPM3,Neuronal,Exc_FEZF2_TRPM3
4_CTTACCGGTAGCTGGT-1,25707,7916,HC21,HC,Exc_FEZF2_TRPM3,Neuronal,Exc_FEZF2_TRPM3
24_TCGTAATCACAATTAC-1,16717,17334,HC16,HC,Exc_FEZF2_TRPM3,Neuronal,Exc_FEZF2_TRPM3
2_AACTAGTGTGCTGGTG-1,26808,15919,HC3,HC,Exc_FEZF2_TRPM3,Neuronal,Exc_FEZF2_TRPM3
28_AAGACATAGGCCTGGT-1,34784,38111,HC22,HC,Exc_FEZF2_TRPM3,Neuronal,Exc_FEZF2_TRPM3
24_GTACTTAAGCTACTGG-1,30048,31660,HC13,HC,Exc_FEZF2_TRPM3,Neuronal,Exc_FEZF2_TRPM3
2_CGCATTACATGAATCT-1,36990,6172,HC4,HC,Exc_FEZF2_TRPM3,Neuronal,Exc_FEZF2_TRPM3
4_AGAAACTAGTGTTGTA-1,6272,8167,HC31,HC,Exc_FEZF2_TRPM3,Neuronal,Exc_FEZF2_TRPM3
7_AGAACAAGTTGGCGTG-1,12437,5465,HC26,HC,Exc_FEZF2_TRPM3,Neuronal,Exc_FEZF2_TRPM3
8_CATTCATTCTCCATGC-1,16185,22796,HC24,HC,Exc_FEZF2_TRPM3,Neuronal,Exc_FEZF2_TRPM3
18_TTTAGCAAGTAAGTGG-1,16142,13275,HC8,HC,Exc_FEZF2_TRPM3,Neuronal,Exc_FEZF2_TRPM3
2_CAATCGCCATAAGTCT-1,45831,22492,HC2,HC,Exc_FEZF2_TRPM3,Neuronal,Exc_FEZF2_TRPM3
4_AGGATGCAGCACCACA-1,20173,8202,HC21,HC,Exc_FEZF2_TRPM3,Neuronal,Exc_FEZF2_TRPM3
2_CCCAAACCAGGTATTT-1,15374,30083,HC1,HC,Exc_FEZF2_TRPM3,Neuronal,Exc_FEZF2_TRPM3
5_CGCACACAGTTAGCTA-1,33869,45416,HC10,HC,Exc_FEZF2_TRPM3,Neuronal,Exc_FEZF2_TRPM3
24_AGTAATGCAATGAATG-1,16746,16700,HC14,HC,Exc_FEZF2_TRPM3,Neuronal,Exc_FEZF2_TRPM3
26_TGAGGGAGTCTAACAG-1,13140,14433,HC18,HC,Exc_FEZF2_TRPM3,Neuronal,Exc_FEZF2_TRPM3
7_GCCTACTTCTAATCAG-1,13218,15400,HC23,HC,Exc_FEZF2_TRPM3,Neuronal,Exc_FEZF2_TRPM3
4_AGTCCTTGTTGTAACG-1,21529,13776,HC28,HC,Exc_FEZF2_TRPM3,Neuronal,Exc_FEZF2_TRPM3
2_AAGACCAAGTTGTCAA-1,18494,16901,HC2,HC,Exc_FEZF2_TRPM3,Neuronal,Exc_FEZF2_TRPM3
14_AGGAGCTAGGCCCAGT-1,33258,17405,HC3,HC,Exc_FEZF2_TRPM3,Neuronal,Exc_FEZF2_TRPM3
4_ACTGAAACATAAGTCT-1,37024,32677,HC28,HC,Exc_FEZF2_TRPM3,Neuronal,Exc_FEZF2_TRPM3
18_TCCAGGTCAGCTTACA-1,9695,20467,HC8,HC,Exc_FEZF2_TRPM3,Neuronal,Exc_FEZF2_TRPM3
4_ACCCAACCAATAGTCT-1,14321,11353,HC21,HC,Exc_FEZF2_TRPM3,Neuronal,Exc_FEZF2_TRPM3
24_CAACAATGTTCACTGT-1,12805,24865,HC13,HC,Exc_FEZF2_TRPM3,Neuronal,Exc_FEZF2_TRPM3
28_GGTACTTAGCTGGACC-1,37156,6358,HC22,HC,Exc_FEZF2_TRPM3,Neuronal,Exc_FEZF2_TRPM3
5_GCCAACATCTTGCATT-1,8896,34196,HC10,HC,Exc_FEZF2_TRPM3,Neuronal,Exc_FEZF2_TRPM3
24_CTAATTGAGTGTTGCG-1,33334,11467,HC16,HC,Exc_FEZF2_TRPM3,Neuronal,Exc_FEZF2_TRPM3
28_TGGTCATAGAGAAGGG-1,33462,21860,HC24,HC,Exc_FEZF2_TRPM3,Neuronal,Exc_FEZF2_TRPM3
8_AGGTTTGGTTCATCTA-1,10059,7936,HC18,HC,Exc_FEZF2_TRPM3,Neuronal,Exc_FEZF2_TRPM3
7_AAGCTCCCACTTAACG-1,6365,16321,HC23,HC,Exc_FEZF2_TRPM3,Neuronal,Exc_FEZF2_TRPM3
4_TACAAGCTCCCTGGTT-1,7858,37821,HC31,HC,Exc_FEZF2_TRPM3,Neuronal,Exc_FEZF2_TRPM3
24_TTTGACCGTTTATCTG-1,6484,49036,HC14,HC,Exc_FEZF2_TRPM3,Neuronal,Exc_FEZF2_TRPM3
2_AATCATCCATAGCTGC-1,15288,22783,HC1,HC,Exc_FEZF2_TRPM3,Neuronal,Exc_FEZF2_TRPM3
2_TAGCAGGCATCACAGC-1,22880,11247,HC4,HC,Exc_FEZF2_TRPM3,Neuronal,Exc_FEZF2_TRPM3
7_AATCATCCATAATGTC-1,11377,15988,HC26,HC,Exc_FEZF2_TRPM3,Neuronal,Exc_FEZF2_TRPM3
24_GGATGTAAGTCAGGCC-1,7606,13901,HC16,HC,Exc_FEZF2_TRPM3,Neuronal,Exc_FEZF2_TRPM3
2_CTATGGCCATCGCTTT-1,50297,37957,HC3,HC,Exc_FEZF2_TRPM3,Neuronal,Exc_FEZF2_TRPM3
8_TCAAGTATCAACCAAC-1,24805,30559,HC18,HC,Exc_FEZF2_TRPM3,Neuronal,Exc_FEZF2_TRPM3
18_TACGGATTCGTTAGTA-1,24538,27918,HC8,HC,Exc_FEZF2_TRPM3,Neuronal,Exc_FEZF2_TRPM3
5_CTAAGGTTCGCTCCAT-1,19496,12703,HC10,HC,Exc_FEZF2_TRPM3,Neuronal,Exc_FEZF2_TRPM3
23_TCTACTAGTTATCCTA-1,12450,37208,HC10,HC,Exc_FEZF2_ZFHX3,Neuronal,Exc_FEZF2_ZFHX3
18_TTCCTTCTCTCACTCA-1,12009,30653,HC8,HC,Exc_FEZF2_ZFHX3,Neuronal,Exc_FEZF2_ZFHX3
28_AAGGATGTCAGCACGC-1,9045,53129,HC22,HC,Exc_FEZF2_ZFHX3,Neuronal,Exc_FEZF2_ZFHX3
2_ACAGTATGTCAATGTG-1,34130,30150,HC4,HC,Exc_FEZF2_ZFHX3,Neuronal,Exc_FEZF2_ZFHX3
30_GTGCATTAGCTAATTG-1,36976,95903,HC27,HC,Exc_FEZF2_ZFHX3,Neuronal,Exc_FEZF2_ZFHX3
23_GTAAAGCCAGGTTCAC-1,33076,41272,HC9,HC,Exc_FEZF2_ZFHX3,Neuronal,Exc_FEZF2_ZFHX3
2_CGATGTCCACAACAAA-1,25009,24068,HC2,HC,Exc_FEZF2_ZFHX3,Neuronal,Exc_FEZF2_ZFHX3
25_TCGGTAAGTGGATTCA-1,32318,17257,HC32,HC,Exc_FEZF2_ZFHX3,Neuronal,Exc_FEZF2_ZFHX3
30_CGTGCTGCAGTAGGAT-1,25286,77435,HC25,HC,Exc_FEZF2_ZFHX3,Neuronal,Exc_FEZF2_ZFHX3
18_GTCCTAGAGGCATTGT-1,30718,25157,HC7,HC,Exc_FEZF2_ZFHX3,Neuronal,Exc_FEZF2_ZFHX3
26_TGTCAGTAGTGAACCT-1,15977,60814,HC20,HC,Exc_FEZF2_ZFHX3,Neuronal,Exc_FEZF2_ZFHX3
28_CTAGTTGCAGCCGCTA-1,30055,47052,HC24,HC,Exc_FEZF2_ZFHX3,Neuronal,Exc_FEZF2_ZFHX3
4_ACGTACCCATTGTGAT-1,9340,44841,HC30,HC,Exc_FEZF2_ZFHX3,Neuronal,Exc_FEZF2_ZFHX3
4_CTAAAGCTCACCATTT-1,49851,38215,HC31,HC,Exc_FEZF2_ZFHX3,Neuronal,Exc_FEZF2_ZFHX3
2_GCCAGGTTCGGCTATG-1,26446,14229,HC1,HC,Exc_FEZF2_ZFHX3,Neuronal,Exc_FEZF2_ZFHX3
24_TGATCAATCAATGACC-1,11760,5307,HC15,HC,Exc_FEZF2_ZFHX3,Neuronal,Exc_FEZF2_ZFHX3
2_AGTAACCTCATCAGTA-1,54266,57302,HC3,HC,Exc_FEZF2_ZFHX3,Neuronal,Exc_FEZF2_ZFHX3
8_ACAACAACACCTGCTC-1,20840,39023,HC18,HC,Exc_FEZF2_ZFHX3,Neuronal,Exc_FEZF2_ZFHX3
4_ATTTAGGTCTGTTCAT-1,8889,7689,HC28,HC,Exc_FEZF2_ZFHX3,Neuronal,Exc_FEZF2_ZFHX3
7_GGCTTAAGTTGGATCA-1,13586,24595,HC26,HC,Exc_FEZF2_ZFHX3,Neuronal,Exc_FEZF2_ZFHX3
7_GCTATAGGTACTTAGG-1,18342,26429,HC23,HC,Exc_FEZF2_ZFHX3,Neuronal,Exc_FEZF2_ZFHX3
24_AATTGCCAGTCATTTC-1,26070,69523,HC14,HC,Exc_FEZF2_ZFHX3,Neuronal,Exc_FEZF2_ZFHX3
24_TTTGGTGCAACTAGCC-1,12461,60287,HC13,HC,Exc_FEZF2_ZFHX3,Neuronal,Exc_FEZF2_ZFHX3
24_GGATTATGTTGCGCGA-1,11887,8418,HC16,HC,Exc_FEZF2_ZFHX3,Neuronal,Exc_FEZF2_ZFHX3
4_ACCGGTTCACGGTTTA-1,21852,23204,HC21,HC,Exc_FEZF2_ZFHX3,Neuronal,Exc_FEZF2_ZFHX3
8_GGGCAATAGCCTCTGT-1,17860,13454,HC15,HC,Exc_FEZF2_ZFHX3,Neuronal,Exc_FEZF2_ZFHX3
30_TCAGCCTTCTAATTGG-1,31463,8906,HC27,HC,Exc_FEZF2_ZFHX3,Neuronal,Exc_FEZF2_ZFHX3
32_TTGGATTCAGACAAAC-1,6721,30736,HC28,HC,Exc_FEZF2_ZFHX3,Neuronal,Exc_FEZF2_ZFHX3
2_AATTAGGCACGAATCC-1,8335,21212,HC4,HC,Exc_FEZF2_ZFHX3,Neuronal,Exc_FEZF2_ZFHX3
30_TAATCCGCAGCCGCTA-1,14629,8972,HC25,HC,Exc_FEZF2_ZFHX3,Neuronal,Exc_FEZF2_ZFHX3
4_CTCTTGATCTCACAAA-1,17391,49289,HC31,HC,Exc_FEZF2_ZFHX3,Neuronal,Exc_FEZF2_ZFHX3
18_TGTAACTCAAGTGAAC-1,6229,39739,HC8,HC,Exc_FEZF2_ZFHX3,Neuronal,Exc_FEZF2_ZFHX3
28_TTGTCAAAGACTTACA-1,18976,32683,HC24,HC,Exc_FEZF2_ZFHX3,Neuronal,Exc_FEZF2_ZFHX3
24_ACAGGATCAGGTATTT-1,24415,39476,HC13,HC,Exc_FEZF2_ZFHX3,Neuronal,Exc_FEZF2_ZFHX3
23_GAGAGGCGTCCTTTAA-1,46785,23029,HC9,HC,Exc_FEZF2_ZFHX3,Neuronal,Exc_FEZF2_ZFHX3
4_ACGACTTAGGGTCCAC-1,9359,34754,HC21,HC,Exc_FEZF2_ZFHX3,Neuronal,Exc_FEZF2_ZFHX3
2_ATCAGGTTCAGTTCCC-1,25887,43871,HC3,HC,Exc_FEZF2_ZFHX3,Neuronal,Exc_FEZF2_ZFHX3
4_TTTCCGGGTTAGTGAT-1,15750,21877,HC30,HC,Exc_FEZF2_ZFHX3,Neuronal,Exc_FEZF2_ZFHX3
8_TGAAGTGAGGGTTAGA-1,19821,9733,HC18,HC,Exc_FEZF2_ZFHX3,Neuronal,Exc_FEZF2_ZFHX3
7_TCACGGATCGATTTGA-1,24166,19890,HC26,HC,Exc_FEZF2_ZFHX3,Neuronal,Exc_FEZF2_ZFHX3
7_CTTGAATCATCCATCT-1,44152,42112,HC23,HC,Exc_FEZF2_ZFHX3,Neuronal,Exc_FEZF2_ZFHX3
28_AATCCGTAGTATTGTG-1,9661,65700,HC22,HC,Exc_FEZF2_ZFHX3,Neuronal,Exc_FEZF2_ZFHX3
18_CGCACACAGGAACGCG-1,6747,7257,HC7,HC,Exc_FEZF2_ZFHX3,Neuronal,Exc_FEZF2_ZFHX3
24_AATTTCCTCAAGCGCC-1,27624,59699,HC14,HC,Exc_FEZF2_ZFHX3,Neuronal,Exc_FEZF2_ZFHX3
25_AGTTTGATCCTAATTC-1,19197,20356,HC32,HC,Exc_FEZF2_ZFHX3,Neuronal,Exc_FEZF2_ZFHX3
2_ATTGGCTAGTCATGCG-1,20970,9297,HC1,HC,Exc_FEZF2_ZFHX3,Neuronal,Exc_FEZF2_ZFHX3
23_TGAGGCACACAATTAC-1,23893,20409,HC10,HC,Exc_FEZF2_ZFHX3,Neuronal,Exc_FEZF2_ZFHX3
26_AGCAAGGGTTGACTTC-1,18767,54213,HC20,HC,Exc_FEZF2_ZFHX3,Neuronal,Exc_FEZF2_ZFHX3
24_ACCCTCCCAGTTTGTG-1,8324,31845,HC16,HC,Exc_FEZF2_ZFHX3,Neuronal,Exc_FEZF2_ZFHX3
18_GACCTAGTCTTAGCGG-1,18749,19630,HC7,HC,Exc_FEZF2_ZFHX3,Neuronal,Exc_FEZF2_ZFHX3
4_ACCTGGATCCTAAGTA-1,32575,9151,HC30,HC,Exc_FEZF2_ZFHX3,Neuronal,Exc_FEZF2_ZFHX3
30_GCAACAGCATCTAGCA-1,36493,35669,HC27,HC,Exc_FEZF2_ZFHX3,Neuronal,Exc_FEZF2_ZFHX3
4_ACCGAAGCAGCGCTTG-1,12828,21749,HC31,HC,Exc_FEZF2_ZFHX3,Neuronal,Exc_FEZF2_ZFHX3
25_GACTTACAGTTATGTG-1,16294,20371,HC32,HC,Exc_FEZF2_ZFHX3,Neuronal,Exc_FEZF2_ZFHX3
4_TGCACCTTCGGTTTGG-1,19325,15268,HC28,HC,Exc_FEZF2_ZFHX3,Neuronal,Exc_FEZF2_ZFHX3
23_TATGGCCCAAACGGGC-1,33300,34119,HC10,HC,Exc_FEZF2_ZFHX3,Neuronal,Exc_FEZF2_ZFHX3
18_TTGCGAGTCGCTATGG-1,8794,18014,HC8,HC,Exc_FEZF2_ZFHX3,Neuronal,Exc_FEZF2_ZFHX3
2_GCGGATACAGCATGTC-1,26105,19959,HC1,HC,Exc_FEZF2_ZFHX3,Neuronal,Exc_FEZF2_ZFHX3
24_GGTCCTGCACATTAAC-1,28750,69497,HC14,HC,Exc_FEZF2_ZFHX3,Neuronal,Exc_FEZF2_ZFHX3
8_GCTTAGTAGTAGGATG-1,11630,14087,HC15,HC,Exc_FEZF2_ZFHX3,Neuronal,Exc_FEZF2_ZFHX3
30_CTGTATTTCTCCATGC-1,38522,68053,HC25,HC,Exc_FEZF2_ZFHX3,Neuronal,Exc_FEZF2_ZFHX3
2_TTTGACTTCCTGGTCT-1,30958,26681,HC4,HC,Exc_FEZF2_ZFHX3,Neuronal,Exc_FEZF2_ZFHX3
28_GCCTAATAGGACCTGC-1,31159,14622,HC22,HC,Exc_FEZF2_ZFHX3,Neuronal,Exc_FEZF2_ZFHX3
2_TGTAAAGCATTGTGCA-1,16317,14102,HC3,HC,Exc_FEZF2_ZFHX3,Neuronal,Exc_FEZF2_ZFHX3
24_AGCGGATAGTTATTCC-1,21498,53773,HC16,HC,Exc_FEZF2_ZFHX3,Neuronal,Exc_FEZF2_ZFHX3
8_CTCATCATCTTAGTGA-1,13695,34581,HC18,HC,Exc_FEZF2_ZFHX3,Neuronal,Exc_FEZF2_ZFHX3
28_AGTCTTGCAGAGAGCC-1,32263,57930,HC24,HC,Exc_FEZF2_ZFHX3,Neuronal,Exc_FEZF2_ZFHX3
7_GTGTCCAAGTGAGGTA-1,6754,17022,HC23,HC,Exc_FEZF2_ZFHX3,Neuronal,Exc_FEZF2_ZFHX3
7_GAGCCTTCATGGAGGC-1,18715,27332,HC26,HC,Exc_FEZF2_ZFHX3,Neuronal,Exc_FEZF2_ZFHX3
28_GAGCTTGTCACCGGTA-1,7636,40965,HC21,HC,Exc_FEZF2_ZFHX3,Neuronal,Exc_FEZF2_ZFHX3
24_GCATCCTTCTAAGTGC-1,29008,76629,HC13,HC,Exc_FEZF2_ZFHX3,Neuronal,Exc_FEZF2_ZFHX3
4_GATCACTAGGAATAAC-1,28514,42863,HC28,HC,Exc_FEZF2_ZFHX3,Neuronal,Exc_FEZF2_ZFHX3
4_AAGCAAGTCTTAAGTG-1,7268,23439,HC31,HC,Exc_FEZF2_ZFHX3,Neuronal,Exc_FEZF2_ZFHX3
8_TCACTGACACCAGGTT-1,24161,10969,HC18,HC,Exc_FEZF2_ZFHX3,Neuronal,Exc_FEZF2_ZFHX3
7_ACCGGCTAGCCTGTTC-1,9926,26044,HC27,HC,Exc_FEZF2_ZFHX3,Neuronal,Exc_FEZF2_ZFHX3
2_GATTGGTTCATGACCG-1,29618,17986,HC4,HC,Exc_FEZF2_ZFHX3,Neuronal,Exc_FEZF2_ZFHX3
24_AGAGATTAGGCAATAG-1,14794,19495,HC14,HC,Exc_FEZF2_ZFHX3,Neuronal,Exc_FEZF2_ZFHX3
28_GAGAACCAGTTTCCGC-1,32403,32135,HC23,HC,Exc_FEZF2_ZFHX3,Neuronal,Exc_FEZF2_ZFHX3
7_GATTCAATCCTCGATC-1,14702,17040,HC26,HC,Exc_FEZF2_ZFHX3,Neuronal,Exc_FEZF2_ZFHX3
4_ACCACACCAGCCAGAA-1,26103,15625,HC21,HC,Exc_FEZF2_ZFHX3,Neuronal,Exc_FEZF2_ZFHX3
14_TCTTAGCGTGATGATT-1,30606,29675,HC3,HC,Exc_FEZF2_ZFHX3,Neuronal,Exc_FEZF2_ZFHX3
8_AGCTACTAGATGCCTG-1,12270,7365,HC15,HC,Exc_FEZF2_ZFHX3,Neuronal,Exc_FEZF2_ZFHX3
5_AGTGCCGGTGTTTGAG-1,31930,22479,HC10,HC,Exc_FEZF2_ZFHX3,Neuronal,Exc_FEZF2_ZFHX3
18_ACTTTGTTCATCCACC-1,25502,31598,HC8,HC,Exc_FEZF2_ZFHX3,Neuronal,Exc_FEZF2_ZFHX3
24_GATTGGTTCGTTCACC-1,20805,5677,HC16,HC,Exc_FEZF2_ZFHX3,Neuronal,Exc_FEZF2_ZFHX3
28_CAAGTATGTTTAACGG-1,42192,13157,HC22,HC,Exc_FEZF2_ZFHX3,Neuronal,Exc_FEZF2_ZFHX3
4_AATGCAACATTAAACC-1,19276,23439,HC30,HC,Exc_FEZF2_ZFHX3,Neuronal,Exc_FEZF2_ZFHX3
24_TCACTGACAGGTATTT-1,23016,67627,HC13,HC,Exc_FEZF2_ZFHX3,Neuronal,Exc_FEZF2_ZFHX3
7_GTCAATATCGCACACA-1,13103,16582,HC25,HC,Exc_FEZF2_ZFHX3,Neuronal,Exc_FEZF2_ZFHX3
8_GACCTAAGTTGTCCAT-1,16825,29426,HC24,HC,Exc_FEZF2_ZFHX3,Neuronal,Exc_FEZF2_ZFHX3
2_CAATGTCAGCGAGTAA-1,21102,14455,HC1,HC,Exc_FEZF2_ZFHX3,Neuronal,Exc_FEZF2_ZFHX3
25_CATTATCTCCACCTGT-1,30636,47620,HC32,HC,Exc_FEZF2_ZFHX3,Neuronal,Exc_FEZF2_ZFHX3
7_TACCTCATCTTGGACG-1,6895,15708,HC23,HC,Exc_FEZF2_ZFHX3,Neuronal,Exc_FEZF2_ZFHX3
8_GATCCGTCATAAGCAA-1,11172,8043,HC15,HC,Exc_FEZF2_ZFHX3,Neuronal,Exc_FEZF2_ZFHX3
32_CATAGTCAGGCCTGGT-1,22296,57623,HC31,HC,Exc_FEZF2_ZFHX3,Neuronal,Exc_FEZF2_ZFHX3
28_TTGGATTCAGTCTAAT-1,12145,5936,HC22,HC,Exc_FEZF2_ZFHX3,Neuronal,Exc_FEZF2_ZFHX3
25_TTCCACGGTGCAATGC-1,7855,24848,HC32,HC,Exc_FEZF2_ZFHX3,Neuronal,Exc_FEZF2_ZFHX3
24_AGGATGCAGCTCAATA-1,19780,31301,HC14,HC,Exc_FEZF2_ZFHX3,Neuronal,Exc_FEZF2_ZFHX3
24_TTGGCGGGTTCCGGCT-1,40235,55067,HC13,HC,Exc_FEZF2_ZFHX3,Neuronal,Exc_FEZF2_ZFHX3
4_CTAATTGAGCGCCTTT-1,23289,20463,HC28,HC,Exc_FEZF2_ZFHX3,Neuronal,Exc_FEZF2_ZFHX3
4_AACAAGCCAGGCTACT-1,8175,18463,HC21,HC,Exc_FEZF2_ZFHX3,Neuronal,Exc_FEZF2_ZFHX3
8_ATGTAACGTGGACCTG-1,35659,11852,HC18,HC,Exc_FEZF2_ZFHX3,Neuronal,Exc_FEZF2_ZFHX3
8_GATTCAGGTAAATTGC-1,30797,36084,HC24,HC,Exc_FEZF2_ZFHX3,Neuronal,Exc_FEZF2_ZFHX3
18_TTGCATTTCGCTATAA-1,16257,20822,HC8,HC,Exc_FEZF2_ZFHX3,Neuronal,Exc_FEZF2_ZFHX3
23_CGCTGTGCAAACTGTT-1,18467,40269,HC10,HC,Exc_FEZF2_ZFHX3,Neuronal,Exc_FEZF2_ZFHX3
2_AAGCGGGTCAAATCGC-1,44620,16600,HC4,HC,Exc_FEZF2_ZFHX3,Neuronal,Exc_FEZF2_ZFHX3
14_CGAATCTAGCATCCAG-1,33439,27420,HC3,HC,Exc_FEZF2_ZFHX3,Neuronal,Exc_FEZF2_ZFHX3
2_AGTGCGGAGGAGTCTT-1,31174,18344,HC1,HC,Exc_FEZF2_ZFHX3,Neuronal,Exc_FEZF2_ZFHX3
7_CAACCCTTCCTAAGTA-1,19302,58711,HC26,HC,Exc_FEZF2_ZFHX3,Neuronal,Exc_FEZF2_ZFHX3
24_CACCTCAGTAATCGGC-1,6498,45089,HC16,HC,Exc_FEZF2_ZFHX3,Neuronal,Exc_FEZF2_ZFHX3
8_GGCTATGTCAAGCCTG-1,12981,9634,HC15,HC,Exc_FEZF2_ZFHX3,Neuronal,Exc_FEZF2_ZFHX3
25_ATGGTGCGTCTATCGT-1,20022,15688,HC32,HC,Exc_FEZF2_ZFHX3,Neuronal,Exc_FEZF2_ZFHX3
2_GTACTTAAGGCATGTT-1,35543,21454,HC4,HC,Exc_FEZF2_ZFHX3,Neuronal,Exc_FEZF2_ZFHX3
18_GAAAGCCAGCGCAATT-1,23661,28856,HC8,HC,Exc_FEZF2_ZFHX3,Neuronal,Exc_FEZF2_ZFHX3
4_GTACGTAGTCATGCCC-1,48374,5893,HC28,HC,Exc_FEZF2_ZFHX3,Neuronal,Exc_FEZF2_ZFHX3
4_TCTAGCCTCCTCACTA-1,9628,70040,HC31,HC,Exc_FEZF2_ZFHX3,Neuronal,Exc_FEZF2_ZFHX3
14_GTTGGCGGTTGCAATG-1,36842,32968,HC3,HC,Exc_FEZF2_ZFHX3,Neuronal,Exc_FEZF2_ZFHX3
28_CCCGTAAAGGGACCTC-1,33854,84567,HC22,HC,Exc_FEZF2_ZFHX3,Neuronal,Exc_FEZF2_ZFHX3
2_CTAACCACATTGTCAG-1,25692,24573,HC1,HC,Exc_FEZF2_ZFHX3,Neuronal,Exc_FEZF2_ZFHX3
24_TCATGAGGTTTGTCTA-1,14549,46395,HC14,HC,Exc_FEZF2_ZFHX3,Neuronal,Exc_FEZF2_ZFHX3
24_GTTTGCTGTCGAAGTC-1,14710,54499,HC13,HC,Exc_FEZF2_ZFHX3,Neuronal,Exc_FEZF2_ZFHX3
23_TAGTGGCGTTAGTGAT-1,34269,10520,HC10,HC,Exc_FEZF2_ZFHX3,Neuronal,Exc_FEZF2_ZFHX3
28_ATAAGCCTCGTAATCA-1,8306,13276,HC21,HC,Exc_FEZF2_ZFHX3,Neuronal,Exc_FEZF2_ZFHX3
24_GCGCTTGCAAACCTTG-1,19071,7561,HC16,HC,Exc_FEZF2_ZFHX3,Neuronal,Exc_FEZF2_ZFHX3
7_CATCATGCATAGCTGC-1,13309,9444,HC23,HC,Exc_FEZF2_ZFHX3,Neuronal,Exc_FEZF2_ZFHX3
7_CTTCAGGAGCGATAAG-1,18058,8948,HC26,HC,Exc_FEZF2_ZFHX3,Neuronal,Exc_FEZF2_ZFHX3
8_TATAGCCAGCCGCAAC-1,31101,46932,HC18,HC,Exc_FEZF2_ZFHX3,Neuronal,Exc_FEZF2_ZFHX3
28_TACCTTTAGGTCCACA-1,27138,46402,HC24,HC,Exc_FEZF2_ZFHX3,Neuronal,Exc_FEZF2_ZFHX3
2_AATAACCGTTTGTGGA-1,6078,16622,HC4,HC,Exc_FEZF2_ZFHX3,Neuronal,Exc_FEZF2_ZFHX3
24_TATTCGTTCCCGCCTA-1,26114,35513,HC13,HC,Exc_FEZF2_ZFHX3,Neuronal,Exc_FEZF2_ZFHX3
24_CATAACGGTTGTAACG-1,12763,14327,HC15,HC,Exc_FEZF2_ZFHX3,Neuronal,Exc_FEZF2_ZFHX3
4_GGTTATATCAGGAAGC-1,13692,21758,HC21,HC,Exc_FEZF2_ZFHX3,Neuronal,Exc_FEZF2_ZFHX3
7_TCGGTTCTCGTAATCA-1,10102,19414,HC26,HC,Exc_FEZF2_ZFHX3,Neuronal,Exc_FEZF2_ZFHX3
28_GGCCTTAAGATGGACA-1,29230,46544,HC24,HC,Exc_FEZF2_ZFHX3,Neuronal,Exc_FEZF2_ZFHX3
24_TTGGCTACATGCTATG-1,21882,53222,HC16,HC,Exc_FEZF2_ZFHX3,Neuronal,Exc_FEZF2_ZFHX3
23_GACTTGGTCCCAGTAG-1,41561,74091,HC10,HC,Exc_FEZF2_ZFHX3,Neuronal,Exc_FEZF2_ZFHX3
18_CCCAATTGTTTAGCTC-1,24918,44621,HC8,HC,Exc_FEZF2_ZFHX3,Neuronal,Exc_FEZF2_ZFHX3
4_GGTAAGGGTCATGCCC-1,13029,13883,HC31,HC,Exc_FEZF2_ZFHX3,Neuronal,Exc_FEZF2_ZFHX3
4_CTGAATATCAAACCTA-1,20372,33131,HC28,HC,Exc_FEZF2_ZFHX3,Neuronal,Exc_FEZF2_ZFHX3
7_CCTAAGTAGGGACTAA-1,14378,9368,HC23,HC,Exc_FEZF2_ZFHX3,Neuronal,Exc_FEZF2_ZFHX3
2_GCCATGATCTGCAACG-1,27322,21533,HC1,HC,Exc_FEZF2_ZFHX3,Neuronal,Exc_FEZF2_ZFHX3
25_CGGTTTGAGGAGGACT-1,9756,23408,HC32,HC,Exc_FEZF2_ZFHX3,Neuronal,Exc_FEZF2_ZFHX3
26_GGCCTCTGTGCGCATG-1,68919,100064,HC18,HC,Exc_FEZF2_ZFHX3,Neuronal,Exc_FEZF2_ZFHX3
2_TTAAGGTGTACGGTAC-1,6433,10130,HC3,HC,Exc_FEZF2_ZFHX3,Neuronal,Exc_FEZF2_ZFHX3
28_CTAATCGCAGGCATGA-1,18795,22651,HC22,HC,Exc_FEZF2_ZFHX3,Neuronal,Exc_FEZF2_ZFHX3
24_AATGTCCAGCTAAAGG-1,30957,46784,HC14,HC,Exc_FEZF2_ZFHX3,Neuronal,Exc_FEZF2_ZFHX3
24_TGATCAATCTCCTCAA-1,15688,58306,HC13,HC,Exc_FEZF2_ZFHX3,Neuronal,Exc_FEZF2_ZFHX3
2_GCCAACATCATTGTCT-1,16071,17965,HC4,HC,Exc_FEZF2_ZFHX3,Neuronal,Exc_FEZF2_ZFHX3
8_GAAGGAACATAGACCC-1,22633,41676,HC18,HC,Exc_FEZF2_ZFHX3,Neuronal,Exc_FEZF2_ZFHX3
7_ATTAGCGGTCTAACCT-1,14710,6181,HC23,HC,Exc_FEZF2_ZFHX3,Neuronal,Exc_FEZF2_ZFHX3
18_TCAAGGAAGCTCATAA-1,30253,19814,HC6,HC,Exc_LINC00507_AP001977.1,Neuronal,Exc_LINC00507_AP001977.1
28_CAGGACACAGATAGAC-1,19395,29491,HC24,HC,Exc_LINC00507_AP001977.1,Neuronal,Exc_LINC00507_AP001977.1
14_TTGTCCCAGCTAATCA-1,25242,19158,HC3,HC,Exc_LINC00507_AP001977.1,Neuronal,Exc_LINC00507_AP001977.1
14_CAAAGGATCCGTGACA-1,43806,17688,HC2,HC,Exc_LINC00507_AP001977.1,Neuronal,Exc_LINC00507_AP001977.1
14_TAATGGTGTTCGCTCA-1,31913,23909,HC4,HC,Exc_LINC00507_AP001977.1,Neuronal,Exc_LINC00507_AP001977.1
5_GTCCAGGGTTGACTTC-1,13002,43983,HC12,HC,Exc_LINC00507_AP001977.1,Neuronal,Exc_LINC00507_AP001977.1
5_CTCTATGTCCTGGTGA-1,53721,32778,HC10,HC,Exc_LINC00507_AP001977.1,Neuronal,Exc_LINC00507_AP001977.1
18_GCTCTGTTCCAGGAAA-1,34108,34738,HC5,HC,Exc_LINC00507_AP001977.1,Neuronal,Exc_LINC00507_AP001977.1
24_GCAAACAAGGTCGAGG-1,19844,19899,HC13,HC,Exc_LINC00507_AP001977.1,Neuronal,Exc_LINC00507_AP001977.1
26_CGCTATGAGTGGCGGA-1,7745,21777,HC19,HC,Exc_LINC00507_AP001977.1,Neuronal,Exc_LINC00507_AP001977.1
26_TGGTCCTTCGTTTCGC-1,9576,56801,HC20,HC,Exc_LINC00507_AP001977.1,Neuronal,Exc_LINC00507_AP001977.1
4_TCACCGGCAAGGGTTG-1,9486,16384,HC30,HC,Exc_LINC00507_AP001977.1,Neuronal,Exc_LINC00507_AP001977.1
18_AGGGCCTTCACAGCGC-1,27655,31430,HC7,HC,Exc_LINC00507_AP001977.1,Neuronal,Exc_LINC00507_AP001977.1
18_TATGACATCTACTAAG-1,37044,33633,HC8,HC,Exc_LINC00507_AP001977.1,Neuronal,Exc_LINC00507_AP001977.1
4_TAAGCTATCAAAGGCA-1,50482,21992,HC21,HC,Exc_LINC00507_AP001977.1,Neuronal,Exc_LINC00507_AP001977.1
2_GCAGGCTTCGTTATAG-1,38934,10013,HC2,HC,Exc_LINC00507_AP001977.1,Neuronal,Exc_LINC00507_AP001977.1
26_AAATCCGGTCAAGTGC-1,13495,5367,HC19,HC,Exc_LINC00507_AP001977.1,Neuronal,Exc_LINC00507_AP001977.1
23_CGAAGTAAGCAAACCT-1,52956,48821,HC10,HC,Exc_LINC00507_AP001977.1,Neuronal,Exc_LINC00507_AP001977.1
14_CTTGTCCAGGTTACAC-1,55847,45274,HC4,HC,Exc_LINC00507_AP001977.1,Neuronal,Exc_LINC00507_AP001977.1
18_GACCTGCAGCCTCTCG-1,30855,24897,HC5,HC,Exc_LINC00507_AP001977.1,Neuronal,Exc_LINC00507_AP001977.1
2_AGCCTCCGTTCCGGCT-1,61420,40535,HC3,HC,Exc_LINC00507_AP001977.1,Neuronal,Exc_LINC00507_AP001977.1
4_AAGCAAGTCAAGTGAG-1,14101,13730,HC30,HC,Exc_LINC00507_AP001977.1,Neuronal,Exc_LINC00507_AP001977.1
28_AATTGCCAGTTACCGG-1,50823,60428,HC21,HC,Exc_LINC00507_AP001977.1,Neuronal,Exc_LINC00507_AP001977.1
26_CTCCGGACAGCATTAT-1,17936,36146,HC20,HC,Exc_LINC00507_AP001977.1,Neuronal,Exc_LINC00507_AP001977.1
8_TGAGGTGCAAAGGCCA-1,58734,24415,HC24,HC,Exc_LINC00507_AP001977.1,Neuronal,Exc_LINC00507_AP001977.1
24_GCCAATTAGACAGGCG-1,29031,16391,HC13,HC,Exc_LINC00507_AP001977.1,Neuronal,Exc_LINC00507_AP001977.1
18_GCGTTTCTCACAGCCA-1,26052,24758,HC6,HC,Exc_LINC00507_AP001977.1,Neuronal,Exc_LINC00507_AP001977.1
24_TTCCCACAGAAAGGAA-1,22866,13508,HC13,HC,Exc_LINC00507_AP001977.1,Neuronal,Exc_LINC00507_AP001977.1
26_GGTGATTTCCTTAGTT-1,18428,14300,HC19,HC,Exc_LINC00507_AP001977.1,Neuronal,Exc_LINC00507_AP001977.1
14_GCTAAGTTCCGGTTGA-1,34493,16660,HC2,HC,Exc_LINC00507_AP001977.1,Neuronal,Exc_LINC00507_AP001977.1
18_TTGACATCACCAGCAT-1,24228,26216,HC6,HC,Exc_LINC00507_AP001977.1,Neuronal,Exc_LINC00507_AP001977.1
14_GAAAGCCAGCAAGATG-1,64497,38301,HC3,HC,Exc_LINC00507_AP001977.1,Neuronal,Exc_LINC00507_AP001977.1
26_AAAGCAAGTACTTAGG-1,17789,20984,HC20,HC,Exc_LINC00507_AP001977.1,Neuronal,Exc_LINC00507_AP001977.1
14_TAAGTAGCAGCAAGAT-1,42335,33527,HC3,HC,Exc_LINC00507_AP001977.1,Neuronal,Exc_LINC00507_AP001977.1
26_TTTGGTAAGGCTTAGT-1,6025,21521,HC20,HC,Exc_LINC00507_AP001977.1,Neuronal,Exc_LINC00507_AP001977.1
18_AGCGGACCATGGCCTG-1,24123,14637,HC6,HC,Exc_LINC00507_AP001977.1,Neuronal,Exc_LINC00507_AP001977.1
26_TATGACATCTTGATGA-1,12132,7404,HC19,HC,Exc_LINC00507_AP001977.1,Neuronal,Exc_LINC00507_AP001977.1
26_GGAAGCTAGGATAAAC-1,23515,50542,HC20,HC,Exc_LINC00507_AP001977.1,Neuronal,Exc_LINC00507_AP001977.1
26_CGCAATCCAAAGGTAC-1,33128,16875,HC19,HC,Exc_LINC00507_AP001977.1,Neuronal,Exc_LINC00507_AP001977.1
18_TACTTCGTCCAAGTGT-1,20839,18645,HC6,HC,Exc_LINC00507_AP001977.1,Neuronal,Exc_LINC00507_AP001977.1
14_TATAGCTCACCCTCAC-1,26520,57369,HC3,HC,Exc_LINC00507_AP001977.1,Neuronal,Exc_LINC00507_AP001977.1
26_TGCTTCCAGTTAACCA-1,21205,18005,HC20,HC,Exc_LINC00507_AP001977.1,Neuronal,Exc_LINC00507_AP001977.1
18_GTCCTCCCAATTGACT-1,19965,11989,HC6,HC,Exc_LINC00507_AP001977.1,Neuronal,Exc_LINC00507_AP001977.1
2_ACGAGTAAGAGAGCCG-1,46245,24196,HC3,HC,Exc_LINC00507_AP001977.1,Neuronal,Exc_LINC00507_AP001977.1
14_ATCCAACAGCACTAAC-1,22250,80096,HC3,HC,Exc_LINC00507_AP001977.1,Neuronal,Exc_LINC00507_AP001977.1
18_GGCGATACAATTAGGA-1,22288,13502,HC6,HC,Exc_LINC00507_AP001977.1,Neuronal,Exc_LINC00507_AP001977.1
26_GGAAGCTAGTTAGTGC-1,9777,35072,HC20,HC,Exc_LINC00507_AP001977.1,Neuronal,Exc_LINC00507_AP001977.1
18_GATTGGTTCATGCTTT-1,8083,13995,HC6,HC,Exc_LINC00507_AP001977.1,Neuronal,Exc_LINC00507_AP001977.1
26_ATCCTGACAGTCTAAT-1,31803,45086,HC20,HC,Exc_LINC00507_AP001977.1,Neuronal,Exc_LINC00507_AP001977.1
18_GAACGAATCACTAGGT-1,20231,29659,HC6,HC,Exc_LINC00507_AP001977.1,Neuronal,Exc_LINC00507_AP001977.1
26_GGTCGGTTCGCACACA-1,40058,82207,HC20,HC,Exc_LINC00507_AP001977.1,Neuronal,Exc_LINC00507_AP001977.1
26_ATGCTTAAGTCATGCG-1,31905,66135,HC20,HC,Exc_LINC00507_AP001977.1,Neuronal,Exc_LINC00507_AP001977.1
18_GTCATCACAGCAACCT-1,20762,29350,HC6,HC,Exc_LINC00507_AP001977.1,Neuronal,Exc_LINC00507_AP001977.1
26_GTGAATCTCTCACACC-1,27903,53495,HC20,HC,Exc_LINC00507_AP001977.1,Neuronal,Exc_LINC00507_AP001977.1
18_TTGCTTTAGCGGATTT-1,20914,30238,HC6,HC,Exc_LINC00507_AP001977.1,Neuronal,Exc_LINC00507_AP001977.1
18_ATATGGTGTCAATGTG-1,5901,18531,HC6,HC,Exc_LINC00507_AP001977.1,Neuronal,Exc_LINC00507_AP001977.1
26_GGATTTATCCCGCAAA-1,8154,67814,HC20,HC,Exc_LINC00507_AP001977.1,Neuronal,Exc_LINC00507_AP001977.1
18_GGCTCAATCATTGCGG-1,18492,23954,HC6,HC,Exc_LINC00507_AP001977.1,Neuronal,Exc_LINC00507_AP001977.1
26_TACGGATTCACGCATG-1,28092,44402,HC20,HC,Exc_LINC00507_AP001977.1,Neuronal,Exc_LINC00507_AP001977.1
18_GAGTTTGGTTGGATAT-1,7214,10833,HC6,HC,Exc_LINC00507_AP001977.1,Neuronal,Exc_LINC00507_AP001977.1
18_AATCTTGAGACTTATG-1,22273,20320,HC6,HC,Exc_LINC00507_AP001977.1,Neuronal,Exc_LINC00507_AP001977.1
18_AATGCATGTCCTAATC-1,26272,30744,HC6,HC,Exc_LINC00507_AP001977.1,Neuronal,Exc_LINC00507_AP001977.1
18_TAAGCTATCTTTGTAC-1,16340,15448,HC6,HC,Exc_LINC00507_AP001977.1,Neuronal,Exc_LINC00507_AP001977.1
18_TTTGAGTCACTCGCTC-1,25285,30677,HC6,HC,Exc_LINC00507_AP001977.1,Neuronal,Exc_LINC00507_AP001977.1
18_CTCCCTGAGGCGAAAC-1,20622,21256,HC6,HC,Exc_LINC00507_AP001977.1,Neuronal,Exc_LINC00507_AP001977.1
18_TAGTTTGAGGAGGGTT-1,29159,17308,HC6,HC,Exc_LINC00507_AP001977.1,Neuronal,Exc_LINC00507_AP001977.1
18_CCCAAATAGGGATTAG-1,6192,8227,HC6,HC,Exc_LINC00507_AP001977.1,Neuronal,Exc_LINC00507_AP001977.1
18_GAAGGAACACTCGCTC-1,21403,14571,HC6,HC,Exc_LINC00507_AP001977.1,Neuronal,Exc_LINC00507_AP001977.1
18_CACCTGTTCCCTCAGT-1,24251,35036,HC6,HC,Exc_LINC00507_AP001977.1,Neuronal,Exc_LINC00507_AP001977.1
18_AGTAACACAGCTACGT-1,12815,29998,HC6,HC,Exc_LINC00507_AP001977.1,Neuronal,Exc_LINC00507_AP001977.1
18_GTTACGCCAGGCTTCG-1,7289,11484,HC6,HC,Exc_LINC00507_AP001977.1,Neuronal,Exc_LINC00507_AP001977.1
18_AGTGAGTCAGCTAATT-1,17769,7141,HC6,HC,Exc_LINC00507_AP001977.1,Neuronal,Exc_LINC00507_AP001977.1
18_ACTGAATGTACAAAGA-1,24618,19317,HC6,HC,Exc_LINC00507_AP001977.1,Neuronal,Exc_LINC00507_AP001977.1
18_TTGCTTTAGTCATTAG-1,18993,17465,HC6,HC,Exc_LINC00507_AP001977.1,Neuronal,Exc_LINC00507_AP001977.1
18_TACTAAGTCCCATAGG-1,24460,9938,HC6,HC,Exc_LINC00507_AP001977.1,Neuronal,Exc_LINC00507_AP001977.1
18_GGCCTTCGTTCAAGCA-1,20766,21360,HC6,HC,Exc_LINC00507_AP001977.1,Neuronal,Exc_LINC00507_AP001977.1
18_CTAGTCGAGGCGCTAC-1,24725,26134,HC6,HC,Exc_LINC00507_AP001977.1,Neuronal,Exc_LINC00507_AP001977.1
18_TCGATTAAGTGAACCT-1,7582,47900,HC6,HC,Exc_LINC00507_AP001977.1,Neuronal,Exc_LINC00507_AP001977.1
18_CCTAAAGGTTACTTCA-1,27592,17513,HC6,HC,Exc_LINC00507_AP001977.1,Neuronal,Exc_LINC00507_AP001977.1
18_ATCGCCCGTGAGCAAG-1,29483,15659,HC6,HC,Exc_LINC00507_AP001977.1,Neuronal,Exc_LINC00507_AP001977.1
18_CGTAGCGGTGTGCACG-1,29732,12557,HC6,HC,Exc_LINC00507_AP001977.1,Neuronal,Exc_LINC00507_AP001977.1
18_GACTTAGGTGAAGCCT-1,26531,9487,HC6,HC,Exc_LINC00507_AP001977.1,Neuronal,Exc_LINC00507_AP001977.1
18_GCCTCAAAGTTATGGC-1,17720,14901,HC6,HC,Exc_LINC00507_AP001977.1,Neuronal,Exc_LINC00507_AP001977.1
18_GCTCAACCAGGGAGCT-1,19023,13743,HC6,HC,Exc_LINC00507_AP001977.1,Neuronal,Exc_LINC00507_AP001977.1
18_CAGCTAAGTCATTGTC-1,28941,26312,HC6,HC,Exc_LINC00507_AP001977.1,Neuronal,Exc_LINC00507_AP001977.1
18_AGAACCAAGCGATAAG-1,22222,10719,HC6,HC,Exc_LINC00507_AP001977.1,Neuronal,Exc_LINC00507_AP001977.1
18_AAGGTCAAGGACCTTG-1,16566,26109,HC6,HC,Exc_LINC00507_AP001977.1,Neuronal,Exc_LINC00507_AP001977.1
18_TCATCCATCCTAGTTT-1,27310,30670,HC6,HC,Exc_LINC00507_AP001977.1,Neuronal,Exc_LINC00507_AP001977.1
18_CGCATTTGTCCTCCAA-1,17834,30725,HC6,HC,Exc_LINC00507_AP001977.1,Neuronal,Exc_LINC00507_AP001977.1
18_GTTGTGAGTGGTTCCC-1,5710,8293,HC6,HC,Exc_LINC00507_AP001977.1,Neuronal,Exc_LINC00507_AP001977.1
18_CAATGTCAGAGGAGTC-1,26829,14856,HC6,HC,Exc_LINC00507_AP001977.1,Neuronal,Exc_LINC00507_AP001977.1
18_GGCCTCTGTGGAAACG-1,8907,16197,HC6,HC,Exc_LINC00507_AP001977.1,Neuronal,Exc_LINC00507_AP001977.1
18_TTGGATCAGACACTTA-1,23477,28118,HC6,HC,Exc_LINC00507_AP001977.1,Neuronal,Exc_LINC00507_AP001977.1
18_TCCTTAGTCCTAAGGT-1,25030,15344,HC6,HC,Exc_LINC00507_AP001977.1,Neuronal,Exc_LINC00507_AP001977.1
18_TCAGCCTTCCATAAGC-1,19704,12136,HC6,HC,Exc_LINC00507_AP001977.1,Neuronal,Exc_LINC00507_AP001977.1
18_TCCCTCACAGCATGGA-1,19395,13096,HC6,HC,Exc_LINC00507_AP001977.1,Neuronal,Exc_LINC00507_AP001977.1
18_GTTTAACCAAGGTGGC-1,6816,18119,HC6,HC,Exc_LINC00507_AP001977.1,Neuronal,Exc_LINC00507_AP001977.1
18_TTTGGTAAGGAAGTAT-1,8794,10007,HC6,HC,Exc_LINC00507_AP001977.1,Neuronal,Exc_LINC00507_AP001977.1
18_TGTGCTGAGTACCGCA-1,29271,31969,HC6,HC,Exc_LINC00507_AP001977.1,Neuronal,Exc_LINC00507_AP001977.1
18_GCAGGCTTCAGCATTA-1,25159,25724,HC6,HC,Exc_LINC00507_AP001977.1,Neuronal,Exc_LINC00507_AP001977.1
18_TTAGGCCCATCTTGAG-1,25265,24257,HC6,HC,Exc_LINC00507_AP001977.1,Neuronal,Exc_LINC00507_AP001977.1
18_TGCATGAGTAGGTTTG-1,25720,26067,HC6,HC,Exc_LINC00507_AP001977.1,Neuronal,Exc_LINC00507_AP001977.1
18_AACAAAGGTTGTTCAC-1,25981,9703,HC6,HC,Exc_LINC00507_AP001977.1,Neuronal,Exc_LINC00507_AP001977.1
18_AGCAATTGTGGACCTG-1,20232,24131,HC6,HC,Exc_LINC00507_AP001977.1,Neuronal,Exc_LINC00507_AP001977.1
18_GTGATGAAGGCGTAAA-1,26550,21646,HC6,HC,Exc_LINC00507_AP001977.1,Neuronal,Exc_LINC00507_AP001977.1
18_CTATTACTCAAGCTTA-1,30833,14586,HC6,HC,Exc_LINC00507_AP001977.1,Neuronal,Exc_LINC00507_AP001977.1
18_TGTGGCCAGCATCCAG-1,26193,22508,HC6,HC,Exc_LINC00507_AP001977.1,Neuronal,Exc_LINC00507_AP001977.1
18_TGCTCAACAGGCATCT-1,22126,37635,HC6,HC,Exc_LINC00507_AP001977.1,Neuronal,Exc_LINC00507_AP001977.1
18_TGACTCCTCGGCCAGT-1,22597,44123,HC6,HC,Exc_LINC00507_AP001977.1,Neuronal,Exc_LINC00507_AP001977.1
18_CCAAATCAGCTAAAGG-1,27424,7504,HC6,HC,Exc_LINC00507_AP001977.1,Neuronal,Exc_LINC00507_AP001977.1
18_CGGCTCACACAGCCAT-1,11887,19210,HC6,HC,Exc_LINC00507_AP001977.1,Neuronal,Exc_LINC00507_AP001977.1
18_GCCAGGAAGTAGCTTA-1,23553,12628,HC6,HC,Exc_LINC00507_AP001977.1,Neuronal,Exc_LINC00507_AP001977.1
18_ATCCGTGAGGTCATTA-1,7065,32606,HC6,HC,Exc_LINC00507_AP001977.1,Neuronal,Exc_LINC00507_AP001977.1
18_GTGAGCGAGTTTCCGC-1,26218,7259,HC6,HC,Exc_LINC00507_AP001977.1,Neuronal,Exc_LINC00507_AP001977.1
18_CCACACAAGCCTAACG-1,26687,26106,HC6,HC,Exc_LINC00507_AP001977.1,Neuronal,Exc_LINC00507_AP001977.1
18_TGGTCATAGTGAGGGT-1,27773,14047,HC6,HC,Exc_LINC00507_AP001977.1,Neuronal,Exc_LINC00507_AP001977.1
18_GAGGTGAGTGAACAAA-1,17145,12181,HC6,HC,Exc_LINC00507_AP001977.1,Neuronal,Exc_LINC00507_AP001977.1
18_ATGGTCTAGCGGATTT-1,18823,21634,HC6,HC,Exc_LINC00507_AP001977.1,Neuronal,Exc_LINC00507_AP001977.1
18_TGTTGGCCAAGACTCC-1,20976,12459,HC6,HC,Exc_LINC00507_AP001977.1,Neuronal,Exc_LINC00507_AP001977.1
18_TACGCTTGTAAACAAG-1,7660,13182,HC6,HC,Exc_LINC00507_AP001977.1,Neuronal,Exc_LINC00507_AP001977.1
18_GCAGGTGAGTGCACGC-1,17744,11701,HC6,HC,Exc_LINC00507_AP001977.1,Neuronal,Exc_LINC00507_AP001977.1
18_CCTAATCGTGTGCAAC-1,13639,25257,HC6,HC,Exc_LINC00507_AP001977.1,Neuronal,Exc_LINC00507_AP001977.1
18_TCTTAGTTCTAACCAA-1,10350,5999,HC6,HC,Exc_LINC00507_AP001977.1,Neuronal,Exc_LINC00507_AP001977.1
18_GCTTTGTGTCAAAGAA-1,14213,8848,HC6,HC,Exc_LINC00507_AP001977.1,Neuronal,Exc_LINC00507_AP001977.1
18_CACATTAAGAGCAAGC-1,9084,16066,HC6,HC,Exc_LINC00507_AP001977.1,Neuronal,Exc_LINC00507_AP001977.1
18_GACCGTTCACTCAACA-1,28153,19902,HC6,HC,Exc_LINC00507_AP001977.1,Neuronal,Exc_LINC00507_AP001977.1
18_GTTGCGGGTTGGATCA-1,13509,17784,HC6,HC,Exc_LINC00507_AP001977.1,Neuronal,Exc_LINC00507_AP001977.1
18_AGCAGGTAGGACCTCA-1,15655,22417,HC6,HC,Exc_LINC00507_AP001977.1,Neuronal,Exc_LINC00507_AP001977.1
18_GGGCGAATCCTTCGTA-1,17226,15058,HC6,HC,Exc_LINC00507_AP001977.1,Neuronal,Exc_LINC00507_AP001977.1
18_TAGGGTTTCACAGCCA-1,23684,34482,HC6,HC,Exc_LINC00507_AP001977.1,Neuronal,Exc_LINC00507_AP001977.1
18_TCCTCAATCAAGGACA-1,23692,14332,HC6,HC,Exc_LINC00507_AP001977.1,Neuronal,Exc_LINC00507_AP001977.1
18_CAGCCAATCGTGCCTT-1,23581,8367,HC6,HC,Exc_LINC00507_AP001977.1,Neuronal,Exc_LINC00507_AP001977.1
18_CAAGGTTTCATCCTAT-1,25056,13236,HC6,HC,Exc_LINC00507_AP001977.1,Neuronal,Exc_LINC00507_AP001977.1
18_GCTTCGCGTCCTTTAA-1,11075,20529,HC6,HC,Exc_LINC00507_AP001977.1,Neuronal,Exc_LINC00507_AP001977.1
18_ATGGTTATCAAACACC-1,23826,42740,HC6,HC,Exc_LINC00507_AP001977.1,Neuronal,Exc_LINC00507_AP001977.1
18_TTGATGTCATAGCGAG-1,25259,16693,HC6,HC,Exc_LINC00507_AP001977.1,Neuronal,Exc_LINC00507_AP001977.1
18_CTTATTGGTTAGGCTA-1,18112,13296,HC6,HC,Exc_LINC00507_AP001977.1,Neuronal,Exc_LINC00507_AP001977.1
18_TGTTATGAGGGACGCA-1,30985,17091,HC6,HC,Exc_LINC00507_AP001977.1,Neuronal,Exc_LINC00507_AP001977.1
18_GTCATGAGTCATCAAG-1,21288,22170,HC6,HC,Exc_LINC00507_AP001977.1,Neuronal,Exc_LINC00507_AP001977.1
18_TGTGGCCAGCGAGGTG-1,31901,11576,HC6,HC,Exc_LINC00507_AP001977.1,Neuronal,Exc_LINC00507_AP001977.1
18_CCAGCTAAGTGTGATC-1,12346,12044,HC6,HC,Exc_LINC00507_AP001977.1,Neuronal,Exc_LINC00507_AP001977.1
18_CGGATTAGTAAGGTTT-1,15870,18329,HC6,HC,Exc_LINC00507_AP001977.1,Neuronal,Exc_LINC00507_AP001977.1
18_CTTGAATCAGCACGTT-1,18943,10681,HC6,HC,Exc_LINC00507_AP001977.1,Neuronal,Exc_LINC00507_AP001977.1
18_CGTTATCGTATTGCAG-1,16906,8867,HC6,HC,Exc_LINC00507_AP001977.1,Neuronal,Exc_LINC00507_AP001977.1
18_ACTCGCTTCTAGCTTT-1,6053,64307,HC6,HC,Exc_LINC00507_AP001977.1,Neuronal,Exc_LINC00507_AP001977.1
18_TCGCGCACAAACATAG-1,23759,30566,HC6,HC,Exc_LINC00507_AP001977.1,Neuronal,Exc_LINC00507_AP001977.1
18_TAATGGTGTGTGCAAC-1,21340,8606,HC6,HC,Exc_LINC00507_AP001977.1,Neuronal,Exc_LINC00507_AP001977.1
18_ATTAGTCCAAATTCGT-1,27870,21959,HC6,HC,Exc_LINC00507_AP001977.1,Neuronal,Exc_LINC00507_AP001977.1
18_CAATGACTCCTGGCTT-1,8564,30905,HC6,HC,Exc_LINC00507_AP001977.1,Neuronal,Exc_LINC00507_AP001977.1
18_CTAATCGCAATAGTCT-1,22186,15934,HC6,HC,Exc_LINC00507_AP001977.1,Neuronal,Exc_LINC00507_AP001977.1
8_CCCTGTTAGTAGCGGG-1,8513,11280,HC24,HC,Exc_LINC00507_FREM3,Neuronal,Exc_LINC00507_FREM3
18_GACCTGCAGGCGCATC-1,15397,14030,HC8,HC,Exc_LINC00507_FREM3,Neuronal,Exc_LINC00507_FREM3
24_GGCTATTAGTAACTCA-1,48939,51005,HC13,HC,Exc_LINC00507_FREM3,Neuronal,Exc_LINC00507_FREM3
26_ATCACCCTCTGTGAGT-1,64125,69587,HC19,HC,Exc_LINC00507_FREM3,Neuronal,Exc_LINC00507_FREM3
24_ATGACGAAGCCTGACA-1,7258,15722,HC16,HC,Exc_LINC00507_FREM3,Neuronal,Exc_LINC00507_FREM3
32_CGCTTAACAATTGAAG-1,5966,26610,HC30,HC,Exc_LINC00507_FREM3,Neuronal,Exc_LINC00507_FREM3
24_CGGATTAGTCCTAAGA-1,59008,91786,HC14,HC,Exc_LINC00507_FREM3,Neuronal,Exc_LINC00507_FREM3
25_AACCGCTCAGCCGCTA-1,55168,45332,HC32,HC,Exc_LINC00507_FREM3,Neuronal,Exc_LINC00507_FREM3
4_CTCCAACTCGGGACCT-1,25476,14409,HC21,HC,Exc_LINC00507_FREM3,Neuronal,Exc_LINC00507_FREM3
18_TTGACTAAGCAATAGG-1,9245,11266,HC7,HC,Exc_LINC00507_FREM3,Neuronal,Exc_LINC00507_FREM3
7_CAATCTAAGCTGGACC-1,20069,31125,HC23,HC,Exc_LINC00507_FREM3,Neuronal,Exc_LINC00507_FREM3
26_CTTGCAACATCTAGCA-1,51277,29223,HC18,HC,Exc_LINC00507_FREM3,Neuronal,Exc_LINC00507_FREM3
32_TCGCATTGTAGCTAAT-1,5799,28159,HC29,HC,Exc_LINC00507_FREM3,Neuronal,Exc_LINC00507_FREM3
26_ATCTATGAGCACGTTG-1,20820,7864,HC17,HC,Exc_LINC00507_FREM3,Neuronal,Exc_LINC00507_FREM3
18_CTCCGGACAGCATGGA-1,29714,39143,HC6,HC,Exc_LINC00507_FREM3,Neuronal,Exc_LINC00507_FREM3
24_TAAAGCCTCAATCTAG-1,12583,27827,HC15,HC,Exc_LINC00507_FREM3,Neuronal,Exc_LINC00507_FREM3
28_CGTGCACAGTAACTCA-1,21826,25337,HC22,HC,Exc_LINC00507_FREM3,Neuronal,Exc_LINC00507_FREM3
26_TTCACTGTCATAACCA-1,29525,94314,HC20,HC,Exc_LINC00507_FREM3,Neuronal,Exc_LINC00507_FREM3
32_ACCCTCCCACTAAATC-1,23940,31386,HC31,HC,Exc_LINC00507_FREM3,Neuronal,Exc_LINC00507_FREM3
7_CAAACACTCAAAGGCA-1,25628,31367,HC25,HC,Exc_LINC00507_FREM3,Neuronal,Exc_LINC00507_FREM3
4_TGCGATTAGCATGAAG-1,16596,9718,HC28,HC,Exc_LINC00507_FREM3,Neuronal,Exc_LINC00507_FREM3
5_TCGGTTCTCTAGCTTT-1,14846,26503,HC11,HC,Exc_LINC00507_FREM3,Neuronal,Exc_LINC00507_FREM3
30_GCTCAACCACGGTTTA-1,29308,35443,HC27,HC,Exc_LINC00507_FREM3,Neuronal,Exc_LINC00507_FREM3
14_GCTAGCCAGTGACCTG-1,43131,17131,HC3,HC,Exc_LINC00507_FREM3,Neuronal,Exc_LINC00507_FREM3
5_CCCGCTTCAACCCTAA-1,27778,31675,HC10,HC,Exc_LINC00507_FREM3,Neuronal,Exc_LINC00507_FREM3
5_CGAGGCAAGCATGAAG-1,15978,25920,HC12,HC,Exc_LINC00507_FREM3,Neuronal,Exc_LINC00507_FREM3
2_GGCATTAGTCACCAAA-1,42795,28768,HC4,HC,Exc_LINC00507_FREM3,Neuronal,Exc_LINC00507_FREM3
30_AGACCCGGTGAAGCCT-1,22294,21441,HC26,HC,Exc_LINC00507_FREM3,Neuronal,Exc_LINC00507_FREM3
5_ACGTTGTAGGCCATCA-1,28395,16739,HC9,HC,Exc_LINC00507_FREM3,Neuronal,Exc_LINC00507_FREM3
18_CAGGTCCAGTGAAGTG-1,21352,12334,HC5,HC,Exc_LINC00507_FREM3,Neuronal,Exc_LINC00507_FREM3
14_GATTTGCAGTAAGAAC-1,17058,5931,HC2,HC,Exc_LINC00507_FREM3,Neuronal,Exc_LINC00507_FREM3
2_GCTAAGTTCACTAATG-1,24803,21800,HC1,HC,Exc_LINC00507_FREM3,Neuronal,Exc_LINC00507_FREM3
32_TTTGTCCCAGCTCATA-1,12041,57931,HC31,HC,Exc_LINC00507_FREM3,Neuronal,Exc_LINC00507_FREM3
18_GGATTATGTTAGTGAT-1,16411,14127,HC5,HC,Exc_LINC00507_FREM3,Neuronal,Exc_LINC00507_FREM3
32_TTTCAGTTCATCACTT-1,39236,13675,HC29,HC,Exc_LINC00507_FREM3,Neuronal,Exc_LINC00507_FREM3
5_GTTAACGGTTGTTGGA-1,33616,20138,HC11,HC,Exc_LINC00507_FREM3,Neuronal,Exc_LINC00507_FREM3
28_CTCGCTAGTCACCTAT-1,37004,7187,HC23,HC,Exc_LINC00507_FREM3,Neuronal,Exc_LINC00507_FREM3
18_GAGGCTACACCTGTAA-1,17024,14259,HC8,HC,Exc_LINC00507_FREM3,Neuronal,Exc_LINC00507_FREM3
28_GTGAGGAGTTAGGATT-1,10313,19369,HC21,HC,Exc_LINC00507_FREM3,Neuronal,Exc_LINC00507_FREM3
30_GCGGAACCATGCATAT-1,39223,46888,HC27,HC,Exc_LINC00507_FREM3,Neuronal,Exc_LINC00507_FREM3
8_GGTGATTTCAAGCTTA-1,36601,33933,HC18,HC,Exc_LINC00507_FREM3,Neuronal,Exc_LINC00507_FREM3
26_GCCTTAACAATAAGCA-1,22355,67337,HC20,HC,Exc_LINC00507_FREM3,Neuronal,Exc_LINC00507_FREM3
24_TTGACTAAGGACCTTG-1,59748,67147,HC13,HC,Exc_LINC00507_FREM3,Neuronal,Exc_LINC00507_FREM3
4_GGAATCTTCTTGAGGT-1,16028,19609,HC28,HC,Exc_LINC00507_FREM3,Neuronal,Exc_LINC00507_FREM3
26_AGTTTGCAGATAAAGC-1,8442,46083,HC19,HC,Exc_LINC00507_FREM3,Neuronal,Exc_LINC00507_FREM3
24_GAGCCTTCACAGCCTG-1,22266,44274,HC14,HC,Exc_LINC00507_FREM3,Neuronal,Exc_LINC00507_FREM3
26_TGCTGGATCGGGACTC-1,24211,20352,HC17,HC,Exc_LINC00507_FREM3,Neuronal,Exc_LINC00507_FREM3
24_GCTGTGCAGGCGAAAC-1,16190,6959,HC16,HC,Exc_LINC00507_FREM3,Neuronal,Exc_LINC00507_FREM3
25_GACCTGCAGGAGGGTT-1,17152,16701,HC32,HC,Exc_LINC00507_FREM3,Neuronal,Exc_LINC00507_FREM3
28_TCCCGGACACCAACCG-1,52283,29176,HC22,HC,Exc_LINC00507_FREM3,Neuronal,Exc_LINC00507_FREM3
7_AGGCTAGCACTGGCCA-1,6601,15503,HC25,HC,Exc_LINC00507_FREM3,Neuronal,Exc_LINC00507_FREM3
18_CTTCACTCAATGCCTA-1,22886,46583,HC6,HC,Exc_LINC00507_FREM3,Neuronal,Exc_LINC00507_FREM3
18_CATGAGGCAATTAGCT-1,21831,9417,HC7,HC,Exc_LINC00507_FREM3,Neuronal,Exc_LINC00507_FREM3
5_TGTGGCGGTTTGTTGC-1,6719,20175,HC10,HC,Exc_LINC00507_FREM3,Neuronal,Exc_LINC00507_FREM3
8_TACAGCTAGGAGGTTA-1,24819,11871,HC24,HC,Exc_LINC00507_FREM3,Neuronal,Exc_LINC00507_FREM3
5_TTTAAGCCATTTAAGC-1,44540,29272,HC9,HC,Exc_LINC00507_FREM3,Neuronal,Exc_LINC00507_FREM3
7_CCTTTAGTCCCTCACG-1,20848,23087,HC26,HC,Exc_LINC00507_FREM3,Neuronal,Exc_LINC00507_FREM3
14_TAGCGGCTCCAAGTGT-1,42190,26637,HC3,HC,Exc_LINC00507_FREM3,Neuronal,Exc_LINC00507_FREM3
24_GCCACAATCACGTTAA-1,19727,23978,HC15,HC,Exc_LINC00507_FREM3,Neuronal,Exc_LINC00507_FREM3
14_CTCTGTTCATTAAGTC-1,30233,35913,HC4,HC,Exc_LINC00507_FREM3,Neuronal,Exc_LINC00507_FREM3
4_ATGTTCAAGGTCGAGG-1,16102,9417,HC30,HC,Exc_LINC00507_FREM3,Neuronal,Exc_LINC00507_FREM3
2_TTGCAACAGCACGATT-1,43431,19737,HC2,HC,Exc_LINC00507_FREM3,Neuronal,Exc_LINC00507_FREM3
14_GTCTTTGTCCGCACAA-1,32683,10475,HC1,HC,Exc_LINC00507_FREM3,Neuronal,Exc_LINC00507_FREM3
5_CTTTAGGCAGCAAGGC-1,26614,12898,HC12,HC,Exc_LINC00507_FREM3,Neuronal,Exc_LINC00507_FREM3
32_AGGACGTAGACAGGCG-1,8138,5693,HC30,HC,Exc_LINC00507_FREM3,Neuronal,Exc_LINC00507_FREM3
28_TAGCGGCTCGCAGGCT-1,37091,22467,HC22,HC,Exc_LINC00507_FREM3,Neuronal,Exc_LINC00507_FREM3
8_ACATTAGTCTCAATTC-1,23297,11655,HC24,HC,Exc_LINC00507_FREM3,Neuronal,Exc_LINC00507_FREM3
5_TTACACCGTTGGTTCT-1,24015,14914,HC9,HC,Exc_LINC00507_FREM3,Neuronal,Exc_LINC00507_FREM3
24_AAGCCTGTCAAATCGC-1,13670,19530,HC14,HC,Exc_LINC00507_FREM3,Neuronal,Exc_LINC00507_FREM3
28_GCTGAGGAGTCAATTG-1,34220,27036,HC21,HC,Exc_LINC00507_FREM3,Neuronal,Exc_LINC00507_FREM3
23_TGCTAGCCAGTTATCG-1,24162,10106,HC10,HC,Exc_LINC00507_FREM3,Neuronal,Exc_LINC00507_FREM3
7_TGGTTCTGTGATTACG-1,26277,6794,HC26,HC,Exc_LINC00507_FREM3,Neuronal,Exc_LINC00507_FREM3
25_ATGACGAAGTCATTAG-1,7451,24218,HC32,HC,Exc_LINC00507_FREM3,Neuronal,Exc_LINC00507_FREM3
24_TAATTGCCAGGAATCG-1,34721,22267,HC15,HC,Exc_LINC00507_FREM3,Neuronal,Exc_LINC00507_FREM3
18_AATCATCCAGAACCGA-1,26358,47636,HC6,HC,Exc_LINC00507_FREM3,Neuronal,Exc_LINC00507_FREM3
18_CTGTACCTCTGTAAGC-1,22260,53157,HC8,HC,Exc_LINC00507_FREM3,Neuronal,Exc_LINC00507_FREM3
14_ATCACACAGCCAGTAT-1,7327,29024,HC3,HC,Exc_LINC00507_FREM3,Neuronal,Exc_LINC00507_FREM3
4_GAAGGAACAACCGCCA-1,19896,13363,HC28,HC,Exc_LINC00507_FREM3,Neuronal,Exc_LINC00507_FREM3
2_ATCACACAGCGAGCGA-1,16927,6513,HC4,HC,Exc_LINC00507_FREM3,Neuronal,Exc_LINC00507_FREM3
18_TACCGTTGTTATCGAG-1,22669,24317,HC7,HC,Exc_LINC00507_FREM3,Neuronal,Exc_LINC00507_FREM3
24_GTTGTTGCATGTTGTG-1,54005,85442,HC13,HC,Exc_LINC00507_FREM3,Neuronal,Exc_LINC00507_FREM3
2_ACCGCAATCACTTCAT-1,15010,13392,HC1,HC,Exc_LINC00507_FREM3,Neuronal,Exc_LINC00507_FREM3
7_GGCTGTCAGCATGTTA-1,17497,14343,HC25,HC,Exc_LINC00507_FREM3,Neuronal,Exc_LINC00507_FREM3
5_CATCCTGGTCAATACG-1,26248,9486,HC12,HC,Exc_LINC00507_FREM3,Neuronal,Exc_LINC00507_FREM3
24_TCCATGCTCCTAAATG-1,56439,39885,HC16,HC,Exc_LINC00507_FREM3,Neuronal,Exc_LINC00507_FREM3
5_TTGTTGTTCACATTGA-1,24254,12547,HC11,HC,Exc_LINC00507_FREM3,Neuronal,Exc_LINC00507_FREM3
7_AATTAGGCACAGGATG-1,6439,17059,HC23,HC,Exc_LINC00507_FREM3,Neuronal,Exc_LINC00507_FREM3
26_TGCCGGTAGTAAGTCC-1,30051,12669,HC19,HC,Exc_LINC00507_FREM3,Neuronal,Exc_LINC00507_FREM3
30_TGTGGCCAGTATTGCA-1,25229,41717,HC27,HC,Exc_LINC00507_FREM3,Neuronal,Exc_LINC00507_FREM3
18_CCACATTGTAACCACA-1,23287,34224,HC5,HC,Exc_LINC00507_FREM3,Neuronal,Exc_LINC00507_FREM3
2_GGCAAGCCAGCCAGAA-1,40225,13924,HC2,HC,Exc_LINC00507_FREM3,Neuronal,Exc_LINC00507_FREM3
26_TTCCCGCCACTAAGTT-1,17232,53887,HC20,HC,Exc_LINC00507_FREM3,Neuronal,Exc_LINC00507_FREM3
32_TTAATCGAGTCACTCC-1,18145,15372,HC31,HC,Exc_LINC00507_FREM3,Neuronal,Exc_LINC00507_FREM3
26_CCCAACCGTGGTTAGC-1,35081,42424,HC17,HC,Exc_LINC00507_FREM3,Neuronal,Exc_LINC00507_FREM3
25_TTTCAGTTCTACCTGC-1,6927,9069,HC32,HC,Exc_LINC00507_FREM3,Neuronal,Exc_LINC00507_FREM3
24_CGCTCAGCAAGCCACT-1,42137,28179,HC16,HC,Exc_LINC00507_FREM3,Neuronal,Exc_LINC00507_FREM3
26_ATATGTCCAAGGAATC-1,21510,32107,HC20,HC,Exc_LINC00507_FREM3,Neuronal,Exc_LINC00507_FREM3
7_CTAACCACACATAACT-1,13957,17172,HC23,HC,Exc_LINC00507_FREM3,Neuronal,Exc_LINC00507_FREM3
18_CTAAAGCTCGATTTGA-1,19501,18899,HC5,HC,Exc_LINC00507_FREM3,Neuronal,Exc_LINC00507_FREM3
2_TGGCGGTTCCTGCGAA-1,10728,7513,HC3,HC,Exc_LINC00507_FREM3,Neuronal,Exc_LINC00507_FREM3
26_CATCCTGGTGGTTATG-1,27039,18991,HC19,HC,Exc_LINC00507_FREM3,Neuronal,Exc_LINC00507_FREM3
7_CTAAAGCTCTGCAAAC-1,26646,20858,HC26,HC,Exc_LINC00507_FREM3,Neuronal,Exc_LINC00507_FREM3
4_ATTGGCTAGACTAAGG-1,33805,17739,HC21,HC,Exc_LINC00507_FREM3,Neuronal,Exc_LINC00507_FREM3
32_CTGATCACATAATCCG-1,11864,21370,HC31,HC,Exc_LINC00507_FREM3,Neuronal,Exc_LINC00507_FREM3
2_TAGCCTGAGTAAAGGT-1,32094,8383,HC2,HC,Exc_LINC00507_FREM3,Neuronal,Exc_LINC00507_FREM3
26_TCTTGACGTGGTTATG-1,23399,18287,HC17,HC,Exc_LINC00507_FREM3,Neuronal,Exc_LINC00507_FREM3
7_AGGACGTAGCTGAGGG-1,28530,28054,HC25,HC,Exc_LINC00507_FREM3,Neuronal,Exc_LINC00507_FREM3
30_TAAGTAGCACGTTACA-1,29863,20493,HC27,HC,Exc_LINC00507_FREM3,Neuronal,Exc_LINC00507_FREM3
24_CGACAAGCATAAGGAC-1,7989,21271,HC14,HC,Exc_LINC00507_FREM3,Neuronal,Exc_LINC00507_FREM3
5_CTCAGGATCTCAATGA-1,6067,19376,HC10,HC,Exc_LINC00507_FREM3,Neuronal,Exc_LINC00507_FREM3
5_TCCATCATCCACCTGT-1,10052,10945,HC9,HC,Exc_LINC00507_FREM3,Neuronal,Exc_LINC00507_FREM3
14_TGCCTGTTCGTTATCT-1,36739,23188,HC4,HC,Exc_LINC00507_FREM3,Neuronal,Exc_LINC00507_FREM3
23_AGAAGGTGTTGGTGAC-1,55326,21912,HC11,HC,Exc_LINC00507_FREM3,Neuronal,Exc_LINC00507_FREM3
24_GTTAGGCGTTAGGACC-1,22746,39765,HC13,HC,Exc_LINC00507_FREM3,Neuronal,Exc_LINC00507_FREM3
18_AGCCTCCGTGAAACAA-1,29624,82536,HC6,HC,Exc_LINC00507_FREM3,Neuronal,Exc_LINC00507_FREM3
5_AGGATATAGGCAAGTA-1,40925,22717,HC12,HC,Exc_LINC00507_FREM3,Neuronal,Exc_LINC00507_FREM3
24_CATTTGTTCGCTAAAC-1,8021,15123,HC15,HC,Exc_LINC00507_FREM3,Neuronal,Exc_LINC00507_FREM3
18_GATTGATGTGGAGCAA-1,11931,39573,HC8,HC,Exc_LINC00507_FREM3,Neuronal,Exc_LINC00507_FREM3
28_CCACTTGGTTGTAACG-1,27315,8445,HC22,HC,Exc_LINC00507_FREM3,Neuronal,Exc_LINC00507_FREM3
4_ACTTGAATCATGCATA-1,18117,17864,HC28,HC,Exc_LINC00507_FREM3,Neuronal,Exc_LINC00507_FREM3
2_GTAGTTATCCCTCATA-1,23762,7730,HC1,HC,Exc_LINC00507_FREM3,Neuronal,Exc_LINC00507_FREM3
18_GTTAAGCTCCTGAATA-1,15394,26025,HC7,HC,Exc_LINC00507_FREM3,Neuronal,Exc_LINC00507_FREM3
8_CTGTACCTCTCGCCTG-1,24908,24134,HC24,HC,Exc_LINC00507_FREM3,Neuronal,Exc_LINC00507_FREM3
32_TCCGGTTTCTGTTCAT-1,13865,25039,HC30,HC,Exc_LINC00507_FREM3,Neuronal,Exc_LINC00507_FREM3
24_CGGTAACGTGCATTTC-1,24628,29243,HC13,HC,Exc_LINC00507_FREM3,Neuronal,Exc_LINC00507_FREM3
25_AGTTTGATCATGGCTG-1,21540,10759,HC32,HC,Exc_LINC00507_FREM3,Neuronal,Exc_LINC00507_FREM3
26_TATTGACCAGTTTGGC-1,11453,43027,HC20,HC,Exc_LINC00507_FREM3,Neuronal,Exc_LINC00507_FREM3
28_CATAGTCAGGAGGCAT-1,42108,16610,HC22,HC,Exc_LINC00507_FREM3,Neuronal,Exc_LINC00507_FREM3
26_GGTTGCATCACAGACT-1,29899,13276,HC19,HC,Exc_LINC00507_FREM3,Neuronal,Exc_LINC00507_FREM3
7_TAGCGGACAGCACCAT-1,32112,6980,HC23,HC,Exc_LINC00507_FREM3,Neuronal,Exc_LINC00507_FREM3
26_TTGGCTGAGCTAAAGG-1,48894,43614,HC17,HC,Exc_LINC00507_FREM3,Neuronal,Exc_LINC00507_FREM3
14_CCAGGAACATTAAGCT-1,22200,7818,HC1,HC,Exc_LINC00507_FREM3,Neuronal,Exc_LINC00507_FREM3
18_TCCGGAATCATTGCAA-1,16807,27208,HC8,HC,Exc_LINC00507_FREM3,Neuronal,Exc_LINC00507_FREM3
24_GGTAACCGTCAACAAT-1,28250,27786,HC15,HC,Exc_LINC00507_FREM3,Neuronal,Exc_LINC00507_FREM3
24_GGATGTAAGTAAGTGG-1,6730,7818,HC16,HC,Exc_LINC00507_FREM3,Neuronal,Exc_LINC00507_FREM3
4_AATCTCAAGACAAACG-1,8998,9082,HC28,HC,Exc_LINC00507_FREM3,Neuronal,Exc_LINC00507_FREM3
4_TCATGTTTCACTAAGC-1,18787,14496,HC30,HC,Exc_LINC00507_FREM3,Neuronal,Exc_LINC00507_FREM3
24_CACGCAATCTGGTCCT-1,5909,7198,HC14,HC,Exc_LINC00507_FREM3,Neuronal,Exc_LINC00507_FREM3
18_CTTGTCCAGTAAGTCC-1,32917,46922,HC6,HC,Exc_LINC00507_FREM3,Neuronal,Exc_LINC00507_FREM3
18_GCTAACAGTGCTAGCG-1,18534,35351,HC5,HC,Exc_LINC00507_FREM3,Neuronal,Exc_LINC00507_FREM3
32_TGGTGCATCACTAGGT-1,13830,18432,HC31,HC,Exc_LINC00507_FREM3,Neuronal,Exc_LINC00507_FREM3
30_TAGGGTTTCACGCATG-1,54640,166824,HC27,HC,Exc_LINC00507_FREM3,Neuronal,Exc_LINC00507_FREM3
5_TCGGTTTGTTAGCTGA-1,30547,41603,HC11,HC,Exc_LINC00507_FREM3,Neuronal,Exc_LINC00507_FREM3
5_CCCAGTTTCAAGCTTA-1,38218,37846,HC10,HC,Exc_LINC00507_FREM3,Neuronal,Exc_LINC00507_FREM3
5_ACTAAAGCAGCTACGT-1,26287,12537,HC9,HC,Exc_LINC00507_FREM3,Neuronal,Exc_LINC00507_FREM3
7_TAGGCTTAGCTCAATA-1,14469,17018,HC25,HC,Exc_LINC00507_FREM3,Neuronal,Exc_LINC00507_FREM3
8_AAGTGAAGTCCTTAGT-1,11914,16631,HC24,HC,Exc_LINC00507_FREM3,Neuronal,Exc_LINC00507_FREM3
7_ATGACAACAAGGAATC-1,31199,37408,HC26,HC,Exc_LINC00507_FREM3,Neuronal,Exc_LINC00507_FREM3
28_TACCAGGTCCCTGTTA-1,13347,26403,HC21,HC,Exc_LINC00507_FREM3,Neuronal,Exc_LINC00507_FREM3
2_TGGACTAGTCAAGTAT-1,21930,32024,HC3,HC,Exc_LINC00507_FREM3,Neuronal,Exc_LINC00507_FREM3
18_CTCTAGCTCAGCCAAT-1,22191,28664,HC8,HC,Exc_RORB_ADGRL4,Neuronal,Exc_RORB_ADGRL4
8_GGTCTTGAGCGATAGA-1,18665,13950,HC18,HC,Exc_RORB_ADGRL4,Neuronal,Exc_RORB_ADGRL4
32_AAACAGCCATGCATAT-1,17310,10404,HC29,HC,Exc_RORB_ADGRL4,Neuronal,Exc_RORB_ADGRL4
4_CATAGCTAGGAACGCG-1,18450,12969,HC21,HC,Exc_RORB_ADGRL4,Neuronal,Exc_RORB_ADGRL4
2_TCAAGAACATGAATAG-1,22362,20389,HC4,HC,Exc_RORB_ADGRL4,Neuronal,Exc_RORB_ADGRL4
2_GATTAGCTCATCACTT-1,55794,33530,HC1,HC,Exc_RORB_ADGRL4,Neuronal,Exc_RORB_ADGRL4
7_ACCAGGACATAGACCC-1,19851,35842,HC25,HC,Exc_RORB_ADGRL4,Neuronal,Exc_RORB_ADGRL4
30_GTAATAGCATGTTGGC-1,35412,61689,HC27,HC,Exc_RORB_ADGRL4,Neuronal,Exc_RORB_ADGRL4
25_CAATAAGCATGGCCTG-1,21273,5842,HC32,HC,Exc_RORB_ADGRL4,Neuronal,Exc_RORB_ADGRL4
24_GCTGAGGAGCACCACA-1,24437,25290,HC13,HC,Exc_RORB_ADGRL4,Neuronal,Exc_RORB_ADGRL4
23_GCTGACCAGTATCGCG-1,35302,35773,HC9,HC,Exc_RORB_ADGRL4,Neuronal,Exc_RORB_ADGRL4
28_ATTCATGAGTCTTGAA-1,37022,29958,HC23,HC,Exc_RORB_ADGRL4,Neuronal,Exc_RORB_ADGRL4
26_CCTTCGGTCACGAATC-1,9049,22029,HC19,HC,Exc_RORB_ADGRL4,Neuronal,Exc_RORB_ADGRL4
28_GCCCATAAGTTCCTGC-1,34349,10051,HC22,HC,Exc_RORB_ADGRL4,Neuronal,Exc_RORB_ADGRL4
2_TACAACATCGTTATAG-1,37462,17707,HC2,HC,Exc_RORB_ADGRL4,Neuronal,Exc_RORB_ADGRL4
18_GGCTCAATCTAACCAA-1,14557,25217,HC6,HC,Exc_RORB_ADGRL4,Neuronal,Exc_RORB_ADGRL4
28_GATCAGGCAATAATCC-1,6533,71974,HC24,HC,Exc_RORB_ADGRL4,Neuronal,Exc_RORB_ADGRL4
7_TGAGGTGCAGGTTATT-1,11339,25633,HC26,HC,Exc_RORB_ADGRL4,Neuronal,Exc_RORB_ADGRL4
2_CGACAAGCAGCCTGCA-1,6098,19377,HC3,HC,Exc_RORB_ADGRL4,Neuronal,Exc_RORB_ADGRL4
4_TCATGTTTCTTGCTAT-1,14328,46395,HC31,HC,Exc_RORB_ADGRL4,Neuronal,Exc_RORB_ADGRL4
5_GATTGATGTTTGGCGG-1,7987,22136,HC10,HC,Exc_RORB_ADGRL4,Neuronal,Exc_RORB_ADGRL4
4_CGAACAAAGGCTACTG-1,14153,33664,HC30,HC,Exc_RORB_ADGRL4,Neuronal,Exc_RORB_ADGRL4
26_GGTAGGAGTGAATCGC-1,31745,20114,HC20,HC,Exc_RORB_ADGRL4,Neuronal,Exc_RORB_ADGRL4
18_GTCAGGCTCCCGCATT-1,9131,19708,HC7,HC,Exc_RORB_ADGRL4,Neuronal,Exc_RORB_ADGRL4
24_CTACTTAGTATTACCC-1,19379,41663,HC14,HC,Exc_RORB_ADGRL4,Neuronal,Exc_RORB_ADGRL4
24_TAGCGCGGTTACTTCA-1,18450,9527,HC16,HC,Exc_RORB_ADGRL4,Neuronal,Exc_RORB_ADGRL4
4_TCTAGCGAGGTCAAAG-1,17521,13602,HC28,HC,Exc_RORB_ADGRL4,Neuronal,Exc_RORB_ADGRL4
2_GAGGACTAGATAGACG-1,15218,14404,HC2,HC,Exc_RORB_ADGRL4,Neuronal,Exc_RORB_ADGRL4
7_CGGTAACGTGGTTAGC-1,16923,21839,HC25,HC,Exc_RORB_ADGRL4,Neuronal,Exc_RORB_ADGRL4
2_TAATCACCACGAACAG-1,32420,20983,HC4,HC,Exc_RORB_ADGRL4,Neuronal,Exc_RORB_ADGRL4
28_TCCGGAATCAGTTCCC-1,54125,49498,HC23,HC,Exc_RORB_ADGRL4,Neuronal,Exc_RORB_ADGRL4
23_GTCCATTGTTGCAATG-1,26168,25844,HC9,HC,Exc_RORB_ADGRL4,Neuronal,Exc_RORB_ADGRL4
24_CCTGCTCCAGTTTCTC-1,21754,43697,HC13,HC,Exc_RORB_ADGRL4,Neuronal,Exc_RORB_ADGRL4
24_ACGTCCAAGGATTGCT-1,7596,18745,HC16,HC,Exc_RORB_ADGRL4,Neuronal,Exc_RORB_ADGRL4
8_CTCGCTCCAGCTTAGC-1,26292,28666,HC18,HC,Exc_RORB_ADGRL4,Neuronal,Exc_RORB_ADGRL4
23_TAATCCGCATAAGTCT-1,37572,59192,HC10,HC,Exc_RORB_ADGRL4,Neuronal,Exc_RORB_ADGRL4
18_ACGCCTAAGGCATTGT-1,25955,19686,HC7,HC,Exc_RORB_ADGRL4,Neuronal,Exc_RORB_ADGRL4
4_ATTGGTTCAAGGTGGC-1,19498,20434,HC30,HC,Exc_RORB_ADGRL4,Neuronal,Exc_RORB_ADGRL4
2_CATTCATTCTAAGGAG-1,29744,6512,HC3,HC,Exc_RORB_ADGRL4,Neuronal,Exc_RORB_ADGRL4
4_TATGACTCATAATGTC-1,15885,22134,HC28,HC,Exc_RORB_ADGRL4,Neuronal,Exc_RORB_ADGRL4
24_CCACATTGTCCTTTAA-1,14617,40266,HC14,HC,Exc_RORB_ADGRL4,Neuronal,Exc_RORB_ADGRL4
4_AAGTAGCCATGTTGGC-1,9549,21661,HC21,HC,Exc_RORB_ADGRL4,Neuronal,Exc_RORB_ADGRL4
28_CCTAAAGGTTTACGTC-1,22045,51127,HC22,HC,Exc_RORB_ADGRL4,Neuronal,Exc_RORB_ADGRL4
8_ATGACTCAGCTCAATA-1,30422,42999,HC24,HC,Exc_RORB_ADGRL4,Neuronal,Exc_RORB_ADGRL4
18_CAGTACCCAAGACTCC-1,16344,22529,HC8,HC,Exc_RORB_ADGRL4,Neuronal,Exc_RORB_ADGRL4
7_CAATGAACATCTAGCA-1,19166,7055,HC26,HC,Exc_RORB_ADGRL4,Neuronal,Exc_RORB_ADGRL4
26_CATTCATTCACAAGCT-1,33888,75313,HC20,HC,Exc_RORB_ADGRL4,Neuronal,Exc_RORB_ADGRL4
25_TACTGGCCAAACCTAT-1,20739,57439,HC32,HC,Exc_RORB_ADGRL4,Neuronal,Exc_RORB_ADGRL4
4_GCCTGTGCACCCACCT-1,20423,22829,HC31,HC,Exc_RORB_ADGRL4,Neuronal,Exc_RORB_ADGRL4
4_GAGTTGCGTTTGAGCA-1,22832,6846,HC30,HC,Exc_RORB_ADGRL4,Neuronal,Exc_RORB_ADGRL4
4_CGAAGCGAGGAACCGG-1,16238,12996,HC28,HC,Exc_RORB_ADGRL4,Neuronal,Exc_RORB_ADGRL4
26_CCAGCTGCAGGGAGCT-1,29964,36366,HC18,HC,Exc_RORB_ADGRL4,Neuronal,Exc_RORB_ADGRL4
4_AACATTGTCCGCCAAA-1,14894,23283,HC21,HC,Exc_RORB_ADGRL4,Neuronal,Exc_RORB_ADGRL4
7_TTGAGCTAGCATTTCT-1,51910,11380,HC23,HC,Exc_RORB_ADGRL4,Neuronal,Exc_RORB_ADGRL4
7_AGCAGGTAGCCATCAG-1,12246,8033,HC26,HC,Exc_RORB_ADGRL4,Neuronal,Exc_RORB_ADGRL4
24_TTCACTGTCCTCACTA-1,36303,73094,HC13,HC,Exc_RORB_ADGRL4,Neuronal,Exc_RORB_ADGRL4
14_ACGGGAAGTTTACCGT-1,27136,15994,HC3,HC,Exc_RORB_ADGRL4,Neuronal,Exc_RORB_ADGRL4
24_AAGAACAGTGAGGTGA-1,10750,17127,HC14,HC,Exc_RORB_ADGRL4,Neuronal,Exc_RORB_ADGRL4
18_CAACCCGCAAGGTCCT-1,19019,34971,HC8,HC,Exc_RORB_ADGRL4,Neuronal,Exc_RORB_ADGRL4
25_GCCTTTATCACATTGA-1,10401,41705,HC32,HC,Exc_RORB_ADGRL4,Neuronal,Exc_RORB_ADGRL4
2_TTGTAAGTCAAATCGC-1,28796,24856,HC2,HC,Exc_RORB_ADGRL4,Neuronal,Exc_RORB_ADGRL4
24_TCAGGAGCAAATACCT-1,11639,11630,HC16,HC,Exc_RORB_ADGRL4,Neuronal,Exc_RORB_ADGRL4
8_TTTACGAAGCACAGAA-1,31129,43661,HC24,HC,Exc_RORB_ADGRL4,Neuronal,Exc_RORB_ADGRL4
4_ATCACTAAGACAACAG-1,8065,36389,HC31,HC,Exc_RORB_ADGRL4,Neuronal,Exc_RORB_ADGRL4
28_GGCTTCAAGATAGACG-1,29800,39160,HC22,HC,Exc_RORB_ADGRL4,Neuronal,Exc_RORB_ADGRL4
18_TTGGGCGGTAGTTGGC-1,15283,16483,HC7,HC,Exc_RORB_ADGRL4,Neuronal,Exc_RORB_ADGRL4
23_GCCTGCTGTTAATGCG-1,26716,32750,HC10,HC,Exc_RORB_ADGRL4,Neuronal,Exc_RORB_ADGRL4
24_TGAGCCGGTATACTGG-1,28954,46566,HC13,HC,Exc_RORB_ADGRL4,Neuronal,Exc_RORB_ADGRL4
7_CTAATCTTCGTTAACA-1,8525,6240,HC23,HC,Exc_RORB_ADGRL4,Neuronal,Exc_RORB_ADGRL4
4_CGAAGTAAGCGAGGTG-1,21091,23738,HC21,HC,Exc_RORB_ADGRL4,Neuronal,Exc_RORB_ADGRL4
2_GAAAGGCTCTTAATGG-1,37122,16707,HC2,HC,Exc_RORB_ADGRL4,Neuronal,Exc_RORB_ADGRL4
4_CAAGGTAAGTAAACCC-1,12866,19403,HC30,HC,Exc_RORB_ADGRL4,Neuronal,Exc_RORB_ADGRL4
8_CCTATATTCTAGCGTG-1,54935,10571,HC18,HC,Exc_RORB_ADGRL4,Neuronal,Exc_RORB_ADGRL4
25_CCCAATTGTCCGGTTC-1,26465,61845,HC32,HC,Exc_RORB_ADGRL4,Neuronal,Exc_RORB_ADGRL4
23_GCATATATCCTTGTTG-1,21651,61474,HC10,HC,Exc_RORB_ADGRL4,Neuronal,Exc_RORB_ADGRL4
7_GGGTTATTCCCGAACA-1,11076,30751,HC26,HC,Exc_RORB_ADGRL4,Neuronal,Exc_RORB_ADGRL4
24_GGGTCAACACAACAGG-1,21568,16552,HC16,HC,Exc_RORB_ADGRL4,Neuronal,Exc_RORB_ADGRL4
28_GGGTTTCCATAATGAG-1,11666,15604,HC22,HC,Exc_RORB_ADGRL4,Neuronal,Exc_RORB_ADGRL4
4_GCGATATTCATGTGGT-1,7121,34099,HC31,HC,Exc_RORB_ADGRL4,Neuronal,Exc_RORB_ADGRL4
4_GGTTGGTGTGATGAGG-1,15818,17216,HC28,HC,Exc_RORB_ADGRL4,Neuronal,Exc_RORB_ADGRL4
8_CAAGTAACAGTAAGTA-1,18974,21668,HC24,HC,Exc_RORB_ADGRL4,Neuronal,Exc_RORB_ADGRL4
14_CTAGTTGCAACTGGCT-1,23478,28810,HC3,HC,Exc_RORB_ADGRL4,Neuronal,Exc_RORB_ADGRL4
18_TACCGCAAGTCACTCC-1,29110,46922,HC8,HC,Exc_RORB_ADGRL4,Neuronal,Exc_RORB_ADGRL4
18_TCAACAATCCCAGTAG-1,11236,20060,HC7,HC,Exc_RORB_ADGRL4,Neuronal,Exc_RORB_ADGRL4
24_TGTGGCTCACGTGCTG-1,15837,28222,HC14,HC,Exc_RORB_ADGRL4,Neuronal,Exc_RORB_ADGRL4
4_ATAGCATGTCAAGTGC-1,28625,29281,HC30,HC,Exc_RORB_ADGRL4,Neuronal,Exc_RORB_ADGRL4
7_AATCTCAAGTACTGGT-1,8611,38233,HC26,HC,Exc_RORB_ADGRL4,Neuronal,Exc_RORB_ADGRL4
28_TCCCTGGTCGCACACA-1,15167,99397,HC22,HC,Exc_RORB_ADGRL4,Neuronal,Exc_RORB_ADGRL4
24_AGCGCCTAGTTCCTCA-1,61318,29904,HC16,HC,Exc_RORB_ADGRL4,Neuronal,Exc_RORB_ADGRL4
24_CAATCTAAGTAACAGG-1,25619,28691,HC13,HC,Exc_RORB_ADGRL4,Neuronal,Exc_RORB_ADGRL4
4_GAGCTGCTCTCATCAT-1,17598,12880,HC21,HC,Exc_RORB_ADGRL4,Neuronal,Exc_RORB_ADGRL4
4_CATGAGGCAAGACTCC-1,9918,24624,HC31,HC,Exc_RORB_ADGRL4,Neuronal,Exc_RORB_ADGRL4
24_TGACTTAAGGCGGGTA-1,21410,11210,HC14,HC,Exc_RORB_ADGRL4,Neuronal,Exc_RORB_ADGRL4
23_TTGTTGCGTCTTGCTG-1,19047,21193,HC10,HC,Exc_RORB_ADGRL4,Neuronal,Exc_RORB_ADGRL4
8_CTAATTGAGGCTAGAA-1,24127,19887,HC18,HC,Exc_RORB_ADGRL4,Neuronal,Exc_RORB_ADGRL4
18_GCACTTACATTGTGGC-1,13091,28191,HC7,HC,Exc_RORB_ADGRL4,Neuronal,Exc_RORB_ADGRL4
8_CCCGCTTCAGCTACGT-1,29955,37915,HC24,HC,Exc_RORB_ADGRL4,Neuronal,Exc_RORB_ADGRL4
4_GGTGAGTAGCAAGACA-1,22818,16638,HC28,HC,Exc_RORB_ADGRL4,Neuronal,Exc_RORB_ADGRL4
7_GCGCAATGTTGAAGCC-1,20884,38453,HC23,HC,Exc_RORB_ADGRL4,Neuronal,Exc_RORB_ADGRL4
18_GTCTAGCCAATTATGC-1,22735,27930,HC8,HC,Exc_RORB_ADGRL4,Neuronal,Exc_RORB_ADGRL4
2_GGACTAAAGCAATAGG-1,29482,13135,HC3,HC,Exc_RORB_ADGRL4,Neuronal,Exc_RORB_ADGRL4
2_CCTTCGTAGCATTTCT-1,27628,28637,HC3,HC,Exc_RORB_ADGRL4,Neuronal,Exc_RORB_ADGRL4
24_CTTGGACCATAGCTGC-1,15378,22263,HC16,HC,Exc_RORB_ADGRL4,Neuronal,Exc_RORB_ADGRL4
4_GAAGGCCCAGGTTCAC-1,27958,45190,HC21,HC,Exc_RORB_ADGRL4,Neuronal,Exc_RORB_ADGRL4
8_TGTGAAACAATGAATG-1,15444,17252,HC24,HC,Exc_RORB_ADGRL4,Neuronal,Exc_RORB_ADGRL4
30_GAAAGCCAGTACTGGT-1,24914,61953,HC26,HC,Exc_RORB_ADGRL4,Neuronal,Exc_RORB_ADGRL4
24_GCCACACAGAAAGGAA-1,21247,35890,HC13,HC,Exc_RORB_ADGRL4,Neuronal,Exc_RORB_ADGRL4
24_TGTATCGCAGCAATAA-1,24741,20288,HC14,HC,Exc_RORB_ADGRL4,Neuronal,Exc_RORB_ADGRL4
18_TCTCACCAGGATTGCT-1,12891,23164,HC7,HC,Exc_RORB_ADGRL4,Neuronal,Exc_RORB_ADGRL4
4_GCAGGAAGTAATTAGC-1,6855,30831,HC28,HC,Exc_RORB_ADGRL4,Neuronal,Exc_RORB_ADGRL4
26_CAGATTCAGGATCCGC-1,24640,53091,HC18,HC,Exc_RORB_ADGRL4,Neuronal,Exc_RORB_ADGRL4
32_CCCTGGACATGTTGCA-1,24415,54162,HC31,HC,Exc_RORB_ADGRL4,Neuronal,Exc_RORB_ADGRL4
23_CAAAGCGCATAATTGC-1,28276,26632,HC10,HC,Exc_RORB_ADGRL4,Neuronal,Exc_RORB_ADGRL4
4_GGAGCATAGTCAATTG-1,30171,17584,HC30,HC,Exc_RORB_ADGRL4,Neuronal,Exc_RORB_ADGRL4
18_GCTAACCCAATAGCAA-1,6439,22769,HC8,HC,Exc_RORB_ADGRL4,Neuronal,Exc_RORB_ADGRL4
4_GGCTTCAAGCCACATG-1,14961,43623,HC31,HC,Exc_RORB_ADGRL4,Neuronal,Exc_RORB_ADGRL4
24_GTACTTAAGGTAAGGC-1,11047,7034,HC16,HC,Exc_RORB_ADGRL4,Neuronal,Exc_RORB_ADGRL4
4_GAGTAACCAGGCTTGT-1,14962,19002,HC28,HC,Exc_RORB_ADGRL4,Neuronal,Exc_RORB_ADGRL4
8_AAACCGAAGTGTGATC-1,17107,30321,HC24,HC,Exc_RORB_ADGRL4,Neuronal,Exc_RORB_ADGRL4
18_CCCTGGACACATACTG-1,22025,29694,HC7,HC,Exc_RORB_ADGRL4,Neuronal,Exc_RORB_ADGRL4
4_ATGTAACGTGCGCGTA-1,14076,21429,HC30,HC,Exc_RORB_ADGRL4,Neuronal,Exc_RORB_ADGRL4
24_ACGCCACAGGCGAATA-1,27278,49003,HC14,HC,Exc_RORB_ADGRL4,Neuronal,Exc_RORB_ADGRL4
4_GCAATGAAGCCGCAAC-1,11891,23453,HC21,HC,Exc_RORB_ADGRL4,Neuronal,Exc_RORB_ADGRL4
30_GACCGAACAAGTTATC-1,35483,41588,HC26,HC,Exc_RORB_ADGRL4,Neuronal,Exc_RORB_ADGRL4
18_GCTGCATCAAGCCAGA-1,17102,22049,HC8,HC,Exc_RORB_ADGRL4,Neuronal,Exc_RORB_ADGRL4
14_TTGCTTTAGCTAAGTC-1,22998,11133,HC3,HC,Exc_RORB_ADGRL4,Neuronal,Exc_RORB_ADGRL4
23_AATTAGCGTGAATCGC-1,14705,21499,HC10,HC,Exc_RORB_ADGRL4,Neuronal,Exc_RORB_ADGRL4
28_AACCCGCAGGGATGAC-1,38304,90475,HC24,HC,Exc_RORB_ADGRL4,Neuronal,Exc_RORB_ADGRL4
18_GCGATTTAGAGCCGCT-1,18337,11753,HC7,HC,Exc_RORB_ADGRL4,Neuronal,Exc_RORB_ADGRL4
18_GCCGTGAGTTTAACCC-1,9269,22008,HC8,HC,Exc_RORB_ADGRL4,Neuronal,Exc_RORB_ADGRL4
24_CGCTTCTAGCGCAATT-1,28696,16887,HC16,HC,Exc_RORB_ADGRL4,Neuronal,Exc_RORB_ADGRL4
5_CCTCAATGTCGCAAAC-1,17350,20253,HC10,HC,Exc_RORB_ADGRL4,Neuronal,Exc_RORB_ADGRL4
24_TTATGACCAAGTTATC-1,21377,43745,HC14,HC,Exc_RORB_ADGRL4,Neuronal,Exc_RORB_ADGRL4
4_ATGACTCAGCACAGGG-1,18621,17804,HC31,HC,Exc_RORB_ADGRL4,Neuronal,Exc_RORB_ADGRL4
7_TGGTCAAGTAGGTTGC-1,24704,33207,HC26,HC,Exc_RORB_ADGRL4,Neuronal,Exc_RORB_ADGRL4
4_ATCCATAAGGTCGATT-1,29797,29426,HC21,HC,Exc_RORB_ADGRL4,Neuronal,Exc_RORB_ADGRL4
2_GGCAAATCAGGAATCG-1,29912,14186,HC3,HC,Exc_RORB_ADGRL4,Neuronal,Exc_RORB_ADGRL4
4_GTAAGCGCAAGCGATG-1,21947,19366,HC28,HC,Exc_RORB_ADGRL4,Neuronal,Exc_RORB_ADGRL4
23_AGTCAAGAGCGCTCAA-1,29823,21265,HC10,HC,Exc_RORB_ADGRL4,Neuronal,Exc_RORB_ADGRL4
4_AACTGTTCACAGACTC-1,15606,20612,HC21,HC,Exc_RORB_ADGRL4,Neuronal,Exc_RORB_ADGRL4
4_GCTTTATTCGACCTGA-1,7978,17843,HC31,HC,Exc_RORB_ADGRL4,Neuronal,Exc_RORB_ADGRL4
24_CTAGTCGAGGAAGCAC-1,31089,28031,HC14,HC,Exc_RORB_ADGRL4,Neuronal,Exc_RORB_ADGRL4
24_TCGACAAGTGAGCAAG-1,30121,26561,HC16,HC,Exc_RORB_ADGRL4,Neuronal,Exc_RORB_ADGRL4
8_GTTCTTGTCGGCTAGC-1,20140,19000,HC24,HC,Exc_RORB_ADGRL4,Neuronal,Exc_RORB_ADGRL4
18_GACACCGGTGGGTGAA-1,21927,37086,HC7,HC,Exc_RORB_ADGRL4,Neuronal,Exc_RORB_ADGRL4
18_CCGGTTAAGCTGTAAC-1,20567,15009,HC8,HC,Exc_RORB_ADGRL4,Neuronal,Exc_RORB_ADGRL4
14_ATTACGTCATAATGTC-1,32689,21062,HC3,HC,Exc_RORB_ADGRL4,Neuronal,Exc_RORB_ADGRL4
4_CCTTGTTCAACCCTCC-1,21593,21742,HC28,HC,Exc_RORB_ADGRL4,Neuronal,Exc_RORB_ADGRL4
7_TCCAGCAAGCCTCTCG-1,28877,42819,HC26,HC,Exc_RORB_ADGRL4,Neuronal,Exc_RORB_ADGRL4
24_GGGCAATAGGAACGGT-1,30556,24449,HC14,HC,Exc_RORB_ADGRL4,Neuronal,Exc_RORB_ADGRL4
2_AGTTACATCTGGTCCT-1,19911,19628,HC3,HC,Exc_RORB_CUX2,Neuronal,Exc_RORB_CUX2
24_AGTGGACAGGATTGAG-1,34074,36062,HC13,HC,Exc_RORB_CUX2,Neuronal,Exc_RORB_CUX2
7_TGCAATATCGGGCCAT-1,16411,33244,HC23,HC,Exc_RORB_CUX2,Neuronal,Exc_RORB_CUX2
5_CTCTATGTCACTTTAC-1,27218,29190,HC10,HC,Exc_RORB_CUX2,Neuronal,Exc_RORB_CUX2
28_ACAGGTAAGCACTAAC-1,15599,29735,HC21,HC,Exc_RORB_CUX2,Neuronal,Exc_RORB_CUX2
32_TTGATGTCAGCATGGA-1,20380,13559,HC29,HC,Exc_RORB_CUX2,Neuronal,Exc_RORB_CUX2
26_AATGAAGGTTACTAGG-1,11728,40911,HC17,HC,Exc_RORB_CUX2,Neuronal,Exc_RORB_CUX2
5_AGCGGACCATTGTCCT-1,25314,25216,HC11,HC,Exc_RORB_CUX2,Neuronal,Exc_RORB_CUX2
4_CTTTGGGAGGCGAAAC-1,28155,17920,HC30,HC,Exc_RORB_CUX2,Neuronal,Exc_RORB_CUX2
26_TTAAGGACACAGGAAT-1,26866,62473,HC20,HC,Exc_RORB_CUX2,Neuronal,Exc_RORB_CUX2
18_GGAGCATAGAAAGCAT-1,27615,20113,HC7,HC,Exc_RORB_CUX2,Neuronal,Exc_RORB_CUX2
26_AACTGTTCAAGTAAGC-1,26600,45137,HC19,HC,Exc_RORB_CUX2,Neuronal,Exc_RORB_CUX2
30_GGGCGAATCGGTTAGT-1,26779,59998,HC27,HC,Exc_RORB_CUX2,Neuronal,Exc_RORB_CUX2
32_GCTCAACCAACTAACT-1,24201,76208,HC31,HC,Exc_RORB_CUX2,Neuronal,Exc_RORB_CUX2
24_CGGATAAAGCCAGTAT-1,7695,5696,HC14,HC,Exc_RORB_CUX2,Neuronal,Exc_RORB_CUX2
25_ATGCGATTCGCTAGAT-1,15688,20904,HC32,HC,Exc_RORB_CUX2,Neuronal,Exc_RORB_CUX2
24_TTAAGGTGTACCTTAC-1,14848,20443,HC16,HC,Exc_RORB_CUX2,Neuronal,Exc_RORB_CUX2
8_AGAACCAAGTATTGCA-1,18821,18127,HC24,HC,Exc_RORB_CUX2,Neuronal,Exc_RORB_CUX2
2_TGACTTCGTAGGTTTG-1,30507,19317,HC4,HC,Exc_RORB_CUX2,Neuronal,Exc_RORB_CUX2
5_GAACCAGCACAAGCCT-1,34493,28043,HC12,HC,Exc_RORB_CUX2,Neuronal,Exc_RORB_CUX2
18_GAGTAATAGGAAACTG-1,20586,26363,HC5,HC,Exc_RORB_CUX2,Neuronal,Exc_RORB_CUX2
7_GGGATTAAGCGGGCAA-1,36155,60188,HC25,HC,Exc_RORB_CUX2,Neuronal,Exc_RORB_CUX2
4_ATTCAACCAGTTTGTG-1,16999,9548,HC28,HC,Exc_RORB_CUX2,Neuronal,Exc_RORB_CUX2
5_TTGTGCCTCGCTAGCA-1,27952,28202,HC9,HC,Exc_RORB_CUX2,Neuronal,Exc_RORB_CUX2
28_CGACTAAGTACTTAGG-1,32855,10287,HC22,HC,Exc_RORB_CUX2,Neuronal,Exc_RORB_CUX2
2_CGGTTTCTCTGTGAGT-1,14712,24046,HC1,HC,Exc_RORB_CUX2,Neuronal,Exc_RORB_CUX2
18_CGCCAAATCCTAAGGT-1,19815,21014,HC8,HC,Exc_RORB_CUX2,Neuronal,Exc_RORB_CUX2
7_GGCCTTCGTCCTAATC-1,22073,26407,HC26,HC,Exc_RORB_CUX2,Neuronal,Exc_RORB_CUX2
2_AAGACAAGTTAAATGC-1,16854,22047,HC2,HC,Exc_RORB_CUX2,Neuronal,Exc_RORB_CUX2
18_TTGTCCGGTTTGGGCG-1,25415,8853,HC6,HC,Exc_RORB_CUX2,Neuronal,Exc_RORB_CUX2
4_TTGGATCAGCACCACA-1,33282,21504,HC21,HC,Exc_RORB_CUX2,Neuronal,Exc_RORB_CUX2
26_AATCGCCCATCCCGCT-1,6442,60639,HC19,HC,Exc_RORB_CUX2,Neuronal,Exc_RORB_CUX2
2_GGATACTTCAAACCGT-1,35824,27366,HC4,HC,Exc_RORB_CUX2,Neuronal,Exc_RORB_CUX2
24_GGCTAGACAGCATGAG-1,8403,21406,HC14,HC,Exc_RORB_CUX2,Neuronal,Exc_RORB_CUX2
28_TTGGATATCAGCCAAT-1,23479,54743,HC23,HC,Exc_RORB_CUX2,Neuronal,Exc_RORB_CUX2
30_AGCATTTCAAACTCAT-1,20492,174530,HC27,HC,Exc_RORB_CUX2,Neuronal,Exc_RORB_CUX2
32_ATATAGGCACTAAGCC-1,19571,44325,HC30,HC,Exc_RORB_CUX2,Neuronal,Exc_RORB_CUX2
24_CTCAATAAGCAAACCT-1,38506,83401,HC13,HC,Exc_RORB_CUX2,Neuronal,Exc_RORB_CUX2
28_TGCAGGCTCAAACTCA-1,30981,59501,HC22,HC,Exc_RORB_CUX2,Neuronal,Exc_RORB_CUX2
7_AGCAGGTAGGTAAGCA-1,21627,23741,HC26,HC,Exc_RORB_CUX2,Neuronal,Exc_RORB_CUX2
25_AAGTGTTGTAATCCCT-1,19752,13167,HC32,HC,Exc_RORB_CUX2,Neuronal,Exc_RORB_CUX2
5_ACCGCAATCCTTCTAG-1,38635,30929,HC11,HC,Exc_RORB_CUX2,Neuronal,Exc_RORB_CUX2
32_TGTGTGAGTTAACGAT-1,22396,53875,HC31,HC,Exc_RORB_CUX2,Neuronal,Exc_RORB_CUX2
2_CAGCTATAGCATTTCT-1,28645,22420,HC1,HC,Exc_RORB_CUX2,Neuronal,Exc_RORB_CUX2
18_CAAGTATGTGATCAGC-1,19960,20299,HC7,HC,Exc_RORB_CUX2,Neuronal,Exc_RORB_CUX2
2_GTCCAAGTCTCGCCCA-1,7889,14528,HC2,HC,Exc_RORB_CUX2,Neuronal,Exc_RORB_CUX2
26_AAAGGCTCAGTTAAAG-1,40007,34499,HC17,HC,Exc_RORB_CUX2,Neuronal,Exc_RORB_CUX2
26_CCCGTTGTCACTTCAT-1,31965,112626,HC20,HC,Exc_RORB_CUX2,Neuronal,Exc_RORB_CUX2
18_AAACGGATCCACCCTG-1,23100,26974,HC5,HC,Exc_RORB_CUX2,Neuronal,Exc_RORB_CUX2
5_GCTTTATTCCCGAAGC-1,20351,27887,HC12,HC,Exc_RORB_CUX2,Neuronal,Exc_RORB_CUX2
4_CCTTTAGTCGATTCTT-1,12447,11082,HC28,HC,Exc_RORB_CUX2,Neuronal,Exc_RORB_CUX2
5_GGGTCAACATTATGCG-1,32484,19995,HC9,HC,Exc_RORB_CUX2,Neuronal,Exc_RORB_CUX2
24_GAAACTGAGTTAGTTG-1,10697,16668,HC16,HC,Exc_RORB_CUX2,Neuronal,Exc_RORB_CUX2
8_CGCGGATTCACGAATC-1,29145,18320,HC24,HC,Exc_RORB_CUX2,Neuronal,Exc_RORB_CUX2
5_TTTACGAAGCTCAATA-1,23827,21389,HC10,HC,Exc_RORB_CUX2,Neuronal,Exc_RORB_CUX2
14_ACATTAGTCTAATCTC-1,41432,40092,HC3,HC,Exc_RORB_CUX2,Neuronal,Exc_RORB_CUX2
18_CATGCGCAGTCATTTC-1,30585,19071,HC6,HC,Exc_RORB_CUX2,Neuronal,Exc_RORB_CUX2
7_CTTAGTTTCATGCATA-1,31752,32161,HC25,HC,Exc_RORB_CUX2,Neuronal,Exc_RORB_CUX2
18_ACGCCACAGCCGCTAA-1,20415,44166,HC8,HC,Exc_RORB_CUX2,Neuronal,Exc_RORB_CUX2
5_TGCTAACAGGCTACAT-1,31987,25304,HC11,HC,Exc_RORB_CUX2,Neuronal,Exc_RORB_CUX2
4_GAGGCTTGTGTTTCAC-1,27383,17385,HC21,HC,Exc_RORB_CUX2,Neuronal,Exc_RORB_CUX2
26_ATTGACTCACCGGCTA-1,6409,68894,HC20,HC,Exc_RORB_CUX2,Neuronal,Exc_RORB_CUX2
24_GCAAGTGCAGTCTAGC-1,18412,39852,HC13,HC,Exc_RORB_CUX2,Neuronal,Exc_RORB_CUX2
26_CATAATGTCGTGCCTT-1,13973,10074,HC19,HC,Exc_RORB_CUX2,Neuronal,Exc_RORB_CUX2
14_ATCCCGCGTGCTTACT-1,13269,19718,HC4,HC,Exc_RORB_CUX2,Neuronal,Exc_RORB_CUX2
7_TGGCCTGCAATTTGGT-1,26467,47754,HC26,HC,Exc_RORB_CUX2,Neuronal,Exc_RORB_CUX2
18_GGGTCAACATTGTGAT-1,22073,15646,HC6,HC,Exc_RORB_CUX2,Neuronal,Exc_RORB_CUX2
4_TGTTGCACAGCACCAT-1,21952,11303,HC28,HC,Exc_RORB_CUX2,Neuronal,Exc_RORB_CUX2
18_TATGGTCAGTAGCGGG-1,26587,23992,HC8,HC,Exc_RORB_CUX2,Neuronal,Exc_RORB_CUX2
2_TCGCGCACATTAGCGC-1,20339,20033,HC3,HC,Exc_RORB_CUX2,Neuronal,Exc_RORB_CUX2
14_GCTCGATCAGCAAGTG-1,34402,11418,HC1,HC,Exc_RORB_CUX2,Neuronal,Exc_RORB_CUX2
28_CGTTGCAAGCATGACT-1,34577,7571,HC22,HC,Exc_RORB_CUX2,Neuronal,Exc_RORB_CUX2
26_CCTGCTCCACAGCCAT-1,29708,63302,HC17,HC,Exc_RORB_CUX2,Neuronal,Exc_RORB_CUX2
5_ACTTGCACATATTGAC-1,36660,33678,HC9,HC,Exc_RORB_CUX2,Neuronal,Exc_RORB_CUX2
7_GATTAGCTCCCGCCTA-1,27802,25461,HC25,HC,Exc_RORB_CUX2,Neuronal,Exc_RORB_CUX2
8_TAGGTTATCTCAATGA-1,36597,9335,HC24,HC,Exc_RORB_CUX2,Neuronal,Exc_RORB_CUX2
5_GCCTTAACATGGTTAT-1,24171,16799,HC10,HC,Exc_RORB_CUX2,Neuronal,Exc_RORB_CUX2
18_CGAAGGCCAAGGCCAA-1,25038,21368,HC5,HC,Exc_RORB_CUX2,Neuronal,Exc_RORB_CUX2
24_AGAACCAAGTAGCTTA-1,19646,34731,HC14,HC,Exc_RORB_CUX2,Neuronal,Exc_RORB_CUX2
30_TCAGGTCCAAACCTAT-1,28775,17792,HC27,HC,Exc_RORB_CUX2,Neuronal,Exc_RORB_CUX2
23_AGTTACTCAGCATTAT-1,17261,48379,HC12,HC,Exc_RORB_CUX2,Neuronal,Exc_RORB_CUX2
28_GGAACAATCCTAGTTT-1,19077,86152,HC23,HC,Exc_RORB_CUX2,Neuronal,Exc_RORB_CUX2
25_GCACATTAGTTTAACG-1,11592,20762,HC32,HC,Exc_RORB_CUX2,Neuronal,Exc_RORB_CUX2
4_ACTTAGTCATAACGGG-1,21946,20854,HC30,HC,Exc_RORB_CUX2,Neuronal,Exc_RORB_CUX2
2_TGTGTGAGTACGTTTC-1,22333,24435,HC2,HC,Exc_RORB_CUX2,Neuronal,Exc_RORB_CUX2
18_AACTACTCACTTCATC-1,17646,29164,HC7,HC,Exc_RORB_CUX2,Neuronal,Exc_RORB_CUX2
32_GTCATTAAGCCTGAGC-1,24784,94820,HC31,HC,Exc_RORB_CUX2,Neuronal,Exc_RORB_CUX2
24_TACGCACCACCCACAG-1,30449,53304,HC16,HC,Exc_RORB_CUX2,Neuronal,Exc_RORB_CUX2
5_CTAACCCTCTTGTCTG-1,22428,30918,HC11,HC,Exc_RORB_CUX2,Neuronal,Exc_RORB_CUX2
23_TCAACAATCCTCGATC-1,39592,52478,HC12,HC,Exc_RORB_CUX2,Neuronal,Exc_RORB_CUX2
26_TCGTTAAAGCGTGCGT-1,39790,8270,HC17,HC,Exc_RORB_CUX2,Neuronal,Exc_RORB_CUX2
18_GTCAGGCTCTCACATT-1,21179,25039,HC7,HC,Exc_RORB_CUX2,Neuronal,Exc_RORB_CUX2
24_CCTCCTCTCAGGCCTA-1,21790,41442,HC16,HC,Exc_RORB_CUX2,Neuronal,Exc_RORB_CUX2
7_GTACTAGGTTTGCTGT-1,20072,24168,HC27,HC,Exc_RORB_CUX2,Neuronal,Exc_RORB_CUX2
24_TACGCACCATACTCCT-1,11373,60180,HC13,HC,Exc_RORB_CUX2,Neuronal,Exc_RORB_CUX2
26_AGTTGGCGTGATTTGG-1,32647,43070,HC20,HC,Exc_RORB_CUX2,Neuronal,Exc_RORB_CUX2
32_ACTTACTTCCTAATAG-1,20810,65778,HC31,HC,Exc_RORB_CUX2,Neuronal,Exc_RORB_CUX2
30_ATTACCGCATGGCCTG-1,33672,62618,HC26,HC,Exc_RORB_CUX2,Neuronal,Exc_RORB_CUX2
4_GGTTAGCGTTGTTCAC-1,34288,5625,HC30,HC,Exc_RORB_CUX2,Neuronal,Exc_RORB_CUX2
28_GAAAGCCAGCCGCTAA-1,8381,7967,HC22,HC,Exc_RORB_CUX2,Neuronal,Exc_RORB_CUX2
26_ATCTTTGGTAACAGGG-1,25359,64388,HC19,HC,Exc_RORB_CUX2,Neuronal,Exc_RORB_CUX2
24_ATGAATGCAGTTATCG-1,9135,27254,HC14,HC,Exc_RORB_CUX2,Neuronal,Exc_RORB_CUX2
23_AAAGGAGCAAGGTGCA-1,39016,17510,HC9,HC,Exc_RORB_CUX2,Neuronal,Exc_RORB_CUX2
2_CGCACACAGGTCCACA-1,35345,22008,HC2,HC,Exc_RORB_CUX2,Neuronal,Exc_RORB_CUX2
30_GGTGATTTCGCGACAC-1,41046,94750,HC25,HC,Exc_RORB_CUX2,Neuronal,Exc_RORB_CUX2
18_GATTAGCTCCTACCTA-1,20634,32851,HC5,HC,Exc_RORB_CUX2,Neuronal,Exc_RORB_CUX2
14_GAGTTACTCACAGGAA-1,40767,11727,HC4,HC,Exc_RORB_CUX2,Neuronal,Exc_RORB_CUX2
5_ACTCGCGCATTGTTGG-1,23574,19579,HC10,HC,Exc_RORB_CUX2,Neuronal,Exc_RORB_CUX2
14_AATGCAACAAGTAAGC-1,9092,17667,HC3,HC,Exc_RORB_CUX2,Neuronal,Exc_RORB_CUX2
18_CCTGTAACAAGCCAGA-1,21405,30944,HC8,HC,Exc_RORB_CUX2,Neuronal,Exc_RORB_CUX2
2_GATCAAGAGTAACAGG-1,26984,19149,HC1,HC,Exc_RORB_CUX2,Neuronal,Exc_RORB_CUX2
8_TAAGCCAGTTGTCATC-1,31627,8199,HC24,HC,Exc_RORB_CUX2,Neuronal,Exc_RORB_CUX2
28_TCACCTGGTTACTAGG-1,18214,20741,HC23,HC,Exc_RORB_CUX2,Neuronal,Exc_RORB_CUX2
18_CCCTCAGTCTTGCAGG-1,29701,24948,HC6,HC,Exc_RORB_CUX2,Neuronal,Exc_RORB_CUX2
28_TACTTCGTCAGCCAAT-1,34336,64419,HC21,HC,Exc_RORB_CUX2,Neuronal,Exc_RORB_CUX2
4_ATGTAACGTGGGAACA-1,22974,12072,HC28,HC,Exc_RORB_CUX2,Neuronal,Exc_RORB_CUX2
24_GGGCATGAGACTAAGG-1,14507,29957,HC14,HC,Exc_RORB_CUX2,Neuronal,Exc_RORB_CUX2
28_GAGTCAAAGTAAGGGC-1,34662,7392,HC22,HC,Exc_RORB_CUX2,Neuronal,Exc_RORB_CUX2
7_ATCAAGCTCACAGACT-1,28148,62621,HC23,HC,Exc_RORB_CUX2,Neuronal,Exc_RORB_CUX2
26_GAACTTATCCTAACGG-1,6313,12768,HC17,HC,Exc_RORB_CUX2,Neuronal,Exc_RORB_CUX2
30_GATAAGCCACCAGCAT-1,11104,93152,HC27,HC,Exc_RORB_CUX2,Neuronal,Exc_RORB_CUX2
14_GCAATAGAGCATGCAT-1,37817,19176,HC1,HC,Exc_RORB_CUX2,Neuronal,Exc_RORB_CUX2
24_AGCGGATAGGGATGCG-1,45761,35953,HC13,HC,Exc_RORB_CUX2,Neuronal,Exc_RORB_CUX2
32_GCGCGATTCAAGCGCC-1,15790,26192,HC30,HC,Exc_RORB_CUX2,Neuronal,Exc_RORB_CUX2
26_TTAGTCAAGTGAACAG-1,25355,44003,HC19,HC,Exc_RORB_CUX2,Neuronal,Exc_RORB_CUX2
18_AACAAGCCACATGCTA-1,16237,26707,HC7,HC,Exc_RORB_CUX2,Neuronal,Exc_RORB_CUX2
14_CACAGGGAGTGGCGGA-1,9632,12261,HC4,HC,Exc_RORB_CUX2,Neuronal,Exc_RORB_CUX2
2_ACAGCGCTCAAACACC-1,37788,29963,HC3,HC,Exc_RORB_CUX2,Neuronal,Exc_RORB_CUX2
23_TAACCAGGTTTCCGGC-1,69627,66956,HC12,HC,Exc_RORB_CUX2,Neuronal,Exc_RORB_CUX2
24_CGATTGAGTGCTCCGT-1,35236,24402,HC16,HC,Exc_RORB_CUX2,Neuronal,Exc_RORB_CUX2
5_CCACACAAGGCGCATC-1,32848,14475,HC11,HC,Exc_RORB_CUX2,Neuronal,Exc_RORB_CUX2
18_CAAGTATGTATTGGAT-1,26072,19569,HC8,HC,Exc_RORB_CUX2,Neuronal,Exc_RORB_CUX2
18_TAGCGCGGTAACCACA-1,27148,22786,HC5,HC,Exc_RORB_CUX2,Neuronal,Exc_RORB_CUX2
4_ATTGAAGCACTCGCTC-1,31167,30482,HC21,HC,Exc_RORB_CUX2,Neuronal,Exc_RORB_CUX2
26_GATAACGAGTCAGGCC-1,24250,60146,HC20,HC,Exc_RORB_CUX2,Neuronal,Exc_RORB_CUX2
18_CGGTTTGAGCTATGAC-1,32420,10400,HC6,HC,Exc_RORB_CUX2,Neuronal,Exc_RORB_CUX2
8_GGAACGGTCAGTGAAG-1,28679,22759,HC24,HC,Exc_RORB_CUX2,Neuronal,Exc_RORB_CUX2
7_ACTTATCTCGTTAACA-1,18315,21856,HC26,HC,Exc_RORB_CUX2,Neuronal,Exc_RORB_CUX2
23_TCATGAGGTACTTCAC-1,40553,40143,HC9,HC,Exc_RORB_CUX2,Neuronal,Exc_RORB_CUX2
14_CATGGATTCATGCTCC-1,32475,24002,HC2,HC,Exc_RORB_CUX2,Neuronal,Exc_RORB_CUX2
4_GTTCATTTCTGCAAAC-1,12618,18775,HC28,HC,Exc_RORB_CUX2,Neuronal,Exc_RORB_CUX2
7_CAAGTGAAGACAACGA-1,20047,36350,HC25,HC,Exc_RORB_CUX2,Neuronal,Exc_RORB_CUX2
32_CGAGCGAAGTTAGCTA-1,18039,53316,HC31,HC,Exc_RORB_CUX2,Neuronal,Exc_RORB_CUX2
5_GGTATTTCAGGCCAAA-1,5841,12744,HC10,HC,Exc_RORB_CUX2,Neuronal,Exc_RORB_CUX2
4_GCGTAACGTTGTAAAC-1,30385,27083,HC21,HC,Exc_RORB_CUX2,Neuronal,Exc_RORB_CUX2
26_ATGAAGCCATTGTGAT-1,26587,55641,HC20,HC,Exc_RORB_CUX2,Neuronal,Exc_RORB_CUX2
18_AATTAGGCAGGCTAAG-1,18456,15679,HC5,HC,Exc_RORB_CUX2,Neuronal,Exc_RORB_CUX2
24_CCTCCTCTCAATCTCT-1,28955,61023,HC13,HC,Exc_RORB_CUX2,Neuronal,Exc_RORB_CUX2
18_AAGCAAGTCGGGCCAT-1,12357,30760,HC7,HC,Exc_RORB_CUX2,Neuronal,Exc_RORB_CUX2
2_GTACACCCAAAGCGGC-1,47986,21089,HC1,HC,Exc_RORB_CUX2,Neuronal,Exc_RORB_CUX2
18_GTTAAACGTTGCACAA-1,10448,37355,HC5,HC,Exc_RORB_LNX2,Neuronal,Exc_RORB_LNX2
5_TTGACGTAGGTCCAAT-1,61325,39481,HC9,HC,Exc_RORB_LNX2,Neuronal,Exc_RORB_LNX2
26_TTGGCGGGTAAATTGC-1,29788,19899,HC20,HC,Exc_RORB_LNX2,Neuronal,Exc_RORB_LNX2
24_GATAAGCCATTATGGT-1,34845,36360,HC15,HC,Exc_RORB_LNX2,Neuronal,Exc_RORB_LNX2
2_GATTCGCCACAAAGAC-1,20753,25621,HC4,HC,Exc_RORB_LNX2,Neuronal,Exc_RORB_LNX2
8_CGCTAATAGCTTAACA-1,22813,33438,HC24,HC,Exc_RORB_LNX2,Neuronal,Exc_RORB_LNX2
25_TGAGGAGGTCGCGCAA-1,14730,18706,HC32,HC,Exc_RORB_LNX2,Neuronal,Exc_RORB_LNX2
4_GTTTATCTCATGAGCT-1,10348,58399,HC30,HC,Exc_RORB_LNX2,Neuronal,Exc_RORB_LNX2
32_TCTTGTCCAACTAGGG-1,27307,64059,HC29,HC,Exc_RORB_LNX2,Neuronal,Exc_RORB_LNX2
18_ACCGCAATCATTACTC-1,17388,28352,HC7,HC,Exc_RORB_LNX2,Neuronal,Exc_RORB_LNX2
18_AAGAACAGTACAAAGA-1,14496,12712,HC6,HC,Exc_RORB_LNX2,Neuronal,Exc_RORB_LNX2
24_CAAAGGATCAATAGCC-1,18073,28159,HC13,HC,Exc_RORB_LNX2,Neuronal,Exc_RORB_LNX2
2_TAGTAGGAGCCTGGTA-1,32295,14650,HC1,HC,Exc_RORB_LNX2,Neuronal,Exc_RORB_LNX2
26_AGGAGCTAGTAAGAAC-1,35728,28616,HC17,HC,Exc_RORB_LNX2,Neuronal,Exc_RORB_LNX2
18_GCCCGTTGTAGCCATA-1,5818,20484,HC8,HC,Exc_RORB_LNX2,Neuronal,Exc_RORB_LNX2
7_CGCTCAGCACCAGGTT-1,19028,59531,HC25,HC,Exc_RORB_LNX2,Neuronal,Exc_RORB_LNX2
28_CAACAGGCAATTTGGT-1,22185,49540,HC22,HC,Exc_RORB_LNX2,Neuronal,Exc_RORB_LNX2
8_TACTTCGTCAGGCCTA-1,11323,23044,HC18,HC,Exc_RORB_LNX2,Neuronal,Exc_RORB_LNX2
26_CTGGATGTCCCTCTAA-1,20821,12267,HC19,HC,Exc_RORB_LNX2,Neuronal,Exc_RORB_LNX2
5_GCACTTACAGTAAGTA-1,26965,25555,HC12,HC,Exc_RORB_LNX2,Neuronal,Exc_RORB_LNX2
2_ACCAAGCGTTAGCGTA-1,22515,10490,HC3,HC,Exc_RORB_LNX2,Neuronal,Exc_RORB_LNX2
30_CGTTTCTCAGGGAGGA-1,17162,54761,HC26,HC,Exc_RORB_LNX2,Neuronal,Exc_RORB_LNX2
28_GTGCATTAGGTGTTAC-1,50404,115067,HC21,HC,Exc_RORB_LNX2,Neuronal,Exc_RORB_LNX2
24_CGTTGCGCATTCAGCA-1,9131,18745,HC14,HC,Exc_RORB_LNX2,Neuronal,Exc_RORB_LNX2
23_TGGTCAAGTAGGATTT-1,31391,45826,HC10,HC,Exc_RORB_LNX2,Neuronal,Exc_RORB_LNX2
2_CGATTTGCAGGCGATA-1,38943,24340,HC2,HC,Exc_RORB_LNX2,Neuronal,Exc_RORB_LNX2
4_AAGGCCCTCGCAACAT-1,15092,25747,HC28,HC,Exc_RORB_LNX2,Neuronal,Exc_RORB_LNX2
5_TTATTGCTCCTTGCAC-1,20149,21992,HC11,HC,Exc_RORB_LNX2,Neuronal,Exc_RORB_LNX2
32_GCCTTAGAGTGAACCT-1,12027,49007,HC31,HC,Exc_RORB_LNX2,Neuronal,Exc_RORB_LNX2
24_GCTTACCTCTCCTCTT-1,25371,58870,HC16,HC,Exc_RORB_LNX2,Neuronal,Exc_RORB_LNX2
7_GTGCTGATCTACTAAG-1,16766,23193,HC23,HC,Exc_RORB_LNX2,Neuronal,Exc_RORB_LNX2
30_TTGAGCTAGTTGTCCC-1,45217,52117,HC27,HC,Exc_RORB_LNX2,Neuronal,Exc_RORB_LNX2
8_GGGAATATCCTAAGGT-1,33096,11542,HC24,HC,Exc_RORB_LNX2,Neuronal,Exc_RORB_LNX2
18_TTAGAAGCATTAAAGG-1,20283,27079,HC8,HC,Exc_RORB_LNX2,Neuronal,Exc_RORB_LNX2
23_GTGCTTCTCTTGTTCG-1,43790,40647,HC9,HC,Exc_RORB_LNX2,Neuronal,Exc_RORB_LNX2
4_ATAATGGCACCTACTT-1,8025,50737,HC21,HC,Exc_RORB_LNX2,Neuronal,Exc_RORB_LNX2
30_TGTCCTGGTTTAAAGC-1,26165,56960,HC27,HC,Exc_RORB_LNX2,Neuronal,Exc_RORB_LNX2
32_GATTACGGTAATGACT-1,11293,128163,HC31,HC,Exc_RORB_LNX2,Neuronal,Exc_RORB_LNX2
7_CGGTTATAGGTAAGGC-1,13452,25950,HC25,HC,Exc_RORB_LNX2,Neuronal,Exc_RORB_LNX2
5_TTGGGTTAGTTGGCCA-1,43531,23462,HC12,HC,Exc_RORB_LNX2,Neuronal,Exc_RORB_LNX2
4_ACGCACGGTCAATAGT-1,28398,46963,HC30,HC,Exc_RORB_LNX2,Neuronal,Exc_RORB_LNX2
18_TATCGCACAATAGTCT-1,17343,15542,HC6,HC,Exc_RORB_LNX2,Neuronal,Exc_RORB_LNX2
18_GGGAGTAGTTAGGTTG-1,8339,28931,HC7,HC,Exc_RORB_LNX2,Neuronal,Exc_RORB_LNX2
28_GTTCGCTTCTTGGATA-1,28663,52272,HC22,HC,Exc_RORB_LNX2,Neuronal,Exc_RORB_LNX2
2_GGACCGAAGGATGATG-1,31727,13533,HC4,HC,Exc_RORB_LNX2,Neuronal,Exc_RORB_LNX2
24_CAGGACCTCCCTCGCA-1,24989,70906,HC13,HC,Exc_RORB_LNX2,Neuronal,Exc_RORB_LNX2
26_TGTGCGCAGGCTACAT-1,23616,34088,HC19,HC,Exc_RORB_LNX2,Neuronal,Exc_RORB_LNX2
25_GATTCCTGTCATTAGG-1,12025,32647,HC32,HC,Exc_RORB_LNX2,Neuronal,Exc_RORB_LNX2
26_GCATGAGCAAGGTATA-1,8556,82944,HC18,HC,Exc_RORB_LNX2,Neuronal,Exc_RORB_LNX2
2_GATCGATTCATGAAGG-1,22081,13751,HC1,HC,Exc_RORB_LNX2,Neuronal,Exc_RORB_LNX2
26_ACCAAACTCCGCCTAT-1,32439,93507,HC20,HC,Exc_RORB_LNX2,Neuronal,Exc_RORB_LNX2
24_AAGGATTAGCGCATTG-1,26679,16051,HC14,HC,Exc_RORB_LNX2,Neuronal,Exc_RORB_LNX2
18_GGTTGAGCAGCTCAAC-1,20637,23834,HC5,HC,Exc_RORB_LNX2,Neuronal,Exc_RORB_LNX2
7_CTTGCTCAGTCATCCC-1,20836,30913,HC26,HC,Exc_RORB_LNX2,Neuronal,Exc_RORB_LNX2
24_AACATAGCATCGTTCT-1,18471,25302,HC16,HC,Exc_RORB_LNX2,Neuronal,Exc_RORB_LNX2
32_ATTGACTCATCATGGC-1,23440,13972,HC29,HC,Exc_RORB_LNX2,Neuronal,Exc_RORB_LNX2
5_GGAAGCTAGGGACGCA-1,51039,31066,HC11,HC,Exc_RORB_LNX2,Neuronal,Exc_RORB_LNX2
4_AGGGCCTTCGTAATCA-1,14701,12677,HC28,HC,Exc_RORB_LNX2,Neuronal,Exc_RORB_LNX2
26_CGTGCTTTCGGTTAGT-1,21010,22925,HC17,HC,Exc_RORB_LNX2,Neuronal,Exc_RORB_LNX2
7_TCGCGAGGTTTCGCGC-1,43577,6063,HC23,HC,Exc_RORB_LNX2,Neuronal,Exc_RORB_LNX2
2_GTTTGCTGTTGGATCA-1,23577,11135,HC3,HC,Exc_RORB_LNX2,Neuronal,Exc_RORB_LNX2
23_GCGCGATTCGCACACA-1,21831,33341,HC10,HC,Exc_RORB_LNX2,Neuronal,Exc_RORB_LNX2
2_AAGAATCAGACAAAGT-1,12818,13422,HC2,HC,Exc_RORB_LNX2,Neuronal,Exc_RORB_LNX2
23_CAAACACTCCTGAGTG-1,34569,31268,HC9,HC,Exc_RORB_LNX2,Neuronal,Exc_RORB_LNX2
5_TACGTACAGTGAACCT-1,26647,6367,HC12,HC,Exc_RORB_LNX2,Neuronal,Exc_RORB_LNX2
24_ATGGCCGGTGATTACG-1,39857,33175,HC13,HC,Exc_RORB_LNX2,Neuronal,Exc_RORB_LNX2
4_GCGTGCTAGATTGAGG-1,19445,14000,HC31,HC,Exc_RORB_LNX2,Neuronal,Exc_RORB_LNX2
2_TAATGCATCATGGTTA-1,23682,17170,HC4,HC,Exc_RORB_LNX2,Neuronal,Exc_RORB_LNX2
32_TTTGGCTGTTCCAGGG-1,21048,75556,HC30,HC,Exc_RORB_LNX2,Neuronal,Exc_RORB_LNX2
18_CGTGGTTCATTCAGCA-1,10490,12779,HC7,HC,Exc_RORB_LNX2,Neuronal,Exc_RORB_LNX2
5_AGTAACGAGATGCCTG-1,6011,8933,HC11,HC,Exc_RORB_LNX2,Neuronal,Exc_RORB_LNX2
4_CAGCAAGCACTTAACG-1,6299,26646,HC28,HC,Exc_RORB_LNX2,Neuronal,Exc_RORB_LNX2
26_TTCAGGTAGTTTGTCT-1,10126,107480,HC20,HC,Exc_RORB_LNX2,Neuronal,Exc_RORB_LNX2
30_ATTACTGAGGCCTAAT-1,48483,80034,HC27,HC,Exc_RORB_LNX2,Neuronal,Exc_RORB_LNX2
18_TCCTTAGTCATGGTGT-1,18089,21846,HC6,HC,Exc_RORB_LNX2,Neuronal,Exc_RORB_LNX2
14_GGTTGCATCCTTGTTG-1,11380,37097,HC3,HC,Exc_RORB_LNX2,Neuronal,Exc_RORB_LNX2
26_TTAGCTGCAGTAAGTA-1,26442,24976,HC18,HC,Exc_RORB_LNX2,Neuronal,Exc_RORB_LNX2
30_CTCCTCACAAGTTATC-1,27854,62861,HC25,HC,Exc_RORB_LNX2,Neuronal,Exc_RORB_LNX2
23_GATGCGACAAAGCGCA-1,8128,26767,HC10,HC,Exc_RORB_LNX2,Neuronal,Exc_RORB_LNX2
18_ACGACAAAGTTAGTGC-1,17207,40330,HC5,HC,Exc_RORB_LNX2,Neuronal,Exc_RORB_LNX2
7_ACGCCTAAGCACGTTG-1,22286,10751,HC23,HC,Exc_RORB_LNX2,Neuronal,Exc_RORB_LNX2
26_AAGAACAGTCATGCCC-1,11655,99614,HC17,HC,Exc_RORB_LNX2,Neuronal,Exc_RORB_LNX2
28_GACTTGGTCGTACCGA-1,13083,63065,HC24,HC,Exc_RORB_LNX2,Neuronal,Exc_RORB_LNX2
25_CATTATGAGCTCCTAC-1,32056,37250,HC32,HC,Exc_RORB_LNX2,Neuronal,Exc_RORB_LNX2
26_AGGAACGGTTATAGCG-1,17731,20083,HC19,HC,Exc_RORB_LNX2,Neuronal,Exc_RORB_LNX2
18_TATGGATGTGGATTCA-1,12610,14118,HC8,HC,Exc_RORB_LNX2,Neuronal,Exc_RORB_LNX2
7_GAGCCTTCATTGTGCA-1,30769,51005,HC26,HC,Exc_RORB_LNX2,Neuronal,Exc_RORB_LNX2
2_GTTAAGCTCGACAAAG-1,29056,15711,HC2,HC,Exc_RORB_LNX2,Neuronal,Exc_RORB_LNX2
4_CGGAGTCTCATGTCAA-1,23347,34248,HC21,HC,Exc_RORB_LNX2,Neuronal,Exc_RORB_LNX2
2_TAGCCTGAGTGTTGCG-1,38416,19758,HC1,HC,Exc_RORB_LNX2,Neuronal,Exc_RORB_LNX2
24_TAGGAACCAGATTCAT-1,17352,20323,HC14,HC,Exc_RORB_LNX2,Neuronal,Exc_RORB_LNX2
28_CCGCTTAGTCTTACTA-1,32754,36501,HC22,HC,Exc_RORB_LNX2,Neuronal,Exc_RORB_LNX2
24_TAGCCGGGTTCATCTA-1,8105,84486,HC16,HC,Exc_RORB_LNX2,Neuronal,Exc_RORB_LNX2
2_CAAGCTAGTTGAGCCG-1,25330,24376,HC4,HC,Exc_RORB_LNX2,Neuronal,Exc_RORB_LNX2
28_CGGTTTCTCATCCTGC-1,36658,6497,HC22,HC,Exc_RORB_LNX2,Neuronal,Exc_RORB_LNX2
26_CAATCGCCAGCTTAAT-1,32606,104975,HC20,HC,Exc_RORB_LNX2,Neuronal,Exc_RORB_LNX2
8_CGCAAATTCCTTGCGT-1,6090,55257,HC18,HC,Exc_RORB_LNX2,Neuronal,Exc_RORB_LNX2
18_TTTACGCGTTAGAGCC-1,16785,17149,HC5,HC,Exc_RORB_LNX2,Neuronal,Exc_RORB_LNX2
26_ACATTAGTCGCTAGTG-1,27135,26685,HC19,HC,Exc_RORB_LNX2,Neuronal,Exc_RORB_LNX2
23_GTTTACCGTAATCGGC-1,11159,62010,HC9,HC,Exc_RORB_LNX2,Neuronal,Exc_RORB_LNX2
18_GTTTAACCAATCCCTT-1,19834,38637,HC7,HC,Exc_RORB_LNX2,Neuronal,Exc_RORB_LNX2
30_GTTAACCAGTAGAGGC-1,13427,48882,HC25,HC,Exc_RORB_LNX2,Neuronal,Exc_RORB_LNX2
4_CGTTGCAAGTCACTCC-1,11608,17973,HC31,HC,Exc_RORB_LNX2,Neuronal,Exc_RORB_LNX2
32_GGCAGGATCCTTAAGA-1,27525,157635,HC30,HC,Exc_RORB_LNX2,Neuronal,Exc_RORB_LNX2
5_TGACTTCGTGTGTCCC-1,51829,22080,HC12,HC,Exc_RORB_LNX2,Neuronal,Exc_RORB_LNX2
18_GATTCAGGTCACAAAT-1,12325,18276,HC6,HC,Exc_RORB_LNX2,Neuronal,Exc_RORB_LNX2
24_GATCAAGAGGCGCATC-1,21451,34405,HC13,HC,Exc_RORB_LNX2,Neuronal,Exc_RORB_LNX2
2_TGTATCGCAATATACC-1,16512,17025,HC1,HC,Exc_RORB_LNX2,Neuronal,Exc_RORB_LNX2
25_TGTATCCGTTTAACGG-1,17324,26658,HC32,HC,Exc_RORB_LNX2,Neuronal,Exc_RORB_LNX2
30_GGTATGTTCCAAATCA-1,43214,65301,HC27,HC,Exc_RORB_LNX2,Neuronal,Exc_RORB_LNX2
5_TATTGACCATAGTCAT-1,22141,25765,HC11,HC,Exc_RORB_LNX2,Neuronal,Exc_RORB_LNX2
2_TGCATTAAGCGGATAA-1,18483,6374,HC3,HC,Exc_RORB_LNX2,Neuronal,Exc_RORB_LNX2
24_GCTTGTTGTCTCACTG-1,8928,28542,HC14,HC,Exc_RORB_LNX2,Neuronal,Exc_RORB_LNX2
28_TGCAGGCTCACGTTAA-1,20330,37128,HC23,HC,Exc_RORB_LNX2,Neuronal,Exc_RORB_LNX2
5_CCTACTGGTTAGCTGA-1,16899,14850,HC10,HC,Exc_RORB_LNX2,Neuronal,Exc_RORB_LNX2
28_GTCGAAGCAGTTTACG-1,26598,31800,HC21,HC,Exc_RORB_LNX2,Neuronal,Exc_RORB_LNX2
18_GACAATACATGTCAAT-1,20953,21502,HC8,HC,Exc_RORB_LNX2,Neuronal,Exc_RORB_LNX2
30_AAGTCTATCGACAAAG-1,32026,55008,HC26,HC,Exc_RORB_LNX2,Neuronal,Exc_RORB_LNX2
8_GGTCTTTGTTCCTGAT-1,8996,49544,HC24,HC,Exc_RORB_LNX2,Neuronal,Exc_RORB_LNX2
24_TCTTTGTAGCTTAGCG-1,7353,35113,HC16,HC,Exc_RORB_LNX2,Neuronal,Exc_RORB_LNX2
4_AACGCTAGTCACACCC-1,21663,39882,HC28,HC,Exc_RORB_LNX2,Neuronal,Exc_RORB_LNX2
2_GACCTGATCAATCTAG-1,24155,32263,HC2,HC,Exc_RORB_LNX2,Neuronal,Exc_RORB_LNX2
24_TTAGGCTAGATGCCTG-1,22471,30939,HC14,HC,Exc_RORB_LNX2,Neuronal,Exc_RORB_LNX2
26_ACTAACCAGCAAGGTA-1,16134,21649,HC20,HC,Exc_RORB_LNX2,Neuronal,Exc_RORB_LNX2
2_CCTGTAACAATTGCGC-1,44129,40306,HC2,HC,Exc_RORB_LNX2,Neuronal,Exc_RORB_LNX2
23_GTGTCCAAGGGTGAGT-1,11529,15239,HC12,HC,Exc_RORB_LNX2,Neuronal,Exc_RORB_LNX2
28_GCCACTAAGCTGTAAC-1,50671,15801,HC22,HC,Exc_RORB_LNX2,Neuronal,Exc_RORB_LNX2
18_GGCAGGATCTAGCTTT-1,10320,13008,HC8,HC,Exc_RORB_LNX2,Neuronal,Exc_RORB_LNX2
7_TGCTAACAGTTATCCT-1,34644,81470,HC25,HC,Exc_RORB_LNX2,Neuronal,Exc_RORB_LNX2
23_ACAACAACAGGCTACT-1,42073,89079,HC9,HC,Exc_RORB_LNX2,Neuronal,Exc_RORB_LNX2
4_GAGGTTAAGAAAGGAA-1,17253,33767,HC30,HC,Exc_RORB_LNX2,Neuronal,Exc_RORB_LNX2
30_CTTAGTTTCAAATCGC-1,40738,47556,HC27,HC,Exc_RORB_LNX2,Neuronal,Exc_RORB_LNX2
18_CGCATGATCACCATTT-1,15578,21568,HC5,HC,Exc_RORB_LNX2,Neuronal,Exc_RORB_LNX2
23_GGAACCTGTCATAACG-1,34494,26594,HC11,HC,Exc_RORB_LNX2,Neuronal,Exc_RORB_LNX2
18_CTGGCTAAGGCATTGT-1,24731,25657,HC6,HC,Exc_RORB_LNX2,Neuronal,Exc_RORB_LNX2
26_CGTTAAATCGCCTAAG-1,23674,14554,HC19,HC,Exc_RORB_LNX2,Neuronal,Exc_RORB_LNX2
30_TGTGGCGGTTAATGAC-1,40068,43359,HC26,HC,Exc_RORB_LNX2,Neuronal,Exc_RORB_LNX2
26_CGTAGTTAGATTGAGG-1,6897,93030,HC18,HC,Exc_RORB_LNX2,Neuronal,Exc_RORB_LNX2
2_CTCCCTGAGCTGGAAA-1,30203,13860,HC4,HC,Exc_RORB_LNX2,Neuronal,Exc_RORB_LNX2
32_CAATAAGCAGGCTTCG-1,20113,109552,HC31,HC,Exc_RORB_LNX2,Neuronal,Exc_RORB_LNX2
28_CGTTTCTCATATTGAC-1,19438,56330,HC23,HC,Exc_RORB_LNX2,Neuronal,Exc_RORB_LNX2
4_AGAATCTGTTGTAAAC-1,15774,14193,HC28,HC,Exc_RORB_LNX2,Neuronal,Exc_RORB_LNX2
25_TACAAGCTCCACCTTA-1,10047,41322,HC32,HC,Exc_RORB_LNX2,Neuronal,Exc_RORB_LNX2
14_GTCATCCTCTAATCAG-1,12442,36746,HC3,HC,Exc_RORB_LNX2,Neuronal,Exc_RORB_LNX2
18_GTTGTGAGTTTATCTG-1,6692,14882,HC7,HC,Exc_RORB_LNX2,Neuronal,Exc_RORB_LNX2
24_GCCCATAAGAGAGGCT-1,7826,55169,HC13,HC,Exc_RORB_LNX2,Neuronal,Exc_RORB_LNX2
4_GGCATGGAGCGAGTAA-1,21727,40997,HC21,HC,Exc_RORB_LNX2,Neuronal,Exc_RORB_LNX2
2_CGATTTGCACAACCTA-1,6357,23816,HC1,HC,Exc_RORB_LNX2,Neuronal,Exc_RORB_LNX2
5_GAGGACTAGGTAAGCA-1,11301,18222,HC10,HC,Exc_RORB_LNX2,Neuronal,Exc_RORB_LNX2
24_CGAACCGGTTCATCTA-1,17614,66106,HC16,HC,Exc_RORB_LNX2,Neuronal,Exc_RORB_LNX2
24_AGCTAAACATCACAGC-1,19254,23452,HC14,HC,Exc_RORB_RTKN2,Neuronal,Exc_RORB_RTKN2
18_CGATTATCACCTATAG-1,14098,28996,HC6,HC,Exc_RORB_RTKN2,Neuronal,Exc_RORB_RTKN2
5_GCACGGTTCTAACCTT-1,25176,18865,HC10,HC,Exc_RORB_RTKN2,Neuronal,Exc_RORB_RTKN2
2_TAGTCAATCCTAAGAC-1,29954,9605,HC2,HC,Exc_RORB_RTKN2,Neuronal,Exc_RORB_RTKN2
7_ACTTAGTCATGAATAG-1,22789,18381,HC25,HC,Exc_RORB_RTKN2,Neuronal,Exc_RORB_RTKN2
18_GAGCTTAGTGATTACG-1,19466,10225,HC7,HC,Exc_RORB_RTKN2,Neuronal,Exc_RORB_RTKN2
24_AGCCGCTAGGCTAATC-1,23160,28926,HC13,HC,Exc_RORB_RTKN2,Neuronal,Exc_RORB_RTKN2
24_AGCAAATAGCCGCTTT-1,9893,31826,HC16,HC,Exc_RORB_RTKN2,Neuronal,Exc_RORB_RTKN2
25_CGTAGTTAGCCGCAGT-1,14484,11853,HC32,HC,Exc_RORB_RTKN2,Neuronal,Exc_RORB_RTKN2
8_CCACAGGGTCCCGAAG-1,14964,14682,HC18,HC,Exc_RORB_RTKN2,Neuronal,Exc_RORB_RTKN2
26_AGTCCTGAGGTAGCTT-1,14339,19409,HC19,HC,Exc_RORB_RTKN2,Neuronal,Exc_RORB_RTKN2
26_CCTTAACGTACCGGAT-1,24575,31863,HC20,HC,Exc_RORB_RTKN2,Neuronal,Exc_RORB_RTKN2
28_GGCTGAGAGAACCTGT-1,23940,12651,HC22,HC,Exc_RORB_RTKN2,Neuronal,Exc_RORB_RTKN2
23_TCGTTAGCAATGAAGC-1,19435,18002,HC9,HC,Exc_RORB_RTKN2,Neuronal,Exc_RORB_RTKN2
28_CCAAACCCATGGTTAT-1,17791,32640,HC24,HC,Exc_RORB_RTKN2,Neuronal,Exc_RORB_RTKN2
2_TTAGCAATCCTTGCGT-1,24475,10511,HC1,HC,Exc_RORB_RTKN2,Neuronal,Exc_RORB_RTKN2
4_GACCGTTCAAAGCGGC-1,15208,19087,HC31,HC,Exc_RORB_RTKN2,Neuronal,Exc_RORB_RTKN2
4_TTTATGGAGCAGGTGG-1,15645,9575,HC28,HC,Exc_RORB_RTKN2,Neuronal,Exc_RORB_RTKN2
5_ATATAGGCATCCTAGA-1,7949,11362,HC11,HC,Exc_RORB_RTKN2,Neuronal,Exc_RORB_RTKN2
28_TACTTGTTCATTGTCT-1,20046,18092,HC21,HC,Exc_RORB_RTKN2,Neuronal,Exc_RORB_RTKN2
30_TTAGTCAAGAACCTGT-1,33035,49442,HC27,HC,Exc_RORB_RTKN2,Neuronal,Exc_RORB_RTKN2
2_CGCCTCATCGGCTATG-1,23570,8704,HC3,HC,Exc_RORB_RTKN2,Neuronal,Exc_RORB_RTKN2
18_GTCTATGCATAGCGAG-1,19864,11673,HC5,HC,Exc_RORB_RTKN2,Neuronal,Exc_RORB_RTKN2
26_GCATTAGGTATGGTGC-1,29250,30464,HC17,HC,Exc_RORB_RTKN2,Neuronal,Exc_RORB_RTKN2
5_ATGAATGCAGGCTTGT-1,26793,10470,HC12,HC,Exc_RORB_RTKN2,Neuronal,Exc_RORB_RTKN2
7_TCCAGGATCCCTGGAA-1,6215,20009,HC23,HC,Exc_RORB_RTKN2,Neuronal,Exc_RORB_RTKN2
18_TATATCCTCGCATTAA-1,19675,17475,HC8,HC,Exc_RORB_RTKN2,Neuronal,Exc_RORB_RTKN2
4_CTGAAACTCTGCAAAC-1,8841,19290,HC30,HC,Exc_RORB_RTKN2,Neuronal,Exc_RORB_RTKN2
2_CAGCCTAAGCGATAGA-1,23734,11253,HC4,HC,Exc_RORB_RTKN2,Neuronal,Exc_RORB_RTKN2
30_CTTGTCCAGTTAGGCT-1,11172,56296,HC26,HC,Exc_RORB_RTKN2,Neuronal,Exc_RORB_RTKN2
24_TTGAGGCGTTGCGGAT-1,25976,13352,HC16,HC,Exc_RORB_RTKN2,Neuronal,Exc_RORB_RTKN2
18_CTAGTGAGTCCTCCAA-1,12948,14943,HC6,HC,Exc_RORB_RTKN2,Neuronal,Exc_RORB_RTKN2
23_GTTAACGGTCATGCAA-1,34429,19947,HC9,HC,Exc_RORB_RTKN2,Neuronal,Exc_RORB_RTKN2
26_CTTAATGAGGGTGAAC-1,16626,14379,HC19,HC,Exc_RORB_RTKN2,Neuronal,Exc_RORB_RTKN2
28_TACCTCATCCTCATCA-1,20570,52840,HC22,HC,Exc_RORB_RTKN2,Neuronal,Exc_RORB_RTKN2
28_AATGCGCGTAACCTAG-1,23145,20362,HC23,HC,Exc_RORB_RTKN2,Neuronal,Exc_RORB_RTKN2
30_TACTTGTTCAAGACTC-1,21299,75144,HC27,HC,Exc_RORB_RTKN2,Neuronal,Exc_RORB_RTKN2
24_GTTCTCATCAGGCCTA-1,34282,35826,HC13,HC,Exc_RORB_RTKN2,Neuronal,Exc_RORB_RTKN2
30_TCAGCAAGTGCACGCA-1,17240,10746,HC26,HC,Exc_RORB_RTKN2,Neuronal,Exc_RORB_RTKN2
18_CTGGCTAAGTTTCCTG-1,18315,18602,HC7,HC,Exc_RORB_RTKN2,Neuronal,Exc_RORB_RTKN2
2_TTTGGCTGTTCATCTA-1,12322,20459,HC1,HC,Exc_RORB_RTKN2,Neuronal,Exc_RORB_RTKN2
5_GCCATGATCCTAAGAC-1,21697,18521,HC10,HC,Exc_RORB_RTKN2,Neuronal,Exc_RORB_RTKN2
2_ACCCTGTTCAGCAAGA-1,6751,15528,HC2,HC,Exc_RORB_RTKN2,Neuronal,Exc_RORB_RTKN2
4_GATCAGTTCAATCTCT-1,10269,28249,HC31,HC,Exc_RORB_RTKN2,Neuronal,Exc_RORB_RTKN2
24_GATTGATGTGGACATC-1,6272,6681,HC14,HC,Exc_RORB_RTKN2,Neuronal,Exc_RORB_RTKN2
2_AGCTACGTCTTAGGAC-1,22846,13115,HC4,HC,Exc_RORB_RTKN2,Neuronal,Exc_RORB_RTKN2
18_GCTCCTTAGGTTACGT-1,19902,16613,HC5,HC,Exc_RORB_RTKN2,Neuronal,Exc_RORB_RTKN2
26_ACCATTAAGCCTGACA-1,19990,35407,HC17,HC,Exc_RORB_RTKN2,Neuronal,Exc_RORB_RTKN2
4_TACAAGCTCGTGCTTC-1,12694,11638,HC28,HC,Exc_RORB_RTKN2,Neuronal,Exc_RORB_RTKN2
5_GTAAGCGCATGGTTAT-1,22029,5602,HC11,HC,Exc_RORB_RTKN2,Neuronal,Exc_RORB_RTKN2
14_GGTTAGCGTGTCCTGC-1,24279,11834,HC3,HC,Exc_RORB_RTKN2,Neuronal,Exc_RORB_RTKN2
8_CATAGTCAGTTATCTC-1,20232,23630,HC24,HC,Exc_RORB_RTKN2,Neuronal,Exc_RORB_RTKN2
23_TTGGAGGCAAACCTTG-1,17795,10267,HC12,HC,Exc_RORB_RTKN2,Neuronal,Exc_RORB_RTKN2
7_CGATTGAGTAACGTGC-1,21647,21961,HC25,HC,Exc_RORB_RTKN2,Neuronal,Exc_RORB_RTKN2
8_CGAAGAATCATTAGGC-1,6588,16649,HC18,HC,Exc_RORB_RTKN2,Neuronal,Exc_RORB_RTKN2
18_TATGGATGTGAGACTC-1,20825,12518,HC8,HC,Exc_RORB_RTKN2,Neuronal,Exc_RORB_RTKN2
32_GTGTGCGGTGGACCTG-1,22850,47345,HC30,HC,Exc_RORB_RTKN2,Neuronal,Exc_RORB_RTKN2
4_ATATGGTGTTAGAGCC-1,22652,7735,HC21,HC,Exc_RORB_RTKN2,Neuronal,Exc_RORB_RTKN2
8_ACCTCACTCATGCTTT-1,8735,21700,HC24,HC,Exc_RORB_RTKN2,Neuronal,Exc_RORB_RTKN2
18_TGAGGCACACCTGTAA-1,11656,13421,HC7,HC,Exc_RORB_RTKN2,Neuronal,Exc_RORB_RTKN2
30_TCGGTTCTCACCAATA-1,27648,56580,HC27,HC,Exc_RORB_RTKN2,Neuronal,Exc_RORB_RTKN2
14_GAGGACTAGCTGTAAC-1,28665,10228,HC3,HC,Exc_RORB_RTKN2,Neuronal,Exc_RORB_RTKN2
2_TGCTCTCAGGAGCAAC-1,52467,25945,HC1,HC,Exc_RORB_RTKN2,Neuronal,Exc_RORB_RTKN2
2_AATTTGCCAACCTAAT-1,27603,13266,HC2,HC,Exc_RORB_RTKN2,Neuronal,Exc_RORB_RTKN2
24_CGTGTTACAAGCCAGA-1,16975,18018,HC16,HC,Exc_RORB_RTKN2,Neuronal,Exc_RORB_RTKN2
18_CTATGGCCACCGTTCC-1,6871,17353,HC5,HC,Exc_RORB_RTKN2,Neuronal,Exc_RORB_RTKN2
24_TCAAGAACACAACAGG-1,15675,23408,HC14,HC,Exc_RORB_RTKN2,Neuronal,Exc_RORB_RTKN2
30_CTGAAACTCCCTGACT-1,7775,50307,HC25,HC,Exc_RORB_RTKN2,Neuronal,Exc_RORB_RTKN2
4_TTTCCTGAGGCCGGAA-1,17021,13286,HC30,HC,Exc_RORB_RTKN2,Neuronal,Exc_RORB_RTKN2
24_CAACCCGCAGGAATCG-1,14612,24159,HC13,HC,Exc_RORB_RTKN2,Neuronal,Exc_RORB_RTKN2
32_AACTGTTCATACTCCT-1,10076,74122,HC28,HC,Exc_RORB_RTKN2,Neuronal,Exc_RORB_RTKN2
2_ACCTTGTGTTTGGCGG-1,6837,11441,HC4,HC,Exc_RORB_RTKN2,Neuronal,Exc_RORB_RTKN2
18_GGTTGCGGTTTGCAGA-1,18757,11011,HC8,HC,Exc_RORB_RTKN2,Neuronal,Exc_RORB_RTKN2
23_CATTGCGAGGCATTAC-1,22019,24406,HC9,HC,Exc_RORB_RTKN2,Neuronal,Exc_RORB_RTKN2
28_CGTAGCGGTGGAAGGC-1,19446,13659,HC22,HC,Exc_RORB_RTKN2,Neuronal,Exc_RORB_RTKN2
28_TCCCTCACACAATTAC-1,18111,32854,HC23,HC,Exc_RORB_RTKN2,Neuronal,Exc_RORB_RTKN2
5_GGGTCAACACTAAGTT-1,16688,19125,HC10,HC,Exc_RORB_RTKN2,Neuronal,Exc_RORB_RTKN2
30_AGGAACCAGAGGGACT-1,20966,25781,HC26,HC,Exc_RORB_RTKN2,Neuronal,Exc_RORB_RTKN2
26_TATCCAGCAACCGCCA-1,16748,28859,HC19,HC,Exc_RORB_RTKN2,Neuronal,Exc_RORB_RTKN2
5_ATCCTGACAATCTCTC-1,24234,23852,HC12,HC,Exc_RORB_RTKN2,Neuronal,Exc_RORB_RTKN2
5_TGATCAATCTTGACCC-1,18191,6517,HC11,HC,Exc_RORB_RTKN2,Neuronal,Exc_RORB_RTKN2
4_ACCGCAATCCTACCTA-1,18221,21442,HC31,HC,Exc_RORB_RTKN2,Neuronal,Exc_RORB_RTKN2
18_TGTGCTGAGGACACTT-1,15786,9742,HC6,HC,Exc_RORB_RTKN2,Neuronal,Exc_RORB_RTKN2
4_ATTACTGAGCTTATGA-1,19450,11089,HC21,HC,Exc_RORB_RTKN2,Neuronal,Exc_RORB_RTKN2
26_CGTTATTTCTTACTCG-1,7445,55097,HC17,HC,Exc_RORB_RTKN2,Neuronal,Exc_RORB_RTKN2
2_TAGTCAATCAATCATG-1,15017,13176,HC4,HC,Exc_RORB_RTKN2,Neuronal,Exc_RORB_RTKN2
5_TAGTAGGAGGTCCTAG-1,58502,21851,HC12,HC,Exc_RORB_RTKN2,Neuronal,Exc_RORB_RTKN2
28_TTCAGTTTCATCCTGC-1,16412,54924,HC22,HC,Exc_RORB_RTKN2,Neuronal,Exc_RORB_RTKN2
30_ATCCTGACATGACTAT-1,27082,39183,HC27,HC,Exc_RORB_RTKN2,Neuronal,Exc_RORB_RTKN2
4_ACCCGGTAGCGGGCAA-1,14211,10608,HC30,HC,Exc_RORB_RTKN2,Neuronal,Exc_RORB_RTKN2
23_TGATGACTCGCAGGCT-1,20263,13589,HC10,HC,Exc_RORB_RTKN2,Neuronal,Exc_RORB_RTKN2
18_TGAGGGCCAGGCTACT-1,12682,13111,HC7,HC,Exc_RORB_RTKN2,Neuronal,Exc_RORB_RTKN2
23_GTAAGCAAGCATCCAG-1,28037,22136,HC9,HC,Exc_RORB_RTKN2,Neuronal,Exc_RORB_RTKN2
2_ATGGCTTAGGGACTAA-1,27233,12886,HC2,HC,Exc_RORB_RTKN2,Neuronal,Exc_RORB_RTKN2
30_AGTGTTTCACAAAGGT-1,31240,31078,HC25,HC,Exc_RORB_RTKN2,Neuronal,Exc_RORB_RTKN2
18_GCTTGTTGTCAAGTGC-1,15843,9159,HC5,HC,Exc_RORB_RTKN2,Neuronal,Exc_RORB_RTKN2
2_CGACAAGCACCAGCAT-1,16244,11255,HC1,HC,Exc_RORB_RTKN2,Neuronal,Exc_RORB_RTKN2
26_CCTAGTTGTTGGTTGA-1,10441,33591,HC17,HC,Exc_RORB_RTKN2,Neuronal,Exc_RORB_RTKN2
24_GAGCATGCACGTAATT-1,20796,32386,HC13,HC,Exc_RORB_RTKN2,Neuronal,Exc_RORB_RTKN2
4_TCCGGAATCATGCTTT-1,14134,15510,HC31,HC,Exc_RORB_RTKN2,Neuronal,Exc_RORB_RTKN2
28_CGGTTTCTCGACAAAG-1,5870,16364,HC21,HC,Exc_RORB_RTKN2,Neuronal,Exc_RORB_RTKN2
28_GCTGTACCATTGGGAG-1,48895,16680,HC23,HC,Exc_RORB_RTKN2,Neuronal,Exc_RORB_RTKN2
24_GCAATCTAGCGTGCGT-1,12296,12316,HC14,HC,Exc_RORB_RTKN2,Neuronal,Exc_RORB_RTKN2
30_CCGTTGCGTTGCTTCG-1,5992,29665,HC26,HC,Exc_RORB_RTKN2,Neuronal,Exc_RORB_RTKN2
24_GCTCATTGTACCAGGT-1,5793,34788,HC16,HC,Exc_RORB_RTKN2,Neuronal,Exc_RORB_RTKN2
4_GGTATTTCACAGCCAT-1,12752,16719,HC28,HC,Exc_RORB_RTKN2,Neuronal,Exc_RORB_RTKN2
28_TGGCCATCATCTTGAG-1,21845,34413,HC24,HC,Exc_RORB_RTKN2,Neuronal,Exc_RORB_RTKN2
18_GTATTCAAGGACACTT-1,12424,12898,HC6,HC,Exc_RORB_RTKN2,Neuronal,Exc_RORB_RTKN2
18_AGTAAACAGATAACCC-1,15442,15306,HC8,HC,Exc_RORB_RTKN2,Neuronal,Exc_RORB_RTKN2
14_ACCACACCATGAATCT-1,24686,12817,HC3,HC,Exc_RORB_RTKN2,Neuronal,Exc_RORB_RTKN2
5_TGTTATGAGCTCGCTT-1,13921,6517,HC11,HC,Exc_RORB_RTKN2,Neuronal,Exc_RORB_RTKN2
18_GATTACTCACATAACT-1,10520,17080,HC6,HC,Exc_RORB_RTKN2,Neuronal,Exc_RORB_RTKN2
24_ATGGCTGTCCTCAGCT-1,10652,22032,HC14,HC,Exc_RORB_RTKN2,Neuronal,Exc_RORB_RTKN2
2_TTGGGCCAGTGAACCT-1,16007,11339,HC4,HC,Exc_RORB_RTKN2,Neuronal,Exc_RORB_RTKN2
4_TGGTTCCTCCTTGCAC-1,24876,15557,HC21,HC,Exc_RORB_RTKN2,Neuronal,Exc_RORB_RTKN2
18_TTTGTGTTCAGGTCCA-1,10236,15415,HC7,HC,Exc_RORB_RTKN2,Neuronal,Exc_RORB_RTKN2
2_TCAAGCTAGAGAGCCG-1,28177,9618,HC1,HC,Exc_RORB_RTKN2,Neuronal,Exc_RORB_RTKN2
32_ACAACAGAGTGCTGTG-1,13579,33081,HC31,HC,Exc_RORB_RTKN2,Neuronal,Exc_RORB_RTKN2
7_TACAGGTTCGGGATTT-1,14686,22101,HC26,HC,Exc_RORB_RTKN2,Neuronal,Exc_RORB_RTKN2
24_TGTCATAAGGGTGGAT-1,16834,21676,HC16,HC,Exc_RORB_RTKN2,Neuronal,Exc_RORB_RTKN2
28_CTGTATTTCAAACTCA-1,27082,11887,HC22,HC,Exc_RORB_RTKN2,Neuronal,Exc_RORB_RTKN2
8_CCTTCGTAGATGGAGC-1,18526,15453,HC24,HC,Exc_RORB_RTKN2,Neuronal,Exc_RORB_RTKN2
5_CACCGGTAGCTTACTT-1,14839,15396,HC12,HC,Exc_RORB_RTKN2,Neuronal,Exc_RORB_RTKN2
24_TCGGTTTGTACCGTTT-1,24856,29093,HC13,HC,Exc_RORB_RTKN2,Neuronal,Exc_RORB_RTKN2
7_AGCATCCCATTAAAGG-1,11507,23964,HC23,HC,Exc_RORB_RTKN2,Neuronal,Exc_RORB_RTKN2
32_CCTATAGCATAATCAC-1,13443,63213,HC28,HC,Exc_RORB_RTKN2,Neuronal,Exc_RORB_RTKN2
32_AGGTATTGTATTCGTC-1,14115,28923,HC30,HC,Exc_RORB_RTKN2,Neuronal,Exc_RORB_RTKN2
18_GATTATGTCCACCTGT-1,20340,24834,HC8,HC,Exc_RORB_RTKN2,Neuronal,Exc_RORB_RTKN2
26_GGCCGTTAGAACAAGT-1,28832,29844,HC17,HC,Exc_RORB_RTKN2,Neuronal,Exc_RORB_RTKN2
2_AATGAAGGTTGCGGAT-1,24403,9047,HC2,HC,Exc_RORB_RTKN2,Neuronal,Exc_RORB_RTKN2
5_AATGCAACACATACTG-1,15110,17600,HC11,HC,Exc_RORB_RTKN2,Neuronal,Exc_RORB_RTKN2
18_AGGTCATTCCTCAGTC-1,13274,7792,HC5,HC,Exc_RORB_RTKN2,Neuronal,Exc_RORB_RTKN2
14_GCAGGACCAAGCTTTG-1,10729,7181,HC3,HC,Exc_RORB_RTKN2,Neuronal,Exc_RORB_RTKN2
23_CCGTTATGTTAGAGGG-1,27980,13974,HC10,HC,Exc_RORB_RTKN2,Neuronal,Exc_RORB_RTKN2
28_CATTCCTCACCTCAGG-1,23508,5637,HC22,HC,Exc_RORB_RTKN2,Neuronal,Exc_RORB_RTKN2
24_CGTGAGGAGTCTATGA-1,8175,21073,HC13,HC,Exc_RORB_RTKN2,Neuronal,Exc_RORB_RTKN2
30_AAAGGAGCATAGCTTG-1,26917,29502,HC26,HC,Exc_RORB_RTKN2,Neuronal,Exc_RORB_RTKN2
32_GAGGACTAGCAAGACA-1,24502,37660,HC30,HC,Exc_RORB_RTKN2,Neuronal,Exc_RORB_RTKN2
4_CGAAGCCTCCGCAAGC-1,38477,32433,HC31,HC,Exc_RORB_RTKN2,Neuronal,Exc_RORB_RTKN2
2_ACAGCGCTCTGGCATG-1,8830,17342,HC4,HC,Exc_RORB_RTKN2,Neuronal,Exc_RORB_RTKN2
5_TGGCGGTTCCTTAAGA-1,43726,16595,HC10,HC,Exc_RORB_RTKN2,Neuronal,Exc_RORB_RTKN2
4_CGCAAATTCCCTGATC-1,16993,17477,HC28,HC,Exc_RORB_RTKN2,Neuronal,Exc_RORB_RTKN2
5_TTTCACCCACCAGGTT-1,19338,18284,HC11,HC,Exc_RORB_RTKN2,Neuronal,Exc_RORB_RTKN2
28_CTCTGTTCAGCACGTT-1,5887,38799,HC23,HC,Exc_RORB_RTKN2,Neuronal,Exc_RORB_RTKN2
24_TCATTGTTCCGTGACA-1,13164,20187,HC14,HC,Exc_RORB_RTKN2,Neuronal,Exc_RORB_RTKN2
2_GGTAAGGGTGTAACCA-1,21937,8533,HC3,HC,Exc_RORB_RTKN2,Neuronal,Exc_RORB_RTKN2
28_AGTCCTTGTTCATTTG-1,13096,13735,HC21,HC,Exc_RORB_RTKN2,Neuronal,Exc_RORB_RTKN2
8_TTGTAAGTCCCAGTAG-1,13450,16587,HC24,HC,Exc_RORB_RTKN2,Neuronal,Exc_RORB_RTKN2
18_GAAGCCTGTTTATGGG-1,10870,16743,HC8,HC,Exc_RORB_RTKN2,Neuronal,Exc_RORB_RTKN2
2_AGTAATCGTTGTTGGA-1,23687,8559,HC2,HC,Exc_RORB_RTKN2,Neuronal,Exc_RORB_RTKN2
7_GGTCCGTAGTCCTTCA-1,9219,17674,HC25,HC,Exc_RORB_TNNT2,Neuronal,Exc_RORB_TNNT2
26_GCTATAGGTTAATCGG-1,5707,31638,HC17,HC,Exc_RORB_TNNT2,Neuronal,Exc_RORB_TNNT2
24_GTTTAGCAGCTATTGA-1,10906,49167,HC14,HC,Exc_RORB_TNNT2,Neuronal,Exc_RORB_TNNT2
8_TGCCGGTAGAACAAGT-1,15991,9174,HC18,HC,Exc_RORB_TNNT2,Neuronal,Exc_RORB_TNNT2
18_GATTAGCTCCTCGATC-1,9537,16004,HC7,HC,Exc_RORB_TNNT2,Neuronal,Exc_RORB_TNNT2
4_TCATTTGGTGTGAGAG-1,14854,26861,HC31,HC,Exc_RORB_TNNT2,Neuronal,Exc_RORB_TNNT2
7_ATGGCTTAGGGCCACT-1,17145,24778,HC23,HC,Exc_RORB_TNNT2,Neuronal,Exc_RORB_TNNT2
2_ATGGCCGGTCGAAGTC-1,23881,8269,HC1,HC,Exc_RORB_TNNT2,Neuronal,Exc_RORB_TNNT2
24_GGCCTTCGTCCTAACT-1,16901,40447,HC13,HC,Exc_RORB_TNNT2,Neuronal,Exc_RORB_TNNT2
18_GGCAAGCCATTGTCAG-1,5970,15391,HC6,HC,Exc_RORB_TNNT2,Neuronal,Exc_RORB_TNNT2
4_GAACACAAGCTCAAAC-1,20548,15565,HC21,HC,Exc_RORB_TNNT2,Neuronal,Exc_RORB_TNNT2
30_AAGCGGGTCTCCTCAA-1,16371,44084,HC27,HC,Exc_RORB_TNNT2,Neuronal,Exc_RORB_TNNT2
23_AAGCGGGTCCTTAAGA-1,30250,18673,HC9,HC,Exc_RORB_TNNT2,Neuronal,Exc_RORB_TNNT2
4_GATTCGCCAGTTAGCC-1,21611,23443,HC28,HC,Exc_RORB_TNNT2,Neuronal,Exc_RORB_TNNT2
30_CGGCTCACATGTCAAT-1,20067,20147,HC26,HC,Exc_RORB_TNNT2,Neuronal,Exc_RORB_TNNT2
5_CAATGAACACATGCTA-1,27225,21819,HC11,HC,Exc_RORB_TNNT2,Neuronal,Exc_RORB_TNNT2
32_TCAAACCAGAGAGCCG-1,14100,5269,HC29,HC,Exc_RORB_TNNT2,Neuronal,Exc_RORB_TNNT2
8_GAGCTTGTCCCTGACT-1,6504,17068,HC24,HC,Exc_RORB_TNNT2,Neuronal,Exc_RORB_TNNT2
2_TGCTGGATCGATTCTT-1,29879,12128,HC3,HC,Exc_RORB_TNNT2,Neuronal,Exc_RORB_TNNT2
5_AAGGCCCTCCTAGTAA-1,34764,36631,HC10,HC,Exc_RORB_TNNT2,Neuronal,Exc_RORB_TNNT2
26_GTTGGAGCAGGCGAGT-1,24451,18862,HC20,HC,Exc_RORB_TNNT2,Neuronal,Exc_RORB_TNNT2
5_CTCCAACTCACACAGT-1,27616,21675,HC12,HC,Exc_RORB_TNNT2,Neuronal,Exc_RORB_TNNT2
18_CGAGGAAGTTTCGCGC-1,27113,19668,HC8,HC,Exc_RORB_TNNT2,Neuronal,Exc_RORB_TNNT2
28_GATCAGTTCAACAAGG-1,28925,50026,HC22,HC,Exc_RORB_TNNT2,Neuronal,Exc_RORB_TNNT2
18_ATCAGGTTCGGGCCAT-1,15328,7034,HC5,HC,Exc_RORB_TNNT2,Neuronal,Exc_RORB_TNNT2
4_AACTAGTGTTTACTTG-1,37301,25230,HC30,HC,Exc_RORB_TNNT2,Neuronal,Exc_RORB_TNNT2
26_CTACAACAGTTATCCT-1,24537,32841,HC19,HC,Exc_RORB_TNNT2,Neuronal,Exc_RORB_TNNT2
24_AAACATGCAAGGGTTG-1,18714,20531,HC16,HC,Exc_RORB_TNNT2,Neuronal,Exc_RORB_TNNT2
2_AGAATCTGTGAACAAA-1,23897,9475,HC2,HC,Exc_RORB_TNNT2,Neuronal,Exc_RORB_TNNT2
2_GCCTTACTCATAATCG-1,30639,10849,HC4,HC,Exc_RORB_TNNT2,Neuronal,Exc_RORB_TNNT2
25_AAGTCTATCGACAAAG-1,13689,14193,HC32,HC,Exc_RORB_TNNT2,Neuronal,Exc_RORB_TNNT2
18_TGTGGCGGTGGTTCTT-1,19332,7928,HC7,HC,Exc_RORB_TNNT2,Neuronal,Exc_RORB_TNNT2
23_CCCTTAATCCTGATGG-1,8704,32638,HC9,HC,Exc_RORB_TNNT2,Neuronal,Exc_RORB_TNNT2
28_AGCGATTTCCCGAAGC-1,8264,81456,HC23,HC,Exc_RORB_TNNT2,Neuronal,Exc_RORB_TNNT2
7_CTGCAATAGCTTAGCG-1,14296,8266,HC26,HC,Exc_RORB_TNNT2,Neuronal,Exc_RORB_TNNT2
32_ATGGCTGTCAAGGACA-1,12614,31340,HC31,HC,Exc_RORB_TNNT2,Neuronal,Exc_RORB_TNNT2
18_TGAGAACCAACCTAAT-1,20038,16344,HC6,HC,Exc_RORB_TNNT2,Neuronal,Exc_RORB_TNNT2
28_CTCACTCAGGCCTGGT-1,28613,33105,HC24,HC,Exc_RORB_TNNT2,Neuronal,Exc_RORB_TNNT2
28_CAGCTAAGTGGCTTCC-1,27592,29499,HC21,HC,Exc_RORB_TNNT2,Neuronal,Exc_RORB_TNNT2
4_TCTAACCGTTTAGTCC-1,15353,31394,HC28,HC,Exc_RORB_TNNT2,Neuronal,Exc_RORB_TNNT2
18_GACGTAAAGTAACAGG-1,17802,20271,HC8,HC,Exc_RORB_TNNT2,Neuronal,Exc_RORB_TNNT2
2_GCCAACATCAGTATTG-1,13225,15375,HC1,HC,Exc_RORB_TNNT2,Neuronal,Exc_RORB_TNNT2
26_AACCTCCTCCTGATGG-1,9576,25398,HC17,HC,Exc_RORB_TNNT2,Neuronal,Exc_RORB_TNNT2
24_TCCTGTTCAATAACCT-1,16945,46800,HC14,HC,Exc_RORB_TNNT2,Neuronal,Exc_RORB_TNNT2
7_TGGAACAAGGCCTAAT-1,30140,36272,HC25,HC,Exc_RORB_TNNT2,Neuronal,Exc_RORB_TNNT2
24_AATCTCAAGGCTAGAA-1,23106,33764,HC16,HC,Exc_RORB_TNNT2,Neuronal,Exc_RORB_TNNT2
24_AATAGCTGTTTCCTCC-1,26958,43123,HC13,HC,Exc_RORB_TNNT2,Neuronal,Exc_RORB_TNNT2
14_CTCTAGCTCCTCCTAA-1,25560,16662,HC3,HC,Exc_RORB_TNNT2,Neuronal,Exc_RORB_TNNT2
32_ATTATCCTCGACCTGA-1,5869,17411,HC29,HC,Exc_RORB_TNNT2,Neuronal,Exc_RORB_TNNT2
5_ATTCGTTTCGCTCCAT-1,20700,22064,HC11,HC,Exc_RORB_TNNT2,Neuronal,Exc_RORB_TNNT2
5_CCCTTAATCGCTAGAT-1,32566,28128,HC12,HC,Exc_RORB_TNNT2,Neuronal,Exc_RORB_TNNT2
25_TCGCGAGGTGGTTCTT-1,17420,16460,HC32,HC,Exc_RORB_TNNT2,Neuronal,Exc_RORB_TNNT2
26_ATTACCCGTGTTGTGA-1,9659,23623,HC19,HC,Exc_RORB_TNNT2,Neuronal,Exc_RORB_TNNT2
18_GAGTGAGGTTAGGCTA-1,15580,25671,HC5,HC,Exc_RORB_TNNT2,Neuronal,Exc_RORB_TNNT2
2_CTACTAAAGGTTAGAG-1,29257,7521,HC4,HC,Exc_RORB_TNNT2,Neuronal,Exc_RORB_TNNT2
32_TTGGAGGCAAGGTACG-1,23268,35204,HC30,HC,Exc_RORB_TNNT2,Neuronal,Exc_RORB_TNNT2
5_CGTGAGGAGAGGAGTC-1,28852,16279,HC10,HC,Exc_RORB_TNNT2,Neuronal,Exc_RORB_TNNT2
14_GCGCGATTCTATCGCC-1,33367,14426,HC2,HC,Exc_RORB_TNNT2,Neuronal,Exc_RORB_TNNT2
26_AATCTTGAGTTAGTGC-1,25087,17982,HC20,HC,Exc_RORB_TNNT2,Neuronal,Exc_RORB_TNNT2
26_ATTCGTTTCTGTGCAG-1,23795,39560,HC20,HC,Exc_RORB_TNNT2,Neuronal,Exc_RORB_TNNT2
32_AAGTAGCCAGCTTAGC-1,16632,21196,HC29,HC,Exc_RORB_TNNT2,Neuronal,Exc_RORB_TNNT2
18_GGTTAATGTGCTAGAC-1,6041,17510,HC8,HC,Exc_RORB_TNNT2,Neuronal,Exc_RORB_TNNT2
18_CTAATTGAGCTCAAAC-1,16843,6452,HC6,HC,Exc_RORB_TNNT2,Neuronal,Exc_RORB_TNNT2
8_ATCATCAAGTAGGCGG-1,26500,11325,HC24,HC,Exc_RORB_TNNT2,Neuronal,Exc_RORB_TNNT2
7_CATTCATTCCTGAATA-1,30744,23819,HC26,HC,Exc_RORB_TNNT2,Neuronal,Exc_RORB_TNNT2
25_ATGAATGCATTAGGCC-1,21475,37009,HC32,HC,Exc_RORB_TNNT2,Neuronal,Exc_RORB_TNNT2
14_TCCATTGTCTTCAATC-1,28761,8820,HC2,HC,Exc_RORB_TNNT2,Neuronal,Exc_RORB_TNNT2
23_CGGATAAAGCAAGGTA-1,34133,17610,HC9,HC,Exc_RORB_TNNT2,Neuronal,Exc_RORB_TNNT2
7_GCTAAGAAGCTGAGGG-1,15732,16534,HC23,HC,Exc_RORB_TNNT2,Neuronal,Exc_RORB_TNNT2
4_GGTTGAGCAATAGCAA-1,6194,12056,HC21,HC,Exc_RORB_TNNT2,Neuronal,Exc_RORB_TNNT2
14_TATGGCCCACGTGCTG-1,25987,12420,HC3,HC,Exc_RORB_TNNT2,Neuronal,Exc_RORB_TNNT2
5_CGGGCTTAGGTAAGGC-1,20466,32795,HC12,HC,Exc_RORB_TNNT2,Neuronal,Exc_RORB_TNNT2
24_CAAGTGAAGACAGGCG-1,24311,17143,HC16,HC,Exc_RORB_TNNT2,Neuronal,Exc_RORB_TNNT2
18_TCGCTAACATTAGCCA-1,16345,11147,HC5,HC,Exc_RORB_TNNT2,Neuronal,Exc_RORB_TNNT2
24_ATCATCAAGGAGCACG-1,12289,22675,HC14,HC,Exc_RORB_TNNT2,Neuronal,Exc_RORB_TNNT2
30_GTACTTAAGGCCTGGT-1,39758,65078,HC25,HC,Exc_RORB_TNNT2,Neuronal,Exc_RORB_TNNT2
26_AATACCGGTTAGTTGG-1,11302,41328,HC19,HC,Exc_RORB_TNNT2,Neuronal,Exc_RORB_TNNT2
18_ACTTCGCTCCCTCGCA-1,16636,19186,HC7,HC,Exc_RORB_TNNT2,Neuronal,Exc_RORB_TNNT2
24_TTGCAATCACTAAATC-1,12051,40743,HC13,HC,Exc_RORB_TNNT2,Neuronal,Exc_RORB_TNNT2
2_CCTGAATAGGATCACT-1,26033,17747,HC4,HC,Exc_RORB_TNNT2,Neuronal,Exc_RORB_TNNT2
32_TCAAGTATCGATTATG-1,15370,63492,HC31,HC,Exc_RORB_TNNT2,Neuronal,Exc_RORB_TNNT2
4_CCCTAATGTTAAATGC-1,13340,26000,HC28,HC,Exc_RORB_TNNT2,Neuronal,Exc_RORB_TNNT2
23_CCGTTATGTTTGTCTA-1,51642,77386,HC10,HC,Exc_RORB_TNNT2,Neuronal,Exc_RORB_TNNT2
2_GTAGGATCACCGGCTA-1,22478,12036,HC1,HC,Exc_RORB_TNNT2,Neuronal,Exc_RORB_TNNT2
5_GTGCACGGTTAACGAT-1,20669,13970,HC11,HC,Exc_RORB_TNNT2,Neuronal,Exc_RORB_TNNT2
32_TATTAGCCAATAACCT-1,15095,55427,HC30,HC,Exc_RORB_TNNT2,Neuronal,Exc_RORB_TNNT2
26_CTTGTAAAGCTTTGGG-1,19088,38620,HC17,HC,Exc_RORB_TNNT2,Neuronal,Exc_RORB_TNNT2
25_GGTAACCGTGACCTGG-1,15883,12469,HC32,HC,Exc_RORB_TNNT2,Neuronal,Exc_RORB_TNNT2
14_AAAGCAAGTAGGTGTC-1,13099,10821,HC4,HC,Exc_RORB_TNNT2,Neuronal,Exc_RORB_TNNT2
24_TGTTGTGCACTTGTTC-1,5696,26762,HC14,HC,Exc_RORB_TNNT2,Neuronal,Exc_RORB_TNNT2
30_AAGCTATGTTAACAGT-1,17310,29096,HC26,HC,Exc_RORB_TNNT2,Neuronal,Exc_RORB_TNNT2
32_GATTGCGTCGCTCACT-1,21980,58686,HC31,HC,Exc_RORB_TNNT2,Neuronal,Exc_RORB_TNNT2
23_GACATAGAGGTTTGCG-1,26142,15806,HC9,HC,Exc_RORB_TNNT2,Neuronal,Exc_RORB_TNNT2
32_TGAAGGATCAAGCCTG-1,8681,32976,HC28,HC,Exc_RORB_TNNT2,Neuronal,Exc_RORB_TNNT2
18_GGTCGGTTCCAACTGG-1,18375,7786,HC6,HC,Exc_RORB_TNNT2,Neuronal,Exc_RORB_TNNT2
24_CTATTACTCTCCTCAA-1,11994,30558,HC13,HC,Exc_RORB_TNNT2,Neuronal,Exc_RORB_TNNT2
18_GCCTATTGTCAAAGGG-1,15785,17591,HC7,HC,Exc_RORB_TNNT2,Neuronal,Exc_RORB_TNNT2
18_CTATGATCACATAGCC-1,19024,19592,HC8,HC,Exc_RORB_TNNT2,Neuronal,Exc_RORB_TNNT2
32_CGTATTGCATCCAGGT-1,10645,11012,HC29,HC,Exc_RORB_TNNT2,Neuronal,Exc_RORB_TNNT2
32_TCCATAAAGCATCCAG-1,16738,35022,HC30,HC,Exc_RORB_TNNT2,Neuronal,Exc_RORB_TNNT2
28_CTTAAGGGTCCGTAGG-1,23757,16645,HC21,HC,Exc_RORB_TNNT2,Neuronal,Exc_RORB_TNNT2
24_GAGCTTAGTTGTTCAC-1,21249,18853,HC16,HC,Exc_RORB_TNNT2,Neuronal,Exc_RORB_TNNT2
2_AAACGGATCAAACCTA-1,13051,15271,HC2,HC,Exc_RORB_TNNT2,Neuronal,Exc_RORB_TNNT2
26_CTCGTTATCGGCCATA-1,13485,37834,HC19,HC,Exc_RORB_TNNT2,Neuronal,Exc_RORB_TNNT2
26_GACCTGCAGGGCTTAT-1,53798,108942,HC20,HC,Exc_RORB_TNNT2,Neuronal,Exc_RORB_TNNT2
8_CAAACATGTGTAATAC-1,13782,21730,HC24,HC,Exc_RORB_TNNT2,Neuronal,Exc_RORB_TNNT2
14_TTGTTGCGTTTGCGCC-1,11427,11647,HC3,HC,Exc_RORB_TNNT2,Neuronal,Exc_RORB_TNNT2
2_TCTCACCAGTTGCCTC-1,12392,26645,HC1,HC,Exc_RORB_TNNT2,Neuronal,Exc_RORB_TNNT2
18_TCGTCAACATTAGGCC-1,22042,15914,HC5,HC,Exc_RORB_TNNT2,Neuronal,Exc_RORB_TNNT2
5_GGTTATGGTCTCAGCC-1,13623,7205,HC11,HC,Exc_RORB_TNNT2,Neuronal,Exc_RORB_TNNT2
7_CGGTTTGAGTTGTCAA-1,10338,18336,HC23,HC,Exc_RORB_TNNT2,Neuronal,Exc_RORB_TNNT2
5_TTTGAGTCATTGTGGC-1,15333,19612,HC12,HC,Exc_RORB_TNNT2,Neuronal,Exc_RORB_TNNT2
23_ACATTAGTCTGTGAGT-1,17815,23004,HC10,HC,Exc_RORB_TNNT2,Neuronal,Exc_RORB_TNNT2
7_CATTTGTTCAGCTAAC-1,24756,36060,HC25,HC,Exc_RORB_TNNT2,Neuronal,Exc_RORB_TNNT2
26_GGATGGCCACAAAGGT-1,36791,27054,HC19,HC,Exc_RORB_TNNT2,Neuronal,Exc_RORB_TNNT2
2_AAACCAACAATAACCT-1,34888,24042,HC1,HC,Exc_RORB_TNNT2,Neuronal,Exc_RORB_TNNT2
18_AGCTTTAAGGGTGGAT-1,6225,13818,HC7,HC,Exc_RORB_TNNT2,Neuronal,Exc_RORB_TNNT2
23_CATTATCTCCTCATGC-1,29101,7411,HC12,HC,Exc_RORB_TNNT2,Neuronal,Exc_RORB_TNNT2
32_ATTCGTTTCAAAGGCA-1,13404,13794,HC31,HC,Exc_RORB_TNNT2,Neuronal,Exc_RORB_TNNT2
4_AGGATATAGTTATCCT-1,37570,40837,HC21,HC,Exc_RORB_TNNT2,Neuronal,Exc_RORB_TNNT2
18_GATAACGAGGCGGATG-1,17773,8223,HC6,HC,Exc_RORB_TNNT2,Neuronal,Exc_RORB_TNNT2
24_TTAGCGGTCGGCTATG-1,18946,21433,HC13,HC,Exc_RORB_TNNT2,Neuronal,Exc_RORB_TNNT2
7_GGTTGCATCATTGACA-1,11550,32155,HC26,HC,Exc_RORB_TNNT2,Neuronal,Exc_RORB_TNNT2
23_TTTACGAAGTTTGCGG-1,35404,9125,HC9,HC,Exc_RORB_TNNT2,Neuronal,Exc_RORB_TNNT2
23_ATGGCCCAGCTCCTTA-1,24171,26606,HC10,HC,Exc_RORB_TNNT2,Neuronal,Exc_RORB_TNNT2
14_TTTGGTGCAGAAACGT-1,27492,14924,HC3,HC,Exc_RORB_TNNT2,Neuronal,Exc_RORB_TNNT2
30_AATTTGGTCCTCCATA-1,10977,22467,HC25,HC,Exc_RORB_TNNT2,Neuronal,Exc_RORB_TNNT2
24_ATGTCAATCCCTGATC-1,17458,59011,HC14,HC,Exc_RORB_TNNT2,Neuronal,Exc_RORB_TNNT2
18_CATGCGCAGAACCTAC-1,17268,79501,HC8,HC,Exc_RORB_TNNT2,Neuronal,Exc_RORB_TNNT2
18_GTCTAACAGAACCTGT-1,16050,14567,HC5,HC,Exc_RORB_TNNT2,Neuronal,Exc_RORB_TNNT2
4_GGTCTTGAGGTCAAAG-1,19219,27665,HC30,HC,Exc_RORB_TNNT2,Neuronal,Exc_RORB_TNNT2
2_TCCCTCACATTAAACC-1,21673,22516,HC4,HC,Exc_RORB_TNNT2,Neuronal,Exc_RORB_TNNT2
14_GGCTAGACACTGGCTG-1,26651,16236,HC2,HC,Exc_RORB_TNNT2,Neuronal,Exc_RORB_TNNT2
28_TATCCAGCACCAACCG-1,22819,57198,HC23,HC,Exc_RORB_TNNT2,Neuronal,Exc_RORB_TNNT2
32_CTCAGGATCTCAATTC-1,16317,46293,HC28,HC,Exc_RORB_TNNT2,Neuronal,Exc_RORB_TNNT2
32_TGGTTAATCAAGCGCC-1,7583,16047,HC29,HC,Exc_RORB_TNNT2,Neuronal,Exc_RORB_TNNT2
28_TCTTTGTAGCAACATC-1,23635,58745,HC24,HC,Exc_RORB_TNNT2,Neuronal,Exc_RORB_TNNT2
5_CCGCTAAAGCTTCCCG-1,28862,12866,HC11,HC,Exc_RORB_TNNT2,Neuronal,Exc_RORB_TNNT2
24_GAGGACTAGTGAAGTG-1,16815,29052,HC16,HC,Exc_RORB_TNNT2,Neuronal,Exc_RORB_TNNT2
5_GGCCTCTGTACGCGCA-1,47393,28568,HC12,HC,Exc_RORB_TNNT2,Neuronal,Exc_RORB_TNNT2
32_TCCATGCTCTAAATCG-1,9284,27565,HC29,HC,Exc_RORB_TNNT2,Neuronal,Exc_RORB_TNNT2
5_AGCTAACTCAGTTCCC-1,28813,24761,HC10,HC,Exc_RORB_TNNT2,Neuronal,Exc_RORB_TNNT2
14_GCGATTTAGCCTGAGC-1,25483,12013,HC3,HC,Exc_RORB_TNNT2,Neuronal,Exc_RORB_TNNT2
2_TTTGTCTAGACTTATG-1,12231,28299,HC1,HC,Exc_RORB_TNNT2,Neuronal,Exc_RORB_TNNT2
18_AAGCAAGTCCAAGTGT-1,19097,7085,HC6,HC,Exc_RORB_TNNT2,Neuronal,Exc_RORB_TNNT2
18_GCCTTTATCGGGACCT-1,16219,13621,HC5,HC,Exc_RORB_TNNT2,Neuronal,Exc_RORB_TNNT2
30_GCCTTGCGTGCTCACC-1,12017,35812,HC25,HC,Exc_RORB_TNNT2,Neuronal,Exc_RORB_TNNT2
7_TACTTCGTCTGTAATG-1,13012,18142,HC23,HC,Exc_RORB_TNNT2,Neuronal,Exc_RORB_TNNT2
18_TTCCTCAAGCTATATG-1,17561,22618,HC8,HC,Exc_RORB_TNNT2,Neuronal,Exc_RORB_TNNT2
4_TGCTCAACAGGTTACC-1,8663,37916,HC30,HC,Exc_RORB_TNNT2,Neuronal,Exc_RORB_TNNT2
18_TTAGGCGTCAGGAACA-1,10369,12957,HC8,HC,Exc_THEMIS_LINC00343,Neuronal,Exc_THEMIS_LINC00343
18_CCATAAGGTGACCTGG-1,18593,28656,HC7,HC,Exc_THEMIS_LINC00343,Neuronal,Exc_THEMIS_LINC00343
2_CTTTGAGCATTGCGGT-1,20168,13608,HC1,HC,Exc_THEMIS_LINC00343,Neuronal,Exc_THEMIS_LINC00343
4_GGTTTAATCCTTGTTG-1,54869,57935,HC30,HC,Exc_THEMIS_LINC00343,Neuronal,Exc_THEMIS_LINC00343
30_TATGACTCATTAGGTT-1,31041,128953,HC27,HC,Exc_THEMIS_LINC00343,Neuronal,Exc_THEMIS_LINC00343
28_ATCCTCATCGTTAAGC-1,24423,59156,HC22,HC,Exc_THEMIS_LINC00343,Neuronal,Exc_THEMIS_LINC00343
23_TCGTTAGCAATTGCGC-1,45756,44199,HC10,HC,Exc_THEMIS_LINC00343,Neuronal,Exc_THEMIS_LINC00343
8_AACTAGCTCATAACCA-1,29503,16398,HC24,HC,Exc_THEMIS_LINC00343,Neuronal,Exc_THEMIS_LINC00343
24_ATGTTCAAGTTGCCTC-1,6109,55831,HC14,HC,Exc_THEMIS_LINC00343,Neuronal,Exc_THEMIS_LINC00343
23_GATTCGCCAAGATTCT-1,27446,76212,HC9,HC,Exc_THEMIS_LINC00343,Neuronal,Exc_THEMIS_LINC00343
24_CGTATTGCAAGATTCT-1,27014,50224,HC16,HC,Exc_THEMIS_LINC00343,Neuronal,Exc_THEMIS_LINC00343
7_AACGCCCAGCTCCTAC-1,21066,55632,HC25,HC,Exc_THEMIS_LINC00343,Neuronal,Exc_THEMIS_LINC00343
2_ACCTTGCTCCTAATAG-1,28054,22751,HC4,HC,Exc_THEMIS_LINC00343,Neuronal,Exc_THEMIS_LINC00343
2_CGCATATAGCACTAGT-1,32695,29751,HC2,HC,Exc_THEMIS_LINC00343,Neuronal,Exc_THEMIS_LINC00343
26_AAAGCAAGTAGCAGCT-1,24690,47443,HC20,HC,Exc_THEMIS_LINC00343,Neuronal,Exc_THEMIS_LINC00343
18_AAGTTAGCAGGCCAAA-1,23130,25981,HC5,HC,Exc_THEMIS_LINC00343,Neuronal,Exc_THEMIS_LINC00343
8_GAGCATGCAGGCTTGT-1,12240,9867,HC15,HC,Exc_THEMIS_LINC00343,Neuronal,Exc_THEMIS_LINC00343
30_TCCATTGTCCCGCAAA-1,48889,55282,HC26,HC,Exc_THEMIS_LINC00343,Neuronal,Exc_THEMIS_LINC00343
24_TCAATCGCAGTTTCTC-1,45175,61097,HC13,HC,Exc_THEMIS_LINC00343,Neuronal,Exc_THEMIS_LINC00343
2_AGTCGCATCCGGTATG-1,35838,22761,HC3,HC,Exc_THEMIS_LINC00343,Neuronal,Exc_THEMIS_LINC00343
32_TGCTAGCCACGGTACT-1,22028,62370,HC28,HC,Exc_THEMIS_LINC00343,Neuronal,Exc_THEMIS_LINC00343
4_GCGCTTAAGTAAAGGT-1,24142,41781,HC31,HC,Exc_THEMIS_LINC00343,Neuronal,Exc_THEMIS_LINC00343
7_CATTGTGCAAGACTCC-1,11673,41226,HC23,HC,Exc_THEMIS_LINC00343,Neuronal,Exc_THEMIS_LINC00343
8_CTATGATCAGCAAATA-1,21071,19054,HC18,HC,Exc_THEMIS_LINC00343,Neuronal,Exc_THEMIS_LINC00343
4_TTTAAGCCAGGAACCA-1,29461,30048,HC21,HC,Exc_THEMIS_LINC00343,Neuronal,Exc_THEMIS_LINC00343
25_GCCTGTGCAATGCGCT-1,7068,54199,HC32,HC,Exc_THEMIS_LINC00343,Neuronal,Exc_THEMIS_LINC00343
24_GTAAGCGCAACCTAAT-1,14891,22926,HC16,HC,Exc_THEMIS_LINC00343,Neuronal,Exc_THEMIS_LINC00343
7_ACGTACCCACAAGCCT-1,16123,5538,HC25,HC,Exc_THEMIS_LINC00343,Neuronal,Exc_THEMIS_LINC00343
24_ACCAAGTTCGAGGTGG-1,22745,42523,HC14,HC,Exc_THEMIS_LINC00343,Neuronal,Exc_THEMIS_LINC00343
32_CCTCAGTTCACAAGCT-1,27322,99401,HC30,HC,Exc_THEMIS_LINC00343,Neuronal,Exc_THEMIS_LINC00343
18_ATGAATGCAGGACCTT-1,21327,24002,HC7,HC,Exc_THEMIS_LINC00343,Neuronal,Exc_THEMIS_LINC00343
25_GGAGCAAGTGATGGCT-1,31321,27883,HC32,HC,Exc_THEMIS_LINC00343,Neuronal,Exc_THEMIS_LINC00343
30_AAGGTGCAGGGACTAA-1,29116,51040,HC27,HC,Exc_THEMIS_LINC00343,Neuronal,Exc_THEMIS_LINC00343
2_GTGCAAGCACCCACAG-1,37659,25267,HC2,HC,Exc_THEMIS_LINC00343,Neuronal,Exc_THEMIS_LINC00343
23_ATGGTGCGTTTACGTC-1,43397,45143,HC9,HC,Exc_THEMIS_LINC00343,Neuronal,Exc_THEMIS_LINC00343
26_AATTAGCGTATTTGGG-1,24358,60879,HC20,HC,Exc_THEMIS_LINC00343,Neuronal,Exc_THEMIS_LINC00343
23_TTATTGCTCATAATCG-1,31319,49342,HC10,HC,Exc_THEMIS_LINC00343,Neuronal,Exc_THEMIS_LINC00343
18_ATAGATGCAGGTCCTG-1,22469,46203,HC5,HC,Exc_THEMIS_LINC00343,Neuronal,Exc_THEMIS_LINC00343
2_ATGAAGTAGGATTTGC-1,11282,18294,HC1,HC,Exc_THEMIS_LINC00343,Neuronal,Exc_THEMIS_LINC00343
8_TCACGGATCATTGTTC-1,30493,6556,HC15,HC,Exc_THEMIS_LINC00343,Neuronal,Exc_THEMIS_LINC00343
28_CATAGGCGTCACAGCG-1,44163,65116,HC22,HC,Exc_THEMIS_LINC00343,Neuronal,Exc_THEMIS_LINC00343
8_CGACAAGCACAATACT-1,29511,43345,HC24,HC,Exc_THEMIS_LINC00343,Neuronal,Exc_THEMIS_LINC00343
4_GGAATCTTCCCTGGTT-1,6715,16751,HC28,HC,Exc_THEMIS_LINC00343,Neuronal,Exc_THEMIS_LINC00343
32_CAGGATGCAAGGTACG-1,11612,67042,HC31,HC,Exc_THEMIS_LINC00343,Neuronal,Exc_THEMIS_LINC00343
28_CATTTGTTCCTGCGAA-1,21013,50670,HC21,HC,Exc_THEMIS_LINC00343,Neuronal,Exc_THEMIS_LINC00343
18_AACCTCACAGTAAAGC-1,22464,49800,HC8,HC,Exc_THEMIS_LINC00343,Neuronal,Exc_THEMIS_LINC00343
2_GTTGCATAGTACCGCA-1,37230,16611,HC4,HC,Exc_THEMIS_LINC00343,Neuronal,Exc_THEMIS_LINC00343
24_CTGGACCAGCCGCTTT-1,10239,56382,HC13,HC,Exc_THEMIS_LINC00343,Neuronal,Exc_THEMIS_LINC00343
14_AGGATGCAGGTTACGT-1,37189,21170,HC3,HC,Exc_THEMIS_LINC00343,Neuronal,Exc_THEMIS_LINC00343
8_ATCCTTAGTTTGCGCC-1,9128,30819,HC18,HC,Exc_THEMIS_LINC00343,Neuronal,Exc_THEMIS_LINC00343
7_AAGAACAGTGTGAGGA-1,11552,23439,HC26,HC,Exc_THEMIS_LINC00343,Neuronal,Exc_THEMIS_LINC00343
7_AACATCATCTACTAAG-1,19264,44072,HC23,HC,Exc_THEMIS_LINC00343,Neuronal,Exc_THEMIS_LINC00343
26_ATCACCCTCAATAGCC-1,19846,74498,HC20,HC,Exc_THEMIS_LINC00343,Neuronal,Exc_THEMIS_LINC00343
18_TTTCTCACATCCCGCT-1,13953,34507,HC8,HC,Exc_THEMIS_LINC00343,Neuronal,Exc_THEMIS_LINC00343
2_TCCGGTTTCGTCAAGT-1,34013,20260,HC2,HC,Exc_THEMIS_LINC00343,Neuronal,Exc_THEMIS_LINC00343
18_TTACCGTGTCACCAAA-1,22266,27804,HC5,HC,Exc_THEMIS_LINC00343,Neuronal,Exc_THEMIS_LINC00343
30_GTTTATCTCGTGCTTC-1,41514,124356,HC27,HC,Exc_THEMIS_LINC00343,Neuronal,Exc_THEMIS_LINC00343
23_CTGGCTAAGGAGGTTA-1,19777,26885,HC10,HC,Exc_THEMIS_LINC00343,Neuronal,Exc_THEMIS_LINC00343
4_TGATCCTGTGTGAGGA-1,6224,10312,HC30,HC,Exc_THEMIS_LINC00343,Neuronal,Exc_THEMIS_LINC00343
28_CCTTCAATCCCTCATA-1,33106,16210,HC22,HC,Exc_THEMIS_LINC00343,Neuronal,Exc_THEMIS_LINC00343
8_ATGTTTGAGCGATAGA-1,27994,41538,HC24,HC,Exc_THEMIS_LINC00343,Neuronal,Exc_THEMIS_LINC00343
24_CCATAGCCAGTTTACG-1,17988,48004,HC14,HC,Exc_THEMIS_LINC00343,Neuronal,Exc_THEMIS_LINC00343
24_CGATGTCCAGTTTCTC-1,36554,66093,HC13,HC,Exc_THEMIS_LINC00343,Neuronal,Exc_THEMIS_LINC00343
23_GTATTGCAGTTAACCA-1,40763,68940,HC9,HC,Exc_THEMIS_LINC00343,Neuronal,Exc_THEMIS_LINC00343
2_GTTACGTAGAATGACG-1,8799,7726,HC1,HC,Exc_THEMIS_LINC00343,Neuronal,Exc_THEMIS_LINC00343
18_GCTAGCCAGTCAATTG-1,22489,36767,HC7,HC,Exc_THEMIS_LINC00343,Neuronal,Exc_THEMIS_LINC00343
8_TTACGTTTCGAGCAAA-1,22206,22853,HC18,HC,Exc_THEMIS_LINC00343,Neuronal,Exc_THEMIS_LINC00343
30_AGGAACGGTTCCTCCT-1,8212,6783,HC25,HC,Exc_THEMIS_LINC00343,Neuronal,Exc_THEMIS_LINC00343
2_GCGATATTCTGTGCAG-1,16583,14710,HC3,HC,Exc_THEMIS_LINC00343,Neuronal,Exc_THEMIS_LINC00343
24_ATCCTGACAAACCTAT-1,14549,12361,HC15,HC,Exc_THEMIS_LINC00343,Neuronal,Exc_THEMIS_LINC00343
25_GCGGATACAGCCTAAC-1,10953,32536,HC32,HC,Exc_THEMIS_LINC00343,Neuronal,Exc_THEMIS_LINC00343
4_ATGCCTGAGAACAAGT-1,10601,27251,HC31,HC,Exc_THEMIS_LINC00343,Neuronal,Exc_THEMIS_LINC00343
24_CTCACAACACAGGATG-1,35781,48029,HC16,HC,Exc_THEMIS_LINC00343,Neuronal,Exc_THEMIS_LINC00343
4_AAGCGAATCGGTCATG-1,8988,27392,HC21,HC,Exc_THEMIS_LINC00343,Neuronal,Exc_THEMIS_LINC00343
7_TCTTAGCGTTCGCTTG-1,26358,30936,HC23,HC,Exc_THEMIS_LINC00343,Neuronal,Exc_THEMIS_LINC00343
2_AATCCTAAGCTCAAAC-1,21150,23765,HC4,HC,Exc_THEMIS_LINC00343,Neuronal,Exc_THEMIS_LINC00343
4_GTTACTAAGCATTAGC-1,28734,21993,HC28,HC,Exc_THEMIS_LINC00343,Neuronal,Exc_THEMIS_LINC00343
7_CGGCTAATCTTGATGA-1,9327,6839,HC26,HC,Exc_THEMIS_LINC00343,Neuronal,Exc_THEMIS_LINC00343
8_GGCGTTATCATTATGG-1,23576,26040,HC24,HC,Exc_THEMIS_LINC00343,Neuronal,Exc_THEMIS_LINC00343
24_GTCCTCCCAGTGAACG-1,30213,40856,HC15,HC,Exc_THEMIS_LINC00343,Neuronal,Exc_THEMIS_LINC00343
26_TAAGTAGCAGATAGAC-1,22207,99767,HC20,HC,Exc_THEMIS_LINC00343,Neuronal,Exc_THEMIS_LINC00343
4_TACTGACAGTGAGCGG-1,30191,6809,HC21,HC,Exc_THEMIS_LINC00343,Neuronal,Exc_THEMIS_LINC00343
7_AAGTTACGTTTAACCC-1,15859,43230,HC26,HC,Exc_THEMIS_LINC00343,Neuronal,Exc_THEMIS_LINC00343
24_CACAGGGAGTTCCCGT-1,42415,60413,HC13,HC,Exc_THEMIS_LINC00343,Neuronal,Exc_THEMIS_LINC00343
25_GATTGTTCACTCAACA-1,24403,8975,HC32,HC,Exc_THEMIS_LINC00343,Neuronal,Exc_THEMIS_LINC00343
4_GTTTAGCAGGTACCGC-1,54884,36655,HC31,HC,Exc_THEMIS_LINC00343,Neuronal,Exc_THEMIS_LINC00343
18_CTCGACAAGAATCTCA-1,20087,35048,HC8,HC,Exc_THEMIS_LINC00343,Neuronal,Exc_THEMIS_LINC00343
28_ACACAATGTGTTGTGA-1,28954,68252,HC22,HC,Exc_THEMIS_LINC00343,Neuronal,Exc_THEMIS_LINC00343
8_AATATCCCATTAGCCA-1,29467,25785,HC18,HC,Exc_THEMIS_LINC00343,Neuronal,Exc_THEMIS_LINC00343
30_AAAGGAGCAAACCTAT-1,34230,91773,HC25,HC,Exc_THEMIS_LINC00343,Neuronal,Exc_THEMIS_LINC00343
23_CTGCTATGTCCTAACT-1,44247,60455,HC10,HC,Exc_THEMIS_LINC00343,Neuronal,Exc_THEMIS_LINC00343
4_CGGGTATGTAACAGGG-1,13682,23452,HC30,HC,Exc_THEMIS_LINC00343,Neuronal,Exc_THEMIS_LINC00343
30_AGGTATTGTTAGTGAT-1,39150,86005,HC27,HC,Exc_THEMIS_LINC00343,Neuronal,Exc_THEMIS_LINC00343
4_CGTATTGCATGGCCTG-1,17747,35243,HC28,HC,Exc_THEMIS_LINC00343,Neuronal,Exc_THEMIS_LINC00343
7_GCTGACATCCTAATTC-1,23233,47022,HC23,HC,Exc_THEMIS_LINC00343,Neuronal,Exc_THEMIS_LINC00343
24_GGAAGTATCGAGGTGG-1,34467,31351,HC16,HC,Exc_THEMIS_LINC00343,Neuronal,Exc_THEMIS_LINC00343
23_CCAATATCACGGTACT-1,34655,107837,HC9,HC,Exc_THEMIS_LINC00343,Neuronal,Exc_THEMIS_LINC00343
2_ATAAGTCGTTACCTGT-1,36377,12691,HC3,HC,Exc_THEMIS_LINC00343,Neuronal,Exc_THEMIS_LINC00343
24_AGCTAAACAGCACGAA-1,30401,51909,HC14,HC,Exc_THEMIS_LINC00343,Neuronal,Exc_THEMIS_LINC00343
18_ATCTATGAGCCTGTGA-1,22080,27220,HC5,HC,Exc_THEMIS_LINC00343,Neuronal,Exc_THEMIS_LINC00343
2_GCCTTAACACGTGCTG-1,28195,38703,HC4,HC,Exc_THEMIS_LINC00343,Neuronal,Exc_THEMIS_LINC00343
18_TGGGCCTAGACACTTA-1,20733,58989,HC7,HC,Exc_THEMIS_LINC00343,Neuronal,Exc_THEMIS_LINC00343
2_GCTATAGGTTTGTTGC-1,13936,33766,HC2,HC,Exc_THEMIS_LINC00343,Neuronal,Exc_THEMIS_LINC00343
2_GTTTATCTCGGCCATA-1,6850,14645,HC1,HC,Exc_THEMIS_LINC00343,Neuronal,Exc_THEMIS_LINC00343
7_CGGAGCAAGGTGAAAT-1,46070,13037,HC25,HC,Exc_THEMIS_LINC00343,Neuronal,Exc_THEMIS_LINC00343
23_CCCTCAGTCGATTCTT-1,21175,40843,HC10,HC,Exc_THEMIS_LINC00343,Neuronal,Exc_THEMIS_LINC00343
28_GCGCCTTGTCTCAGCC-1,19608,24561,HC22,HC,Exc_THEMIS_LINC00343,Neuronal,Exc_THEMIS_LINC00343
8_GAAGTCAAGACACTTA-1,17154,29512,HC24,HC,Exc_THEMIS_LINC00343,Neuronal,Exc_THEMIS_LINC00343
2_GCAAACCGTGGATTAT-1,31609,35140,HC2,HC,Exc_THEMIS_LINC00343,Neuronal,Exc_THEMIS_LINC00343
25_CATTGTAAGGGCTTTG-1,32738,27103,HC32,HC,Exc_THEMIS_LINC00343,Neuronal,Exc_THEMIS_LINC00343
4_GTAGGAGGTGGGTACT-1,21910,25884,HC28,HC,Exc_THEMIS_LINC00343,Neuronal,Exc_THEMIS_LINC00343
2_CCATAAATCTATGACA-1,8026,21179,HC4,HC,Exc_THEMIS_LINC00343,Neuronal,Exc_THEMIS_LINC00343
24_CTCACAACAGCGCTTG-1,23426,42591,HC14,HC,Exc_THEMIS_LINC00343,Neuronal,Exc_THEMIS_LINC00343
4_GCCTTGCGTCATAGAT-1,8194,14503,HC31,HC,Exc_THEMIS_LINC00343,Neuronal,Exc_THEMIS_LINC00343
24_AGGAGCTAGGCGCACT-1,59032,58981,HC13,HC,Exc_THEMIS_LINC00343,Neuronal,Exc_THEMIS_LINC00343
8_ATCACACAGTGAGAGC-1,19721,40918,HC18,HC,Exc_THEMIS_LINC00343,Neuronal,Exc_THEMIS_LINC00343
30_TATGTGATCTAATCAG-1,13144,103892,HC27,HC,Exc_THEMIS_LINC00343,Neuronal,Exc_THEMIS_LINC00343
7_CTAATCCGTGAGCAAG-1,23427,27192,HC26,HC,Exc_THEMIS_LINC00343,Neuronal,Exc_THEMIS_LINC00343
4_TAAGTAGCATGGCCCA-1,20121,17294,HC21,HC,Exc_THEMIS_LINC00343,Neuronal,Exc_THEMIS_LINC00343
18_GATTCAGGTCTATCGT-1,14333,31935,HC8,HC,Exc_THEMIS_LINC00343,Neuronal,Exc_THEMIS_LINC00343
18_GGTCATTAGCCGGTAC-1,23425,30868,HC5,HC,Exc_THEMIS_LINC00343,Neuronal,Exc_THEMIS_LINC00343
28_GTTCTTAGTAGCCATA-1,21954,19645,HC23,HC,Exc_THEMIS_LINC00343,Neuronal,Exc_THEMIS_LINC00343
18_GGATGAATCTAGCGTG-1,13740,16644,HC7,HC,Exc_THEMIS_LINC00343,Neuronal,Exc_THEMIS_LINC00343
26_CTGGTTACAGCTTAAT-1,5864,39469,HC20,HC,Exc_THEMIS_LINC00343,Neuronal,Exc_THEMIS_LINC00343
2_TACAATGTCCTCCCTC-1,20551,36918,HC1,HC,Exc_THEMIS_LINC00343,Neuronal,Exc_THEMIS_LINC00343
24_GTCTTTAGTGAATCGC-1,25086,53549,HC16,HC,Exc_THEMIS_LINC00343,Neuronal,Exc_THEMIS_LINC00343
24_TAGCCTCTCTTACTCG-1,7840,9428,HC15,HC,Exc_THEMIS_LINC00343,Neuronal,Exc_THEMIS_LINC00343
2_CATCAGCCATCAATCG-1,6376,33445,HC3,HC,Exc_THEMIS_LINC00343,Neuronal,Exc_THEMIS_LINC00343
23_CCTCCTGAGGGATGCG-1,53490,25203,HC9,HC,Exc_THEMIS_LINC00343,Neuronal,Exc_THEMIS_LINC00343
8_CTTGCTCAGTTTGCGG-1,9579,7437,HC15,HC,Exc_THEMIS_LINC00343,Neuronal,Exc_THEMIS_LINC00343
18_GAACCGCTCCGTTAAA-1,7249,37224,HC7,HC,Exc_THEMIS_LINC00343,Neuronal,Exc_THEMIS_LINC00343
4_CGCATATAGTAGCCAT-1,33159,17671,HC21,HC,Exc_THEMIS_LINC00343,Neuronal,Exc_THEMIS_LINC00343
18_TTATTGCTCGTCAAGT-1,17004,30074,HC5,HC,Exc_THEMIS_LINC00343,Neuronal,Exc_THEMIS_LINC00343
18_GGGAATATCCTTAGTT-1,21593,42706,HC8,HC,Exc_THEMIS_LINC00343,Neuronal,Exc_THEMIS_LINC00343
7_AATCTTGAGCTTTGGG-1,18440,24828,HC26,HC,Exc_THEMIS_LINC00343,Neuronal,Exc_THEMIS_LINC00343
8_GTCATCACAGCCGCTA-1,21757,26317,HC18,HC,Exc_THEMIS_LINC00343,Neuronal,Exc_THEMIS_LINC00343
28_GTCTTTGTCTCCATAT-1,36980,7895,HC23,HC,Exc_THEMIS_LINC00343,Neuronal,Exc_THEMIS_LINC00343
32_GTTCATTTCAGGCCTA-1,15938,52706,HC31,HC,Exc_THEMIS_LINC00343,Neuronal,Exc_THEMIS_LINC00343
24_GGAAGCTAGGACGTAA-1,63159,84911,HC16,HC,Exc_THEMIS_LINC00343,Neuronal,Exc_THEMIS_LINC00343
28_GCCTTTATCGTACCGA-1,32583,133801,HC22,HC,Exc_THEMIS_LINC00343,Neuronal,Exc_THEMIS_LINC00343
25_GGTACTAGTTAGTGAT-1,24657,52302,HC32,HC,Exc_THEMIS_LINC00343,Neuronal,Exc_THEMIS_LINC00343
24_ACCGAAGCACCTGTAA-1,31205,72616,HC13,HC,Exc_THEMIS_LINC00343,Neuronal,Exc_THEMIS_LINC00343
2_AACTAGCTCTGCAACG-1,22052,27211,HC3,HC,Exc_THEMIS_LINC00343,Neuronal,Exc_THEMIS_LINC00343
2_TCTGGCTTCTTGAGGT-1,32887,20093,HC2,HC,Exc_THEMIS_LINC00343,Neuronal,Exc_THEMIS_LINC00343
4_CGGGCTTAGCTCATAA-1,13401,25222,HC28,HC,Exc_THEMIS_LINC00343,Neuronal,Exc_THEMIS_LINC00343
2_AGTTATGTCACAAGCT-1,25479,17689,HC1,HC,Exc_THEMIS_LINC00343,Neuronal,Exc_THEMIS_LINC00343
2_GCCTTAGAGTTGTCCC-1,17684,24972,HC4,HC,Exc_THEMIS_LINC00343,Neuronal,Exc_THEMIS_LINC00343
26_AGCAACAAGTGATTCA-1,25666,29584,HC20,HC,Exc_THEMIS_LINC00343,Neuronal,Exc_THEMIS_LINC00343
8_TGCACCTTCGGTACGC-1,29263,28588,HC24,HC,Exc_THEMIS_LINC00343,Neuronal,Exc_THEMIS_LINC00343
23_ACGAATCTCTATGACA-1,35685,40609,HC10,HC,Exc_THEMIS_LINC00343,Neuronal,Exc_THEMIS_LINC00343
28_TAAGGCTTCTTGCAAA-1,22858,49331,HC21,HC,Exc_THEMIS_SMYD1,Neuronal,Exc_THEMIS_SMYD1
4_CAAGTTATCTCACTAT-1,21756,28468,HC30,HC,Exc_THEMIS_SMYD1,Neuronal,Exc_THEMIS_SMYD1
30_CGGGTCTAGACAAAGT-1,7664,62638,HC27,HC,Exc_THEMIS_SMYD1,Neuronal,Exc_THEMIS_SMYD1
2_AGAGAGGAGACCATAC-1,28900,16036,HC1,HC,Exc_THEMIS_SMYD1,Neuronal,Exc_THEMIS_SMYD1
24_CATAGCTAGTTCCTGC-1,31070,6194,HC16,HC,Exc_THEMIS_SMYD1,Neuronal,Exc_THEMIS_SMYD1
23_GTCTTTAGTTGGATCA-1,33182,40720,HC9,HC,Exc_THEMIS_SMYD1,Neuronal,Exc_THEMIS_SMYD1
25_TGGCCATCAAGTCGCT-1,6221,23176,HC32,HC,Exc_THEMIS_SMYD1,Neuronal,Exc_THEMIS_SMYD1
28_TTACCGTGTGGAAGGC-1,23637,20601,HC22,HC,Exc_THEMIS_SMYD1,Neuronal,Exc_THEMIS_SMYD1
2_ACATCATCACTGGCCA-1,43975,42165,HC4,HC,Exc_THEMIS_SMYD1,Neuronal,Exc_THEMIS_SMYD1
23_CCCGCAACACTTAACG-1,25189,45832,HC10,HC,Exc_THEMIS_SMYD1,Neuronal,Exc_THEMIS_SMYD1
4_GCTGGATGTTCAAGCA-1,18792,12726,HC28,HC,Exc_THEMIS_SMYD1,Neuronal,Exc_THEMIS_SMYD1
28_CAGTATGGTGCTCCGT-1,15676,37447,HC23,HC,Exc_THEMIS_SMYD1,Neuronal,Exc_THEMIS_SMYD1
24_ACTTGCACATTAGGTT-1,30826,7265,HC13,HC,Exc_THEMIS_SMYD1,Neuronal,Exc_THEMIS_SMYD1
7_AATCATCCACAAAGGT-1,38632,18983,HC26,HC,Exc_THEMIS_SMYD1,Neuronal,Exc_THEMIS_SMYD1
7_TATAGCCAGTCATTAG-1,21303,36296,HC25,HC,Exc_THEMIS_SMYD1,Neuronal,Exc_THEMIS_SMYD1
24_TCCTTAGTCTGTGCCT-1,18268,19329,HC14,HC,Exc_THEMIS_SMYD1,Neuronal,Exc_THEMIS_SMYD1
4_GTGTGCGGTTGTAAAC-1,24362,23012,HC31,HC,Exc_THEMIS_SMYD1,Neuronal,Exc_THEMIS_SMYD1
8_TAATCCGCAAACCTAT-1,23663,44738,HC18,HC,Exc_THEMIS_SMYD1,Neuronal,Exc_THEMIS_SMYD1
2_AGTAGGATCGGGATTT-1,20817,13690,HC2,HC,Exc_THEMIS_SMYD1,Neuronal,Exc_THEMIS_SMYD1
2_CTAGTAGGTAGGTTTG-1,30448,28622,HC3,HC,Exc_THEMIS_SMYD1,Neuronal,Exc_THEMIS_SMYD1
18_GCTTAACAGCTTCTCA-1,13252,27146,HC7,HC,Exc_THEMIS_SMYD1,Neuronal,Exc_THEMIS_SMYD1
18_CTGCAATAGCCGCTAA-1,16746,19073,HC8,HC,Exc_THEMIS_SMYD1,Neuronal,Exc_THEMIS_SMYD1
26_CTGGACCAGAACCTAC-1,27300,66142,HC20,HC,Exc_THEMIS_SMYD1,Neuronal,Exc_THEMIS_SMYD1
24_CTGAATATCACGTTAA-1,24305,11341,HC15,HC,Exc_THEMIS_SMYD1,Neuronal,Exc_THEMIS_SMYD1
8_AACGGTAAGCCTCTGT-1,24402,19729,HC24,HC,Exc_THEMIS_SMYD1,Neuronal,Exc_THEMIS_SMYD1
8_AGCTTAATCCCAGTAG-1,14177,34624,HC24,HC,Exc_THEMIS_SMYD1,Neuronal,Exc_THEMIS_SMYD1
7_AGTCCTGAGTAAGGGC-1,22286,9258,HC26,HC,Exc_THEMIS_SMYD1,Neuronal,Exc_THEMIS_SMYD1
7_TAGTCAATCTCACACC-1,11653,34459,HC23,HC,Exc_THEMIS_SMYD1,Neuronal,Exc_THEMIS_SMYD1
2_AATCAGGAGGCATGTT-1,30700,16645,HC4,HC,Exc_THEMIS_SMYD1,Neuronal,Exc_THEMIS_SMYD1
28_GACACCGGTGTGAGAG-1,31371,29352,HC22,HC,Exc_THEMIS_SMYD1,Neuronal,Exc_THEMIS_SMYD1
24_GAACTTATCGAGGAAC-1,32308,23809,HC16,HC,Exc_THEMIS_SMYD1,Neuronal,Exc_THEMIS_SMYD1
30_AGGTCTTAGCTAATTG-1,31826,29653,HC25,HC,Exc_THEMIS_SMYD1,Neuronal,Exc_THEMIS_SMYD1
2_TCTGGCTTCGAGGAGT-1,24192,19826,HC2,HC,Exc_THEMIS_SMYD1,Neuronal,Exc_THEMIS_SMYD1
23_GCATGAAAGTGAACGA-1,19583,46494,HC10,HC,Exc_THEMIS_SMYD1,Neuronal,Exc_THEMIS_SMYD1
24_ACCTTGCTCACGTTAA-1,26024,9818,HC15,HC,Exc_THEMIS_SMYD1,Neuronal,Exc_THEMIS_SMYD1
4_CCTATATTCATTCATC-1,15852,28961,HC30,HC,Exc_THEMIS_SMYD1,Neuronal,Exc_THEMIS_SMYD1
30_CTGCTACTCTTGTTCG-1,13976,166679,HC27,HC,Exc_THEMIS_SMYD1,Neuronal,Exc_THEMIS_SMYD1
26_GGATGAATCATCGTTT-1,7148,39108,HC20,HC,Exc_THEMIS_SMYD1,Neuronal,Exc_THEMIS_SMYD1
2_TCGTAATCATCCGTAA-1,26300,18602,HC1,HC,Exc_THEMIS_SMYD1,Neuronal,Exc_THEMIS_SMYD1
4_CGGTTTGAGGACCGCT-1,10363,5936,HC31,HC,Exc_THEMIS_SMYD1,Neuronal,Exc_THEMIS_SMYD1
14_CGAAGGCCACGTGCTG-1,30419,12302,HC3,HC,Exc_THEMIS_SMYD1,Neuronal,Exc_THEMIS_SMYD1
24_ACCTTGCTCACAGACT-1,41726,51417,HC13,HC,Exc_THEMIS_SMYD1,Neuronal,Exc_THEMIS_SMYD1
24_GACCTAAGTCACAGAC-1,17137,24358,HC14,HC,Exc_THEMIS_SMYD1,Neuronal,Exc_THEMIS_SMYD1
25_TTCCTTCTCGAAGTGA-1,22401,18042,HC32,HC,Exc_THEMIS_SMYD1,Neuronal,Exc_THEMIS_SMYD1
4_TGGCCTGCACAAAGAC-1,16085,29585,HC28,HC,Exc_THEMIS_SMYD1,Neuronal,Exc_THEMIS_SMYD1
18_TAGCGCGGTCATTGTC-1,10101,14056,HC8,HC,Exc_THEMIS_SMYD1,Neuronal,Exc_THEMIS_SMYD1
28_TAGCTTGCAGCCTAAC-1,23869,68759,HC21,HC,Exc_THEMIS_SMYD1,Neuronal,Exc_THEMIS_SMYD1
8_AACCTTGCATAAAGCA-1,26884,26340,HC18,HC,Exc_THEMIS_SMYD1,Neuronal,Exc_THEMIS_SMYD1
26_CTCCGGACAATAACGA-1,26580,53757,HC20,HC,Exc_THEMIS_SMYD1,Neuronal,Exc_THEMIS_SMYD1
7_CCTAAGCCAATGAGGT-1,14747,22140,HC26,HC,Exc_THEMIS_SMYD1,Neuronal,Exc_THEMIS_SMYD1
5_ATGACAACAAAGCTCC-1,7210,23522,HC10,HC,Exc_THEMIS_SMYD1,Neuronal,Exc_THEMIS_SMYD1
8_TTTGACTTCTTGCAGG-1,27971,22331,HC18,HC,Exc_THEMIS_SMYD1,Neuronal,Exc_THEMIS_SMYD1
7_TGGTAAACACCTATAG-1,43130,34247,HC23,HC,Exc_THEMIS_SMYD1,Neuronal,Exc_THEMIS_SMYD1
4_GATTGATGTTAGGCGT-1,16202,24144,HC31,HC,Exc_THEMIS_SMYD1,Neuronal,Exc_THEMIS_SMYD1
4_TAAGGACCAAGCGAGC-1,19874,36723,HC21,HC,Exc_THEMIS_SMYD1,Neuronal,Exc_THEMIS_SMYD1
28_CCGTTTGGTCACGAAC-1,22999,36861,HC22,HC,Exc_THEMIS_SMYD1,Neuronal,Exc_THEMIS_SMYD1
2_AATTTCCTCCTAAGGT-1,21046,12924,HC1,HC,Exc_THEMIS_SMYD1,Neuronal,Exc_THEMIS_SMYD1
24_GAAGGAACATTTAAGC-1,34928,14983,HC13,HC,Exc_THEMIS_SMYD1,Neuronal,Exc_THEMIS_SMYD1
30_GTTCGCTTCTTGATGA-1,37785,12255,HC27,HC,Exc_THEMIS_SMYD1,Neuronal,Exc_THEMIS_SMYD1
14_CCTGATGAGCCTAACG-1,29495,18989,HC3,HC,Exc_THEMIS_SMYD1,Neuronal,Exc_THEMIS_SMYD1
4_AGAGAAGCACCTAAGC-1,19533,34375,HC28,HC,Exc_THEMIS_SMYD1,Neuronal,Exc_THEMIS_SMYD1
4_AGCAATTGTGCTGTAA-1,52675,32156,HC30,HC,Exc_THEMIS_SMYD1,Neuronal,Exc_THEMIS_SMYD1
25_CCCAGTTTCCTCGATC-1,26735,47543,HC32,HC,Exc_THEMIS_SMYD1,Neuronal,Exc_THEMIS_SMYD1
24_GTACGTAGTCTTGCAT-1,49753,20429,HC16,HC,Exc_THEMIS_SMYD1,Neuronal,Exc_THEMIS_SMYD1
2_GGTAACCGTAGCTAAT-1,26540,23566,HC4,HC,Exc_THEMIS_SMYD1,Neuronal,Exc_THEMIS_SMYD1
2_ACATTGCAGATAACCC-1,23484,32916,HC2,HC,Exc_THEMIS_SMYD1,Neuronal,Exc_THEMIS_SMYD1
24_ACTAACTCATTGTCCT-1,18801,19047,HC14,HC,Exc_THEMIS_SMYD1,Neuronal,Exc_THEMIS_SMYD1
8_TTTAGCTTCGATAACC-1,23770,35381,HC24,HC,Exc_THEMIS_SMYD1,Neuronal,Exc_THEMIS_SMYD1
18_GTAAGCAAGCAAGGAC-1,20890,20157,HC8,HC,Exc_THEMIS_SMYD1,Neuronal,Exc_THEMIS_SMYD1
4_TGAGCAAAGCATCCAG-1,19251,21456,HC30,HC,Exc_THEMIS_SMYD1,Neuronal,Exc_THEMIS_SMYD1
24_CCCTGTTAGTCATTAG-1,34409,35281,HC13,HC,Exc_THEMIS_SMYD1,Neuronal,Exc_THEMIS_SMYD1
2_GATGGCTGTCATGAGC-1,55975,28237,HC4,HC,Exc_THEMIS_SMYD1,Neuronal,Exc_THEMIS_SMYD1
2_AAATCCGGTAAACAAG-1,23033,12516,HC1,HC,Exc_THEMIS_SMYD1,Neuronal,Exc_THEMIS_SMYD1
7_GCGTGCTAGTCATGCG-1,21669,20328,HC26,HC,Exc_THEMIS_SMYD1,Neuronal,Exc_THEMIS_SMYD1
28_CGTGTGTCAAATACCT-1,19061,18814,HC22,HC,Exc_THEMIS_SMYD1,Neuronal,Exc_THEMIS_SMYD1
28_GCAATGTTCGACAAAG-1,25138,22173,HC21,HC,Exc_THEMIS_SMYD1,Neuronal,Exc_THEMIS_SMYD1
4_GTTCCTTCACCAGGTT-1,26181,41059,HC31,HC,Exc_THEMIS_SMYD1,Neuronal,Exc_THEMIS_SMYD1
5_CTCTATGTCTTTGTAC-1,21147,23944,HC10,HC,Exc_THEMIS_SMYD1,Neuronal,Exc_THEMIS_SMYD1
24_CTGTTCATCGTTCACC-1,19421,50183,HC14,HC,Exc_THEMIS_SMYD1,Neuronal,Exc_THEMIS_SMYD1
14_TGCTCAACATATTGAC-1,25891,20570,HC3,HC,Exc_THEMIS_SMYD1,Neuronal,Exc_THEMIS_SMYD1
8_GTTGTTGCAGGAATCG-1,32157,19657,HC18,HC,Exc_THEMIS_SMYD1,Neuronal,Exc_THEMIS_SMYD1
24_TTAACTGAGCATGTTA-1,20566,10151,HC16,HC,Exc_THEMIS_SMYD1,Neuronal,Exc_THEMIS_SMYD1
25_TTGGGCCAGCGAGTAA-1,8304,19344,HC32,HC,Exc_THEMIS_SMYD1,Neuronal,Exc_THEMIS_SMYD1
18_GCAAGTGCAAATTGCT-1,5630,22690,HC8,HC,Exc_THEMIS_SMYD1,Neuronal,Exc_THEMIS_SMYD1
28_GCAGGTGAGGCTATGT-1,10456,67648,HC24,HC,Exc_THEMIS_SMYD1,Neuronal,Exc_THEMIS_SMYD1
4_GCTGACCAGGTCCACA-1,18035,21056,HC28,HC,Exc_THEMIS_SMYD1,Neuronal,Exc_THEMIS_SMYD1
2_GGAGTGAGTCAGGCAT-1,39472,15797,HC2,HC,Exc_THEMIS_SMYD1,Neuronal,Exc_THEMIS_SMYD1
7_TTACAGCAGTTTGAGC-1,16933,19470,HC23,HC,Exc_THEMIS_SMYD1,Neuronal,Exc_THEMIS_SMYD1
14_ATTGCGCCAAGGGTTG-1,31959,22617,HC3,HC,Exc_THEMIS_SMYD1,Neuronal,Exc_THEMIS_SMYD1
25_CGAAGTAAGCAAGGGT-1,22587,13309,HC32,HC,Exc_THEMIS_SMYD1,Neuronal,Exc_THEMIS_SMYD1
4_CCTTGTTCAGCTACGT-1,15855,38163,HC28,HC,Exc_THEMIS_SMYD1,Neuronal,Exc_THEMIS_SMYD1
24_ACTTACTTCAACCAAC-1,29727,88358,HC16,HC,Exc_THEMIS_SMYD1,Neuronal,Exc_THEMIS_SMYD1
28_AATTGTGTCGTTACAA-1,21479,38095,HC22,HC,Exc_THEMIS_SMYD1,Neuronal,Exc_THEMIS_SMYD1
28_CGGCTCACAGTACCGT-1,18498,25415,HC23,HC,Exc_THEMIS_SMYD1,Neuronal,Exc_THEMIS_SMYD1
24_AAGTGCAAGACACCGC-1,11970,20053,HC14,HC,Exc_THEMIS_SMYD1,Neuronal,Exc_THEMIS_SMYD1
2_ATGTAAGCAGAAACGT-1,15373,20750,HC1,HC,Exc_THEMIS_SMYD1,Neuronal,Exc_THEMIS_SMYD1
4_CAACTAGGTAACTACG-1,19204,15821,HC21,HC,Exc_THEMIS_SMYD1,Neuronal,Exc_THEMIS_SMYD1
4_GTGCGCAGTTTGAGCA-1,17416,11247,HC31,HC,Exc_THEMIS_SMYD1,Neuronal,Exc_THEMIS_SMYD1
7_GTAATAGCAGCCTAAC-1,26785,36005,HC26,HC,Exc_THEMIS_SMYD1,Neuronal,Exc_THEMIS_SMYD1
8_TCTATGTTCCGCAACA-1,14340,21338,HC18,HC,Exc_THEMIS_SMYD1,Neuronal,Exc_THEMIS_SMYD1
18_CGTGCTGCAAGGATTA-1,19073,13595,HC8,HC,Exc_THEMIS_SMYD1,Neuronal,Exc_THEMIS_SMYD1
8_ACTCACCTCGTAATCA-1,22426,37487,HC24,HC,Exc_THEMIS_SMYD1,Neuronal,Exc_THEMIS_SMYD1
24_TGCCATTGTTATCCGT-1,10654,68391,HC13,HC,Exc_THEMIS_SMYD1,Neuronal,Exc_THEMIS_SMYD1
2_GGAACGGTCACTAATG-1,10968,30015,HC2,HC,Exc_THEMIS_SMYD1,Neuronal,Exc_THEMIS_SMYD1
24_GCAAGTCGTTAACGGC-1,64322,30506,HC16,HC,Exc_THEMIS_SMYD1,Neuronal,Exc_THEMIS_SMYD1
24_GCAGGATAGTCAATTG-1,35537,35366,HC13,HC,Exc_THEMIS_SMYD1,Neuronal,Exc_THEMIS_SMYD1
7_CTGGTAAGTTCACCCA-1,22788,31659,HC26,HC,Exc_THEMIS_SMYD1,Neuronal,Exc_THEMIS_SMYD1
2_TTCCCACAGCATTTCT-1,24642,32472,HC2,HC,Exc_THEMIS_SMYD1,Neuronal,Exc_THEMIS_SMYD1
8_CTCGCTAGTCCTAATC-1,22232,7470,HC18,HC,Exc_THEMIS_SMYD1,Neuronal,Exc_THEMIS_SMYD1
24_GGTATTTCAATGAATG-1,26084,23162,HC14,HC,Exc_THEMIS_SMYD1,Neuronal,Exc_THEMIS_SMYD1
4_AAGGTCAAGCCTAACG-1,26110,51526,HC21,HC,Exc_THEMIS_SMYD1,Neuronal,Exc_THEMIS_SMYD1
8_CTTACCTCAGGCATCT-1,24359,45704,HC24,HC,Exc_THEMIS_SMYD1,Neuronal,Exc_THEMIS_SMYD1
4_ATTACTGAGCATTATG-1,14632,36900,HC28,HC,Exc_THEMIS_SMYD1,Neuronal,Exc_THEMIS_SMYD1
4_GTTGCATAGGGCCACT-1,20792,19792,HC31,HC,Exc_THEMIS_SMYD1,Neuronal,Exc_THEMIS_SMYD1
18_ACTTACAAGTAGCTTA-1,16654,23603,HC8,HC,Exc_THEMIS_SMYD1,Neuronal,Exc_THEMIS_SMYD1
25_CAGGACACACTAAGTT-1,28484,33568,HC32,HC,Exc_THEMIS_SMYD1,Neuronal,Exc_THEMIS_SMYD1
7_TCATCCATCGCTCCAT-1,19899,35573,HC23,HC,Exc_THEMIS_SMYD1,Neuronal,Exc_THEMIS_SMYD1
14_TCCATTGTCAATCATG-1,20197,41587,HC3,HC,Exc_THEMIS_SMYD1,Neuronal,Exc_THEMIS_SMYD1
28_GTGGCTTCATAGACCC-1,28964,8425,HC22,HC,Exc_THEMIS_SMYD1,Neuronal,Exc_THEMIS_SMYD1
7_GATTAGTGTCTCAGCC-1,22509,33302,HC26,HC,Exc_THEMIS_SMYD1,Neuronal,Exc_THEMIS_SMYD1
25_ATGTTGTCAAAGGTAC-1,19642,33545,HC32,HC,Exc_THEMIS_SMYD1,Neuronal,Exc_THEMIS_SMYD1
24_CCTGTTGGTTAGCCAA-1,17973,25656,HC14,HC,Exc_THEMIS_SMYD1,Neuronal,Exc_THEMIS_SMYD1
2_GCCTGAGGTGCGCAAT-1,26474,21694,HC3,HC,Exc_THEMIS_SMYD1,Neuronal,Exc_THEMIS_SMYD1
8_TACCAGGTCTGCAAGT-1,16579,24055,HC24,HC,Exc_THEMIS_SMYD1,Neuronal,Exc_THEMIS_SMYD1
8_GACATAGAGTCAGGCC-1,10459,14759,HC18,HC,Exc_THEMIS_SMYD1,Neuronal,Exc_THEMIS_SMYD1
18_AGCGCTCAGGCATTGT-1,19004,23488,HC8,HC,Exc_THEMIS_SMYD1,Neuronal,Exc_THEMIS_SMYD1
2_CAAGTGAAGTAACGAG-1,37939,27437,HC2,HC,Exc_THEMIS_SMYD1,Neuronal,Exc_THEMIS_SMYD1
32_TCGTGCTTCTCACATT-1,22873,15895,HC31,HC,Exc_THEMIS_SMYD1,Neuronal,Exc_THEMIS_SMYD1
28_CCATTGTGTGTTTCAC-1,14346,50718,HC22,HC,Exc_THEMIS_SMYD1,Neuronal,Exc_THEMIS_SMYD1
7_GTTGTGAGTGTTGTAG-1,20269,12076,HC23,HC,Exc_THEMIS_SMYD1,Neuronal,Exc_THEMIS_SMYD1
4_GGTCAATTCGTGCTTC-1,18122,38454,HC21,HC,Exc_THEMIS_SMYD1,Neuronal,Exc_THEMIS_SMYD1
4_CAATGTCAGCCGCAAC-1,22458,22296,HC28,HC,Exc_THEMIS_SMYD1,Neuronal,Exc_THEMIS_SMYD1
24_AATGTCCAGTCTCACC-1,10304,31596,HC13,HC,Exc_THEMIS_SMYD1,Neuronal,Exc_THEMIS_SMYD1
7_GCGAAGTAGCATGACT-1,21531,29088,HC26,HC,Exc_THEMIS_SMYD1,Neuronal,Exc_THEMIS_SMYD1
4_GCGTTTCTCCAGGAAA-1,19495,25087,HC31,HC,Exc_THEMIS_SMYD1,Neuronal,Exc_THEMIS_SMYD1
28_CGGGACAAGCCATCAG-1,18606,46308,HC23,HC,Exc_THEMIS_SMYD1,Neuronal,Exc_THEMIS_SMYD1
24_CCTGTAACAGCATGTC-1,22294,7557,HC13,HC,Exc_THEMIS_SMYD1,Neuronal,Exc_THEMIS_SMYD1
28_TCCACAACAAGGTACG-1,11087,116254,HC22,HC,Exc_THEMIS_SMYD1,Neuronal,Exc_THEMIS_SMYD1
8_CTTTAGTTCTCACACC-1,12033,34794,HC24,HC,Exc_THEMIS_SMYD1,Neuronal,Exc_THEMIS_SMYD1
4_CGCTTCTAGGCCTTAG-1,17195,17032,HC28,HC,Exc_THEMIS_SMYD1,Neuronal,Exc_THEMIS_SMYD1
25_TACTTGTTCCAGGAAA-1,17404,33565,HC32,HC,Exc_THEMIS_SMYD1,Neuronal,Exc_THEMIS_SMYD1
14_CCAAGTTAGTCCTGAG-1,24981,30360,HC3,HC,Exc_THEMIS_SMYD1,Neuronal,Exc_THEMIS_SMYD1
26_GGGTGTTGTAAGCTTG-1,28650,36974,HC18,HC,Exc_THEMIS_SMYD1,Neuronal,Exc_THEMIS_SMYD1
18_TGAGGTGCATCAATCG-1,13991,27293,HC8,HC,Exc_THEMIS_SMYD1,Neuronal,Exc_THEMIS_SMYD1
4_GGCCGTTAGTAAACCC-1,22467,35284,HC21,HC,Exc_THEMIS_SMYD1,Neuronal,Exc_THEMIS_SMYD1
7_TACCGTTGTGGACCTG-1,27617,10732,HC26,HC,Exc_THEMIS_SMYD1,Neuronal,Exc_THEMIS_SMYD1
18_GTGCAAGCATTGTGCA-1,17573,16218,HC8,HC,Exc_THEMIS_SMYD1,Neuronal,Exc_THEMIS_SMYD1
28_AATATCCCAGCTCAAC-1,22981,26615,HC23,HC,Exc_THEMIS_SMYD1,Neuronal,Exc_THEMIS_SMYD1
14_CAGGTCCAGTCACGAT-1,45165,30099,HC3,HC,Exc_THEMIS_SMYD1,Neuronal,Exc_THEMIS_SMYD1
28_TCCCGGACAAACGGGC-1,28521,5890,HC22,HC,Exc_THEMIS_SMYD1,Neuronal,Exc_THEMIS_SMYD1
24_GGTACTAGTTTCAGGA-1,15850,28450,HC14,HC,Inh_LAMP5_CHST9,Neuronal,Inh_LAMP5_CHST9
4_CCGCACACACGAATCC-1,12188,25039,HC30,HC,Inh_LAMP5_CHST9,Neuronal,Inh_LAMP5_CHST9
18_AATGCAACACTAAGAA-1,12205,8188,HC5,HC,Inh_LAMP5_CHST9,Neuronal,Inh_LAMP5_CHST9
32_AGACCCGGTTGCTTCG-1,12464,27420,HC31,HC,Inh_LAMP5_CHST9,Neuronal,Inh_LAMP5_CHST9
5_TGCATGAGTAGTAAGA-1,23672,15137,HC11,HC,Inh_LAMP5_CHST9,Neuronal,Inh_LAMP5_CHST9
18_GCATCCTTCTTAATGG-1,30532,28236,HC6,HC,Inh_LAMP5_CHST9,Neuronal,Inh_LAMP5_CHST9
2_GTTGCGGGTTCATTTG-1,21235,14952,HC1,HC,Inh_LAMP5_CHST9,Neuronal,Inh_LAMP5_CHST9
4_AACCTTAAGTCGCTAG-1,7265,15702,HC28,HC,Inh_LAMP5_CHST9,Neuronal,Inh_LAMP5_CHST9
18_CCCAAATAGCTTTGGG-1,11056,16271,HC7,HC,Inh_LAMP5_CHST9,Neuronal,Inh_LAMP5_CHST9
7_GCGAAGTAGCATCCAG-1,12298,17455,HC25,HC,Inh_LAMP5_CHST9,Neuronal,Inh_LAMP5_CHST9
30_ACGCCACAGGTGCTGC-1,22233,28967,HC27,HC,Inh_LAMP5_CHST9,Neuronal,Inh_LAMP5_CHST9
8_GAACTTATCCGCCTCA-1,16399,9542,HC18,HC,Inh_LAMP5_CHST9,Neuronal,Inh_LAMP5_CHST9
8_TATCACAAGGCACAGG-1,9801,7442,HC15,HC,Inh_LAMP5_CHST9,Neuronal,Inh_LAMP5_CHST9
18_CCTGCTCCAACCTAAT-1,20356,21769,HC8,HC,Inh_LAMP5_CHST9,Neuronal,Inh_LAMP5_CHST9
26_GCGTGCTAGGCGAAAC-1,11295,22616,HC17,HC,Inh_LAMP5_CHST9,Neuronal,Inh_LAMP5_CHST9
26_CACAGGCTCACAGCGC-1,13990,27239,HC20,HC,Inh_LAMP5_CHST9,Neuronal,Inh_LAMP5_CHST9
28_CAATCTAAGGTTAGAG-1,14264,29853,HC22,HC,Inh_LAMP5_CHST9,Neuronal,Inh_LAMP5_CHST9
25_GATTTGCAGGAGCATA-1,31728,22118,HC32,HC,Inh_LAMP5_CHST9,Neuronal,Inh_LAMP5_CHST9
24_CCCTCATAGGAGGTTA-1,130802,63172,HC13,HC,Inh_LAMP5_CHST9,Neuronal,Inh_LAMP5_CHST9
7_GTCTAGCCAGCACGAA-1,18910,12041,HC26,HC,Inh_LAMP5_CHST9,Neuronal,Inh_LAMP5_CHST9
14_GGGTGAAGTACAAAGA-1,15506,9878,HC2,HC,Inh_LAMP5_CHST9,Neuronal,Inh_LAMP5_CHST9
28_CGGAGCAAGACAAAGT-1,9132,17253,HC23,HC,Inh_LAMP5_CHST9,Neuronal,Inh_LAMP5_CHST9
5_AAGGATCCATTAGGCC-1,5657,18884,HC10,HC,Inh_LAMP5_CHST9,Neuronal,Inh_LAMP5_CHST9
5_CTCTAGCTCTCCTCAA-1,9731,14412,HC9,HC,Inh_LAMP5_CHST9,Neuronal,Inh_LAMP5_CHST9
2_AGCAACAAGAGGAGGA-1,35446,10200,HC4,HC,Inh_LAMP5_CHST9,Neuronal,Inh_LAMP5_CHST9
26_ACTTACTTCCAAGTGT-1,24008,20806,HC19,HC,Inh_LAMP5_CHST9,Neuronal,Inh_LAMP5_CHST9
4_AGTAACCTCGAGGAAC-1,101461,16583,HC21,HC,Inh_LAMP5_CHST9,Neuronal,Inh_LAMP5_CHST9
5_GGAAGCTAGTTCCTGC-1,19141,8599,HC12,HC,Inh_LAMP5_CHST9,Neuronal,Inh_LAMP5_CHST9
8_GCAGGTTGTAGGTTGC-1,8461,11325,HC24,HC,Inh_LAMP5_CHST9,Neuronal,Inh_LAMP5_CHST9
24_AACTTAGTCACAAGCT-1,27139,20177,HC16,HC,Inh_LAMP5_CHST9,Neuronal,Inh_LAMP5_CHST9
2_TCTAACCGTCAATAGT-1,20898,9517,HC3,HC,Inh_LAMP5_CHST9,Neuronal,Inh_LAMP5_CHST9
8_CGAAGCGAGGGTGAAC-1,12514,15290,HC24,HC,Inh_LAMP5_CHST9,Neuronal,Inh_LAMP5_CHST9
4_GCCTGAGGTCACAGCG-1,10360,11782,HC31,HC,Inh_LAMP5_CHST9,Neuronal,Inh_LAMP5_CHST9
8_GGCCAACTCTGTAAGC-1,31434,7417,HC18,HC,Inh_LAMP5_CHST9,Neuronal,Inh_LAMP5_CHST9
18_GTTGGCGGTAGGTTGC-1,17256,10172,HC6,HC,Inh_LAMP5_CHST9,Neuronal,Inh_LAMP5_CHST9
24_GGGTCAACATGGTTAT-1,14627,10619,HC13,HC,Inh_LAMP5_CHST9,Neuronal,Inh_LAMP5_CHST9
26_GCGTTTCTCGAGCTAT-1,17949,29264,HC20,HC,Inh_LAMP5_CHST9,Neuronal,Inh_LAMP5_CHST9
4_CATAACGGTTGGATCA-1,7301,8445,HC30,HC,Inh_LAMP5_CHST9,Neuronal,Inh_LAMP5_CHST9
14_TGTCAATCACGGTTTA-1,10764,6916,HC1,HC,Inh_LAMP5_CHST9,Neuronal,Inh_LAMP5_CHST9
30_AAAGGCTCAAATACCT-1,17781,30769,HC25,HC,Inh_LAMP5_CHST9,Neuronal,Inh_LAMP5_CHST9
2_GAGCTGCTCATTGCAA-1,23084,15275,HC3,HC,Inh_LAMP5_CHST9,Neuronal,Inh_LAMP5_CHST9
7_GTAATAGCATGCTATG-1,8947,6660,HC26,HC,Inh_LAMP5_CHST9,Neuronal,Inh_LAMP5_CHST9
18_TACGCTTGTCGCGCAA-1,26090,18369,HC5,HC,Inh_LAMP5_CHST9,Neuronal,Inh_LAMP5_CHST9
28_CAGAATCTCCGCCTAT-1,15560,35051,HC22,HC,Inh_LAMP5_CHST9,Neuronal,Inh_LAMP5_CHST9
5_TGGATTCAGTGTGATC-1,26155,17327,HC10,HC,Inh_LAMP5_CHST9,Neuronal,Inh_LAMP5_CHST9
26_AACTTAGTCCGCAAGC-1,15128,49254,HC17,HC,Inh_LAMP5_CHST9,Neuronal,Inh_LAMP5_CHST9
25_GAAGGCCCAATTAAGG-1,25836,9977,HC32,HC,Inh_LAMP5_CHST9,Neuronal,Inh_LAMP5_CHST9
7_TAATTGCCAACTAGAA-1,22973,8584,HC23,HC,Inh_LAMP5_CHST9,Neuronal,Inh_LAMP5_CHST9
5_ACTAACGGTCATGAGC-1,19712,13141,HC9,HC,Inh_LAMP5_CHST9,Neuronal,Inh_LAMP5_CHST9
5_CCGCTAGCATGAAATG-1,8523,11075,HC12,HC,Inh_LAMP5_CHST9,Neuronal,Inh_LAMP5_CHST9
24_ATAGCATGTGGTTAGC-1,10632,23982,HC16,HC,Inh_LAMP5_CHST9,Neuronal,Inh_LAMP5_CHST9
4_AGGTCATTCAAATCGC-1,9575,8493,HC21,HC,Inh_LAMP5_CHST9,Neuronal,Inh_LAMP5_CHST9
2_CGCTAACCAAACCTTG-1,24297,14427,HC2,HC,Inh_LAMP5_CHST9,Neuronal,Inh_LAMP5_CHST9
18_CTTTGGTGTTATCCGT-1,14442,9746,HC7,HC,Inh_LAMP5_CHST9,Neuronal,Inh_LAMP5_CHST9
18_AGTAAGTAGTTTAACG-1,7492,14477,HC8,HC,Inh_LAMP5_CHST9,Neuronal,Inh_LAMP5_CHST9
2_ACCTCACTCATAGACC-1,18597,12563,HC4,HC,Inh_LAMP5_CHST9,Neuronal,Inh_LAMP5_CHST9
24_CTGCAATAGACACTTA-1,11358,13373,HC14,HC,Inh_LAMP5_CHST9,Neuronal,Inh_LAMP5_CHST9
4_CTTTAGGCAGTAGGAT-1,6637,13080,HC28,HC,Inh_LAMP5_CHST9,Neuronal,Inh_LAMP5_CHST9
26_CGAAGCCTCGGTCAAT-1,22668,26742,HC19,HC,Inh_LAMP5_CHST9,Neuronal,Inh_LAMP5_CHST9
23_TGATTGCAGCTCCCTG-1,17936,23797,HC11,HC,Inh_LAMP5_CHST9,Neuronal,Inh_LAMP5_CHST9
30_CGGACCTAGTACCGCA-1,30791,13565,HC27,HC,Inh_LAMP5_CHST9,Neuronal,Inh_LAMP5_CHST9
8_AAAGGAGCACAGCCTG-1,25398,13535,HC18,HC,Inh_LAMP5_CHST9,Neuronal,Inh_LAMP5_CHST9
4_CTTTAGGCAACGTGCT-1,41649,15108,HC28,HC,Inh_LAMP5_CHST9,Neuronal,Inh_LAMP5_CHST9
28_AAAGGAGCAATGAATG-1,51398,38873,HC22,HC,Inh_LAMP5_CHST9,Neuronal,Inh_LAMP5_CHST9
30_GCGCAATGTAATAGCT-1,21418,27398,HC27,HC,Inh_LAMP5_CHST9,Neuronal,Inh_LAMP5_CHST9
25_TACCTTTAGTACTGGT-1,8807,20054,HC32,HC,Inh_LAMP5_CHST9,Neuronal,Inh_LAMP5_CHST9
18_GTTTATCTCCTAAGTA-1,15901,15595,HC6,HC,Inh_LAMP5_CHST9,Neuronal,Inh_LAMP5_CHST9
18_TCCATTGTCATTAGTG-1,20615,21887,HC5,HC,Inh_LAMP5_CHST9,Neuronal,Inh_LAMP5_CHST9
18_GTCATCCTCGCTTCTA-1,11195,20173,HC7,HC,Inh_LAMP5_CHST9,Neuronal,Inh_LAMP5_CHST9
7_TCGTAATCATTAAAGG-1,13193,12935,HC26,HC,Inh_LAMP5_CHST9,Neuronal,Inh_LAMP5_CHST9
18_CATAGTCAGCTCCCTG-1,10377,21922,HC8,HC,Inh_LAMP5_CHST9,Neuronal,Inh_LAMP5_CHST9
26_GCCAGGAAGTAACGGA-1,18134,21727,HC17,HC,Inh_LAMP5_CHST9,Neuronal,Inh_LAMP5_CHST9
14_AGTGATGAGCTTAGTA-1,17456,7364,HC1,HC,Inh_LAMP5_CHST9,Neuronal,Inh_LAMP5_CHST9
32_TGGCCTTTCGATTATG-1,14386,31112,HC30,HC,Inh_LAMP5_CHST9,Neuronal,Inh_LAMP5_CHST9
26_ATGTAAGCAATTGACT-1,23072,39473,HC20,HC,Inh_LAMP5_CHST9,Neuronal,Inh_LAMP5_CHST9
24_TCAATCGCATGGCCTG-1,19861,11508,HC16,HC,Inh_LAMP5_CHST9,Neuronal,Inh_LAMP5_CHST9
7_CGTTAGGTCCTCATCA-1,8619,19989,HC23,HC,Inh_LAMP5_CHST9,Neuronal,Inh_LAMP5_CHST9
7_TCAGCAAGTAAGGTTT-1,6528,20948,HC25,HC,Inh_LAMP5_CHST9,Neuronal,Inh_LAMP5_CHST9
5_TAGGAACCATAATCGT-1,16627,11951,HC9,HC,Inh_LAMP5_CHST9,Neuronal,Inh_LAMP5_CHST9
5_TTTGTGAAGTGCACGC-1,15348,13842,HC12,HC,Inh_LAMP5_CHST9,Neuronal,Inh_LAMP5_CHST9
14_GGTAGGAGTTAGAGGG-1,20612,5462,HC2,HC,Inh_LAMP5_CHST9,Neuronal,Inh_LAMP5_CHST9
5_CCGCTAAAGGGATGCG-1,14684,9593,HC10,HC,Inh_LAMP5_CHST9,Neuronal,Inh_LAMP5_CHST9
28_TTGAGCTAGATAACCC-1,21610,25259,HC21,HC,Inh_LAMP5_CHST9,Neuronal,Inh_LAMP5_CHST9
4_CAGCTCAAGGCCTAAT-1,11290,7388,HC31,HC,Inh_LAMP5_CHST9,Neuronal,Inh_LAMP5_CHST9
5_ACCCGCTGTAAGGTCC-1,19945,21455,HC11,HC,Inh_LAMP5_CHST9,Neuronal,Inh_LAMP5_CHST9
24_AAGCCTGTCCTGGTGA-1,32619,47424,HC14,HC,Inh_LAMP5_CHST9,Neuronal,Inh_LAMP5_CHST9
8_TATGCATCATTGCAGC-1,11537,10761,HC24,HC,Inh_LAMP5_CHST9,Neuronal,Inh_LAMP5_CHST9
14_CTGTTCATCCTACCTA-1,21089,18433,HC3,HC,Inh_LAMP5_CHST9,Neuronal,Inh_LAMP5_CHST9
14_CTTGTTCCAATGAGGT-1,28002,14028,HC4,HC,Inh_LAMP5_CHST9,Neuronal,Inh_LAMP5_CHST9
4_TGTTACTTCAAGTGAG-1,10940,17914,HC30,HC,Inh_LAMP5_CHST9,Neuronal,Inh_LAMP5_CHST9
28_TTTCAGTTCATGTTTC-1,46808,12598,HC23,HC,Inh_LAMP5_CHST9,Neuronal,Inh_LAMP5_CHST9
23_GTCAAACTCAAGTGAG-1,5684,21831,HC11,HC,Inh_LAMP5_CHST9,Neuronal,Inh_LAMP5_CHST9
23_ACGAATCTCAAGTGTC-1,11803,24934,HC10,HC,Inh_LAMP5_CHST9,Neuronal,Inh_LAMP5_CHST9
18_CCCGCTTCAAAGCGGC-1,10493,11677,HC7,HC,Inh_LAMP5_CHST9,Neuronal,Inh_LAMP5_CHST9
28_TGTGCGGGTTTAAAGC-1,13530,22842,HC22,HC,Inh_LAMP5_CHST9,Neuronal,Inh_LAMP5_CHST9
14_GCAGGCTTCAGGCCTA-1,9698,11465,HC4,HC,Inh_LAMP5_CHST9,Neuronal,Inh_LAMP5_CHST9
18_GGTTTCCTCCCTCGCA-1,13115,18376,HC5,HC,Inh_LAMP5_CHST9,Neuronal,Inh_LAMP5_CHST9
8_GATCGCTCAATGCCCG-1,19611,10448,HC18,HC,Inh_LAMP5_CHST9,Neuronal,Inh_LAMP5_CHST9
4_AAGACCAAGAGAGGAG-1,20693,6666,HC21,HC,Inh_LAMP5_CHST9,Neuronal,Inh_LAMP5_CHST9
24_GCGATATTCTTGCTAT-1,12541,32030,HC16,HC,Inh_LAMP5_CHST9,Neuronal,Inh_LAMP5_CHST9
14_AAGCCTCCATATAACC-1,27999,21852,HC2,HC,Inh_LAMP5_CHST9,Neuronal,Inh_LAMP5_CHST9
25_GCTGTAAGTTACGCGG-1,16293,19966,HC32,HC,Inh_LAMP5_CHST9,Neuronal,Inh_LAMP5_CHST9
4_TGCGGTTCATAATCGT-1,7438,9051,HC31,HC,Inh_LAMP5_CHST9,Neuronal,Inh_LAMP5_CHST9
8_CGCATTTGTTCAAGCA-1,11612,20238,HC24,HC,Inh_LAMP5_CHST9,Neuronal,Inh_LAMP5_CHST9
14_GCTGTGCAGGCCCAGT-1,12613,13367,HC3,HC,Inh_LAMP5_CHST9,Neuronal,Inh_LAMP5_CHST9
26_TTACACCGTTAGCGTA-1,22753,20404,HC20,HC,Inh_LAMP5_CHST9,Neuronal,Inh_LAMP5_CHST9
5_TATGCATCATGGTTAT-1,10836,16802,HC12,HC,Inh_LAMP5_CHST9,Neuronal,Inh_LAMP5_CHST9
26_GCTTAAATCTTTAGGA-1,22026,25247,HC17,HC,Inh_LAMP5_CHST9,Neuronal,Inh_LAMP5_CHST9
7_AGAAACTAGGCTGTGC-1,49431,15324,HC26,HC,Inh_LAMP5_CHST9,Neuronal,Inh_LAMP5_CHST9
18_ATGACCAGTCCCGGAA-1,19617,11624,HC6,HC,Inh_LAMP5_CHST9,Neuronal,Inh_LAMP5_CHST9
30_CTAGCTGAGCCGCTTT-1,17884,31481,HC25,HC,Inh_LAMP5_CHST9,Neuronal,Inh_LAMP5_CHST9
14_GCTAAGTTCTGTGCAG-1,14908,7440,HC1,HC,Inh_LAMP5_CHST9,Neuronal,Inh_LAMP5_CHST9
18_GGTCAGGAGGATAAAC-1,16330,11962,HC8,HC,Inh_LAMP5_CHST9,Neuronal,Inh_LAMP5_CHST9
5_TTTCGTCCAGCTTAGC-1,7477,8759,HC9,HC,Inh_LAMP5_CHST9,Neuronal,Inh_LAMP5_CHST9
24_TTAAGGACACAAGCCT-1,13954,20616,HC16,HC,Inh_LAMP5_CHST9,Neuronal,Inh_LAMP5_CHST9
8_ACGACTTAGGTGAAAT-1,36565,5810,HC18,HC,Inh_LAMP5_CHST9,Neuronal,Inh_LAMP5_CHST9
18_TTGACGTAGCACGTTG-1,20004,12491,HC6,HC,Inh_LAMP5_CHST9,Neuronal,Inh_LAMP5_CHST9
18_AGCAATACAGGCTGTT-1,9044,14661,HC5,HC,Inh_LAMP5_CHST9,Neuronal,Inh_LAMP5_CHST9
2_CCTACTGGTTAGCAGC-1,23815,16323,HC3,HC,Inh_LAMP5_CHST9,Neuronal,Inh_LAMP5_CHST9
25_ATTGTCCGTCATCATC-1,10422,10543,HC32,HC,Inh_LAMP5_CHST9,Neuronal,Inh_LAMP5_CHST9
18_AACATAGCAGGACCTT-1,7293,12097,HC7,HC,Inh_LAMP5_CHST9,Neuronal,Inh_LAMP5_CHST9
4_GTTGGCCAGTAGCTTA-1,11090,20996,HC31,HC,Inh_LAMP5_CHST9,Neuronal,Inh_LAMP5_CHST9
18_CACATTAAGGCATGAA-1,11969,18359,HC8,HC,Inh_LAMP5_CHST9,Neuronal,Inh_LAMP5_CHST9
5_GCGTAACGTATTCGTC-1,21734,10103,HC12,HC,Inh_LAMP5_CHST9,Neuronal,Inh_LAMP5_CHST9
7_GTCCGTAAGCTCAATA-1,12099,21429,HC23,HC,Inh_LAMP5_CHST9,Neuronal,Inh_LAMP5_CHST9
14_TGTATCGCAGCCTGCA-1,11979,10114,HC2,HC,Inh_LAMP5_CHST9,Neuronal,Inh_LAMP5_CHST9
4_CTGTTAAAGCCAGTAT-1,5931,21228,HC30,HC,Inh_LAMP5_CHST9,Neuronal,Inh_LAMP5_CHST9
23_CAGGTCCAGTATTGCA-1,24387,29903,HC10,HC,Inh_LAMP5_CHST9,Neuronal,Inh_LAMP5_CHST9
23_ACACTTAAGACAACGA-1,25594,25301,HC11,HC,Inh_LAMP5_CHST9,Neuronal,Inh_LAMP5_CHST9
8_CCGTTGCGTCATGCAA-1,13261,16401,HC24,HC,Inh_LAMP5_CHST9,Neuronal,Inh_LAMP5_CHST9
7_GTACAATGTGAAGCCT-1,15471,9690,HC26,HC,Inh_LAMP5_CHST9,Neuronal,Inh_LAMP5_CHST9
2_TTGTCCCAGCAGGTTT-1,18620,12319,HC1,HC,Inh_LAMP5_CHST9,Neuronal,Inh_LAMP5_CHST9
23_TTCAACCGTTGCGGAT-1,22799,15049,HC9,HC,Inh_LAMP5_CHST9,Neuronal,Inh_LAMP5_CHST9
14_TTTCATCAGGATAAAC-1,9214,12444,HC4,HC,Inh_LAMP5_CHST9,Neuronal,Inh_LAMP5_CHST9
4_ATGTTGTCAATTTAGC-1,14161,23854,HC21,HC,Inh_LAMP5_CHST9,Neuronal,Inh_LAMP5_CHST9
14_CAGGATGCAAAGCGGC-1,24346,5360,HC4,HC,Inh_LAMP5_CHST9,Neuronal,Inh_LAMP5_CHST9
18_AAGGTATAGATAGACG-1,13534,20956,HC8,HC,Inh_LAMP5_CHST9,Neuronal,Inh_LAMP5_CHST9
18_CTTCTAAGTTAGTTGG-1,12681,18109,HC5,HC,Inh_LAMP5_CHST9,Neuronal,Inh_LAMP5_CHST9
2_TTCGGTACACCATATG-1,22987,16581,HC2,HC,Inh_LAMP5_CHST9,Neuronal,Inh_LAMP5_CHST9
18_TTTAGCAAGGGATGAC-1,8078,12594,HC7,HC,Inh_LAMP5_CHST9,Neuronal,Inh_LAMP5_CHST9
32_TATAACCCAGTATGTT-1,10413,45105,HC30,HC,Inh_LAMP5_CHST9,Neuronal,Inh_LAMP5_CHST9
23_AAGCCTGTCCTCATCA-1,26073,64069,HC9,HC,Inh_LAMP5_CHST9,Neuronal,Inh_LAMP5_CHST9
28_GCGATATTCGATTTGA-1,33360,22630,HC23,HC,Inh_LAMP5_CHST9,Neuronal,Inh_LAMP5_CHST9
4_TTAGCGGTCACAGGAA-1,10818,10698,HC31,HC,Inh_LAMP5_CHST9,Neuronal,Inh_LAMP5_CHST9
23_AGAATCTGTGGAAACG-1,26922,23678,HC10,HC,Inh_LAMP5_CHST9,Neuronal,Inh_LAMP5_CHST9
8_GTAAGCGCAACAGGAT-1,14235,11395,HC18,HC,Inh_LAMP5_CHST9,Neuronal,Inh_LAMP5_CHST9
25_TGGCCTTTCATTAGCA-1,13370,26355,HC32,HC,Inh_LAMP5_CHST9,Neuronal,Inh_LAMP5_CHST9
8_CAGCATTAGTCTTGAA-1,13350,20840,HC24,HC,Inh_LAMP5_CHST9,Neuronal,Inh_LAMP5_CHST9
24_GTGGACACATGCTTAG-1,16165,19929,HC16,HC,Inh_LAMP5_CHST9,Neuronal,Inh_LAMP5_CHST9
23_GCTAAGAAGTAAGTCC-1,14717,18979,HC11,HC,Inh_LAMP5_CHST9,Neuronal,Inh_LAMP5_CHST9
5_GAGCTGCTCTTAGGAC-1,7657,10907,HC10,HC,Inh_LAMP5_NMBR,Neuronal,Inh_LAMP5_NMBR
26_CAGCTAAGTTACGCAA-1,5707,11240,HC17,HC,Inh_LAMP5_NMBR,Neuronal,Inh_LAMP5_NMBR
24_TCGCGAGGTTCCGGCT-1,12643,23884,HC13,HC,Inh_LAMP5_NMBR,Neuronal,Inh_LAMP5_NMBR
26_TCATGTTTCCTTCTAG-1,13428,8888,HC20,HC,Inh_LAMP5_NMBR,Neuronal,Inh_LAMP5_NMBR
7_GACCTAAGTGACATGC-1,9702,6521,HC26,HC,Inh_LAMP5_NMBR,Neuronal,Inh_LAMP5_NMBR
4_CCTGGATCAAGCCACT-1,6435,14728,HC30,HC,Inh_LAMP5_NMBR,Neuronal,Inh_LAMP5_NMBR
4_TGGCTATAGATGCCTG-1,10910,18371,HC21,HC,Inh_LAMP5_NMBR,Neuronal,Inh_LAMP5_NMBR
8_AGTAGCTTCACGCATG-1,5567,12764,HC24,HC,Inh_LAMP5_NMBR,Neuronal,Inh_LAMP5_NMBR
14_TGCTTAAAGACAAACG-1,7540,7845,HC1,HC,Inh_LAMP5_NMBR,Neuronal,Inh_LAMP5_NMBR
26_CGGATAAAGCACAGAA-1,6438,14114,HC19,HC,Inh_LAMP5_NMBR,Neuronal,Inh_LAMP5_NMBR
24_CATCCTGGTTTACTTG-1,10144,30442,HC16,HC,Inh_LAMP5_NMBR,Neuronal,Inh_LAMP5_NMBR
14_TAGTACGGTTGGTGAC-1,8313,12230,HC3,HC,Inh_LAMP5_NMBR,Neuronal,Inh_LAMP5_NMBR
23_ATTGAAGCAAGGTACG-1,8897,5546,HC12,HC,Inh_LAMP5_NMBR,Neuronal,Inh_LAMP5_NMBR
8_TATAACCCAGGCCAAA-1,8165,11407,HC18,HC,Inh_LAMP5_NMBR,Neuronal,Inh_LAMP5_NMBR
18_CAAACACTCGTCCTTA-1,5679,17521,HC6,HC,Inh_LAMP5_NMBR,Neuronal,Inh_LAMP5_NMBR
18_TGCAGGCTCCCTCAGT-1,12280,16168,HC5,HC,Inh_LAMP5_NMBR,Neuronal,Inh_LAMP5_NMBR
7_TGACTTCGTTACGCGG-1,17504,14921,HC23,HC,Inh_LAMP5_NMBR,Neuronal,Inh_LAMP5_NMBR
5_CTAGTGAGTCTTACTA-1,31097,13900,HC11,HC,Inh_LAMP5_NMBR,Neuronal,Inh_LAMP5_NMBR
14_CTGTATTTCAACCAAC-1,15540,8368,HC4,HC,Inh_LAMP5_NMBR,Neuronal,Inh_LAMP5_NMBR
2_GAAAGGCTCCTTGCAC-1,8208,9203,HC2,HC,Inh_LAMP5_NMBR,Neuronal,Inh_LAMP5_NMBR
7_GCGGTTGGTTGCGCGA-1,12089,14507,HC25,HC,Inh_LAMP5_NMBR,Neuronal,Inh_LAMP5_NMBR
23_TTCAGTTTCGTTATCT-1,10823,10859,HC9,HC,Inh_LAMP5_NMBR,Neuronal,Inh_LAMP5_NMBR
30_AGGTAACCAGAACCGA-1,27226,6332,HC27,HC,Inh_LAMP5_NMBR,Neuronal,Inh_LAMP5_NMBR
18_CTCTTGATCACGTTAA-1,21930,10395,HC7,HC,Inh_LAMP5_NMBR,Neuronal,Inh_LAMP5_NMBR
24_CGTGTTACACCTGCTC-1,6081,12505,HC13,HC,Inh_LAMP5_NMBR,Neuronal,Inh_LAMP5_NMBR
28_CCAGGATGTTTAAAGC-1,11791,31259,HC23,HC,Inh_LAMP5_NMBR,Neuronal,Inh_LAMP5_NMBR
5_GCAGGCTTCTCACTAT-1,6608,16337,HC11,HC,Inh_LAMP5_NMBR,Neuronal,Inh_LAMP5_NMBR
23_AGCACTTAGTAAAGGT-1,8570,11395,HC12,HC,Inh_LAMP5_NMBR,Neuronal,Inh_LAMP5_NMBR
7_GTCTTTGTCTGGTCCT-1,8408,5592,HC26,HC,Inh_LAMP5_NMBR,Neuronal,Inh_LAMP5_NMBR
18_GGTCAATTCAGCAAGA-1,11196,7426,HC6,HC,Inh_LAMP5_NMBR,Neuronal,Inh_LAMP5_NMBR
8_AGGTGAGGTTTATTCG-1,7533,18568,HC24,HC,Inh_LAMP5_NMBR,Neuronal,Inh_LAMP5_NMBR
5_GTCATTAAGCATGCAT-1,8448,8661,HC10,HC,Inh_LAMP5_NMBR,Neuronal,Inh_LAMP5_NMBR
28_GATCGAGCATGTTTGG-1,14231,10514,HC21,HC,Inh_LAMP5_NMBR,Neuronal,Inh_LAMP5_NMBR
4_TTATCCGTCTAGCGTG-1,7051,12557,HC30,HC,Inh_LAMP5_NMBR,Neuronal,Inh_LAMP5_NMBR
5_GTTGCATAGCTCAAAC-1,8475,9612,HC9,HC,Inh_LAMP5_NMBR,Neuronal,Inh_LAMP5_NMBR
18_TTCAGCACAGGAACTG-1,5635,9281,HC5,HC,Inh_LAMP5_NMBR,Neuronal,Inh_LAMP5_NMBR
7_TCGTTTCCACTAGGTC-1,9998,15681,HC25,HC,Inh_LAMP5_NMBR,Neuronal,Inh_LAMP5_NMBR
14_CCTAAGCCAAGTAAGC-1,13226,9850,HC4,HC,Inh_LAMP5_NMBR,Neuronal,Inh_LAMP5_NMBR
2_GAGCAAATCACAGCCA-1,26827,16470,HC3,HC,Inh_LAMP5_NMBR,Neuronal,Inh_LAMP5_NMBR
2_TGTAACTCAACCTAAT-1,12782,6283,HC1,HC,Inh_LAMP5_NMBR,Neuronal,Inh_LAMP5_NMBR
14_CTCATGACAGGCTTGT-1,12516,6946,HC2,HC,Inh_LAMP5_NMBR,Neuronal,Inh_LAMP5_NMBR
24_GGATGGCCACCAGCAT-1,8974,27581,HC16,HC,Inh_LAMP5_NMBR,Neuronal,Inh_LAMP5_NMBR
18_AACCTAATCGTTTCCA-1,5745,6756,HC7,HC,Inh_LAMP5_NMBR,Neuronal,Inh_LAMP5_NMBR
23_CTTTGGTGTCCTAATC-1,10300,18264,HC10,HC,Inh_LAMP5_NMBR,Neuronal,Inh_LAMP5_NMBR
7_GTTACCTGTCCCGAAG-1,14741,15945,HC23,HC,Inh_LAMP5_NMBR,Neuronal,Inh_LAMP5_NMBR
5_GTCGCAATCCTTCGTA-1,7399,10132,HC12,HC,Inh_LAMP5_NMBR,Neuronal,Inh_LAMP5_NMBR
24_GGTGATTTCCCATAGG-1,11911,16372,HC16,HC,Inh_LAMP5_NMBR,Neuronal,Inh_LAMP5_NMBR
18_GTCTATGCATGAATAG-1,13591,5781,HC6,HC,Inh_LAMP5_NMBR,Neuronal,Inh_LAMP5_NMBR
23_CTACTTAGTGCAACTA-1,5604,16268,HC11,HC,Inh_LAMP5_NMBR,Neuronal,Inh_LAMP5_NMBR
32_GCACGAACAGTAATAG-1,8370,38637,HC30,HC,Inh_LAMP5_NMBR,Neuronal,Inh_LAMP5_NMBR
18_CTCATTTAGTCAGTAC-1,6343,13242,HC7,HC,Inh_LAMP5_NMBR,Neuronal,Inh_LAMP5_NMBR
7_CAGGTCCAGCCGCAAC-1,7983,20624,HC25,HC,Inh_LAMP5_NMBR,Neuronal,Inh_LAMP5_NMBR
14_GTTAAGTGTTCTTTAG-1,25638,5995,HC2,HC,Inh_LAMP5_NMBR,Neuronal,Inh_LAMP5_NMBR
8_AGGAAACGTGAAGCCT-1,8435,10735,HC24,HC,Inh_LAMP5_NMBR,Neuronal,Inh_LAMP5_NMBR
14_GTAGCTGTCCCATAAA-1,18463,5967,HC4,HC,Inh_LAMP5_NMBR,Neuronal,Inh_LAMP5_NMBR
14_ACCCAGGGTTAACAGT-1,16893,5420,HC3,HC,Inh_LAMP5_NMBR,Neuronal,Inh_LAMP5_NMBR
5_ATCACTAAGCATTTCT-1,7212,15378,HC9,HC,Inh_LAMP5_NMBR,Neuronal,Inh_LAMP5_NMBR
14_TGAAGCAAGCAGCTCA-1,14421,7272,HC1,HC,Inh_LAMP5_NMBR,Neuronal,Inh_LAMP5_NMBR
23_AACCTTAAGTAGGATG-1,14806,14328,HC10,HC,Inh_LAMP5_NMBR,Neuronal,Inh_LAMP5_NMBR
30_CCTACTGGTGAGGTGA-1,19405,13221,HC25,HC,Inh_LAMP5_NMBR,Neuronal,Inh_LAMP5_NMBR
7_GAAACCCGTAATTAGC-1,8747,26726,HC23,HC,Inh_LAMP5_NMBR,Neuronal,Inh_LAMP5_NMBR
24_GTCCTCCCAGTTTACG-1,8522,20699,HC16,HC,Inh_LAMP5_NMBR,Neuronal,Inh_LAMP5_NMBR
18_TCTAGCACATTAAGCT-1,8996,17918,HC6,HC,Inh_LAMP5_NMBR,Neuronal,Inh_LAMP5_NMBR
18_AAGTGAAGTTTGAGGC-1,10509,8629,HC7,HC,Inh_LAMP5_NMBR,Neuronal,Inh_LAMP5_NMBR
14_GTAAGCTTCAAAGGCA-1,16281,8611,HC4,HC,Inh_LAMP5_NMBR,Neuronal,Inh_LAMP5_NMBR
4_TTGTCCGGTGTCCTGC-1,6661,11320,HC30,HC,Inh_LAMP5_NMBR,Neuronal,Inh_LAMP5_NMBR
8_GAACTTATCACACAGT-1,10921,21427,HC24,HC,Inh_LAMP5_NMBR,Neuronal,Inh_LAMP5_NMBR
23_TAGGTGCGTGAATCGC-1,6219,13944,HC12,HC,Inh_LAMP5_NMBR,Neuronal,Inh_LAMP5_NMBR
14_GCGGGTTTCCCGTTAC-1,13573,7857,HC2,HC,Inh_LAMP5_NMBR,Neuronal,Inh_LAMP5_NMBR
23_AGTATAGCAAACTCAT-1,6693,5278,HC9,HC,Inh_LAMP5_NMBR,Neuronal,Inh_LAMP5_NMBR
2_ATTACTGAGGGCCACT-1,15628,6601,HC3,HC,Inh_LAMP5_NMBR,Neuronal,Inh_LAMP5_NMBR
23_TCCCGGACAACTAACT-1,6474,21035,HC11,HC,Inh_LAMP5_NMBR,Neuronal,Inh_LAMP5_NMBR
14_AGTAATCGTGGAAACG-1,10671,9319,HC1,HC,Inh_LAMP5_NMBR,Neuronal,Inh_LAMP5_NMBR
23_AACGCTAGTGATTACG-1,6407,7563,HC11,HC,Inh_LAMP5_NMBR,Neuronal,Inh_LAMP5_NMBR
7_AGGCCCAGTGTGAGAG-1,10497,10083,HC25,HC,Inh_LAMP5_NMBR,Neuronal,Inh_LAMP5_NMBR
8_ATCCCGCGTTGTTGTC-1,6118,9471,HC24,HC,Inh_LAMP5_NMBR,Neuronal,Inh_LAMP5_NMBR
14_AGGTCCGGTCTCACTG-1,10271,7934,HC4,HC,Inh_LAMP5_NMBR,Neuronal,Inh_LAMP5_NMBR
23_GGTTACCCACAAGCCT-1,7451,9035,HC10,HC,Inh_LAMP5_NMBR,Neuronal,Inh_LAMP5_NMBR
24_GGAGCATAGGGCCATC-1,6633,12970,HC16,HC,Inh_LAMP5_NMBR,Neuronal,Inh_LAMP5_NMBR
18_ATTCAACCAGCATGGA-1,8008,7566,HC7,HC,Inh_LAMP5_NMBR,Neuronal,Inh_LAMP5_NMBR
2_TGTGTGAGTCCTTCAG-1,10757,6685,HC1,HC,Inh_LAMP5_NMBR,Neuronal,Inh_LAMP5_NMBR
28_AGCCGCTAGGATTGAG-1,7008,26700,HC23,HC,Inh_LAMP5_NMBR,Neuronal,Inh_LAMP5_NMBR
14_TCTAATCTCTCACAAA-1,6537,7285,HC2,HC,Inh_LAMP5_NMBR,Neuronal,Inh_LAMP5_NMBR
23_GATCAGTTCAAATCGC-1,8773,9536,HC9,HC,Inh_LAMP5_NMBR,Neuronal,Inh_LAMP5_NMBR
2_GCGCCTTGTCCTAATC-1,21786,5967,HC3,HC,Inh_LAMP5_NMBR,Neuronal,Inh_LAMP5_NMBR
2_CGCTTACTCCTTGCAC-1,14697,13303,HC1,HC,Inh_LAMP5_NMBR,Neuronal,Inh_LAMP5_NMBR
23_CGCGATTCAAAGCTCC-1,7981,19545,HC11,HC,Inh_LAMP5_NMBR,Neuronal,Inh_LAMP5_NMBR
5_GCGAGTGAGGCTAGAA-1,6380,11412,HC10,HC,Inh_LAMP5_NMBR,Neuronal,Inh_LAMP5_NMBR
7_TTAACCAAGGCATTAC-1,9946,20033,HC23,HC,Inh_LAMP5_NMBR,Neuronal,Inh_LAMP5_NMBR
2_GTTAAGTGTGCGCATG-1,16467,6933,HC4,HC,Inh_LAMP5_NMBR,Neuronal,Inh_LAMP5_NMBR
2_GGCTGTCAGGAACGGT-1,9661,7406,HC3,HC,Inh_LAMP5_NMBR,Neuronal,Inh_LAMP5_NMBR
7_GTGCTGATCCTTCTAG-1,8824,19748,HC25,HC,Inh_LAMP5_NMBR,Neuronal,Inh_LAMP5_NMBR
23_AAGTCTATCAGCACGC-1,12552,15153,HC9,HC,Inh_LAMP5_NMBR,Neuronal,Inh_LAMP5_NMBR
8_TATGCATCACCTGTAA-1,6243,23934,HC24,HC,Inh_LAMP5_NMBR,Neuronal,Inh_LAMP5_NMBR
14_GAGCCACTCCGCAAAT-1,15967,13412,HC2,HC,Inh_LAMP5_NMBR,Neuronal,Inh_LAMP5_NMBR
18_GGGCTAACATGGTTAT-1,5583,12394,HC7,HC,Inh_LAMP5_NMBR,Neuronal,Inh_LAMP5_NMBR
14_AAAGGTTAGTCACCAG-1,8222,5515,HC4,HC,Inh_LAMP5_NMBR,Neuronal,Inh_LAMP5_NMBR
5_TGAGGCACAATTTGGT-1,11513,8216,HC10,HC,Inh_LAMP5_NMBR,Neuronal,Inh_LAMP5_NMBR
14_TACTTCGTCCTCACTA-1,17789,10049,HC2,HC,Inh_LAMP5_NMBR,Neuronal,Inh_LAMP5_NMBR
23_ATGGCTTAGAATCTCA-1,17527,14979,HC11,HC,Inh_LAMP5_NMBR,Neuronal,Inh_LAMP5_NMBR
18_GATGAGGGTACAATGT-1,9189,6506,HC7,HC,Inh_LAMP5_NMBR,Neuronal,Inh_LAMP5_NMBR
2_CCCAGTTTCATGCTAA-1,19801,10401,HC3,HC,Inh_LAMP5_NMBR,Neuronal,Inh_LAMP5_NMBR
28_CTCCTAATCCTGGTCT-1,12970,32547,HC23,HC,Inh_LAMP5_NMBR,Neuronal,Inh_LAMP5_NMBR
14_AAACATGCATGAGTTT-1,12429,11935,HC1,HC,Inh_LAMP5_NMBR,Neuronal,Inh_LAMP5_NMBR
8_CAAACCGTCAATCATG-1,6627,19942,HC24,HC,Inh_LAMP5_NMBR,Neuronal,Inh_LAMP5_NMBR
23_GCTCACAAGACAACGA-1,16728,13792,HC9,HC,Inh_LAMP5_NMBR,Neuronal,Inh_LAMP5_NMBR
7_GGCGGTTTCATTTGCT-1,21210,18281,HC25,HC,Inh_LAMP5_NMBR,Neuronal,Inh_LAMP5_NMBR
8_CTAATGTCATAAAGCA-1,10441,15650,HC24,HC,Inh_LAMP5_NMBR,Neuronal,Inh_LAMP5_NMBR
7_CAACTAGGTAATCGCA-1,10662,25528,HC23,HC,Inh_LAMP5_NMBR,Neuronal,Inh_LAMP5_NMBR
7_GTCGGTTCAGCATGGA-1,11908,13582,HC25,HC,Inh_LAMP5_NMBR,Neuronal,Inh_LAMP5_NMBR
23_TAAGCTATCATGACCG-1,7016,18652,HC11,HC,Inh_LAMP5_NMBR,Neuronal,Inh_LAMP5_NMBR
18_GGTCCGTAGTTAGAGG-1,11631,7412,HC7,HC,Inh_LAMP5_NMBR,Neuronal,Inh_LAMP5_NMBR
5_ATCCATAAGGCCTTAG-1,8866,7853,HC10,HC,Inh_LAMP5_NMBR,Neuronal,Inh_LAMP5_NMBR
2_CTATAACCAATACTGT-1,17440,13625,HC2,HC,Inh_LAMP5_NMBR,Neuronal,Inh_LAMP5_NMBR
14_CATTATGAGCGGGCAA-1,17765,6231,HC4,HC,Inh_LAMP5_NMBR,Neuronal,Inh_LAMP5_NMBR
2_GTCATTAAGTAGCGCC-1,13477,6645,HC3,HC,Inh_LAMP5_NMBR,Neuronal,Inh_LAMP5_NMBR
7_GTCCATTGTCACAGCG-1,6534,15607,HC25,HC,Inh_LAMP5_NMBR,Neuronal,Inh_LAMP5_NMBR
5_TCTTAGCGTCATAACG-1,9916,5577,HC11,HC,Inh_LAMP5_NMBR,Neuronal,Inh_LAMP5_NMBR
14_GACATAGAGGTACCGC-1,7047,11349,HC2,HC,Inh_LAMP5_NMBR,Neuronal,Inh_LAMP5_NMBR
8_GTGTAACTCCAAACAC-1,6820,6824,HC24,HC,Inh_LAMP5_NMBR,Neuronal,Inh_LAMP5_NMBR
5_GGCTATTAGTGAGGGT-1,11953,11182,HC10,HC,Inh_LAMP5_NMBR,Neuronal,Inh_LAMP5_NMBR
2_GCTCTGTTCGCCTGTT-1,12290,5614,HC4,HC,Inh_LAMP5_NMBR,Neuronal,Inh_LAMP5_NMBR
14_TTAGTCAAGCGATAGA-1,14407,7120,HC3,HC,Inh_LAMP5_NMBR,Neuronal,Inh_LAMP5_NMBR
7_AACTACTCAAAGCTAA-1,6538,11976,HC23,HC,Inh_LAMP5_NMBR,Neuronal,Inh_LAMP5_NMBR
5_CTCCATCAGTGCACGC-1,7994,18069,HC10,HC,Inh_LAMP5_NMBR,Neuronal,Inh_LAMP5_NMBR
2_AGACAATAGACTCGCA-1,13102,5348,HC2,HC,Inh_LAMP5_NMBR,Neuronal,Inh_LAMP5_NMBR
2_GCTATCCTCCTGGTCT-1,5775,9208,HC4,HC,Inh_LAMP5_NMBR,Neuronal,Inh_LAMP5_NMBR
8_TGCTTCCAGGCGAATA-1,5644,16772,HC24,HC,Inh_LAMP5_NMBR,Neuronal,Inh_LAMP5_NMBR
2_CCTATTTAGTAGAGGC-1,12528,7296,HC3,HC,Inh_LAMP5_NMBR,Neuronal,Inh_LAMP5_NMBR
23_CTAGCTTGTATTTGCC-1,6746,21772,HC11,HC,Inh_LAMP5_NMBR,Neuronal,Inh_LAMP5_NMBR
7_GGCTATGTCAGGCTAT-1,8881,18299,HC25,HC,Inh_LAMP5_NMBR,Neuronal,Inh_LAMP5_NMBR
7_GAACTTATCTAACCTT-1,9664,28850,HC25,HC,Inh_LAMP5_NMBR,Neuronal,Inh_LAMP5_NMBR
5_GTTAACGGTGACCTGG-1,17455,11193,HC11,HC,Inh_LAMP5_NMBR,Neuronal,Inh_LAMP5_NMBR
8_GGTAACTTCAAATCGC-1,14523,17352,HC24,HC,Inh_LAMP5_NMBR,Neuronal,Inh_LAMP5_NMBR
14_TGTTAGCAGCTATTGA-1,11964,7739,HC2,HC,Inh_LAMP5_NMBR,Neuronal,Inh_LAMP5_NMBR
2_ACGTCAAGTAACTACG-1,6496,5569,HC4,HC,Inh_LAMP5_NMBR,Neuronal,Inh_LAMP5_NMBR
14_AGCAGGTAGGCCCAGT-1,6738,8167,HC3,HC,Inh_LAMP5_NMBR,Neuronal,Inh_LAMP5_NMBR
14_TCCTGTTCAGTTTGGC-1,7369,13027,HC2,HC,Inh_LAMP5_NMBR,Neuronal,Inh_LAMP5_NMBR
14_AGCTACGTCATTACTC-1,15183,5454,HC4,HC,Inh_LAMP5_NMBR,Neuronal,Inh_LAMP5_NMBR
8_CTATGGCCAGAAATGC-1,7142,5641,HC24,HC,Inh_LAMP5_NMBR,Neuronal,Inh_LAMP5_NMBR
7_ATGACAACATAATGTC-1,6257,18762,HC25,HC,Inh_LAMP5_NMBR,Neuronal,Inh_LAMP5_NMBR
2_GCCAATTAGACAACAG-1,12588,10946,HC4,HC,Inh_LAMP5_NMBR,Neuronal,Inh_LAMP5_NMBR
14_AACTTAGTCGATATTG-1,6384,5539,HC2,HC,Inh_LAMP5_NMBR,Neuronal,Inh_LAMP5_NMBR
7_TAAGTGCTCTTGAGCG-1,9493,13826,HC25,HC,Inh_LAMP5_NMBR,Neuronal,Inh_LAMP5_NMBR
8_TCTCGCCCACCTATAG-1,7557,11401,HC24,HC,Inh_LAMP5_NMBR,Neuronal,Inh_LAMP5_NMBR
14_CTAGTAATCGACAAAG-1,17401,5823,HC2,HC,Inh_LAMP5_NMBR,Neuronal,Inh_LAMP5_NMBR
8_TATGGGCGTTACATCC-1,6219,11742,HC24,HC,Inh_LAMP5_NMBR,Neuronal,Inh_LAMP5_NMBR
7_TCTGTGACATCGCTTT-1,12995,19491,HC25,HC,Inh_LAMP5_NMBR,Neuronal,Inh_LAMP5_NMBR
14_CTAGCTTGTCGTTACT-1,6714,7264,HC2,HC,Inh_LAMP5_NMBR,Neuronal,Inh_LAMP5_NMBR
8_TATCCGGAGAAGGTGC-1,7807,14847,HC24,HC,Inh_LAMP5_NMBR,Neuronal,Inh_LAMP5_NMBR
5_TCCAGGATCACTAAGC-1,11738,15712,HC12,HC,Inh_LAMP5_RAB11FIP1,Neuronal,Inh_LAMP5_RAB11FIP1
4_AGCTATATCAGGGCCT-1,9799,28815,HC31,HC,Inh_LAMP5_RAB11FIP1,Neuronal,Inh_LAMP5_RAB11FIP1
30_GAACTTATCCGTTAAA-1,19761,52810,HC27,HC,Inh_LAMP5_RAB11FIP1,Neuronal,Inh_LAMP5_RAB11FIP1
8_TCTTAGTTCACAAGCT-1,8905,7624,HC18,HC,Inh_LAMP5_RAB11FIP1,Neuronal,Inh_LAMP5_RAB11FIP1
2_TTCCTCAAGGAACGGT-1,20443,5672,HC2,HC,Inh_LAMP5_RAB11FIP1,Neuronal,Inh_LAMP5_RAB11FIP1
18_CCCTGGACATCAATCG-1,7390,14596,HC8,HC,Inh_LAMP5_RAB11FIP1,Neuronal,Inh_LAMP5_RAB11FIP1
32_GGGATTAAGCCGCAAC-1,12574,7377,HC29,HC,Inh_LAMP5_RAB11FIP1,Neuronal,Inh_LAMP5_RAB11FIP1
32_CTGTACCTCCAATTAG-1,11184,35384,HC30,HC,Inh_LAMP5_RAB11FIP1,Neuronal,Inh_LAMP5_RAB11FIP1
7_GAAGCTAAGGCATTAC-1,9386,7782,HC23,HC,Inh_LAMP5_RAB11FIP1,Neuronal,Inh_LAMP5_RAB11FIP1
25_GACTCACCATAAGCAA-1,16368,18886,HC32,HC,Inh_LAMP5_RAB11FIP1,Neuronal,Inh_LAMP5_RAB11FIP1
26_TGACCAAGTATTTGCC-1,9447,35930,HC20,HC,Inh_LAMP5_RAB11FIP1,Neuronal,Inh_LAMP5_RAB11FIP1
24_AGTGGACAGTAACAGG-1,7383,15551,HC16,HC,Inh_LAMP5_RAB11FIP1,Neuronal,Inh_LAMP5_RAB11FIP1
18_ATTAACCCAATACTGT-1,16713,23315,HC5,HC,Inh_LAMP5_RAB11FIP1,Neuronal,Inh_LAMP5_RAB11FIP1
28_CAACCCTTCGCCTGTT-1,18645,20892,HC22,HC,Inh_LAMP5_RAB11FIP1,Neuronal,Inh_LAMP5_RAB11FIP1
2_GTTGTGAGTGCTCCGT-1,10074,9119,HC1,HC,Inh_LAMP5_RAB11FIP1,Neuronal,Inh_LAMP5_RAB11FIP1
4_ACTCGCTTCAGTGAAG-1,24606,17231,HC21,HC,Inh_LAMP5_RAB11FIP1,Neuronal,Inh_LAMP5_RAB11FIP1
14_CCAACATAGCATTAGC-1,10464,8188,HC4,HC,Inh_LAMP5_RAB11FIP1,Neuronal,Inh_LAMP5_RAB11FIP1
7_ATGCATTCATCACAGC-1,15832,25148,HC26,HC,Inh_LAMP5_RAB11FIP1,Neuronal,Inh_LAMP5_RAB11FIP1
24_CAGAATCTCAGGATGA-1,19232,25496,HC13,HC,Inh_LAMP5_RAB11FIP1,Neuronal,Inh_LAMP5_RAB11FIP1
8_GTGCTTCTCCCATAAA-1,15447,13653,HC24,HC,Inh_LAMP5_RAB11FIP1,Neuronal,Inh_LAMP5_RAB11FIP1
23_TAGCTTGCAATGAAGC-1,13612,21201,HC10,HC,Inh_LAMP5_RAB11FIP1,Neuronal,Inh_LAMP5_RAB11FIP1
24_TGTAAAGCAATGAAGC-1,7610,11121,HC14,HC,Inh_LAMP5_RAB11FIP1,Neuronal,Inh_LAMP5_RAB11FIP1
14_CGAACCGGTATTCGCT-1,21132,13256,HC3,HC,Inh_LAMP5_RAB11FIP1,Neuronal,Inh_LAMP5_RAB11FIP1
4_GATTATGTCTCGACCT-1,9422,22624,HC28,HC,Inh_LAMP5_RAB11FIP1,Neuronal,Inh_LAMP5_RAB11FIP1
26_ACGCACGGTTGTTCAC-1,9083,22534,HC19,HC,Inh_LAMP5_RAB11FIP1,Neuronal,Inh_LAMP5_RAB11FIP1
26_CCGTGCTGTTTGACCT-1,7926,24677,HC17,HC,Inh_LAMP5_RAB11FIP1,Neuronal,Inh_LAMP5_RAB11FIP1
18_TGTAATGTCTAGCGAT-1,12344,10279,HC7,HC,Inh_LAMP5_RAB11FIP1,Neuronal,Inh_LAMP5_RAB11FIP1
5_TGAACAACAGGCGAGT-1,15398,5722,HC11,HC,Inh_LAMP5_RAB11FIP1,Neuronal,Inh_LAMP5_RAB11FIP1
18_TCAAGTATCAACAAGG-1,11338,8392,HC6,HC,Inh_LAMP5_RAB11FIP1,Neuronal,Inh_LAMP5_RAB11FIP1
5_CATATCGCAATCGCAC-1,8203,10297,HC9,HC,Inh_LAMP5_RAB11FIP1,Neuronal,Inh_LAMP5_RAB11FIP1
7_AAGCGAATCTAACCAA-1,16211,15474,HC25,HC,Inh_LAMP5_RAB11FIP1,Neuronal,Inh_LAMP5_RAB11FIP1
7_TAGGTGCGTTATTGCC-1,6733,19024,HC23,HC,Inh_LAMP5_RAB11FIP1,Neuronal,Inh_LAMP5_RAB11FIP1
18_CCTACTTCAGGACCAA-1,13102,13562,HC5,HC,Inh_LAMP5_RAB11FIP1,Neuronal,Inh_LAMP5_RAB11FIP1
4_ACCAATATCTAAGGAG-1,11363,15022,HC31,HC,Inh_LAMP5_RAB11FIP1,Neuronal,Inh_LAMP5_RAB11FIP1
24_ACTTAGTCAATATAGG-1,15624,30478,HC13,HC,Inh_LAMP5_RAB11FIP1,Neuronal,Inh_LAMP5_RAB11FIP1
5_GGGTGAAGTGGACCTG-1,12484,8855,HC9,HC,Inh_LAMP5_RAB11FIP1,Neuronal,Inh_LAMP5_RAB11FIP1
26_TTAACTGAGTGAACGA-1,9367,9373,HC17,HC,Inh_LAMP5_RAB11FIP1,Neuronal,Inh_LAMP5_RAB11FIP1
14_GAGGAGGCAAGGTCCT-1,20811,9310,HC1,HC,Inh_LAMP5_RAB11FIP1,Neuronal,Inh_LAMP5_RAB11FIP1
28_TGTCAGTAGCACTAAC-1,8873,33737,HC22,HC,Inh_LAMP5_RAB11FIP1,Neuronal,Inh_LAMP5_RAB11FIP1
24_ACAGGATCAGCTACGT-1,11090,7078,HC14,HC,Inh_LAMP5_RAB11FIP1,Neuronal,Inh_LAMP5_RAB11FIP1
30_CTCTAAGCACCAACCG-1,23076,60699,HC27,HC,Inh_LAMP5_RAB11FIP1,Neuronal,Inh_LAMP5_RAB11FIP1
8_GTGTAACTCTCACACC-1,8798,7539,HC18,HC,Inh_LAMP5_RAB11FIP1,Neuronal,Inh_LAMP5_RAB11FIP1
18_CATCAATCATAATCCG-1,10870,13745,HC7,HC,Inh_LAMP5_RAB11FIP1,Neuronal,Inh_LAMP5_RAB11FIP1
28_AAACAGCCATAATCCG-1,7779,17114,HC21,HC,Inh_LAMP5_RAB11FIP1,Neuronal,Inh_LAMP5_RAB11FIP1
24_ATGGTGCGTTACGCGG-1,11241,14721,HC16,HC,Inh_LAMP5_RAB11FIP1,Neuronal,Inh_LAMP5_RAB11FIP1
30_GCTGTGATCTTAGCGG-1,17439,42894,HC26,HC,Inh_LAMP5_RAB11FIP1,Neuronal,Inh_LAMP5_RAB11FIP1
4_CTCCGTCCAGCATGAG-1,8883,12289,HC30,HC,Inh_LAMP5_RAB11FIP1,Neuronal,Inh_LAMP5_RAB11FIP1
7_CTATGATCACGGTACT-1,14370,23866,HC25,HC,Inh_LAMP5_RAB11FIP1,Neuronal,Inh_LAMP5_RAB11FIP1
18_GCTTTATTCATGACCG-1,13484,10015,HC6,HC,Inh_LAMP5_RAB11FIP1,Neuronal,Inh_LAMP5_RAB11FIP1
2_GGTTCTTGTAGGTGTC-1,26267,10964,HC4,HC,Inh_LAMP5_RAB11FIP1,Neuronal,Inh_LAMP5_RAB11FIP1
23_TATCGCACACCAGGTT-1,15632,18751,HC11,HC,Inh_LAMP5_RAB11FIP1,Neuronal,Inh_LAMP5_RAB11FIP1
25_GTCTAACAGTATTGGC-1,11011,23688,HC32,HC,Inh_LAMP5_RAB11FIP1,Neuronal,Inh_LAMP5_RAB11FIP1
14_CGCAATAGTTCAAGCA-1,55941,27507,HC3,HC,Inh_LAMP5_RAB11FIP1,Neuronal,Inh_LAMP5_RAB11FIP1
32_TATGGTCAGCGTGCGT-1,11951,22981,HC28,HC,Inh_LAMP5_RAB11FIP1,Neuronal,Inh_LAMP5_RAB11FIP1
18_TTGTTTGGTTCATTTG-1,12786,12443,HC8,HC,Inh_LAMP5_RAB11FIP1,Neuronal,Inh_LAMP5_RAB11FIP1
23_CTTGGACCAGCACGAA-1,10215,25047,HC10,HC,Inh_LAMP5_RAB11FIP1,Neuronal,Inh_LAMP5_RAB11FIP1
2_GGTAAGGGTACCTTAC-1,17370,6003,HC2,HC,Inh_LAMP5_RAB11FIP1,Neuronal,Inh_LAMP5_RAB11FIP1
5_TATGACATCCCTCACG-1,7683,18360,HC12,HC,Inh_LAMP5_RAB11FIP1,Neuronal,Inh_LAMP5_RAB11FIP1
26_TTTGTGGCAGTTTGTG-1,11716,14473,HC19,HC,Inh_LAMP5_RAB11FIP1,Neuronal,Inh_LAMP5_RAB11FIP1
26_GCCTGACAGGAACCGG-1,42458,76064,HC20,HC,Inh_LAMP5_RAB11FIP1,Neuronal,Inh_LAMP5_RAB11FIP1
32_CGTAACCCAACTAGAA-1,10743,5338,HC29,HC,Inh_LAMP5_RAB11FIP1,Neuronal,Inh_LAMP5_RAB11FIP1
8_CTCGTTATCCATTACT-1,14701,16904,HC24,HC,Inh_LAMP5_RAB11FIP1,Neuronal,Inh_LAMP5_RAB11FIP1
18_AACAGATAGACAGGTA-1,13099,6083,HC5,HC,Inh_LAMP5_RAB11FIP1,Neuronal,Inh_LAMP5_RAB11FIP1
30_TTAGGCTAGCGGGCAA-1,16075,17639,HC26,HC,Inh_LAMP5_RAB11FIP1,Neuronal,Inh_LAMP5_RAB11FIP1
32_ATTTAGCCATTGTGTG-1,8809,6865,HC29,HC,Inh_LAMP5_RAB11FIP1,Neuronal,Inh_LAMP5_RAB11FIP1
32_CATTCATTCTGCAACG-1,8091,28841,HC28,HC,Inh_LAMP5_RAB11FIP1,Neuronal,Inh_LAMP5_RAB11FIP1
8_GGCATTAGTCTAACCT-1,11977,22808,HC24,HC,Inh_LAMP5_RAB11FIP1,Neuronal,Inh_LAMP5_RAB11FIP1
4_AGTATAGCACCCACAG-1,12281,22196,HC30,HC,Inh_LAMP5_RAB11FIP1,Neuronal,Inh_LAMP5_RAB11FIP1
18_GGAGTCTGTGAGGTAG-1,8236,8185,HC7,HC,Inh_LAMP5_RAB11FIP1,Neuronal,Inh_LAMP5_RAB11FIP1
26_TTGCAAGGTTAGGCTA-1,21043,21721,HC17,HC,Inh_LAMP5_RAB11FIP1,Neuronal,Inh_LAMP5_RAB11FIP1
30_CTTTGAGCAATAACGA-1,23187,41957,HC27,HC,Inh_LAMP5_RAB11FIP1,Neuronal,Inh_LAMP5_RAB11FIP1
4_AGGATCCGTAAATTGC-1,6043,19390,HC21,HC,Inh_LAMP5_RAB11FIP1,Neuronal,Inh_LAMP5_RAB11FIP1
7_TCTGGCTTCCCTCAAC-1,10840,38768,HC23,HC,Inh_LAMP5_RAB11FIP1,Neuronal,Inh_LAMP5_RAB11FIP1
2_GACCTGCAGTTAGAGG-1,26457,9510,HC2,HC,Inh_LAMP5_RAB11FIP1,Neuronal,Inh_LAMP5_RAB11FIP1
18_ATCTTTGGTAATTAGC-1,14181,5947,HC6,HC,Inh_LAMP5_RAB11FIP1,Neuronal,Inh_LAMP5_RAB11FIP1
18_CGGTTATAGTCAGTAC-1,15117,10117,HC8,HC,Inh_LAMP5_RAB11FIP1,Neuronal,Inh_LAMP5_RAB11FIP1
7_CAAGTAACATATAACC-1,6989,25323,HC25,HC,Inh_LAMP5_RAB11FIP1,Neuronal,Inh_LAMP5_RAB11FIP1
5_GGTTTGTAGCTGTACG-1,15807,12938,HC10,HC,Inh_LAMP5_RAB11FIP1,Neuronal,Inh_LAMP5_RAB11FIP1
2_AGGCTAAAGTGATTCA-1,15138,8690,HC1,HC,Inh_LAMP5_RAB11FIP1,Neuronal,Inh_LAMP5_RAB11FIP1
5_CTATTGAAGTTTGCGG-1,8877,12523,HC12,HC,Inh_LAMP5_RAB11FIP1,Neuronal,Inh_LAMP5_RAB11FIP1
2_TCACGGATCATGTTTC-1,8015,11240,HC3,HC,Inh_LAMP5_RAB11FIP1,Neuronal,Inh_LAMP5_RAB11FIP1
24_TGGCCTTTCGAGCTAT-1,16380,23496,HC13,HC,Inh_LAMP5_RAB11FIP1,Neuronal,Inh_LAMP5_RAB11FIP1
8_TGTGGCGGTAACCACA-1,8392,5383,HC18,HC,Inh_LAMP5_RAB11FIP1,Neuronal,Inh_LAMP5_RAB11FIP1
23_CCTATTTAGCGGATAA-1,13386,22673,HC11,HC,Inh_LAMP5_RAB11FIP1,Neuronal,Inh_LAMP5_RAB11FIP1
26_GAGTCATTCTCTAGCC-1,19601,8864,HC19,HC,Inh_LAMP5_RAB11FIP1,Neuronal,Inh_LAMP5_RAB11FIP1
24_CCCAGCACAGCAACAG-1,14869,15356,HC16,HC,Inh_LAMP5_RAB11FIP1,Neuronal,Inh_LAMP5_RAB11FIP1
28_TTTAGCTTCCTTAGGG-1,12573,27458,HC22,HC,Inh_LAMP5_RAB11FIP1,Neuronal,Inh_LAMP5_RAB11FIP1
24_GAAGGATGTTGGATCA-1,15416,12632,HC14,HC,Inh_LAMP5_RAB11FIP1,Neuronal,Inh_LAMP5_RAB11FIP1
14_TGGCTATAGCGAGCGA-1,21080,9093,HC4,HC,Inh_LAMP5_RAB11FIP1,Neuronal,Inh_LAMP5_RAB11FIP1
5_ACCTTGTGTAGGTTTG-1,11116,6264,HC9,HC,Inh_LAMP5_RAB11FIP1,Neuronal,Inh_LAMP5_RAB11FIP1
24_GAGCTAGCATAGACTT-1,11703,22126,HC16,HC,Inh_LAMP5_RAB11FIP1,Neuronal,Inh_LAMP5_RAB11FIP1
26_TAGCATATCCGCAAAT-1,14901,25626,HC19,HC,Inh_LAMP5_RAB11FIP1,Neuronal,Inh_LAMP5_RAB11FIP1
4_TTTAACGAGGACCGCT-1,6164,12727,HC28,HC,Inh_LAMP5_RAB11FIP1,Neuronal,Inh_LAMP5_RAB11FIP1
8_CAGGGTGAGGCAGGTG-1,13241,6157,HC18,HC,Inh_LAMP5_RAB11FIP1,Neuronal,Inh_LAMP5_RAB11FIP1
32_TACAGGTTCGCTTGCT-1,9793,38959,HC30,HC,Inh_LAMP5_RAB11FIP1,Neuronal,Inh_LAMP5_RAB11FIP1
28_GCTAAGTTCCGGAACC-1,11665,35992,HC22,HC,Inh_LAMP5_RAB11FIP1,Neuronal,Inh_LAMP5_RAB11FIP1
24_ACCACATAGTCAATTG-1,22338,25062,HC13,HC,Inh_LAMP5_RAB11FIP1,Neuronal,Inh_LAMP5_RAB11FIP1
4_CCTAAGGTCTTGTTCG-1,14119,12302,HC21,HC,Inh_LAMP5_RAB11FIP1,Neuronal,Inh_LAMP5_RAB11FIP1
18_TTAACTGAGCAAGGTA-1,10287,7060,HC5,HC,Inh_LAMP5_RAB11FIP1,Neuronal,Inh_LAMP5_RAB11FIP1
7_CGCAATGTCCTCATCA-1,15428,12137,HC26,HC,Inh_LAMP5_RAB11FIP1,Neuronal,Inh_LAMP5_RAB11FIP1
18_ACACCTTGTTACTTCA-1,7418,7697,HC7,HC,Inh_LAMP5_RAB11FIP1,Neuronal,Inh_LAMP5_RAB11FIP1
26_GTCATCACAAGCGAGC-1,9471,23544,HC17,HC,Inh_LAMP5_RAB11FIP1,Neuronal,Inh_LAMP5_RAB11FIP1
30_CAATAAGCACATGCTA-1,22054,54255,HC27,HC,Inh_LAMP5_RAB11FIP1,Neuronal,Inh_LAMP5_RAB11FIP1
7_CCGGTTAAGTGCTGTG-1,10186,15579,HC25,HC,Inh_LAMP5_RAB11FIP1,Neuronal,Inh_LAMP5_RAB11FIP1
8_ATTCCTCCAAGGAATC-1,10262,10755,HC24,HC,Inh_LAMP5_RAB11FIP1,Neuronal,Inh_LAMP5_RAB11FIP1
23_GACCTGCAGTGTTGCG-1,16801,17296,HC10,HC,Inh_LAMP5_RAB11FIP1,Neuronal,Inh_LAMP5_RAB11FIP1
5_TGGATTGGTCTTACTA-1,13774,11512,HC9,HC,Inh_LAMP5_RAB11FIP1,Neuronal,Inh_LAMP5_RAB11FIP1
14_GTTCTTGTCATCCTAT-1,32924,14302,HC2,HC,Inh_LAMP5_RAB11FIP1,Neuronal,Inh_LAMP5_RAB11FIP1
2_GGTACAAAGGGACTAA-1,17184,5859,HC4,HC,Inh_LAMP5_RAB11FIP1,Neuronal,Inh_LAMP5_RAB11FIP1
5_AAACCGCGTCAATACG-1,12200,7001,HC11,HC,Inh_LAMP5_RAB11FIP1,Neuronal,Inh_LAMP5_RAB11FIP1
18_TCGTTACGTATTGTGG-1,9210,10944,HC8,HC,Inh_LAMP5_RAB11FIP1,Neuronal,Inh_LAMP5_RAB11FIP1
7_CTCGCTCCACTAAATC-1,9387,10237,HC23,HC,Inh_LAMP5_RAB11FIP1,Neuronal,Inh_LAMP5_RAB11FIP1
5_CATAACGGTTGTCATC-1,16910,18639,HC12,HC,Inh_LAMP5_RAB11FIP1,Neuronal,Inh_LAMP5_RAB11FIP1
2_ATCCATAAGTGAACGA-1,16524,8533,HC3,HC,Inh_LAMP5_RAB11FIP1,Neuronal,Inh_LAMP5_RAB11FIP1
18_TTCATCCCATTGACAT-1,16210,17345,HC6,HC,Inh_LAMP5_RAB11FIP1,Neuronal,Inh_LAMP5_RAB11FIP1
2_TTATAGCCACCTAATG-1,12831,12162,HC1,HC,Inh_LAMP5_RAB11FIP1,Neuronal,Inh_LAMP5_RAB11FIP1
32_AAAGGAGCACATAACT-1,5750,7313,HC30,HC,Inh_LAMP5_RAB11FIP1,Neuronal,Inh_LAMP5_RAB11FIP1
18_AACCTAATCTTTGTAC-1,8431,13699,HC7,HC,Inh_LAMP5_RAB11FIP1,Neuronal,Inh_LAMP5_RAB11FIP1
18_GTGTAACTCATGCTCC-1,10726,5642,HC6,HC,Inh_LAMP5_RAB11FIP1,Neuronal,Inh_LAMP5_RAB11FIP1
18_TTGGCTGAGTGTGATC-1,11315,6331,HC8,HC,Inh_LAMP5_RAB11FIP1,Neuronal,Inh_LAMP5_RAB11FIP1
2_CTTGCTCAGGCATGAA-1,20281,8327,HC1,HC,Inh_LAMP5_RAB11FIP1,Neuronal,Inh_LAMP5_RAB11FIP1
5_GTTTCAGCATTGCGAC-1,9710,10415,HC9,HC,Inh_LAMP5_RAB11FIP1,Neuronal,Inh_LAMP5_RAB11FIP1
14_TCCCGTTAGCTGAGGG-1,15516,14561,HC2,HC,Inh_LAMP5_RAB11FIP1,Neuronal,Inh_LAMP5_RAB11FIP1
28_GGCTAGACACATTGCA-1,12341,25737,HC21,HC,Inh_LAMP5_RAB11FIP1,Neuronal,Inh_LAMP5_RAB11FIP1
24_CTTCACTCATAATCCG-1,10159,19559,HC16,HC,Inh_LAMP5_RAB11FIP1,Neuronal,Inh_LAMP5_RAB11FIP1
4_GAAGGAACACAGGAAT-1,7571,18833,HC28,HC,Inh_LAMP5_RAB11FIP1,Neuronal,Inh_LAMP5_RAB11FIP1
28_CTCGACAAGGTCTTGG-1,11820,34754,HC22,HC,Inh_LAMP5_RAB11FIP1,Neuronal,Inh_LAMP5_RAB11FIP1
26_CTAGTAATCAAAGGCA-1,16484,21657,HC17,HC,Inh_LAMP5_RAB11FIP1,Neuronal,Inh_LAMP5_RAB11FIP1
24_AGGTTACTCCATAAGC-1,19399,23870,HC13,HC,Inh_LAMP5_RAB11FIP1,Neuronal,Inh_LAMP5_RAB11FIP1
18_TTACGTTTCGACAAAG-1,16144,23457,HC5,HC,Inh_LAMP5_RAB11FIP1,Neuronal,Inh_LAMP5_RAB11FIP1
30_TTCGTTAGTTTCGCGC-1,24594,53507,HC27,HC,Inh_LAMP5_RAB11FIP1,Neuronal,Inh_LAMP5_RAB11FIP1
7_AGACAATAGACTTACA-1,14249,18506,HC26,HC,Inh_LAMP5_RAB11FIP1,Neuronal,Inh_LAMP5_RAB11FIP1
23_GGTGTTGTCACAAGCT-1,28374,20460,HC10,HC,Inh_LAMP5_RAB11FIP1,Neuronal,Inh_LAMP5_RAB11FIP1
7_TCGGTTCTCGCATTAA-1,13244,10494,HC25,HC,Inh_LAMP5_RAB11FIP1,Neuronal,Inh_LAMP5_RAB11FIP1
26_TTGACTAAGTAAACCC-1,15040,36420,HC19,HC,Inh_LAMP5_RAB11FIP1,Neuronal,Inh_LAMP5_RAB11FIP1
14_GTTTCAGCAGAACCGA-1,20120,8034,HC4,HC,Inh_LAMP5_RAB11FIP1,Neuronal,Inh_LAMP5_RAB11FIP1
2_ACCTCACTCAAGGACA-1,14191,14225,HC3,HC,Inh_LAMP5_RAB11FIP1,Neuronal,Inh_LAMP5_RAB11FIP1
5_GGACGAAGTGATTTGG-1,11628,9465,HC11,HC,Inh_LAMP5_RAB11FIP1,Neuronal,Inh_LAMP5_RAB11FIP1
26_GCTAGTGTCCAGCACA-1,6887,6444,HC18,HC,Inh_LAMP5_RAB11FIP1,Neuronal,Inh_LAMP5_RAB11FIP1
28_AGCAGGTAGCGATACT-1,15749,25658,HC23,HC,Inh_LAMP5_RAB11FIP1,Neuronal,Inh_LAMP5_RAB11FIP1
8_GTGCTGGGTATTCGTC-1,14521,20470,HC24,HC,Inh_LAMP5_RAB11FIP1,Neuronal,Inh_LAMP5_RAB11FIP1
5_CTGCAATAGTAACTCA-1,9499,12625,HC12,HC,Inh_LAMP5_RAB11FIP1,Neuronal,Inh_LAMP5_RAB11FIP1
4_GTGCACGGTGGGTGAA-1,6950,14812,HC28,HC,Inh_LAMP5_RAB11FIP1,Neuronal,Inh_LAMP5_RAB11FIP1
4_GGAACCTGTTAGACCA-1,12050,27690,HC21,HC,Inh_LAMP5_RAB11FIP1,Neuronal,Inh_LAMP5_RAB11FIP1
18_ACGTTGTAGGCCTTAG-1,9623,10767,HC7,HC,Inh_LAMP5_RAB11FIP1,Neuronal,Inh_LAMP5_RAB11FIP1
18_ATCTATGAGCTAAAGG-1,9619,9374,HC5,HC,Inh_LAMP5_RAB11FIP1,Neuronal,Inh_LAMP5_RAB11FIP1
5_CCCGTAAAGGAACCGG-1,26013,14963,HC12,HC,Inh_LAMP5_RAB11FIP1,Neuronal,Inh_LAMP5_RAB11FIP1
18_ACTTACAAGGGCTTAT-1,10539,13179,HC8,HC,Inh_LAMP5_RAB11FIP1,Neuronal,Inh_LAMP5_RAB11FIP1
8_GGTCTTTGTTGGCCGA-1,11236,16551,HC24,HC,Inh_LAMP5_RAB11FIP1,Neuronal,Inh_LAMP5_RAB11FIP1
24_TTCGTTAGTGCTCCGT-1,15905,22509,HC13,HC,Inh_LAMP5_RAB11FIP1,Neuronal,Inh_LAMP5_RAB11FIP1
2_AGTGTGGCAGGACCTT-1,36127,13511,HC4,HC,Inh_PVALB_KCNIP2,Neuronal,Inh_PVALB_KCNIP2
24_TATCGCACATACTCCT-1,5715,26394,HC14,HC,Inh_PVALB_KCNIP2,Neuronal,Inh_PVALB_KCNIP2
4_GAGCGATAGTGATTCA-1,23856,15602,HC30,HC,Inh_PVALB_KCNIP2,Neuronal,Inh_PVALB_KCNIP2
26_GATAAGCCAATTGACT-1,16126,8566,HC18,HC,Inh_PVALB_KCNIP2,Neuronal,Inh_PVALB_KCNIP2
18_CACCTGTTCTCGCCTG-1,26084,51699,HC8,HC,Inh_PVALB_KCNIP2,Neuronal,Inh_PVALB_KCNIP2
18_AACGACAAGGTAAGCA-1,7891,14225,HC7,HC,Inh_PVALB_KCNIP2,Neuronal,Inh_PVALB_KCNIP2
28_TTATTGCTCCGCAAAT-1,23664,52677,HC22,HC,Inh_PVALB_KCNIP2,Neuronal,Inh_PVALB_KCNIP2
5_CGTAACTAGGAGCAAC-1,17920,13492,HC11,HC,Inh_PVALB_KCNIP2,Neuronal,Inh_PVALB_KCNIP2
24_GCTTTCATCGTTCACC-1,13361,32009,HC16,HC,Inh_PVALB_KCNIP2,Neuronal,Inh_PVALB_KCNIP2
5_AGTGGACAGGGATGAC-1,22258,10615,HC12,HC,Inh_PVALB_KCNIP2,Neuronal,Inh_PVALB_KCNIP2
30_CAGCATGTCATGAGCT-1,42421,60051,HC27,HC,Inh_PVALB_KCNIP2,Neuronal,Inh_PVALB_KCNIP2
25_ATCACTAAGGTCCTGA-1,18697,19431,HC32,HC,Inh_PVALB_KCNIP2,Neuronal,Inh_PVALB_KCNIP2
24_AGCCTAGTCATTGCAA-1,13350,27725,HC13,HC,Inh_PVALB_KCNIP2,Neuronal,Inh_PVALB_KCNIP2
5_GTAGTTTCATTGCGGT-1,10550,7250,HC9,HC,Inh_PVALB_KCNIP2,Neuronal,Inh_PVALB_KCNIP2
4_GCTAAGTTCCGTCCAT-1,23150,23298,HC28,HC,Inh_PVALB_KCNIP2,Neuronal,Inh_PVALB_KCNIP2
5_TCATTACTCGCTAAGT-1,8116,14986,HC10,HC,Inh_PVALB_KCNIP2,Neuronal,Inh_PVALB_KCNIP2
7_CACCAACCAAGCGAGC-1,16353,18055,HC23,HC,Inh_PVALB_KCNIP2,Neuronal,Inh_PVALB_KCNIP2
14_TGTGCGCAGCTAAGTC-1,35199,19246,HC3,HC,Inh_PVALB_KCNIP2,Neuronal,Inh_PVALB_KCNIP2
18_TAGTGGCGTAATAGCT-1,19773,6508,HC6,HC,Inh_PVALB_KCNIP2,Neuronal,Inh_PVALB_KCNIP2
18_CCCAGTTTCCTTTACG-1,32199,48018,HC5,HC,Inh_PVALB_KCNIP2,Neuronal,Inh_PVALB_KCNIP2
2_AAGTAGCCACAAAGAC-1,21084,18839,HC1,HC,Inh_PVALB_KCNIP2,Neuronal,Inh_PVALB_KCNIP2
26_AGAGGATGTTATTGCC-1,7566,30952,HC17,HC,Inh_PVALB_KCNIP2,Neuronal,Inh_PVALB_KCNIP2
8_GGACTAAAGCAAGGGT-1,17660,11770,HC24,HC,Inh_PVALB_KCNIP2,Neuronal,Inh_PVALB_KCNIP2
26_CGGCAATGTCCGTGAG-1,23679,5811,HC19,HC,Inh_PVALB_KCNIP2,Neuronal,Inh_PVALB_KCNIP2
2_CTAATGTCATTGCGAC-1,6596,12234,HC2,HC,Inh_PVALB_KCNIP2,Neuronal,Inh_PVALB_KCNIP2
32_TATTTGCTCCGGTTGA-1,6949,26765,HC31,HC,Inh_PVALB_KCNIP2,Neuronal,Inh_PVALB_KCNIP2
26_CATAATCCAGTTAAAG-1,21692,41945,HC20,HC,Inh_PVALB_KCNIP2,Neuronal,Inh_PVALB_KCNIP2
7_TCCGGTTTCGGGATTT-1,15478,22591,HC25,HC,Inh_PVALB_KCNIP2,Neuronal,Inh_PVALB_KCNIP2
4_CGCTTCTAGGTCGATT-1,20495,29321,HC21,HC,Inh_PVALB_KCNIP2,Neuronal,Inh_PVALB_KCNIP2
7_TAATGCATCTTTAAGG-1,145751,43687,HC26,HC,Inh_PVALB_KCNIP2,Neuronal,Inh_PVALB_KCNIP2
24_GAAGCCTGTTACTTCA-1,24799,22886,HC13,HC,Inh_PVALB_KCNIP2,Neuronal,Inh_PVALB_KCNIP2
18_GGAGGTTAGCTGGAAA-1,10312,15936,HC8,HC,Inh_PVALB_KCNIP2,Neuronal,Inh_PVALB_KCNIP2
24_TACTGACAGCCGGTAC-1,12919,24793,HC14,HC,Inh_PVALB_KCNIP2,Neuronal,Inh_PVALB_KCNIP2
32_GTCGAAGCACAGCCAT-1,10804,24337,HC28,HC,Inh_PVALB_KCNIP2,Neuronal,Inh_PVALB_KCNIP2
26_GCCTACTTCACCTGCT-1,29665,42168,HC17,HC,Inh_PVALB_KCNIP2,Neuronal,Inh_PVALB_KCNIP2
4_ATTAGGTGTTTGGGCG-1,14917,9783,HC30,HC,Inh_PVALB_KCNIP2,Neuronal,Inh_PVALB_KCNIP2
7_ATGGACAAGATGGACA-1,14751,12724,HC25,HC,Inh_PVALB_KCNIP2,Neuronal,Inh_PVALB_KCNIP2
32_CCGTTAACAGCAAGGC-1,10178,21640,HC31,HC,Inh_PVALB_KCNIP2,Neuronal,Inh_PVALB_KCNIP2
5_ATCGAGGCATCAGTAT-1,30916,18795,HC9,HC,Inh_PVALB_KCNIP2,Neuronal,Inh_PVALB_KCNIP2
24_AGTACGCGTTAAGCCA-1,18019,25073,HC16,HC,Inh_PVALB_KCNIP2,Neuronal,Inh_PVALB_KCNIP2
26_TACAACATCTTAGCGG-1,9518,18720,HC20,HC,Inh_PVALB_KCNIP2,Neuronal,Inh_PVALB_KCNIP2
25_CCCTGTTAGCAGGTGG-1,15123,22662,HC32,HC,Inh_PVALB_KCNIP2,Neuronal,Inh_PVALB_KCNIP2
30_ACGCACGGTTTCAGGA-1,34221,40847,HC27,HC,Inh_PVALB_KCNIP2,Neuronal,Inh_PVALB_KCNIP2
26_AGCCGCTAGGACCTCA-1,7103,32295,HC19,HC,Inh_PVALB_KCNIP2,Neuronal,Inh_PVALB_KCNIP2
7_GCGGAACCACGAATTT-1,18360,25239,HC26,HC,Inh_PVALB_KCNIP2,Neuronal,Inh_PVALB_KCNIP2
28_GCTGATCCAGCGCTTG-1,24597,36595,HC22,HC,Inh_PVALB_KCNIP2,Neuronal,Inh_PVALB_KCNIP2
18_AGGGCTACAGCTAATT-1,6748,13760,HC7,HC,Inh_PVALB_KCNIP2,Neuronal,Inh_PVALB_KCNIP2
14_AGTAAACAGCACGATT-1,16542,16231,HC3,HC,Inh_PVALB_KCNIP2,Neuronal,Inh_PVALB_KCNIP2
5_TTGAGCTAGCCTCTCG-1,36931,17455,HC12,HC,Inh_PVALB_KCNIP2,Neuronal,Inh_PVALB_KCNIP2
18_CCGTGCTGTCCACAAA-1,21115,15965,HC6,HC,Inh_PVALB_KCNIP2,Neuronal,Inh_PVALB_KCNIP2
5_TGGGCATGTACCGGAT-1,17586,8675,HC11,HC,Inh_PVALB_KCNIP2,Neuronal,Inh_PVALB_KCNIP2
18_TTTCAGTTCAGGTCCA-1,16521,24764,HC5,HC,Inh_PVALB_KCNIP2,Neuronal,Inh_PVALB_KCNIP2
4_CGAGGAAGTGGAAGGC-1,20789,15955,HC21,HC,Inh_PVALB_KCNIP2,Neuronal,Inh_PVALB_KCNIP2
23_CTCTCACAGTCTCACC-1,19243,29586,HC10,HC,Inh_PVALB_KCNIP2,Neuronal,Inh_PVALB_KCNIP2
2_TGCTCCGTCTTAGGGT-1,30184,18291,HC4,HC,Inh_PVALB_KCNIP2,Neuronal,Inh_PVALB_KCNIP2
2_TGTTGTAAGCTTAGCG-1,19466,9371,HC2,HC,Inh_PVALB_KCNIP2,Neuronal,Inh_PVALB_KCNIP2
2_TAATCACCAAGCTTAT-1,12739,7600,HC1,HC,Inh_PVALB_KCNIP2,Neuronal,Inh_PVALB_KCNIP2
7_ATTGGTTCAAGCGAGC-1,16075,19082,HC23,HC,Inh_PVALB_KCNIP2,Neuronal,Inh_PVALB_KCNIP2
28_AATTAGGCACCATATG-1,13676,37333,HC24,HC,Inh_PVALB_KCNIP2,Neuronal,Inh_PVALB_KCNIP2
26_AGGTAACCAGGCGAGT-1,13452,5685,HC17,HC,Inh_PVALB_KCNIP2,Neuronal,Inh_PVALB_KCNIP2
4_CGAACCGGTCACCAAA-1,22720,40971,HC28,HC,Inh_PVALB_KCNIP2,Neuronal,Inh_PVALB_KCNIP2
4_CCCAGTTTCACCGGTA-1,15714,19002,HC30,HC,Inh_PVALB_KCNIP2,Neuronal,Inh_PVALB_KCNIP2
25_CTCTATGTCTCCATAT-1,17775,24189,HC32,HC,Inh_PVALB_KCNIP2,Neuronal,Inh_PVALB_KCNIP2
26_GTTAAGCTCGCACACA-1,11226,5525,HC19,HC,Inh_PVALB_KCNIP2,Neuronal,Inh_PVALB_KCNIP2
26_ATTACCGCAGGCAAGC-1,19611,16854,HC20,HC,Inh_PVALB_KCNIP2,Neuronal,Inh_PVALB_KCNIP2
30_TTGACATCATGAGTTT-1,23809,55021,HC27,HC,Inh_PVALB_KCNIP2,Neuronal,Inh_PVALB_KCNIP2
18_ATATGTCCAGCCAGTT-1,18173,25521,HC5,HC,Inh_PVALB_KCNIP2,Neuronal,Inh_PVALB_KCNIP2
5_CTAGGCGGTGTTGTGA-1,21678,9649,HC10,HC,Inh_PVALB_KCNIP2,Neuronal,Inh_PVALB_KCNIP2
4_ACCAAGTTCTTGCAGG-1,14507,28236,HC31,HC,Inh_PVALB_KCNIP2,Neuronal,Inh_PVALB_KCNIP2
5_GGGTCAACAGAAACGT-1,30234,18734,HC9,HC,Inh_PVALB_KCNIP2,Neuronal,Inh_PVALB_KCNIP2
24_ACTGAAACAGCCAGTT-1,11243,42936,HC16,HC,Inh_PVALB_KCNIP2,Neuronal,Inh_PVALB_KCNIP2
7_TGATCAGGTAAAGCGG-1,11921,15794,HC23,HC,Inh_PVALB_KCNIP2,Neuronal,Inh_PVALB_KCNIP2
28_GTTGCGGGTCACCTAT-1,45060,28404,HC22,HC,Inh_PVALB_KCNIP2,Neuronal,Inh_PVALB_KCNIP2
18_AGACACGCAAGCTAAA-1,16674,15380,HC8,HC,Inh_PVALB_KCNIP2,Neuronal,Inh_PVALB_KCNIP2
30_GCCTACTTCTAAGGAG-1,15977,52727,HC26,HC,Inh_PVALB_KCNIP2,Neuronal,Inh_PVALB_KCNIP2
14_CTTAATGAGTTTGAGC-1,26536,11727,HC4,HC,Inh_PVALB_KCNIP2,Neuronal,Inh_PVALB_KCNIP2
5_CGGTTATAGTATCGCG-1,22203,12016,HC12,HC,Inh_PVALB_KCNIP2,Neuronal,Inh_PVALB_KCNIP2
24_GCTAAGAAGGTAGCTT-1,14029,21774,HC14,HC,Inh_PVALB_KCNIP2,Neuronal,Inh_PVALB_KCNIP2
24_AAGCGTTTCAGAAACG-1,22848,31834,HC13,HC,Inh_PVALB_KCNIP2,Neuronal,Inh_PVALB_KCNIP2
18_CCAGTTTGTTCCGGCT-1,46128,45594,HC6,HC,Inh_PVALB_KCNIP2,Neuronal,Inh_PVALB_KCNIP2
2_CAGGTGGAGCCTGTGA-1,25218,7378,HC2,HC,Inh_PVALB_KCNIP2,Neuronal,Inh_PVALB_KCNIP2
4_TAACAAGCACAAGCCT-1,8376,22193,HC21,HC,Inh_PVALB_KCNIP2,Neuronal,Inh_PVALB_KCNIP2
14_AACCTAATCCGCAAAT-1,9993,10844,HC3,HC,Inh_PVALB_KCNIP2,Neuronal,Inh_PVALB_KCNIP2
7_GAGCTAGCAAAGCGCA-1,15442,16717,HC25,HC,Inh_PVALB_KCNIP2,Neuronal,Inh_PVALB_KCNIP2
8_CGATCCTTCACGCATG-1,14314,20700,HC24,HC,Inh_PVALB_KCNIP2,Neuronal,Inh_PVALB_KCNIP2
18_TTTGTCCCAAGGACCA-1,12371,13639,HC7,HC,Inh_PVALB_KCNIP2,Neuronal,Inh_PVALB_KCNIP2
23_CTTCAATTCTCGACCT-1,25238,39528,HC11,HC,Inh_PVALB_KCNIP2,Neuronal,Inh_PVALB_KCNIP2
2_CGGACAACAAGGTGCA-1,47598,16075,HC1,HC,Inh_PVALB_KCNIP2,Neuronal,Inh_PVALB_KCNIP2
8_AGCTCATAGCCTGAGC-1,22517,23490,HC24,HC,Inh_PVALB_KCNIP2,Neuronal,Inh_PVALB_KCNIP2
5_GGATTTATCAAAGGCA-1,18198,20259,HC10,HC,Inh_PVALB_KCNIP2,Neuronal,Inh_PVALB_KCNIP2
30_TGCATTAAGGTACCGC-1,29009,65717,HC27,HC,Inh_PVALB_KCNIP2,Neuronal,Inh_PVALB_KCNIP2
5_CTAGTAGGTTAGACCA-1,10937,19494,HC12,HC,Inh_PVALB_KCNIP2,Neuronal,Inh_PVALB_KCNIP2
4_CTAGTGAGTCATAAGT-1,8782,27310,HC30,HC,Inh_PVALB_KCNIP2,Neuronal,Inh_PVALB_KCNIP2
24_ACTATGTCACAATTAC-1,13049,40010,HC16,HC,Inh_PVALB_KCNIP2,Neuronal,Inh_PVALB_KCNIP2
26_CTAGCTGAGGTGAAAT-1,24829,43510,HC20,HC,Inh_PVALB_KCNIP2,Neuronal,Inh_PVALB_KCNIP2
7_TTCGGTACACGAACAG-1,17859,21144,HC26,HC,Inh_PVALB_KCNIP2,Neuronal,Inh_PVALB_KCNIP2
18_GGGTCAACACATTGCA-1,12998,21288,HC8,HC,Inh_PVALB_KCNIP2,Neuronal,Inh_PVALB_KCNIP2
23_ACCAATATCCTGAGTG-1,16759,49074,HC9,HC,Inh_PVALB_KCNIP2,Neuronal,Inh_PVALB_KCNIP2
32_GCATTAGGTTCACCCA-1,18242,22186,HC28,HC,Inh_PVALB_KCNIP2,Neuronal,Inh_PVALB_KCNIP2
25_ACATCAATCATTAGGC-1,21529,50380,HC32,HC,Inh_PVALB_KCNIP2,Neuronal,Inh_PVALB_KCNIP2
4_ATCCACCTCTTAGGGT-1,10321,16755,HC31,HC,Inh_PVALB_KCNIP2,Neuronal,Inh_PVALB_KCNIP2
24_GCAATCTAGTTCCCGT-1,25050,40279,HC13,HC,Inh_PVALB_KCNIP2,Neuronal,Inh_PVALB_KCNIP2
26_TTGTTGCGTACGATTG-1,18989,22785,HC19,HC,Inh_PVALB_KCNIP2,Neuronal,Inh_PVALB_KCNIP2
14_GCCAATTAGCTCGCTT-1,28503,9491,HC1,HC,Inh_PVALB_KCNIP2,Neuronal,Inh_PVALB_KCNIP2
24_ATGGCCCAGGTCCGTA-1,16323,27534,HC14,HC,Inh_PVALB_KCNIP2,Neuronal,Inh_PVALB_KCNIP2
14_AAGCTAGAGGTCCACA-1,25901,6095,HC4,HC,Inh_PVALB_KCNIP2,Neuronal,Inh_PVALB_KCNIP2
5_TAAGGCTTCCTCACAC-1,9847,20637,HC11,HC,Inh_PVALB_KCNIP2,Neuronal,Inh_PVALB_KCNIP2
2_GGCAATCGTGAGGTAG-1,11606,22303,HC3,HC,Inh_PVALB_KCNIP2,Neuronal,Inh_PVALB_KCNIP2
18_CTGACATAGCCTGTTC-1,11014,12197,HC7,HC,Inh_PVALB_KCNIP2,Neuronal,Inh_PVALB_KCNIP2
18_CACCAACCAGCCTGCA-1,15801,17021,HC5,HC,Inh_PVALB_KCNIP2,Neuronal,Inh_PVALB_KCNIP2
4_CAACCCGCATGAGCAG-1,14885,14319,HC21,HC,Inh_PVALB_KCNIP2,Neuronal,Inh_PVALB_KCNIP2
2_ACTTACTTCACAGACT-1,23081,6260,HC2,HC,Inh_PVALB_KCNIP2,Neuronal,Inh_PVALB_KCNIP2
18_TGGCGGTTCATTTGCT-1,28826,20440,HC6,HC,Inh_PVALB_KCNIP2,Neuronal,Inh_PVALB_KCNIP2
7_AAACCGGCAAGCTACC-1,15314,32620,HC23,HC,Inh_PVALB_KCNIP2,Neuronal,Inh_PVALB_KCNIP2
26_GCTAATATCCTAATAG-1,13572,28932,HC17,HC,Inh_PVALB_KCNIP2,Neuronal,Inh_PVALB_KCNIP2
28_TGAAACTGTAGGTTTG-1,26144,57309,HC22,HC,Inh_PVALB_KCNIP2,Neuronal,Inh_PVALB_KCNIP2
7_AAAGGAGCAGTAATAG-1,15832,11842,HC25,HC,Inh_PVALB_KCNIP2,Neuronal,Inh_PVALB_KCNIP2
18_GGACGAAGTCCCGGAA-1,22410,16906,HC5,HC,Inh_PVALB_KCNIP2,Neuronal,Inh_PVALB_KCNIP2
28_AAGCTATGTCATCCTG-1,28592,51098,HC22,HC,Inh_PVALB_KCNIP2,Neuronal,Inh_PVALB_KCNIP2
24_AGGTTAACAATGCCCG-1,6041,16203,HC14,HC,Inh_PVALB_KCNIP2,Neuronal,Inh_PVALB_KCNIP2
18_TTGTAAGTCTAATTGG-1,14587,17126,HC7,HC,Inh_PVALB_KCNIP2,Neuronal,Inh_PVALB_KCNIP2
18_GGCTATTAGGTAGCTT-1,13945,10641,HC6,HC,Inh_PVALB_KCNIP2,Neuronal,Inh_PVALB_KCNIP2
25_TGTTGTTTCCAAATCA-1,21209,56998,HC32,HC,Inh_PVALB_KCNIP2,Neuronal,Inh_PVALB_KCNIP2
18_GAGTAATAGTGTTGTA-1,12067,14822,HC8,HC,Inh_PVALB_KCNIP2,Neuronal,Inh_PVALB_KCNIP2
14_TTTAAGGTCTTAGCCC-1,17900,5855,HC3,HC,Inh_PVALB_KCNIP2,Neuronal,Inh_PVALB_KCNIP2
4_GATTAGTGTAACCACA-1,16197,12601,HC30,HC,Inh_PVALB_KCNIP2,Neuronal,Inh_PVALB_KCNIP2
8_TTAGCGGTCTTTGACT-1,25419,22083,HC24,HC,Inh_PVALB_KCNIP2,Neuronal,Inh_PVALB_KCNIP2
26_AATTGGACAAGATTCT-1,27172,28702,HC17,HC,Inh_PVALB_KCNIP2,Neuronal,Inh_PVALB_KCNIP2
30_GCGATTTAGTTCCCAC-1,28344,57241,HC25,HC,Inh_PVALB_KCNIP2,Neuronal,Inh_PVALB_KCNIP2
23_GTGGTTAGTTAGGATT-1,22276,27524,HC9,HC,Inh_PVALB_KCNIP2,Neuronal,Inh_PVALB_KCNIP2
4_TGTGTGAGTTAGGCTA-1,15848,19084,HC28,HC,Inh_PVALB_KCNIP2,Neuronal,Inh_PVALB_KCNIP2
26_ATCGCCCGTAGCTAGC-1,18194,5904,HC19,HC,Inh_PVALB_KCNIP2,Neuronal,Inh_PVALB_KCNIP2
14_TTGTAAGTCCAAGTGT-1,29533,8722,HC4,HC,Inh_PVALB_KCNIP2,Neuronal,Inh_PVALB_KCNIP2
7_AAAGCTTGTATGGTGC-1,11353,14841,HC26,HC,Inh_PVALB_KCNIP2,Neuronal,Inh_PVALB_KCNIP2
26_AGTAAGTAGGCAGGTG-1,8877,9920,HC20,HC,Inh_PVALB_KCNIP2,Neuronal,Inh_PVALB_KCNIP2
32_GTCCTCCCAGCATGAG-1,18280,42166,HC31,HC,Inh_PVALB_KCNIP2,Neuronal,Inh_PVALB_KCNIP2
14_CCAGGAACATTGCAGC-1,22940,7081,HC2,HC,Inh_PVALB_KCNIP2,Neuronal,Inh_PVALB_KCNIP2
7_TGTTGTGCATTGCGGT-1,19858,8636,HC23,HC,Inh_PVALB_KCNIP2,Neuronal,Inh_PVALB_KCNIP2
24_AAATGCCTCAATGTGC-1,21224,29861,HC13,HC,Inh_PVALB_KCNIP2,Neuronal,Inh_PVALB_KCNIP2
5_TCCCGGACAATTAACC-1,23220,24850,HC11,HC,Inh_PVALB_KCNIP2,Neuronal,Inh_PVALB_KCNIP2
5_ACACTTAAGCGGCTGT-1,58892,30725,HC12,HC,Inh_PVALB_KCNIP2,Neuronal,Inh_PVALB_KCNIP2
5_TATCGCGAGTTCCCAC-1,15555,15235,HC10,HC,Inh_PVALB_KCNIP2,Neuronal,Inh_PVALB_KCNIP2
2_ATGATGACATAGACCC-1,21630,12133,HC1,HC,Inh_PVALB_KCNIP2,Neuronal,Inh_PVALB_KCNIP2
4_TCCATTGTCTTCAATC-1,16889,22896,HC21,HC,Inh_PVALB_KCNIP2,Neuronal,Inh_PVALB_KCNIP2
24_CGAAGTAAGGCTACTG-1,11153,27265,HC16,HC,Inh_PVALB_KCNIP2,Neuronal,Inh_PVALB_KCNIP2
30_AGCTACTAGCACTAGT-1,24888,45847,HC27,HC,Inh_PVALB_KCNIP2,Neuronal,Inh_PVALB_KCNIP2
26_TCGCTAACACTAAATC-1,24569,40302,HC20,HC,Inh_PVALB_KCNIP2,Neuronal,Inh_PVALB_KCNIP2
14_GAAGTAAGTTAGCTGA-1,11759,11846,HC1,HC,Inh_PVALB_KCNIP2,Neuronal,Inh_PVALB_KCNIP2
4_CGATCCTTCACCAATA-1,12319,16187,HC31,HC,Inh_PVALB_KCNIP2,Neuronal,Inh_PVALB_KCNIP2
18_GGGTTTGTCTTGTCTG-1,14299,22047,HC8,HC,Inh_PVALB_KCNIP2,Neuronal,Inh_PVALB_KCNIP2
2_GTTTGTCGTATTACCC-1,20157,11901,HC2,HC,Inh_SST_EPB41L4A,Neuronal,Inh_SST_EPB41L4A
4_GGGTCACTCCACAATA-1,7533,7939,HC30,HC,Inh_SST_EPB41L4A,Neuronal,Inh_SST_EPB41L4A
25_ATGGTCTAGCTTATGA-1,15620,16198,HC32,HC,Inh_SST_EPB41L4A,Neuronal,Inh_SST_EPB41L4A
23_CATCAATCACTAAGTT-1,28646,11083,HC9,HC,Inh_SST_EPB41L4A,Neuronal,Inh_SST_EPB41L4A
7_TAGTTTGAGTAAGTGG-1,15948,5697,HC25,HC,Inh_SST_EPB41L4A,Neuronal,Inh_SST_EPB41L4A
2_AGGTGAATCCGCACAA-1,5810,7105,HC4,HC,Inh_SST_EPB41L4A,Neuronal,Inh_SST_EPB41L4A
5_GTCCTCCCAGCACGTT-1,21649,11080,HC12,HC,Inh_SST_EPB41L4A,Neuronal,Inh_SST_EPB41L4A
26_GCAAACCGTGGTGAGA-1,14000,5606,HC19,HC,Inh_SST_EPB41L4A,Neuronal,Inh_SST_EPB41L4A
4_AGAAACCCACTCGCTC-1,8123,13240,HC28,HC,Inh_SST_EPB41L4A,Neuronal,Inh_SST_EPB41L4A
8_CCCAAATAGGAACACA-1,15186,11339,HC24,HC,Inh_SST_EPB41L4A,Neuronal,Inh_SST_EPB41L4A
30_TAGACCAGTGAGCGAA-1,9424,21704,HC27,HC,Inh_SST_EPB41L4A,Neuronal,Inh_SST_EPB41L4A
18_GCAAACTTCGAGCTAT-1,9926,10438,HC5,HC,Inh_SST_EPB41L4A,Neuronal,Inh_SST_EPB41L4A
5_CTTTGTCCAGGCCAAA-1,10396,7796,HC11,HC,Inh_SST_EPB41L4A,Neuronal,Inh_SST_EPB41L4A
7_GTAGGAGGTTTGGGCG-1,6838,6005,HC26,HC,Inh_SST_EPB41L4A,Neuronal,Inh_SST_EPB41L4A
18_GTTTGTCGTTAACAGT-1,13561,8588,HC7,HC,Inh_SST_EPB41L4A,Neuronal,Inh_SST_EPB41L4A
4_CCGGTTAAGTCACTAA-1,7931,5408,HC31,HC,Inh_SST_EPB41L4A,Neuronal,Inh_SST_EPB41L4A
24_ACTAATCCAACTAGAA-1,16032,13928,HC14,HC,Inh_SST_EPB41L4A,Neuronal,Inh_SST_EPB41L4A
8_CAATGACTCATTGCAA-1,19567,17262,HC18,HC,Inh_SST_EPB41L4A,Neuronal,Inh_SST_EPB41L4A
2_CGGGTATGTCATTGAG-1,11449,6150,HC1,HC,Inh_SST_EPB41L4A,Neuronal,Inh_SST_EPB41L4A
23_TACTAAGTCACGCGGT-1,21702,15514,HC10,HC,Inh_SST_EPB41L4A,Neuronal,Inh_SST_EPB41L4A
28_TCCAGGATCTTGTTCG-1,15812,5906,HC23,HC,Inh_SST_EPB41L4A,Neuronal,Inh_SST_EPB41L4A
28_GAGCGATAGCAGGCCT-1,36716,24090,HC22,HC,Inh_SST_EPB41L4A,Neuronal,Inh_SST_EPB41L4A
18_GTAGTTTCACCTAATG-1,12254,5450,HC8,HC,Inh_SST_EPB41L4A,Neuronal,Inh_SST_EPB41L4A
28_GTTAATGTCGCGACAC-1,6486,9783,HC21,HC,Inh_SST_EPB41L4A,Neuronal,Inh_SST_EPB41L4A
24_ACGCCACAGGTAAGGC-1,8967,19175,HC16,HC,Inh_SST_EPB41L4A,Neuronal,Inh_SST_EPB41L4A
26_TGGTTAATCTGTTGCC-1,12774,22909,HC20,HC,Inh_SST_EPB41L4A,Neuronal,Inh_SST_EPB41L4A
24_AGCCTAGTCGCAGGCT-1,8571,6591,HC13,HC,Inh_SST_EPB41L4A,Neuronal,Inh_SST_EPB41L4A
14_TCCATTGTCCTAGTTT-1,14968,17422,HC3,HC,Inh_SST_EPB41L4A,Neuronal,Inh_SST_EPB41L4A
2_TTATTGCTCCGGAACC-1,21627,8176,HC2,HC,Inh_SST_EPB41L4A,Neuronal,Inh_SST_EPB41L4A
24_GATGCAGCAATAACGA-1,14044,18063,HC13,HC,Inh_SST_EPB41L4A,Neuronal,Inh_SST_EPB41L4A
18_GCAATGTTCTTGGACG-1,12379,5991,HC7,HC,Inh_SST_EPB41L4A,Neuronal,Inh_SST_EPB41L4A
7_CTGGATGTCAAGACTC-1,13449,23464,HC26,HC,Inh_SST_EPB41L4A,Neuronal,Inh_SST_EPB41L4A
14_ATTGAAGCATCGCTTT-1,14056,6253,HC3,HC,Inh_SST_EPB41L4A,Neuronal,Inh_SST_EPB41L4A
30_GGTGTTGTCCTCCCTC-1,10238,34574,HC27,HC,Inh_SST_EPB41L4A,Neuronal,Inh_SST_EPB41L4A
23_CTAATGTCATAGACCC-1,22891,16624,HC9,HC,Inh_SST_EPB41L4A,Neuronal,Inh_SST_EPB41L4A
26_GGAACTAAGCACGTTG-1,20245,19222,HC20,HC,Inh_SST_EPB41L4A,Neuronal,Inh_SST_EPB41L4A
28_TAATCCGCATGGAGGC-1,7021,30273,HC22,HC,Inh_SST_EPB41L4A,Neuronal,Inh_SST_EPB41L4A
32_GGGTGAAGTGGAAGGC-1,8113,5892,HC28,HC,Inh_SST_EPB41L4A,Neuronal,Inh_SST_EPB41L4A
32_GATAATCGTACCGAAC-1,8944,6400,HC30,HC,Inh_SST_EPB41L4A,Neuronal,Inh_SST_EPB41L4A
7_CGGACAACAAGCTTAT-1,11515,13756,HC25,HC,Inh_SST_EPB41L4A,Neuronal,Inh_SST_EPB41L4A
14_AAAGCTTGTCCGTAGG-1,17750,9205,HC4,HC,Inh_SST_EPB41L4A,Neuronal,Inh_SST_EPB41L4A
5_GAGCTTGTCCTCATGC-1,16112,8747,HC10,HC,Inh_SST_EPB41L4A,Neuronal,Inh_SST_EPB41L4A
4_GCAATGAAGTTTCCTG-1,6407,17316,HC31,HC,Inh_SST_EPB41L4A,Neuronal,Inh_SST_EPB41L4A
18_ACCTAAGGTTCACCAT-1,9132,15671,HC5,HC,Inh_SST_EPB41L4A,Neuronal,Inh_SST_EPB41L4A
8_TGTGGCCAGTTATGTG-1,22616,10712,HC24,HC,Inh_SST_EPB41L4A,Neuronal,Inh_SST_EPB41L4A
5_ACAGGAATCAATAGCC-1,18539,7577,HC11,HC,Inh_SST_EPB41L4A,Neuronal,Inh_SST_EPB41L4A
28_TCTATGTTCCAGGAAA-1,9111,17209,HC23,HC,Inh_SST_EPB41L4A,Neuronal,Inh_SST_EPB41L4A
2_GAGCGATAGACAAACG-1,17189,6104,HC1,HC,Inh_SST_EPB41L4A,Neuronal,Inh_SST_EPB41L4A
18_GAAGTATAGCTAAAGG-1,9682,7020,HC8,HC,Inh_SST_EPB41L4A,Neuronal,Inh_SST_EPB41L4A
24_AATCTTGAGTTAGTGC-1,13635,5998,HC14,HC,Inh_SST_EPB41L4A,Neuronal,Inh_SST_EPB41L4A
8_ACTTCGCTCTCAATGA-1,6823,7969,HC18,HC,Inh_SST_EPB41L4A,Neuronal,Inh_SST_EPB41L4A
24_TTTCTTGCATGAGCAG-1,11657,7426,HC16,HC,Inh_SST_EPB41L4A,Neuronal,Inh_SST_EPB41L4A
28_GGGTTATTCTAATTGG-1,15392,20909,HC21,HC,Inh_SST_EPB41L4A,Neuronal,Inh_SST_EPB41L4A
28_CAGGATGCAACCTAAT-1,15336,27917,HC22,HC,Inh_SST_EPB41L4A,Neuronal,Inh_SST_EPB41L4A
8_CTGACCAAGCTCATAA-1,12837,9998,HC24,HC,Inh_SST_EPB41L4A,Neuronal,Inh_SST_EPB41L4A
8_AATTTGCCAACCCTCC-1,11767,11237,HC18,HC,Inh_SST_EPB41L4A,Neuronal,Inh_SST_EPB41L4A
18_AAGCCACGTTAGTGAT-1,8957,9646,HC7,HC,Inh_SST_EPB41L4A,Neuronal,Inh_SST_EPB41L4A
23_TGGCCATCAAGGTGGC-1,14735,14314,HC9,HC,Inh_SST_EPB41L4A,Neuronal,Inh_SST_EPB41L4A
30_AATCAGGAGCCTGATG-1,15359,13594,HC25,HC,Inh_SST_EPB41L4A,Neuronal,Inh_SST_EPB41L4A
4_TGAAGGATCGGTTAGT-1,19695,20165,HC28,HC,Inh_SST_EPB41L4A,Neuronal,Inh_SST_EPB41L4A
2_AACCCGCAGGTGCTGC-1,15928,8160,HC2,HC,Inh_SST_EPB41L4A,Neuronal,Inh_SST_EPB41L4A
2_AGGATGCAGGACAACA-1,13171,7465,HC4,HC,Inh_SST_EPB41L4A,Neuronal,Inh_SST_EPB41L4A
24_TCATGTTTCACAGGAA-1,14245,15898,HC16,HC,Inh_SST_EPB41L4A,Neuronal,Inh_SST_EPB41L4A
30_CAGCAAGCACATTAAC-1,8590,10317,HC26,HC,Inh_SST_EPB41L4A,Neuronal,Inh_SST_EPB41L4A
4_TACCGAAGTACCTTAC-1,8163,15936,HC30,HC,Inh_SST_EPB41L4A,Neuronal,Inh_SST_EPB41L4A
26_CGAGGCAAGTTAACCA-1,21274,9772,HC20,HC,Inh_SST_EPB41L4A,Neuronal,Inh_SST_EPB41L4A
28_TTGTTTGGTTAACAGT-1,61217,5666,HC23,HC,Inh_SST_EPB41L4A,Neuronal,Inh_SST_EPB41L4A
18_TCCTAGTGTTTATTCG-1,7665,5402,HC8,HC,Inh_SST_EPB41L4A,Neuronal,Inh_SST_EPB41L4A
4_TACGGTTAGCTGGACC-1,19896,6169,HC21,HC,Inh_SST_EPB41L4A,Neuronal,Inh_SST_EPB41L4A
18_GTTTGCTGTGAGGTGA-1,9228,7261,HC5,HC,Inh_SST_EPB41L4A,Neuronal,Inh_SST_EPB41L4A
5_ACCCTCCCAGCGCTTG-1,17217,14949,HC11,HC,Inh_SST_EPB41L4A,Neuronal,Inh_SST_EPB41L4A
4_TACGTTAAGCATGACT-1,10277,6782,HC31,HC,Inh_SST_EPB41L4A,Neuronal,Inh_SST_EPB41L4A
23_GCGTTTCTCTGGCAAT-1,12337,19600,HC10,HC,Inh_SST_EPB41L4A,Neuronal,Inh_SST_EPB41L4A
2_ACACAATGTTGTTCAC-1,17559,9721,HC1,HC,Inh_SST_EPB41L4A,Neuronal,Inh_SST_EPB41L4A
2_ACCGCAATCCAATTAG-1,10842,5879,HC3,HC,Inh_SST_EPB41L4A,Neuronal,Inh_SST_EPB41L4A
18_TAACCAGGTAGGATCC-1,13877,18831,HC5,HC,Inh_SST_EPB41L4A,Neuronal,Inh_SST_EPB41L4A
32_GATGCAGCATTATGGT-1,6274,9624,HC30,HC,Inh_SST_EPB41L4A,Neuronal,Inh_SST_EPB41L4A
7_GCACATTAGAATCGCT-1,8922,7446,HC26,HC,Inh_SST_EPB41L4A,Neuronal,Inh_SST_EPB41L4A
32_CGATCCTTCCCTTGCG-1,11197,17233,HC31,HC,Inh_SST_EPB41L4A,Neuronal,Inh_SST_EPB41L4A
18_GTCTAACAGCTATGAC-1,8669,9120,HC7,HC,Inh_SST_EPB41L4A,Neuronal,Inh_SST_EPB41L4A
28_AAAGCTTGTGATTACG-1,21641,25251,HC22,HC,Inh_SST_EPB41L4A,Neuronal,Inh_SST_EPB41L4A
23_TGTTACTTCAGGAAGC-1,13110,12453,HC10,HC,Inh_SST_EPB41L4A,Neuronal,Inh_SST_EPB41L4A
18_AGTTGGCGTAGGATCC-1,17157,18506,HC8,HC,Inh_SST_EPB41L4A,Neuronal,Inh_SST_EPB41L4A
2_CTATTCAGTGAACAAA-1,8058,7910,HC2,HC,Inh_SST_EPB41L4A,Neuronal,Inh_SST_EPB41L4A
30_TCTCAATTCGTAATCA-1,22170,43483,HC25,HC,Inh_SST_EPB41L4A,Neuronal,Inh_SST_EPB41L4A
26_TGCACTTGTTGACTTC-1,11839,17449,HC18,HC,Inh_SST_EPB41L4A,Neuronal,Inh_SST_EPB41L4A
2_TACCGTTGTAGCAGCT-1,16204,10455,HC1,HC,Inh_SST_EPB41L4A,Neuronal,Inh_SST_EPB41L4A
2_AGGTAACCAGCAGGTA-1,7032,11525,HC3,HC,Inh_SST_EPB41L4A,Neuronal,Inh_SST_EPB41L4A
26_GCAGGATAGCACAGGG-1,16300,6666,HC20,HC,Inh_SST_EPB41L4A,Neuronal,Inh_SST_EPB41L4A
7_CTTAGTTTCCCTCTAA-1,12116,13864,HC23,HC,Inh_SST_EPB41L4A,Neuronal,Inh_SST_EPB41L4A
32_TTTAACCTCTGTGAGT-1,5818,45290,HC28,HC,Inh_SST_EPB41L4A,Neuronal,Inh_SST_EPB41L4A
8_GTCGAAGCAAGATTCT-1,13088,6383,HC24,HC,Inh_SST_EPB41L4A,Neuronal,Inh_SST_EPB41L4A
5_CAAACAACATGGAGGC-1,5953,10068,HC11,HC,Inh_SST_EPB41L4A,Neuronal,Inh_SST_EPB41L4A
2_CCCTGTTAGCATGAAG-1,12917,11574,HC4,HC,Inh_SST_EPB41L4A,Neuronal,Inh_SST_EPB41L4A
28_TGTGATCAGGGATGCG-1,44558,27728,HC21,HC,Inh_SST_EPB41L4A,Neuronal,Inh_SST_EPB41L4A
24_CGACAAGCAGTTTACG-1,16388,14770,HC16,HC,Inh_SST_EPB41L4A,Neuronal,Inh_SST_EPB41L4A
18_ACCAATATCAATCTAG-1,7614,15347,HC7,HC,Inh_SST_EPB41L4A,Neuronal,Inh_SST_EPB41L4A
26_CACAATATCAACCAAC-1,11331,13578,HC20,HC,Inh_SST_EPB41L4A,Neuronal,Inh_SST_EPB41L4A
2_TGTGGCTCATGTTGCA-1,12308,9978,HC2,HC,Inh_SST_EPB41L4A,Neuronal,Inh_SST_EPB41L4A
5_TCAAGACTCGAGGAGT-1,14208,10470,HC11,HC,Inh_SST_EPB41L4A,Neuronal,Inh_SST_EPB41L4A
4_GTAGCTGTCTTTGACT-1,14998,17891,HC30,HC,Inh_SST_EPB41L4A,Neuronal,Inh_SST_EPB41L4A
2_AAACGCGCATCATGGC-1,18716,11711,HC1,HC,Inh_SST_EPB41L4A,Neuronal,Inh_SST_EPB41L4A
2_TGATTAGTCAGGTCCA-1,19720,11417,HC3,HC,Inh_SST_EPB41L4A,Neuronal,Inh_SST_EPB41L4A
30_TTGTTGTTCTTGGACG-1,9642,6400,HC26,HC,Inh_SST_EPB41L4A,Neuronal,Inh_SST_EPB41L4A
4_TTACGTTTCAGGATGA-1,5929,10150,HC31,HC,Inh_SST_EPB41L4A,Neuronal,Inh_SST_EPB41L4A
8_CATCCTCAGTACCGCA-1,16799,15282,HC18,HC,Inh_SST_EPB41L4A,Neuronal,Inh_SST_EPB41L4A
32_ACGTTGTAGTAACTCA-1,12161,14988,HC28,HC,Inh_SST_EPB41L4A,Neuronal,Inh_SST_EPB41L4A
18_CGAATCTAGACAAACG-1,5710,10909,HC8,HC,Inh_SST_EPB41L4A,Neuronal,Inh_SST_EPB41L4A
8_GGTTTGTAGTTAGTGC-1,8024,7068,HC24,HC,Inh_SST_EPB41L4A,Neuronal,Inh_SST_EPB41L4A
28_CCAGACTCACATTAAC-1,12833,30450,HC22,HC,Inh_SST_EPB41L4A,Neuronal,Inh_SST_EPB41L4A
18_TTTCCACCAATTGAGA-1,11143,5594,HC5,HC,Inh_SST_EPB41L4A,Neuronal,Inh_SST_EPB41L4A
24_GATGCTTAGTTTCCGC-1,16145,20103,HC16,HC,Inh_SST_EPB41L4A,Neuronal,Inh_SST_EPB41L4A
5_TTAGAAGCAGAAACGT-1,15868,9867,HC10,HC,Inh_SST_EPB41L4A,Neuronal,Inh_SST_EPB41L4A
4_ATGGTTATCACTTCAT-1,16922,11127,HC21,HC,Inh_SST_EPB41L4A,Neuronal,Inh_SST_EPB41L4A
18_AATAACCGTCTAACAG-1,6204,12983,HC8,HC,Inh_SST_EPB41L4A,Neuronal,Inh_SST_EPB41L4A
8_GCTTGACCACCTGCTC-1,7051,7726,HC18,HC,Inh_SST_EPB41L4A,Neuronal,Inh_SST_EPB41L4A
26_CGGGTCTAGTCAGTAC-1,17036,17277,HC20,HC,Inh_SST_EPB41L4A,Neuronal,Inh_SST_EPB41L4A
4_TTGGGTTAGCTTACTT-1,25225,18541,HC21,HC,Inh_SST_EPB41L4A,Neuronal,Inh_SST_EPB41L4A
7_ATTAGTCCATCGTTCT-1,11453,23392,HC26,HC,Inh_SST_EPB41L4A,Neuronal,Inh_SST_EPB41L4A
4_TTTAAGGTCGTTTCCA-1,7819,5464,HC31,HC,Inh_SST_EPB41L4A,Neuronal,Inh_SST_EPB41L4A
18_CTCATTGTCTAGCTTT-1,8126,30579,HC5,HC,Inh_SST_EPB41L4A,Neuronal,Inh_SST_EPB41L4A
18_TGAACAACAAGGTCCT-1,21996,11875,HC7,HC,Inh_SST_EPB41L4A,Neuronal,Inh_SST_EPB41L4A
2_TCCACAACATCCATCT-1,16390,11559,HC2,HC,Inh_SST_EPB41L4A,Neuronal,Inh_SST_EPB41L4A
23_TGTGGCTCACCTAATG-1,12830,12437,HC10,HC,Inh_SST_EPB41L4A,Neuronal,Inh_SST_EPB41L4A
8_CTAATAGTCTAATTGG-1,20148,21280,HC24,HC,Inh_SST_EPB41L4A,Neuronal,Inh_SST_EPB41L4A
4_TGCTTTAGTAAGCTTG-1,16802,6593,HC30,HC,Inh_SST_EPB41L4A,Neuronal,Inh_SST_EPB41L4A
14_TCCATCATCTCACATT-1,9083,10172,HC3,HC,Inh_SST_EPB41L4A,Neuronal,Inh_SST_EPB41L4A
2_AACAAGCCACACAATT-1,13782,21502,HC1,HC,Inh_SST_EPB41L4A,Neuronal,Inh_SST_EPB41L4A
28_CAAGTTATCCCTCAAC-1,23178,50236,HC22,HC,Inh_SST_EPB41L4A,Neuronal,Inh_SST_EPB41L4A
4_GAGGCCTTCGTTTCCA-1,26363,17927,HC30,HC,Inh_SST_EPB41L4A,Neuronal,Inh_SST_EPB41L4A
18_GTGTCCAAGCCTGATG-1,13057,14005,HC5,HC,Inh_SST_EPB41L4A,Neuronal,Inh_SST_EPB41L4A
2_TCCTTAGTCGTTTCTG-1,18807,6737,HC1,HC,Inh_SST_EPB41L4A,Neuronal,Inh_SST_EPB41L4A
18_CTAGGACGTTTGCTGT-1,8720,8215,HC7,HC,Inh_SST_EPB41L4A,Neuronal,Inh_SST_EPB41L4A
26_CATCCTCAGCATGGTT-1,9076,7939,HC20,HC,Inh_SST_EPB41L4A,Neuronal,Inh_SST_EPB41L4A
7_CGTTGCGCAGCAAGTG-1,11451,11382,HC26,HC,Inh_SST_EPB41L4A,Neuronal,Inh_SST_EPB41L4A
28_AACCCGCAGTTAACCA-1,19012,17154,HC22,HC,Inh_SST_EPB41L4A,Neuronal,Inh_SST_EPB41L4A
32_TCCACAACAACCCTAA-1,12639,12665,HC31,HC,Inh_SST_EPB41L4A,Neuronal,Inh_SST_EPB41L4A
14_ATGCAAACAGACAAAC-1,11168,11894,HC3,HC,Inh_SST_EPB41L4A,Neuronal,Inh_SST_EPB41L4A
5_AATCCTAAGTTCCTGC-1,14203,12266,HC10,HC,Inh_SST_EPB41L4A,Neuronal,Inh_SST_EPB41L4A
4_AGGACTAAGTATTGGC-1,13674,11817,HC21,HC,Inh_SST_EPB41L4A,Neuronal,Inh_SST_EPB41L4A
2_GAAGGATGTTGGATCA-1,21823,6427,HC2,HC,Inh_SST_EPB41L4A,Neuronal,Inh_SST_EPB41L4A
8_CGCATGATCCTCATGC-1,15322,17354,HC24,HC,Inh_SST_EPB41L4A,Neuronal,Inh_SST_EPB41L4A
18_TTAGACTCAGCAATAA-1,10318,7871,HC8,HC,Inh_SST_EPB41L4A,Neuronal,Inh_SST_EPB41L4A
7_ATATGCTCACGTAAGG-1,13417,17604,HC26,HC,Inh_SST_EPB41L4A,Neuronal,Inh_SST_EPB41L4A
14_ACTCGCGCATCGCTTT-1,25974,13428,HC3,HC,Inh_SST_EPB41L4A,Neuronal,Inh_SST_EPB41L4A
23_ACGTCAAGTGGTTAGC-1,13384,13215,HC10,HC,Inh_SST_EPB41L4A,Neuronal,Inh_SST_EPB41L4A
26_CTACCGGCACCTGCCT-1,16107,9741,HC20,HC,Inh_SST_EPB41L4A,Neuronal,Inh_SST_EPB41L4A
4_TCAGTGAGTACTTAGG-1,8223,6218,HC21,HC,Inh_SST_EPB41L4A,Neuronal,Inh_SST_EPB41L4A
4_ATTGCTCGTCCTTAGT-1,15145,7480,HC30,HC,Inh_SST_EPB41L4A,Neuronal,Inh_SST_EPB41L4A
4_CTCTCACAGCTCCTTA-1,5894,8624,HC31,HC,Inh_SST_EPB41L4A,Neuronal,Inh_SST_EPB41L4A
5_CAGGGCTTCACTCGCT-1,9974,7993,HC11,HC,Inh_SST_PAWR,Neuronal,Inh_SST_PAWR
32_CAGGACACAAACGCGA-1,6143,11757,HC28,HC,Inh_SST_PAWR,Neuronal,Inh_SST_PAWR
32_TGTGGCCAGCCTGACA-1,6563,5954,HC31,HC,Inh_SST_PAWR,Neuronal,Inh_SST_PAWR
26_TGACCAAGTATTACCC-1,9574,8983,HC19,HC,Inh_SST_PAWR,Neuronal,Inh_SST_PAWR
30_CATGCAAGTTCGCGCT-1,35051,59306,HC27,HC,Inh_SST_PAWR,Neuronal,Inh_SST_PAWR
7_GCCTGACAGATTGAGG-1,20527,16474,HC25,HC,Inh_SST_PAWR,Neuronal,Inh_SST_PAWR
18_GCTGCAATCAAACACC-1,7539,5285,HC6,HC,Inh_SST_PAWR,Neuronal,Inh_SST_PAWR
25_ACTCAGTAGACAAAGT-1,7459,8590,HC32,HC,Inh_SST_PAWR,Neuronal,Inh_SST_PAWR
24_ATGGTCTAGTAACCAC-1,21417,42222,HC13,HC,Inh_SST_PAWR,Neuronal,Inh_SST_PAWR
2_ACTTGCACATGCATAT-1,29372,18435,HC3,HC,Inh_SST_PAWR,Neuronal,Inh_SST_PAWR
30_AATCCTAAGCGGTTAT-1,12897,15956,HC26,HC,Inh_SST_PAWR,Neuronal,Inh_SST_PAWR
5_ATGGCTTAGGTCATTA-1,10344,17915,HC9,HC,Inh_SST_PAWR,Neuronal,Inh_SST_PAWR
24_CCTTATGTCAGGATGA-1,14213,12425,HC16,HC,Inh_SST_PAWR,Neuronal,Inh_SST_PAWR
14_GACAATACACCTACTT-1,6456,16320,HC1,HC,Inh_SST_PAWR,Neuronal,Inh_SST_PAWR
28_AATCATCCACCTAAGC-1,16334,12157,HC23,HC,Inh_SST_PAWR,Neuronal,Inh_SST_PAWR
14_TATGACTCAGGACCTT-1,12904,8074,HC2,HC,Inh_SST_PAWR,Neuronal,Inh_SST_PAWR
26_ATCCTTAGTGTGTGGT-1,9038,9641,HC20,HC,Inh_SST_PAWR,Neuronal,Inh_SST_PAWR
2_CCTACTTCAGGCTTCG-1,14215,11282,HC4,HC,Inh_SST_PAWR,Neuronal,Inh_SST_PAWR
4_GATTATGTCGCGACAC-1,8145,10566,HC30,HC,Inh_SST_PAWR,Neuronal,Inh_SST_PAWR
18_CTATTGAAGGGACGCA-1,6999,9209,HC7,HC,Inh_SST_PAWR,Neuronal,Inh_SST_PAWR
28_CGTGCTGCATAAACCT-1,13436,12657,HC22,HC,Inh_SST_PAWR,Neuronal,Inh_SST_PAWR
5_CATTTGTTCCTGGTCT-1,14457,8844,HC12,HC,Inh_SST_PAWR,Neuronal,Inh_SST_PAWR
8_CAATAAGCAGGCTAGA-1,13672,20994,HC24,HC,Inh_SST_PAWR,Neuronal,Inh_SST_PAWR
18_TAGGCTTAGTGTGATC-1,7413,6052,HC5,HC,Inh_SST_PAWR,Neuronal,Inh_SST_PAWR
4_TTTGTGTTCATTCATC-1,12127,7638,HC21,HC,Inh_SST_PAWR,Neuronal,Inh_SST_PAWR
18_AAAGGAGCAGGACCTT-1,5589,6901,HC8,HC,Inh_SST_PAWR,Neuronal,Inh_SST_PAWR
24_ATAACGACACGGTACT-1,6067,12867,HC14,HC,Inh_SST_PAWR,Neuronal,Inh_SST_PAWR
26_GTTACTAAGACACTTA-1,12483,19548,HC17,HC,Inh_SST_PAWR,Neuronal,Inh_SST_PAWR
23_AGGCGGATCCGCCAAA-1,9012,13742,HC10,HC,Inh_SST_PAWR,Neuronal,Inh_SST_PAWR
28_GCTTCGCGTGGTGAGA-1,5713,7408,HC22,HC,Inh_SST_PAWR,Neuronal,Inh_SST_PAWR
18_GCGATTAGTGGATTCA-1,5754,9898,HC7,HC,Inh_SST_PAWR,Neuronal,Inh_SST_PAWR
4_GATAAAGGTTTGGCTT-1,13188,13232,HC28,HC,Inh_SST_PAWR,Neuronal,Inh_SST_PAWR
26_GGCGGTAAGGCTACTG-1,29262,41341,HC20,HC,Inh_SST_PAWR,Neuronal,Inh_SST_PAWR
26_CTTGTCCAGAGGCTAA-1,11518,10643,HC19,HC,Inh_SST_PAWR,Neuronal,Inh_SST_PAWR
24_CTCTGTTCATAGTCAT-1,6191,22453,HC14,HC,Inh_SST_PAWR,Neuronal,Inh_SST_PAWR
24_TAGCCTTGTAAAGCGG-1,10002,12193,HC13,HC,Inh_SST_PAWR,Neuronal,Inh_SST_PAWR
7_GTCATGAGTTAGCTGA-1,10443,8700,HC25,HC,Inh_SST_PAWR,Neuronal,Inh_SST_PAWR
14_TACCGCAAGGATCCGC-1,11941,9449,HC1,HC,Inh_SST_PAWR,Neuronal,Inh_SST_PAWR
30_CTCCATCAGCTAAGTC-1,6558,35493,HC26,HC,Inh_SST_PAWR,Neuronal,Inh_SST_PAWR
24_CTTGCATGTATTGGAT-1,10098,11052,HC16,HC,Inh_SST_PAWR,Neuronal,Inh_SST_PAWR
4_CGGAGTCTCGTTTCCA-1,13459,5526,HC21,HC,Inh_SST_PAWR,Neuronal,Inh_SST_PAWR
23_TAGGAGGGTCATCAAG-1,10616,6547,HC9,HC,Inh_SST_PAWR,Neuronal,Inh_SST_PAWR
7_CAAACTGGTGCGCAAT-1,11609,7993,HC23,HC,Inh_SST_PAWR,Neuronal,Inh_SST_PAWR
18_CCAGCTAAGCAGCTCA-1,10002,8167,HC6,HC,Inh_SST_PAWR,Neuronal,Inh_SST_PAWR
4_CTGCTATGTGCTTTAC-1,9980,10017,HC30,HC,Inh_SST_PAWR,Neuronal,Inh_SST_PAWR
18_GCCTCGACAAGACTCC-1,5624,6306,HC5,HC,Inh_SST_PAWR,Neuronal,Inh_SST_PAWR
5_CGAACCGGTTAAGCGC-1,13150,5869,HC11,HC,Inh_SST_PAWR,Neuronal,Inh_SST_PAWR
5_AGCTATATCGGTTTCC-1,15917,6256,HC10,HC,Inh_SST_PAWR,Neuronal,Inh_SST_PAWR
2_ATTGCAGGTTAGCATG-1,21598,6497,HC3,HC,Inh_SST_PAWR,Neuronal,Inh_SST_PAWR
5_GCCTCAAAGTAACGGA-1,8107,6152,HC12,HC,Inh_SST_PAWR,Neuronal,Inh_SST_PAWR
2_AGTAGGATCCTTCGTA-1,22435,6439,HC4,HC,Inh_SST_PAWR,Neuronal,Inh_SST_PAWR
8_TTGGGTTAGGGTGGAT-1,12306,8807,HC24,HC,Inh_SST_PAWR,Neuronal,Inh_SST_PAWR
18_TGTAAAGCAGTAATAG-1,15943,11328,HC8,HC,Inh_SST_PAWR,Neuronal,Inh_SST_PAWR
14_GTCCATTGTGCTTTAC-1,16042,7980,HC2,HC,Inh_SST_PAWR,Neuronal,Inh_SST_PAWR
2_TGTGGCTCAATAGCCC-1,20539,7913,HC4,HC,Inh_SST_PAWR,Neuronal,Inh_SST_PAWR
26_TCCTCTAAGATGGAGC-1,14511,8886,HC19,HC,Inh_SST_PAWR,Neuronal,Inh_SST_PAWR
18_TTGCTTAGTTGTTCAC-1,10049,10324,HC8,HC,Inh_SST_PAWR,Neuronal,Inh_SST_PAWR
8_GCTTAGTAGCGATACT-1,10343,6758,HC24,HC,Inh_SST_PAWR,Neuronal,Inh_SST_PAWR
4_CCTAGTTGTAACGTGC-1,6565,9253,HC28,HC,Inh_SST_PAWR,Neuronal,Inh_SST_PAWR
30_CGCTTCTAGCGAGTAA-1,15369,26328,HC26,HC,Inh_SST_PAWR,Neuronal,Inh_SST_PAWR
5_GGTGCTGGTGCTTAGA-1,5841,9409,HC11,HC,Inh_SST_PAWR,Neuronal,Inh_SST_PAWR
5_GCTATTGCATTTAAGC-1,19444,6833,HC9,HC,Inh_SST_PAWR,Neuronal,Inh_SST_PAWR
28_GTAAGCGCAATCATGT-1,12979,15186,HC22,HC,Inh_SST_PAWR,Neuronal,Inh_SST_PAWR
23_GGCTAGACAAATACCT-1,11597,36893,HC10,HC,Inh_SST_PAWR,Neuronal,Inh_SST_PAWR
28_TCCAGCAAGGGCCACT-1,14442,23724,HC23,HC,Inh_SST_PAWR,Neuronal,Inh_SST_PAWR
7_CTAGTAGGTAGTTAAC-1,10757,8067,HC25,HC,Inh_SST_PAWR,Neuronal,Inh_SST_PAWR
4_CAGCCTAAGGGACTAA-1,17845,16491,HC21,HC,Inh_SST_PAWR,Neuronal,Inh_SST_PAWR
2_TTAGGATGTCCTTCAG-1,13851,9350,HC1,HC,Inh_SST_PAWR,Neuronal,Inh_SST_PAWR
18_TTGTCCCAGACTTACA-1,9274,7135,HC5,HC,Inh_SST_PAWR,Neuronal,Inh_SST_PAWR
18_GCCACAATCAATCATG-1,9667,14958,HC7,HC,Inh_SST_PAWR,Neuronal,Inh_SST_PAWR
24_GCATTGCCAATAACGA-1,8968,7772,HC16,HC,Inh_SST_PAWR,Neuronal,Inh_SST_PAWR
14_GTTGGCCAGGGACGCA-1,9363,5380,HC3,HC,Inh_SST_PAWR,Neuronal,Inh_SST_PAWR
4_ATCACTAAGCTGTAAC-1,13919,30754,HC30,HC,Inh_SST_PAWR,Neuronal,Inh_SST_PAWR
2_AAACGTACAGGAACAT-1,10791,5636,HC2,HC,Inh_SST_PAWR,Neuronal,Inh_SST_PAWR
5_TTATCCGTCCCTGTTA-1,6923,11064,HC12,HC,Inh_SST_PAWR,Neuronal,Inh_SST_PAWR
18_TTTGTCCCAATTAACC-1,15425,10777,HC8,HC,Inh_SST_PAWR,Neuronal,Inh_SST_PAWR
28_GGACCTCAGGACTTAC-1,10216,8049,HC23,HC,Inh_SST_PAWR,Neuronal,Inh_SST_PAWR
18_GATGCAGCAATGCCCG-1,11702,33018,HC5,HC,Inh_SST_PAWR,Neuronal,Inh_SST_PAWR
2_CGGTGAACAACCCTCC-1,12426,6597,HC1,HC,Inh_SST_PAWR,Neuronal,Inh_SST_PAWR
28_TTCGTGCTCGTGCTTC-1,13059,7294,HC22,HC,Inh_SST_PAWR,Neuronal,Inh_SST_PAWR
14_GCAAACCGTTAGCTGA-1,6608,5942,HC3,HC,Inh_SST_PAWR,Neuronal,Inh_SST_PAWR
28_CCAACCCGTTCCGCAC-1,24049,44756,HC24,HC,Inh_SST_PAWR,Neuronal,Inh_SST_PAWR
5_GTTCTCATCTTGCTAT-1,16525,11642,HC10,HC,Inh_SST_PAWR,Neuronal,Inh_SST_PAWR
14_CACTTTGTCCTCGATC-1,26022,23901,HC4,HC,Inh_SST_PAWR,Neuronal,Inh_SST_PAWR
4_CCCATAACATTAGGCC-1,19330,19605,HC28,HC,Inh_SST_PAWR,Neuronal,Inh_SST_PAWR
18_TCTCAAGCACATAACT-1,6455,11484,HC7,HC,Inh_SST_PAWR,Neuronal,Inh_SST_PAWR
7_CAAGGTTTCACTTCAT-1,5935,5449,HC25,HC,Inh_SST_PAWR,Neuronal,Inh_SST_PAWR
4_GATTCAGGTTTGGGCG-1,10463,6525,HC21,HC,Inh_SST_PAWR,Neuronal,Inh_SST_PAWR
14_TTCCTCAAGGTTACGT-1,13436,5340,HC2,HC,Inh_SST_PAWR,Neuronal,Inh_SST_PAWR
23_TAAGGCTTCATTGTCT-1,13748,18084,HC12,HC,Inh_SST_PAWR,Neuronal,Inh_SST_PAWR
23_GCTAATATCTCGCCTG-1,12286,10567,HC11,HC,Inh_SST_PAWR,Neuronal,Inh_SST_PAWR
23_CGAAGCCTCTTTGAGA-1,12149,10910,HC9,HC,Inh_SST_PAWR,Neuronal,Inh_SST_PAWR
4_GATAATCGTATTGCAG-1,8139,7539,HC30,HC,Inh_SST_PAWR,Neuronal,Inh_SST_PAWR
26_CTTGCTCAGGTTACAC-1,10840,9664,HC19,HC,Inh_SST_PAWR,Neuronal,Inh_SST_PAWR
30_AATAACCGTAAAGCAA-1,17486,32337,HC26,HC,Inh_SST_PAWR,Neuronal,Inh_SST_PAWR
28_AGTGTTTCATATTGAC-1,14376,16756,HC22,HC,Inh_SST_PAWR,Neuronal,Inh_SST_PAWR
18_TATTAGGTCACAAGCT-1,19134,7946,HC5,HC,Inh_SST_PAWR,Neuronal,Inh_SST_PAWR
28_GCTTGACCAAGGTGCA-1,6377,5455,HC23,HC,Inh_SST_PAWR,Neuronal,Inh_SST_PAWR
30_GAGTTGCGTATGGTGC-1,14393,13923,HC25,HC,Inh_SST_PAWR,Neuronal,Inh_SST_PAWR
5_GTCTAACAGTTTCCTG-1,9604,6688,HC12,HC,Inh_SST_PAWR,Neuronal,Inh_SST_PAWR
32_CGATTATCATTAGCGC-1,5854,20761,HC28,HC,Inh_SST_PAWR,Neuronal,Inh_SST_PAWR
18_CGGGCTTAGCTGCACA-1,8782,10335,HC7,HC,Inh_SST_PAWR,Neuronal,Inh_SST_PAWR
2_ACACCTTGTGTCCAAA-1,12005,7184,HC1,HC,Inh_SST_PAWR,Neuronal,Inh_SST_PAWR
5_GCTAGCTCAGCTAACC-1,8025,7467,HC11,HC,Inh_SST_PAWR,Neuronal,Inh_SST_PAWR
14_GCCAACATCGATTATG-1,23777,15463,HC2,HC,Inh_SST_PAWR,Neuronal,Inh_SST_PAWR
18_TTAGCAATCGTGCTTC-1,5731,6358,HC8,HC,Inh_SST_PAWR,Neuronal,Inh_SST_PAWR
5_GCCTCGACATGAGTTT-1,10669,12679,HC10,HC,Inh_SST_PAWR,Neuronal,Inh_SST_PAWR
2_GCTCCTTAGTAGCGCC-1,35498,8017,HC3,HC,Inh_SST_PAWR,Neuronal,Inh_SST_PAWR
2_TAGCTTGCAATTGACT-1,9596,13816,HC4,HC,Inh_SST_PAWR,Neuronal,Inh_SST_PAWR
5_CTTCACTCAAAGCTAA-1,9081,5395,HC9,HC,Inh_SST_PAWR,Neuronal,Inh_SST_PAWR
4_GTCTAACAGACACTTA-1,26366,12170,HC21,HC,Inh_SST_PAWR,Neuronal,Inh_SST_PAWR
4_ACTAACGGTTAGGTTG-1,9355,8832,HC30,HC,Inh_SST_PAWR,Neuronal,Inh_SST_PAWR
8_AATGCAACAATTAGCT-1,6250,10815,HC24,HC,Inh_SST_PAWR,Neuronal,Inh_SST_PAWR
26_CATGCGGGTGAAACAA-1,18752,12598,HC19,HC,Inh_SST_PAWR,Neuronal,Inh_SST_PAWR
7_TGGTAAACATAGCTGC-1,14839,16716,HC23,HC,Inh_SST_PAWR,Neuronal,Inh_SST_PAWR
18_CGCTTGCGTAATGACT-1,7023,6708,HC7,HC,Inh_SST_PAWR,Neuronal,Inh_SST_PAWR
4_TTACCGTGTTTGAGGC-1,10800,9071,HC28,HC,Inh_SST_PAWR,Neuronal,Inh_SST_PAWR
5_CTCCGTCCAGCAAATA-1,8989,12994,HC9,HC,Inh_SST_PAWR,Neuronal,Inh_SST_PAWR
18_TCACCTCAGCCTTAAA-1,12228,13253,HC8,HC,Inh_SST_PAWR,Neuronal,Inh_SST_PAWR
14_GTCTTGCTCTGTGCAG-1,9713,10354,HC3,HC,Inh_SST_PAWR,Neuronal,Inh_SST_PAWR
5_TACATCAAGTTTGCGG-1,11438,5998,HC10,HC,Inh_SST_PAWR,Neuronal,Inh_SST_PAWR
8_AAGCTAGAGCTCGCTT-1,15535,6447,HC24,HC,Inh_SST_PAWR,Neuronal,Inh_SST_PAWR
2_CCTACTGGTGCTAGCG-1,11578,9058,HC1,HC,Inh_SST_PAWR,Neuronal,Inh_SST_PAWR
5_TTGATGTCAGCATGTC-1,36403,14860,HC12,HC,Inh_SST_PAWR,Neuronal,Inh_SST_PAWR
2_AAGCCTTAGTTATCCT-1,10714,6766,HC2,HC,Inh_SST_PAWR,Neuronal,Inh_SST_PAWR
28_CCCAACCGTCTATCGT-1,6078,12684,HC21,HC,Inh_SST_PAWR,Neuronal,Inh_SST_PAWR
26_AATACCGGTCCGTGAG-1,9243,9562,HC19,HC,Inh_SST_PAWR,Neuronal,Inh_SST_PAWR
4_GATAAAGGTAAGGTCC-1,27591,23889,HC30,HC,Inh_SST_PAWR,Neuronal,Inh_SST_PAWR
18_GAAGGCCCATCCGTAA-1,9054,7446,HC5,HC,Inh_SST_PAWR,Neuronal,Inh_SST_PAWR
23_CAGGGCTTCATAAGCC-1,14055,9122,HC11,HC,Inh_SST_PAWR,Neuronal,Inh_SST_PAWR
7_AGCTATATCAGTTCCC-1,19441,41541,HC25,HC,Inh_SST_PAWR,Neuronal,Inh_SST_PAWR
2_TGAACAACATAGTCAT-1,14299,7770,HC4,HC,Inh_SST_PAWR,Neuronal,Inh_SST_PAWR
18_CATTATGAGGGACTAA-1,8774,6705,HC8,HC,Inh_SST_PAWR,Neuronal,Inh_SST_PAWR
28_AGCCGCTAGCAAGACA-1,29356,13680,HC21,HC,Inh_SST_PAWR,Neuronal,Inh_SST_PAWR
18_TTGCATTTCATCACTT-1,12049,5763,HC5,HC,Inh_SST_PAWR,Neuronal,Inh_SST_PAWR
5_GTGATCAGTGATGAAA-1,9957,6267,HC11,HC,Inh_SST_PAWR,Neuronal,Inh_SST_PAWR
26_AGTCAGGCACGTAAGG-1,14930,5773,HC19,HC,Inh_SST_PAWR,Neuronal,Inh_SST_PAWR
2_TTTACGCGTATGGTGC-1,19741,7870,HC3,HC,Inh_SST_PAWR,Neuronal,Inh_SST_PAWR
5_CTGGCTAAGTCATTGA-1,8045,6335,HC12,HC,Inh_SST_PAWR,Neuronal,Inh_SST_PAWR
7_CTCACACTCACGAATC-1,19473,10536,HC25,HC,Inh_SST_PAWR,Neuronal,Inh_SST_PAWR
2_ATGACAACATCCAGGT-1,14506,12057,HC1,HC,Inh_SST_PAWR,Neuronal,Inh_SST_PAWR
18_GCTTCGCGTCATCCTG-1,10499,6748,HC7,HC,Inh_SST_PAWR,Neuronal,Inh_SST_PAWR
2_CCTTACTCATCGTTCT-1,10500,6489,HC2,HC,Inh_SST_PAWR,Neuronal,Inh_SST_PAWR
2_GTTCGCTTCCACCCTG-1,16022,7736,HC4,HC,Inh_SST_PAWR,Neuronal,Inh_SST_PAWR
7_GGTACTTAGTAACTCA-1,17623,34040,HC23,HC,Inh_SST_PAWR,Neuronal,Inh_SST_PAWR
4_CAATCTAAGCTTACTT-1,11900,8987,HC28,HC,Inh_SST_PAWR,Neuronal,Inh_SST_PAWR
23_ACTAACCAGTTAGCCG-1,19339,7548,HC9,HC,Inh_SST_PAWR,Neuronal,Inh_SST_PAWR
28_TGATTAGTCTTGCAAA-1,19649,22230,HC24,HC,Inh_SST_PAWR,Neuronal,Inh_SST_PAWR
4_GGAACCTGTTGTAAAC-1,30130,10412,HC30,HC,Inh_SST_PAWR,Neuronal,Inh_SST_PAWR
5_CCTGAATAGTAAGTCC-1,7540,5602,HC10,HC,Inh_SST_PAWR,Neuronal,Inh_SST_PAWR
4_CATCACACAAGCTAAA-1,8347,6290,HC21,HC,Inh_SST_SGCZ,Neuronal,Inh_SST_SGCZ
2_TTATTGCTCTCCATGC-1,8935,6461,HC3,HC,Inh_SST_SGCZ,Neuronal,Inh_SST_SGCZ
7_TGCAATATCATCCTAT-1,9253,10480,HC26,HC,Inh_SST_SGCZ,Neuronal,Inh_SST_SGCZ
18_GGCCAACTCCCGTTGT-1,9143,8101,HC8,HC,Inh_SST_SGCZ,Neuronal,Inh_SST_SGCZ
5_AACAGATAGATGCCTG-1,15417,12456,HC9,HC,Inh_SST_SGCZ,Neuronal,Inh_SST_SGCZ
18_ACCCAACCAGTCTAAT-1,5771,6399,HC6,HC,Inh_SST_SGCZ,Neuronal,Inh_SST_SGCZ
4_AATGCATGTACAAAGA-1,9939,15617,HC30,HC,Inh_SST_SGCZ,Neuronal,Inh_SST_SGCZ
26_TATCACAAGTTATGGC-1,10241,6374,HC19,HC,Inh_SST_SGCZ,Neuronal,Inh_SST_SGCZ
18_GAAGCCTGTTCATTTG-1,10929,7298,HC7,HC,Inh_SST_SGCZ,Neuronal,Inh_SST_SGCZ
18_TATGAAGCATAGGCGA-1,6076,6043,HC5,HC,Inh_SST_SGCZ,Neuronal,Inh_SST_SGCZ
14_CAACCCGCACAGAAAC-1,10570,12024,HC4,HC,Inh_SST_SGCZ,Neuronal,Inh_SST_SGCZ
23_TTTCGTCCAGGACCTT-1,7083,5434,HC11,HC,Inh_SST_SGCZ,Neuronal,Inh_SST_SGCZ
14_TTTAAGCCACATTAAC-1,18897,7469,HC2,HC,Inh_SST_SGCZ,Neuronal,Inh_SST_SGCZ
26_AATTGGACACCTCACC-1,14107,9916,HC17,HC,Inh_SST_SGCZ,Neuronal,Inh_SST_SGCZ
26_ATATGCTCACAACAGG-1,24974,6710,HC20,HC,Inh_SST_SGCZ,Neuronal,Inh_SST_SGCZ
24_CGTAATGGTTTGCGCC-1,9559,21455,HC16,HC,Inh_SST_SGCZ,Neuronal,Inh_SST_SGCZ
7_GTTACAGGTTTAACCC-1,12172,9441,HC23,HC,Inh_SST_SGCZ,Neuronal,Inh_SST_SGCZ
23_AGTTACATCCCATAGG-1,11909,9717,HC12,HC,Inh_SST_SGCZ,Neuronal,Inh_SST_SGCZ
7_CCTGAATAGTTACCGG-1,11792,15988,HC25,HC,Inh_SST_SGCZ,Neuronal,Inh_SST_SGCZ
8_AGTAAGTAGGTTTACA-1,9074,8568,HC24,HC,Inh_SST_SGCZ,Neuronal,Inh_SST_SGCZ
2_CGTGACATCCCTCGCA-1,18205,6394,HC1,HC,Inh_SST_SGCZ,Neuronal,Inh_SST_SGCZ
5_TGAAGGATCGATTTGA-1,12201,9829,HC10,HC,Inh_SST_SGCZ,Neuronal,Inh_SST_SGCZ
7_TGCCGGTAGAGGGACT-1,5776,14143,HC26,HC,Inh_SST_SGCZ,Neuronal,Inh_SST_SGCZ
14_GCCTTACTCATGCAAC-1,23320,15156,HC4,HC,Inh_SST_SGCZ,Neuronal,Inh_SST_SGCZ
4_GCTGTGATCATAGACC-1,10266,7743,HC30,HC,Inh_SST_SGCZ,Neuronal,Inh_SST_SGCZ
18_TTGCCCGTCGCTCACT-1,12290,12960,HC8,HC,Inh_SST_SGCZ,Neuronal,Inh_SST_SGCZ
18_ACCGAAGCACAGCCAT-1,34574,25863,HC7,HC,Inh_SST_SGCZ,Neuronal,Inh_SST_SGCZ
8_TAACAAGCACAATACT-1,8866,5718,HC24,HC,Inh_SST_SGCZ,Neuronal,Inh_SST_SGCZ
4_CTAGTTGCACCGGTAT-1,11596,12885,HC21,HC,Inh_SST_SGCZ,Neuronal,Inh_SST_SGCZ
14_CTTCTCAAGCTGAGGG-1,9392,5826,HC1,HC,Inh_SST_SGCZ,Neuronal,Inh_SST_SGCZ
14_CACGCAATCCACCTGT-1,12432,6330,HC2,HC,Inh_SST_SGCZ,Neuronal,Inh_SST_SGCZ
24_TCAGTAATCCATAAGC-1,22872,9789,HC16,HC,Inh_SST_SGCZ,Neuronal,Inh_SST_SGCZ
5_CTGACCAAGGATTGCT-1,7764,12584,HC11,HC,Inh_SST_SGCZ,Neuronal,Inh_SST_SGCZ
5_TATTGACCATCTTGAG-1,19165,10816,HC12,HC,Inh_SST_SGCZ,Neuronal,Inh_SST_SGCZ
5_ATTAGTCCATGGTTAT-1,11247,5470,HC10,HC,Inh_SST_SGCZ,Neuronal,Inh_SST_SGCZ
5_TCCGGTAAGCTGTAAC-1,19261,6444,HC9,HC,Inh_SST_SGCZ,Neuronal,Inh_SST_SGCZ
14_GAGTTACTCCAAGTTA-1,20723,10604,HC3,HC,Inh_SST_SGCZ,Neuronal,Inh_SST_SGCZ
7_GTAGTTTCATAATCGT-1,10403,7760,HC25,HC,Inh_SST_SGCZ,Neuronal,Inh_SST_SGCZ
28_CTTTGGGAGGCTTAAC-1,13655,20424,HC23,HC,Inh_SST_SGCZ,Neuronal,Inh_SST_SGCZ
28_TCTAGCGAGCAAGACA-1,13602,7939,HC21,HC,Inh_SST_SGCZ,Neuronal,Inh_SST_SGCZ
7_TGCTTAAAGTCAATTG-1,10429,14672,HC23,HC,Inh_SST_SGCZ,Neuronal,Inh_SST_SGCZ
14_ACCCGTAAGGTGAAAT-1,18619,10789,HC3,HC,Inh_SST_SGCZ,Neuronal,Inh_SST_SGCZ
23_GGCCTCTGTTAGTACG-1,18697,8693,HC9,HC,Inh_SST_SGCZ,Neuronal,Inh_SST_SGCZ
30_AGCATCCCAATTAGCT-1,19306,22930,HC25,HC,Inh_SST_SGCZ,Neuronal,Inh_SST_SGCZ
5_AAACCGCGTTAGGCGT-1,11220,5841,HC11,HC,Inh_SST_SGCZ,Neuronal,Inh_SST_SGCZ
2_GCTATTGCAGCTACGT-1,7063,9407,HC2,HC,Inh_SST_SGCZ,Neuronal,Inh_SST_SGCZ
18_TGATCAATCCGGCTAA-1,12135,9367,HC7,HC,Inh_SST_SGCZ,Neuronal,Inh_SST_SGCZ
14_GTTTCAGCAAACTGTT-1,17548,10650,HC4,HC,Inh_SST_SGCZ,Neuronal,Inh_SST_SGCZ
23_GTCTAGCCAATTAACC-1,17641,14864,HC12,HC,Inh_SST_SGCZ,Neuronal,Inh_SST_SGCZ
32_AGGGCTACAAGCTAAA-1,8950,26147,HC30,HC,Inh_SST_SGCZ,Neuronal,Inh_SST_SGCZ
23_GCAGGTGAGCTGTACG-1,18180,13517,HC10,HC,Inh_SST_SGCZ,Neuronal,Inh_SST_SGCZ
2_TCCTTAGTCAGGTTTA-1,9192,8554,HC1,HC,Inh_SST_SGCZ,Neuronal,Inh_SST_SGCZ
24_TCTAGCGAGAACAAGT-1,13798,7997,HC16,HC,Inh_SST_SGCZ,Neuronal,Inh_SST_SGCZ
8_GATTCAATCTGTGCCT-1,12181,14667,HC24,HC,Inh_SST_SGCZ,Neuronal,Inh_SST_SGCZ
24_GTCAGGCTCCACCTTA-1,9800,8979,HC16,HC,Inh_SST_SGCZ,Neuronal,Inh_SST_SGCZ
7_TTGGATATCATTTGCT-1,8789,9011,HC25,HC,Inh_SST_SGCZ,Neuronal,Inh_SST_SGCZ
5_AGGTGAATCGTGCTAG-1,6954,8423,HC12,HC,Inh_SST_SGCZ,Neuronal,Inh_SST_SGCZ
32_ATGGCTAGTTACATCC-1,8363,22408,HC30,HC,Inh_SST_SGCZ,Neuronal,Inh_SST_SGCZ
14_GGTTGAGCAATGAAGC-1,9158,12931,HC2,HC,Inh_SST_SGCZ,Neuronal,Inh_SST_SGCZ
5_TCCTGGTTCAGTGAAG-1,12114,7062,HC9,HC,Inh_SST_SGCZ,Neuronal,Inh_SST_SGCZ
7_GACTTAGGTGGTTATG-1,10969,6840,HC23,HC,Inh_SST_SGCZ,Neuronal,Inh_SST_SGCZ
5_CGTCATTGTTGTTGTC-1,13663,5404,HC10,HC,Inh_SST_SGCZ,Neuronal,Inh_SST_SGCZ
8_TCAAGCTAGCTGTCAG-1,15050,9419,HC24,HC,Inh_SST_SGCZ,Neuronal,Inh_SST_SGCZ
5_CCACATTGTTTGCTGT-1,8186,9866,HC11,HC,Inh_SST_SGCZ,Neuronal,Inh_SST_SGCZ
14_CAGGGCTTCTCAATGA-1,24540,11880,HC4,HC,Inh_SST_SGCZ,Neuronal,Inh_SST_SGCZ
28_CGATTATCATGTTGGC-1,21873,26058,HC21,HC,Inh_SST_SGCZ,Neuronal,Inh_SST_SGCZ
18_TCTAGCACACATAGCC-1,8820,18415,HC7,HC,Inh_SST_SGCZ,Neuronal,Inh_SST_SGCZ
14_ACCAGGCTCAGCAAGA-1,5933,6770,HC3,HC,Inh_SST_SGCZ,Neuronal,Inh_SST_SGCZ
14_CGAATCTAGGCATGAA-1,15873,5993,HC1,HC,Inh_SST_SGCZ,Neuronal,Inh_SST_SGCZ
2_TAAGTGCTCCTAGTTT-1,13855,11055,HC2,HC,Inh_SST_SGCZ,Neuronal,Inh_SST_SGCZ
32_TCCGCCATCTACCTGC-1,6552,24218,HC30,HC,Inh_SST_SGCZ,Neuronal,Inh_SST_SGCZ
28_GGTGAGGTCCCGCATT-1,14499,24316,HC23,HC,Inh_SST_SGCZ,Neuronal,Inh_SST_SGCZ
28_ACGTTACAGCTATTAG-1,8111,10433,HC21,HC,Inh_SST_SGCZ,Neuronal,Inh_SST_SGCZ
14_AGTTTGCAGCCTGGTA-1,17375,6080,HC4,HC,Inh_SST_SGCZ,Neuronal,Inh_SST_SGCZ
14_AGTGCACGTGTTCCCA-1,33383,18798,HC3,HC,Inh_SST_SGCZ,Neuronal,Inh_SST_SGCZ
23_CGTTTGGAGGTCCACA-1,24902,27481,HC9,HC,Inh_SST_SGCZ,Neuronal,Inh_SST_SGCZ
2_GCCTCGACAACAGGAT-1,14383,8616,HC1,HC,Inh_SST_SGCZ,Neuronal,Inh_SST_SGCZ
5_ACGCCTAAGCCGCAGT-1,14281,7616,HC10,HC,Inh_SST_SGCZ,Neuronal,Inh_SST_SGCZ
5_GTGCCTTTCGATTCTT-1,11582,5785,HC11,HC,Inh_SST_SGCZ,Neuronal,Inh_SST_SGCZ
24_TGTAAAGCAAGGTAAC-1,11751,9830,HC16,HC,Inh_SST_SGCZ,Neuronal,Inh_SST_SGCZ
18_GATGACTTCCCGTTTA-1,12339,5910,HC7,HC,Inh_SST_SGCZ,Neuronal,Inh_SST_SGCZ
5_TTAGGCTAGCTTAACA-1,5675,8721,HC12,HC,Inh_SST_SGCZ,Neuronal,Inh_SST_SGCZ
8_ACGTACCCACGAACAG-1,10484,15459,HC24,HC,Inh_SST_SGCZ,Neuronal,Inh_SST_SGCZ
8_TCTCAATTCATAGACC-1,10902,16210,HC24,HC,Inh_SST_SGCZ,Neuronal,Inh_SST_SGCZ
5_GCCATGATCCATAATG-1,12836,16112,HC9,HC,Inh_SST_SGCZ,Neuronal,Inh_SST_SGCZ
4_TCGTTAAAGTTATCTC-1,14819,7472,HC30,HC,Inh_SST_SGCZ,Neuronal,Inh_SST_SGCZ
5_GTCCATTGTCGTAAAT-1,17984,6907,HC12,HC,Inh_SST_SGCZ,Neuronal,Inh_SST_SGCZ
14_ATGCCTGAGCTTACTT-1,9095,5499,HC2,HC,Inh_SST_SGCZ,Neuronal,Inh_SST_SGCZ
4_GACCTTTGTTTGGCGG-1,10246,5400,HC21,HC,Inh_SST_SGCZ,Neuronal,Inh_SST_SGCZ
24_TTGTTGTTCCCGCCTA-1,9692,10390,HC16,HC,Inh_SST_SGCZ,Neuronal,Inh_SST_SGCZ
14_GCTAGCGGTTCAAGAT-1,21005,11449,HC1,HC,Inh_SST_SGCZ,Neuronal,Inh_SST_SGCZ
18_ATTGGTTCACAATTAC-1,7171,8220,HC7,HC,Inh_SST_SGCZ,Neuronal,Inh_SST_SGCZ
23_GCCATGATCCCTCAGT-1,11153,7747,HC11,HC,Inh_SST_SGCZ,Neuronal,Inh_SST_SGCZ
5_GGTGAGTAGTACCGCA-1,9595,6791,HC10,HC,Inh_SST_SGCZ,Neuronal,Inh_SST_SGCZ
2_AGGATGTCACACTAAT-1,14881,5945,HC4,HC,Inh_SST_SGCZ,Neuronal,Inh_SST_SGCZ
7_TAGCTTAAGGAGGCAT-1,7653,10253,HC23,HC,Inh_SST_SGCZ,Neuronal,Inh_SST_SGCZ
23_GTCCTCAGTTCATTTG-1,7592,13289,HC12,HC,Inh_SST_SGCZ,Neuronal,Inh_SST_SGCZ
2_CATAGGCGTTAGCAGC-1,15284,7116,HC1,HC,Inh_SST_SGCZ,Neuronal,Inh_SST_SGCZ
28_CGCATATAGTTATGGC-1,5988,11642,HC21,HC,Inh_SST_SGCZ,Neuronal,Inh_SST_SGCZ
5_GCTATTGCAGGATGGC-1,5944,8711,HC11,HC,Inh_SST_SGCZ,Neuronal,Inh_SST_SGCZ
5_GCTCAACCACCTATAG-1,16856,19445,HC10,HC,Inh_SST_SGCZ,Neuronal,Inh_SST_SGCZ
2_TTCCCACAGCGATAGA-1,8170,6598,HC2,HC,Inh_SST_SGCZ,Neuronal,Inh_SST_SGCZ
32_GGACATAAGCTAATTG-1,8817,14727,HC30,HC,Inh_SST_SGCZ,Neuronal,Inh_SST_SGCZ
14_GCGTAACGTTTACTTG-1,15494,6840,HC4,HC,Inh_SST_SGCZ,Neuronal,Inh_SST_SGCZ
5_TTGGCTACAGAGGGAG-1,8170,7755,HC9,HC,Inh_SST_SGCZ,Neuronal,Inh_SST_SGCZ
18_GTCCTAGAGGTCCTAG-1,9500,5979,HC7,HC,Inh_SST_SGCZ,Neuronal,Inh_SST_SGCZ
8_CGTGCACAGCTATATG-1,7989,5930,HC24,HC,Inh_SST_SGCZ,Neuronal,Inh_SST_SGCZ
7_GAAGTCAAGGCTGTCA-1,11156,7202,HC23,HC,Inh_SST_SGCZ,Neuronal,Inh_SST_SGCZ
24_TGGGCCTAGTTAGCTA-1,13517,15960,HC16,HC,Inh_SST_SGCZ,Neuronal,Inh_SST_SGCZ
14_GGATACTTCTCCTCAA-1,8207,6179,HC2,HC,Inh_SST_SGCZ,Neuronal,Inh_SST_SGCZ
5_CAGGTTAGTAACAGGG-1,18327,10160,HC9,HC,Inh_SST_SGCZ,Neuronal,Inh_SST_SGCZ
4_ATCACCCTCAGGGCCT-1,8904,17257,HC30,HC,Inh_SST_SGCZ,Neuronal,Inh_SST_SGCZ
14_GCTAGCCAGATGGAGC-1,10868,9933,HC1,HC,Inh_SST_SGCZ,Neuronal,Inh_SST_SGCZ
23_GCGGTTGGTGATTTGG-1,17458,9794,HC12,HC,Inh_SST_SGCZ,Neuronal,Inh_SST_SGCZ
5_TTGTAAGTCGATATTG-1,23310,14079,HC11,HC,Inh_SST_SGCZ,Neuronal,Inh_SST_SGCZ
7_TGATTAGTCCCTGTTA-1,7998,8681,HC23,HC,Inh_SST_SGCZ,Neuronal,Inh_SST_SGCZ
8_CGACTAAGTTAACGAT-1,9994,5503,HC24,HC,Inh_SST_SGCZ,Neuronal,Inh_SST_SGCZ
14_CAACTAGGTCATCCTG-1,42301,21133,HC4,HC,Inh_SST_SGCZ,Neuronal,Inh_SST_SGCZ
24_TCCTCTAAGCGCCTTT-1,8726,18242,HC16,HC,Inh_SST_SGCZ,Neuronal,Inh_SST_SGCZ
5_TAGGGTTTCCCGCAAA-1,13123,6835,HC10,HC,Inh_SST_SGCZ,Neuronal,Inh_SST_SGCZ
18_GCTGATCCAACTAGAA-1,10478,6397,HC7,HC,Inh_SST_SGCZ,Neuronal,Inh_SST_SGCZ
5_AACAGCAAGCGCCTAA-1,7367,8417,HC12,HC,Inh_SST_SGCZ,Neuronal,Inh_SST_SGCZ
2_GAACCAGCAGGCGATA-1,12431,5612,HC2,HC,Inh_SST_SGCZ,Neuronal,Inh_SST_SGCZ
4_GCGTTTCTCCTGGTGA-1,16801,10518,HC30,HC,Inh_SST_SGCZ,Neuronal,Inh_SST_SGCZ
14_AGTGTGGCAGCCTGCA-1,17679,8675,HC1,HC,Inh_SST_SGCZ,Neuronal,Inh_SST_SGCZ
24_CTTAACAAGGCGGATG-1,6420,12023,HC16,HC,Inh_SST_SGCZ,Neuronal,Inh_SST_SGCZ
8_GCCTATTGTCAACAAT-1,16314,8737,HC24,HC,Inh_SST_SGCZ,Neuronal,Inh_SST_SGCZ
5_AGTCCTTGTAACCACA-1,10413,6856,HC9,HC,Inh_SST_SGCZ,Neuronal,Inh_SST_SGCZ
28_GAGTAATAGCACGATT-1,14301,8239,HC23,HC,Inh_SST_SGCZ,Neuronal,Inh_SST_SGCZ
2_AACAGCAAGTTAGAGG-1,21026,8332,HC4,HC,Inh_SST_SGCZ,Neuronal,Inh_SST_SGCZ
23_CACCTGTTCGCGCTAA-1,25209,40273,HC11,HC,Inh_SST_SGCZ,Neuronal,Inh_SST_SGCZ
5_GATTATGTCTCGCCTG-1,19014,12481,HC10,HC,Inh_SST_SGCZ,Neuronal,Inh_SST_SGCZ
5_TACGGTTAGCAAGGAC-1,14796,10224,HC10,HC,Inh_SST_SGCZ,Neuronal,Inh_SST_SGCZ
5_ACTTATCTCACAGCGC-1,7896,9169,HC9,HC,Inh_SST_SGCZ,Neuronal,Inh_SST_SGCZ
24_GCATATATCGCCTGTT-1,11872,13974,HC16,HC,Inh_SST_SGCZ,Neuronal,Inh_SST_SGCZ
23_CCACAGGGTCGCAAAC-1,25367,10761,HC11,HC,Inh_SST_SGCZ,Neuronal,Inh_SST_SGCZ
14_GAGGTTAAGGCAGGTG-1,13318,6721,HC2,HC,Inh_SST_SGCZ,Neuronal,Inh_SST_SGCZ
14_AGGTTAACATAACGGG-1,13587,6591,HC1,HC,Inh_SST_SGCZ,Neuronal,Inh_SST_SGCZ
5_GACCGTTCACACTAAT-1,6609,9156,HC12,HC,Inh_SST_SGCZ,Neuronal,Inh_SST_SGCZ
8_GGGTTATTCAAATCGC-1,23831,11891,HC24,HC,Inh_SST_SGCZ,Neuronal,Inh_SST_SGCZ
2_TGGCCATCATGCTTAG-1,13790,9647,HC4,HC,Inh_SST_SGCZ,Neuronal,Inh_SST_SGCZ
23_AAGCGGGTCATAACCA-1,10870,16847,HC9,HC,Inh_SST_SGCZ,Neuronal,Inh_SST_SGCZ
8_GTCTTTGTCACGCCAA-1,13664,8804,HC24,HC,Inh_SST_SGCZ,Neuronal,Inh_SST_SGCZ
24_GGTACTAGTTAGGCGT-1,10276,9505,HC16,HC,Inh_SST_SGCZ,Neuronal,Inh_SST_SGCZ
14_GTTTGTTTCGGTACGC-1,14154,5385,HC1,HC,Inh_SST_SGCZ,Neuronal,Inh_SST_SGCZ
2_ATTTGTGAGCGAGCGA-1,11760,7112,HC4,HC,Inh_SST_SGCZ,Neuronal,Inh_SST_SGCZ
14_GAAGTAAGTACCAGGT-1,18350,7082,HC2,HC,Inh_SST_SGCZ,Neuronal,Inh_SST_SGCZ
5_CGGTTCCGTTAGGTTG-1,12341,6265,HC12,HC,Inh_SST_SGCZ,Neuronal,Inh_SST_SGCZ
5_TTACCGTGTTTGAGGC-1,7192,9390,HC10,HC,Inh_SST_SGCZ,Neuronal,Inh_SST_SGCZ
5_AGTCTTGCAAGCTTTG-1,8968,6142,HC11,HC,Inh_SST_SGCZ,Neuronal,Inh_SST_SGCZ
18_CAAACGCGTAAGCTTG-1,13922,14446,HC7,HC,Inh_TAFA1_ALCAM,Neuronal,Inh_TAFA1_ALCAM
2_TCGACAAGTCAAGTGC-1,29909,11905,HC4,HC,Inh_TAFA1_ALCAM,Neuronal,Inh_TAFA1_ALCAM
26_TTTAAGCCAGTACCGT-1,19815,35076,HC20,HC,Inh_TAFA1_ALCAM,Neuronal,Inh_TAFA1_ALCAM
18_CTTAAGATCTTAGTCT-1,24638,16120,HC6,HC,Inh_TAFA1_ALCAM,Neuronal,Inh_TAFA1_ALCAM
18_AGTAGGATCATTCATC-1,14032,13640,HC5,HC,Inh_TAFA1_ALCAM,Neuronal,Inh_TAFA1_ALCAM
26_CTCTATGTCCTTGAGG-1,10743,19408,HC19,HC,Inh_TAFA1_ALCAM,Neuronal,Inh_TAFA1_ALCAM
5_ATGGTCTAGGCGGATG-1,12478,15147,HC11,HC,Inh_TAFA1_ALCAM,Neuronal,Inh_TAFA1_ALCAM
2_GCGGATACAGAGGCTA-1,9265,10864,HC3,HC,Inh_TAFA1_ALCAM,Neuronal,Inh_TAFA1_ALCAM
26_AGGGTTGCAAGGATTA-1,21883,27403,HC17,HC,Inh_TAFA1_ALCAM,Neuronal,Inh_TAFA1_ALCAM
30_CAATCCCTCGACAAAG-1,24795,65586,HC27,HC,Inh_TAFA1_ALCAM,Neuronal,Inh_TAFA1_ALCAM
5_GTCCAGGGTTCCAGGG-1,11719,12095,HC9,HC,Inh_TAFA1_ALCAM,Neuronal,Inh_TAFA1_ALCAM
7_GTTCACCTCAGAAACG-1,61387,13169,HC26,HC,Inh_TAFA1_ALCAM,Neuronal,Inh_TAFA1_ALCAM
7_TGTCCTTCACGGTTTA-1,8888,17243,HC25,HC,Inh_TAFA1_ALCAM,Neuronal,Inh_TAFA1_ALCAM
8_GGAGGTTAGTCGCTAG-1,17838,14637,HC24,HC,Inh_TAFA1_ALCAM,Neuronal,Inh_TAFA1_ALCAM
5_CGAAGAATCGGCCAGT-1,11279,10597,HC10,HC,Inh_TAFA1_ALCAM,Neuronal,Inh_TAFA1_ALCAM
2_AGTTACATCCCGTTTA-1,22682,14122,HC1,HC,Inh_TAFA1_ALCAM,Neuronal,Inh_TAFA1_ALCAM
14_TTTAAGCCAGCCTGCA-1,12742,13938,HC2,HC,Inh_TAFA1_ALCAM,Neuronal,Inh_TAFA1_ALCAM
4_GTGCGGTTCACTTCAT-1,11349,20704,HC30,HC,Inh_TAFA1_ALCAM,Neuronal,Inh_TAFA1_ALCAM
5_TGTAATGTCTAAGGAG-1,7534,8264,HC12,HC,Inh_TAFA1_ALCAM,Neuronal,Inh_TAFA1_ALCAM
7_CTCCTCACAGGTCCTG-1,6609,8953,HC23,HC,Inh_TAFA1_ALCAM,Neuronal,Inh_TAFA1_ALCAM
24_ACTAACTCAGGTTACC-1,11359,36628,HC13,HC,Inh_TAFA1_ALCAM,Neuronal,Inh_TAFA1_ALCAM
18_GGTGATTTCACTCAAA-1,13918,13509,HC6,HC,Inh_TAFA1_ALCAM,Neuronal,Inh_TAFA1_ALCAM
18_AAACCGAAGTGAGGTA-1,13996,10012,HC7,HC,Inh_TAFA1_ALCAM,Neuronal,Inh_TAFA1_ALCAM
32_TAAGCTATCAAAGGCA-1,10144,30198,HC30,HC,Inh_TAFA1_ALCAM,Neuronal,Inh_TAFA1_ALCAM
18_CCTAATCGTCACAAAT-1,5658,12532,HC5,HC,Inh_TAFA1_ALCAM,Neuronal,Inh_TAFA1_ALCAM
23_GGTGATTTCTTGCTAT-1,21060,24048,HC11,HC,Inh_TAFA1_ALCAM,Neuronal,Inh_TAFA1_ALCAM
7_TTGCCCGTCTCAATGA-1,11519,24141,HC23,HC,Inh_TAFA1_ALCAM,Neuronal,Inh_TAFA1_ALCAM
2_CTTAGGAGTTGCAGTA-1,9115,13189,HC4,HC,Inh_TAFA1_ALCAM,Neuronal,Inh_TAFA1_ALCAM
23_AGAGGATGTCATTACC-1,15881,13302,HC12,HC,Inh_TAFA1_ALCAM,Neuronal,Inh_TAFA1_ALCAM
2_ATTCCTAGTGGTGAGA-1,9566,9488,HC1,HC,Inh_TAFA1_ALCAM,Neuronal,Inh_TAFA1_ALCAM
8_AACTTAGTCGTGCTTC-1,7052,7807,HC24,HC,Inh_TAFA1_ALCAM,Neuronal,Inh_TAFA1_ALCAM
14_GCAAACTTCCCTCGCA-1,16151,12559,HC3,HC,Inh_TAFA1_ALCAM,Neuronal,Inh_TAFA1_ALCAM
14_TACCGAAGTAATGACT-1,21769,17318,HC2,HC,Inh_TAFA1_ALCAM,Neuronal,Inh_TAFA1_ALCAM
5_TGTATCGCAGGCCATT-1,7878,9934,HC9,HC,Inh_TAFA1_ALCAM,Neuronal,Inh_TAFA1_ALCAM
23_GCCGTGAGTTGCACGG-1,7386,17710,HC10,HC,Inh_TAFA1_ALCAM,Neuronal,Inh_TAFA1_ALCAM
7_CAACTAATCGCTAGAT-1,6526,6256,HC26,HC,Inh_TAFA1_ALCAM,Neuronal,Inh_TAFA1_ALCAM
7_TAGGTTGGTAAGCTCA-1,12961,20753,HC25,HC,Inh_TAFA1_ALCAM,Neuronal,Inh_TAFA1_ALCAM
7_TCCTTAGTCACTTCAT-1,14230,10080,HC25,HC,Inh_TAFA1_ALCAM,Neuronal,Inh_TAFA1_ALCAM
14_CAGCTCAAGCAAGGAC-1,15679,9266,HC4,HC,Inh_TAFA1_ALCAM,Neuronal,Inh_TAFA1_ALCAM
18_CTCATTTAGCTGGAAA-1,5969,6892,HC5,HC,Inh_TAFA1_ALCAM,Neuronal,Inh_TAFA1_ALCAM
18_TAACCAGGTAACCACA-1,23289,18291,HC6,HC,Inh_TAFA1_ALCAM,Neuronal,Inh_TAFA1_ALCAM
2_CGATTATCAAAGCGCA-1,20066,10366,HC3,HC,Inh_TAFA1_ALCAM,Neuronal,Inh_TAFA1_ALCAM
18_AGGTCAAAGCGCTCAA-1,5638,7767,HC7,HC,Inh_TAFA1_ALCAM,Neuronal,Inh_TAFA1_ALCAM
5_GGTGAGGTCGAAGCGG-1,6989,8849,HC10,HC,Inh_TAFA1_ALCAM,Neuronal,Inh_TAFA1_ALCAM
14_AACATTGTCCTAGTCC-1,13393,17799,HC2,HC,Inh_TAFA1_ALCAM,Neuronal,Inh_TAFA1_ALCAM
7_CTGCAATAGTTCCTCA-1,8113,11271,HC26,HC,Inh_TAFA1_ALCAM,Neuronal,Inh_TAFA1_ALCAM
7_GCTGTAAGTAATCGCA-1,12008,13266,HC23,HC,Inh_TAFA1_ALCAM,Neuronal,Inh_TAFA1_ALCAM
5_CGTTATCGTTAACGGC-1,17824,12616,HC11,HC,Inh_TAFA1_ALCAM,Neuronal,Inh_TAFA1_ALCAM
4_AGGTCTTAGGTCGATT-1,8373,12542,HC30,HC,Inh_TAFA1_ALCAM,Neuronal,Inh_TAFA1_ALCAM
8_CCTTGCGTCCTCATGC-1,14628,17696,HC24,HC,Inh_TAFA1_ALCAM,Neuronal,Inh_TAFA1_ALCAM
23_AGCGATTTCCGGTTGA-1,11635,26604,HC12,HC,Inh_TAFA1_ALCAM,Neuronal,Inh_TAFA1_ALCAM
14_AGGAACCAGGTCAAAG-1,17968,6509,HC1,HC,Inh_TAFA1_ALCAM,Neuronal,Inh_TAFA1_ALCAM
5_TGGACAAAGGTCCTGA-1,17786,15752,HC9,HC,Inh_TAFA1_ALCAM,Neuronal,Inh_TAFA1_ALCAM
5_GATTCGCCACGTAATT-1,9444,17372,HC10,HC,Inh_TAFA1_ALCAM,Neuronal,Inh_TAFA1_ALCAM
23_CCTGTATGTTTATGGG-1,11917,20466,HC12,HC,Inh_TAFA1_ALCAM,Neuronal,Inh_TAFA1_ALCAM
18_ACAGCGCTCACACAGT-1,16398,20825,HC5,HC,Inh_TAFA1_ALCAM,Neuronal,Inh_TAFA1_ALCAM
5_TTACGTTTCATGCATA-1,22170,19180,HC9,HC,Inh_TAFA1_ALCAM,Neuronal,Inh_TAFA1_ALCAM
18_CTGTTAAAGGCAGGTG-1,12000,7787,HC7,HC,Inh_TAFA1_ALCAM,Neuronal,Inh_TAFA1_ALCAM
5_TGCACCTTCCAAGTGT-1,23661,10719,HC11,HC,Inh_TAFA1_ALCAM,Neuronal,Inh_TAFA1_ALCAM
8_CCGCAAGGTGAAGCCT-1,8355,18441,HC24,HC,Inh_TAFA1_ALCAM,Neuronal,Inh_TAFA1_ALCAM
14_TGAACAACACTCGCTC-1,16224,12075,HC3,HC,Inh_TAFA1_ALCAM,Neuronal,Inh_TAFA1_ALCAM
2_CGTTAACAGGAACCAA-1,19974,15132,HC2,HC,Inh_TAFA1_ALCAM,Neuronal,Inh_TAFA1_ALCAM
7_TCAGCCTTCTAATCAG-1,12995,26359,HC25,HC,Inh_TAFA1_ALCAM,Neuronal,Inh_TAFA1_ALCAM
18_CGTTTCTCAGTGAACG-1,15496,7164,HC6,HC,Inh_TAFA1_ALCAM,Neuronal,Inh_TAFA1_ALCAM
2_CATTTGTTCGGTCAGC-1,21278,9593,HC1,HC,Inh_TAFA1_ALCAM,Neuronal,Inh_TAFA1_ALCAM
2_GCCACTAAGTCATTGA-1,9321,13472,HC4,HC,Inh_TAFA1_ALCAM,Neuronal,Inh_TAFA1_ALCAM
18_ACCTAAGGTTTGGTTC-1,13130,23911,HC5,HC,Inh_TAFA1_ALCAM,Neuronal,Inh_TAFA1_ALCAM
14_GATCGCTCAAACCTTG-1,13087,13322,HC4,HC,Inh_TAFA1_ALCAM,Neuronal,Inh_TAFA1_ALCAM
2_CGCTCAGCAATGCGCT-1,18005,11760,HC1,HC,Inh_TAFA1_ALCAM,Neuronal,Inh_TAFA1_ALCAM
2_TTCACTGTCACCTGTC-1,11142,19833,HC3,HC,Inh_TAFA1_ALCAM,Neuronal,Inh_TAFA1_ALCAM
7_GTTGGCCAGCGATACT-1,6842,7400,HC25,HC,Inh_TAFA1_ALCAM,Neuronal,Inh_TAFA1_ALCAM
18_GGCATTAGTAATCGCA-1,14118,14869,HC6,HC,Inh_TAFA1_ALCAM,Neuronal,Inh_TAFA1_ALCAM
18_ATTTGCGCAGCCTAAC-1,14674,10755,HC7,HC,Inh_TAFA1_ALCAM,Neuronal,Inh_TAFA1_ALCAM
5_GTAGGTGCAAGGACCA-1,8092,15477,HC9,HC,Inh_TAFA1_ALCAM,Neuronal,Inh_TAFA1_ALCAM
2_GCTGTGCAGCTCATAA-1,22289,17652,HC2,HC,Inh_TAFA1_ALCAM,Neuronal,Inh_TAFA1_ALCAM
5_GAGTATCTCCGCAAAT-1,12476,15337,HC10,HC,Inh_TAFA1_ALCAM,Neuronal,Inh_TAFA1_ALCAM
5_TCTTAGTTCCTAAGTA-1,10487,9913,HC12,HC,Inh_TAFA1_ALCAM,Neuronal,Inh_TAFA1_ALCAM
8_CACAGGGAGCCGGTAC-1,5593,26781,HC24,HC,Inh_TAFA1_ALCAM,Neuronal,Inh_TAFA1_ALCAM
23_GGAGCGATCCTAACGG-1,11419,12714,HC11,HC,Inh_TAFA1_ALCAM,Neuronal,Inh_TAFA1_ALCAM
18_CGCCTCATCATTGACA-1,11106,9618,HC6,HC,Inh_TAFA1_ALCAM,Neuronal,Inh_TAFA1_ALCAM
2_AAGTAGCCACCTGCCT-1,44759,22689,HC4,HC,Inh_TAFA1_ALCAM,Neuronal,Inh_TAFA1_ALCAM
23_CTATAACCAGTTGCGT-1,16922,28175,HC11,HC,Inh_TAFA1_ALCAM,Neuronal,Inh_TAFA1_ALCAM
5_CGAGCTGGTTGGTTAG-1,14779,8895,HC9,HC,Inh_TAFA1_ALCAM,Neuronal,Inh_TAFA1_ALCAM
18_GTAAGGTCACCATATG-1,5765,14149,HC5,HC,Inh_TAFA1_ALCAM,Neuronal,Inh_TAFA1_ALCAM
5_TACTAAGTCAGCTAAC-1,9371,6449,HC12,HC,Inh_TAFA1_ALCAM,Neuronal,Inh_TAFA1_ALCAM
2_CGCCACACAGCTTACA-1,14870,15721,HC3,HC,Inh_TAFA1_ALCAM,Neuronal,Inh_TAFA1_ALCAM
28_CTCATCATCCAAGTGT-1,26964,45924,HC24,HC,Inh_TAFA1_ALCAM,Neuronal,Inh_TAFA1_ALCAM
18_CACAGGCTCAGTGAAG-1,5692,13239,HC7,HC,Inh_TAFA1_ALCAM,Neuronal,Inh_TAFA1_ALCAM
14_CAAAGCGCACGTAATT-1,22015,7766,HC2,HC,Inh_TAFA1_ALCAM,Neuronal,Inh_TAFA1_ALCAM
7_CCCGTAAAGGCATGTT-1,12404,19466,HC25,HC,Inh_TAFA1_ALCAM,Neuronal,Inh_TAFA1_ALCAM
2_AATCATGTCTTTGAGA-1,17090,13655,HC1,HC,Inh_TAFA1_ALCAM,Neuronal,Inh_TAFA1_ALCAM
23_TTGCGAGTCTTTGAGA-1,19799,17453,HC10,HC,Inh_TAFA1_ALCAM,Neuronal,Inh_TAFA1_ALCAM
5_TAGGCTTAGGTCCGTA-1,14705,11679,HC9,HC,Inh_TAFA1_ALCAM,Neuronal,Inh_TAFA1_ALCAM
2_GCCACTAAGAGGAGTC-1,32631,12731,HC3,HC,Inh_TAFA1_ALCAM,Neuronal,Inh_TAFA1_ALCAM
2_TGCGATTAGGACCTCA-1,19848,12267,HC2,HC,Inh_TAFA1_ALCAM,Neuronal,Inh_TAFA1_ALCAM
2_ACCTAAATCGTAATCA-1,22550,10523,HC4,HC,Inh_TAFA1_ALCAM,Neuronal,Inh_TAFA1_ALCAM
2_GCTGACCAGTCTTGAA-1,17755,12212,HC1,HC,Inh_TAFA1_ALCAM,Neuronal,Inh_TAFA1_ALCAM
5_GGACAGCCAGAAATTG-1,10891,16468,HC11,HC,Inh_TAFA1_ALCAM,Neuronal,Inh_TAFA1_ALCAM
5_GGGTCACTCCGGTTAG-1,18890,32615,HC12,HC,Inh_TAFA1_ALCAM,Neuronal,Inh_TAFA1_ALCAM
5_GCTAGCGGTCTAACCT-1,19396,21066,HC10,HC,Inh_TAFA1_ALCAM,Neuronal,Inh_TAFA1_ALCAM
28_GGATTTATCCCGTTGT-1,10083,23373,HC24,HC,Inh_TAFA1_ALCAM,Neuronal,Inh_TAFA1_ALCAM
23_GTCTTGCTCCTCATCA-1,17607,21520,HC12,HC,Inh_TAFA1_ALCAM,Neuronal,Inh_TAFA1_ALCAM
2_GCCAGGTTCCCTCACG-1,25874,17974,HC4,HC,Inh_TAFA1_ALCAM,Neuronal,Inh_TAFA1_ALCAM
5_CGATATTCAACCCTAA-1,8432,21105,HC10,HC,Inh_TAFA1_ALCAM,Neuronal,Inh_TAFA1_ALCAM
2_AATAGCTGTTGTTGGA-1,19791,5787,HC2,HC,Inh_TAFA1_ALCAM,Neuronal,Inh_TAFA1_ALCAM
5_TTCTTAGGTGATGATT-1,8545,14420,HC9,HC,Inh_TAFA1_ALCAM,Neuronal,Inh_TAFA1_ALCAM
23_AGCTACTAGGCTACTG-1,13353,10008,HC11,HC,Inh_TAFA1_ALCAM,Neuronal,Inh_TAFA1_ALCAM
8_GAACTTATCGATTCTT-1,8987,18010,HC24,HC,Inh_TAFA1_ALCAM,Neuronal,Inh_TAFA1_ALCAM
2_TGCTTGCTCCATAAGC-1,21110,12121,HC3,HC,Inh_TAFA1_ALCAM,Neuronal,Inh_TAFA1_ALCAM
5_CATAGGCGTTCCAGGG-1,7496,13787,HC12,HC,Inh_TAFA1_ALCAM,Neuronal,Inh_TAFA1_ALCAM
2_GGAATCTTCTAAATCG-1,29678,15021,HC3,HC,Inh_TAFA1_ALCAM,Neuronal,Inh_TAFA1_ALCAM
8_CACCGGTAGTTAGTTG-1,10102,20419,HC24,HC,Inh_TAFA1_ALCAM,Neuronal,Inh_TAFA1_ALCAM
23_AGTAGGATCCGCCTCA-1,23933,28348,HC10,HC,Inh_TAFA1_ALCAM,Neuronal,Inh_TAFA1_ALCAM
14_TTGATGTCAGGCTAGA-1,33931,6040,HC2,HC,Inh_TAFA1_ALCAM,Neuronal,Inh_TAFA1_ALCAM
5_GTATTGCAGCTACTGG-1,10583,14041,HC11,HC,Inh_TAFA1_ALCAM,Neuronal,Inh_TAFA1_ALCAM
2_CAAGTGAAGCCTGGTA-1,5699,16645,HC4,HC,Inh_TAFA1_ALCAM,Neuronal,Inh_TAFA1_ALCAM
5_GTCTTTGTCTTGACCC-1,12161,13121,HC12,HC,Inh_TAFA1_ALCAM,Neuronal,Inh_TAFA1_ALCAM
23_ATTATGGTCCGCCTAT-1,14318,20457,HC11,HC,Inh_TAFA1_ALCAM,Neuronal,Inh_TAFA1_ALCAM
2_TTATCCGTCCTAATTC-1,27275,12625,HC2,HC,Inh_TAFA1_ALCAM,Neuronal,Inh_TAFA1_ALCAM
8_AGGATGTCAAACGGGC-1,8042,19983,HC24,HC,Inh_TAFA1_ALCAM,Neuronal,Inh_TAFA1_ALCAM
14_TCACCTGGTGTCCAAA-1,7023,16076,HC4,HC,Inh_TAFA1_ALCAM,Neuronal,Inh_TAFA1_ALCAM
5_AAGACCAAGAATCTCA-1,24087,12649,HC10,HC,Inh_TAFA1_ALCAM,Neuronal,Inh_TAFA1_ALCAM
23_CCCTCACCAGTAATAG-1,8988,18378,HC12,HC,Inh_TAFA1_ALCAM,Neuronal,Inh_TAFA1_ALCAM
8_CACAGGGAGTTATGTG-1,12023,8913,HC24,HC,Inh_TAFA1_ALCAM,Neuronal,Inh_TAFA1_ALCAM
5_ACTAGGCGTGCACGCA-1,9002,14005,HC10,HC,Inh_TAFA1_ALCAM,Neuronal,Inh_TAFA1_ALCAM
5_GGATACTTCATCCTAT-1,14819,11551,HC11,HC,Inh_TAFA1_ALCAM,Neuronal,Inh_TAFA1_ALCAM
14_TATCACAAGCGCAATT-1,26621,13642,HC2,HC,Inh_TAFA1_ALCAM,Neuronal,Inh_TAFA1_ALCAM
23_TCTCCTCGTTAGGCTA-1,22745,16132,HC11,HC,Inh_TAFA1_ALCAM,Neuronal,Inh_TAFA1_ALCAM
23_GGGTTACGTACCGAAC-1,10656,13931,HC10,HC,Inh_TAFA1_ALCAM,Neuronal,Inh_TAFA1_ALCAM
23_GGTTAGCGTTGTAAAC-1,14684,10336,HC12,HC,Inh_TAFA1_ALCAM,Neuronal,Inh_TAFA1_ALCAM
8_TGAGGGCCATCATGGC-1,14941,13296,HC24,HC,Inh_TAFA1_ALCAM,Neuronal,Inh_TAFA1_ALCAM
14_AAAGCCGCAAGGTCCT-1,15800,10054,HC2,HC,Inh_TAFA1_ALCAM,Neuronal,Inh_TAFA1_ALCAM
14_AGCTATATCCTCAGCT-1,10362,13506,HC2,HC,Inh_TAFA1_ALCAM,Neuronal,Inh_TAFA1_ALCAM
5_CCACACAAGCCGCAAC-1,12365,14127,HC10,HC,Inh_TAFA1_ALCAM,Neuronal,Inh_TAFA1_ALCAM
5_TCCTGGTTCAAAGGCA-1,22839,17565,HC12,HC,Inh_TAFA1_ALCAM,Neuronal,Inh_TAFA1_ALCAM
8_TCTCAAGCATGGAGGC-1,14586,15801,HC24,HC,Inh_TAFA1_ALCAM,Neuronal,Inh_TAFA1_ALCAM
5_ACTTACAAGGACAATG-1,5564,17164,HC10,HC,Inh_TAFA1_ALCAM,Neuronal,Inh_TAFA1_ALCAM
14_GAACACAAGCATGTTA-1,9925,12764,HC2,HC,Inh_TAFA1_ALCAM,Neuronal,Inh_TAFA1_ALCAM
14_GGATTATGTTGTAAAC-1,22114,20124,HC2,HC,Inh_TAFA1_ALCAM,Neuronal,Inh_TAFA1_ALCAM
5_GGAACTAAGGAGTCTT-1,10024,6637,HC10,HC,Inh_TAFA1_ALCAM,Neuronal,Inh_TAFA1_ALCAM
2_AGGACTAAGTAACCAC-1,6213,8065,HC2,HC,Inh_TAFA1_ALCAM,Neuronal,Inh_TAFA1_ALCAM
2_CCTGTAACAGCAAATA-1,26322,22506,HC2,HC,Inh_TAFA1_ALCAM,Neuronal,Inh_TAFA1_ALCAM
14_TATCGAGGTTGCTGGG-1,21060,9365,HC2,HC,Inh_TAFA1_ALCAM,Neuronal,Inh_TAFA1_ALCAM
14_TCCCTCACATTGTGTG-1,20428,10352,HC2,HC,Inh_TAFA1_ALCAM,Neuronal,Inh_TAFA1_ALCAM
2_CCGCTAGCACTGGCTG-1,10875,16506,HC2,HC,Inh_TAFA1_ALCAM,Neuronal,Inh_TAFA1_ALCAM
2_CTCTGTTCAACCCTCC-1,14530,12587,HC2,HC,Inh_TAFA1_ALCAM,Neuronal,Inh_TAFA1_ALCAM
2_ACTATCCGTTGCGCGA-1,45149,16590,HC2,HC,Inh_TAFA1_ALCAM,Neuronal,Inh_TAFA1_ALCAM
2_AACTAGCTCATGAGCT-1,7057,13163,HC2,HC,Inh_TAFA1_ALCAM,Neuronal,Inh_TAFA1_ALCAM
2_TGCTATGCACTTCACT-1,27419,24034,HC2,HC,Inh_TAFA1_ALCAM,Neuronal,Inh_TAFA1_ALCAM
14_GTTGCATAGATGGAGC-1,12205,7450,HC2,HC,Inh_TAFA1_ALCAM,Neuronal,Inh_TAFA1_ALCAM
5_TAGCTAATCTTTGTAC-1,8674,14115,HC10,HC,Inh_TAFA1_FSTL5,Neuronal,Inh_TAFA1_FSTL5
14_TGAAGGATCATAATCG-1,9057,9127,HC1,HC,Inh_TAFA1_FSTL5,Neuronal,Inh_TAFA1_FSTL5
8_GATTAGTGTGGATTAT-1,7557,11431,HC24,HC,Inh_TAFA1_FSTL5,Neuronal,Inh_TAFA1_FSTL5
4_GGTCAATTCACGCATG-1,13035,14929,HC21,HC,Inh_TAFA1_FSTL5,Neuronal,Inh_TAFA1_FSTL5
18_TGAGCTTAGGCGAATA-1,15049,5265,HC6,HC,Inh_TAFA1_FSTL5,Neuronal,Inh_TAFA1_FSTL5
23_TCACTGACACCCACCT-1,13719,17213,HC9,HC,Inh_TAFA1_FSTL5,Neuronal,Inh_TAFA1_FSTL5
24_AATTGGGAGCGAAGTA-1,6465,23712,HC13,HC,Inh_TAFA1_FSTL5,Neuronal,Inh_TAFA1_FSTL5
7_TGTAAGCTCGCTCCAT-1,14160,12239,HC23,HC,Inh_TAFA1_FSTL5,Neuronal,Inh_TAFA1_FSTL5
18_GCTAGCTCAGTAATAG-1,9430,9009,HC5,HC,Inh_TAFA1_FSTL5,Neuronal,Inh_TAFA1_FSTL5
26_CACATTAAGGCGCATC-1,19318,24238,HC20,HC,Inh_TAFA1_FSTL5,Neuronal,Inh_TAFA1_FSTL5
7_AACCGCTCAATAATGG-1,10366,12466,HC25,HC,Inh_TAFA1_FSTL5,Neuronal,Inh_TAFA1_FSTL5
30_CTCCGGACATGAGTTT-1,12905,9985,HC27,HC,Inh_TAFA1_FSTL5,Neuronal,Inh_TAFA1_FSTL5
26_TAGGTTATCAAGCTTA-1,12732,7093,HC17,HC,Inh_TAFA1_FSTL5,Neuronal,Inh_TAFA1_FSTL5
2_GACCTGATCTTAGCCC-1,15170,7771,HC3,HC,Inh_TAFA1_FSTL5,Neuronal,Inh_TAFA1_FSTL5
23_TCTTAGTTCGTTAGTA-1,5931,11294,HC12,HC,Inh_TAFA1_FSTL5,Neuronal,Inh_TAFA1_FSTL5
2_ATTCAACCATTAAGTC-1,17055,5708,HC2,HC,Inh_TAFA1_FSTL5,Neuronal,Inh_TAFA1_FSTL5
2_TCCCGGACAGCCTGCA-1,17188,7095,HC4,HC,Inh_TAFA1_FSTL5,Neuronal,Inh_TAFA1_FSTL5
24_TCTCACCAGAGGGACT-1,13249,6973,HC15,HC,Inh_TAFA1_FSTL5,Neuronal,Inh_TAFA1_FSTL5
23_CTCTAGCTCCTTGTTG-1,5912,20561,HC11,HC,Inh_TAFA1_FSTL5,Neuronal,Inh_TAFA1_FSTL5
4_GGCCATCAGGGCCACT-1,6515,9978,HC30,HC,Inh_TAFA1_FSTL5,Neuronal,Inh_TAFA1_FSTL5
7_GGTATTTCAGCATGTC-1,9859,6577,HC26,HC,Inh_TAFA1_FSTL5,Neuronal,Inh_TAFA1_FSTL5
24_TGTAAGCTCTTTAAGG-1,6102,9785,HC16,HC,Inh_TAFA1_FSTL5,Neuronal,Inh_TAFA1_FSTL5
18_ACTCACTGTGAGCACT-1,21662,6773,HC8,HC,Inh_TAFA1_FSTL5,Neuronal,Inh_TAFA1_FSTL5
4_TGCATGAGTTGCAGTA-1,12573,40077,HC31,HC,Inh_TAFA1_FSTL5,Neuronal,Inh_TAFA1_FSTL5
18_GGCATTGTCCCGAACA-1,15608,13166,HC7,HC,Inh_TAFA1_FSTL5,Neuronal,Inh_TAFA1_FSTL5
18_TACCCGGCAGGAATCG-1,9078,5444,HC7,HC,Inh_TAFA1_FSTL5,Neuronal,Inh_TAFA1_FSTL5
4_GTTCTTAGTTCAAGCA-1,12032,7139,HC21,HC,Inh_TAFA1_FSTL5,Neuronal,Inh_TAFA1_FSTL5
24_GCACGGTTCGATTTGA-1,9023,20495,HC16,HC,Inh_TAFA1_FSTL5,Neuronal,Inh_TAFA1_FSTL5
2_TTGACGTAGGAACGGT-1,10787,7622,HC3,HC,Inh_TAFA1_FSTL5,Neuronal,Inh_TAFA1_FSTL5
18_GCTATCCTCACAGCGC-1,13424,7015,HC6,HC,Inh_TAFA1_FSTL5,Neuronal,Inh_TAFA1_FSTL5
14_CGTTAGTAGAATCGCT-1,12392,5270,HC1,HC,Inh_TAFA1_FSTL5,Neuronal,Inh_TAFA1_FSTL5
7_TAAGGCTTCCACCCTG-1,6041,7060,HC26,HC,Inh_TAFA1_FSTL5,Neuronal,Inh_TAFA1_FSTL5
7_ATCCTCATCCTGTTCA-1,10751,16123,HC25,HC,Inh_TAFA1_FSTL5,Neuronal,Inh_TAFA1_FSTL5
7_GCTCTGGCAGGGAGCT-1,8075,13464,HC23,HC,Inh_TAFA1_FSTL5,Neuronal,Inh_TAFA1_FSTL5
5_TTTCCACCACAATGCC-1,10283,6118,HC9,HC,Inh_TAFA1_FSTL5,Neuronal,Inh_TAFA1_FSTL5
30_TTAAGCCAGCATGCAT-1,15297,28522,HC27,HC,Inh_TAFA1_FSTL5,Neuronal,Inh_TAFA1_FSTL5
5_CTCCAAACACTAAATC-1,14301,8198,HC10,HC,Inh_TAFA1_FSTL5,Neuronal,Inh_TAFA1_FSTL5
5_ACTTGAATCGATAACC-1,10178,5973,HC12,HC,Inh_TAFA1_FSTL5,Neuronal,Inh_TAFA1_FSTL5
5_TCCGGTAAGGGTGAAC-1,6293,8784,HC11,HC,Inh_TAFA1_FSTL5,Neuronal,Inh_TAFA1_FSTL5
2_CAAAGCGCACCTCACC-1,16904,7118,HC4,HC,Inh_TAFA1_FSTL5,Neuronal,Inh_TAFA1_FSTL5
28_ACAACAGAGCGATAGA-1,10602,21110,HC24,HC,Inh_TAFA1_FSTL5,Neuronal,Inh_TAFA1_FSTL5
14_ACGACAAAGGCCTGGT-1,19240,6750,HC2,HC,Inh_TAFA1_FSTL5,Neuronal,Inh_TAFA1_FSTL5
24_ACGGTTAGTATTGTCC-1,8538,23356,HC16,HC,Inh_TAFA1_FSTL5,Neuronal,Inh_TAFA1_FSTL5
14_TCACTGACAGGGAGCT-1,14577,5311,HC1,HC,Inh_TAFA1_FSTL5,Neuronal,Inh_TAFA1_FSTL5
28_CGGAGTCTCACTAGGT-1,12541,14825,HC23,HC,Inh_TAFA1_FSTL5,Neuronal,Inh_TAFA1_FSTL5
18_AACTACTCATTAGGCC-1,7348,11484,HC7,HC,Inh_TAFA1_FSTL5,Neuronal,Inh_TAFA1_FSTL5
7_GCTGATCCAAGTAAGC-1,10840,14164,HC25,HC,Inh_TAFA1_FSTL5,Neuronal,Inh_TAFA1_FSTL5
23_ACCATTAAGCCTAATA-1,13635,12470,HC11,HC,Inh_TAFA1_FSTL5,Neuronal,Inh_TAFA1_FSTL5
18_TGGTGCATCCCTGTTA-1,10078,8797,HC6,HC,Inh_TAFA1_FSTL5,Neuronal,Inh_TAFA1_FSTL5
2_CCCTCATAGCGCCTTT-1,22651,14948,HC3,HC,Inh_TAFA1_FSTL5,Neuronal,Inh_TAFA1_FSTL5
23_CTAGCTGAGACAAGTG-1,10685,7840,HC12,HC,Inh_TAFA1_FSTL5,Neuronal,Inh_TAFA1_FSTL5
5_CCGGTTAAGCTTAACA-1,9353,8140,HC9,HC,Inh_TAFA1_FSTL5,Neuronal,Inh_TAFA1_FSTL5
14_ATATAGGCACAGCCTG-1,15148,11580,HC4,HC,Inh_TAFA1_FSTL5,Neuronal,Inh_TAFA1_FSTL5
28_GGTTTAATCACGTTAA-1,10889,14272,HC21,HC,Inh_TAFA1_FSTL5,Neuronal,Inh_TAFA1_FSTL5
14_GCAATCTAGCGAGGTG-1,13380,5328,HC2,HC,Inh_TAFA1_FSTL5,Neuronal,Inh_TAFA1_FSTL5
5_ATTTGCGCATGGCCCA-1,7733,7424,HC10,HC,Inh_TAFA1_FSTL5,Neuronal,Inh_TAFA1_FSTL5
8_GTATTCAAGATAACCC-1,9696,6897,HC24,HC,Inh_TAFA1_FSTL5,Neuronal,Inh_TAFA1_FSTL5
7_GATTGGCGTTCAAGCA-1,12315,16863,HC23,HC,Inh_TAFA1_FSTL5,Neuronal,Inh_TAFA1_FSTL5
28_ATGGTTATCAAGCGCC-1,7064,16205,HC21,HC,Inh_TAFA1_FSTL5,Neuronal,Inh_TAFA1_FSTL5
5_TTGTTCCCAGGACCAA-1,7538,6281,HC9,HC,Inh_TAFA1_FSTL5,Neuronal,Inh_TAFA1_FSTL5
2_GTGAATCTCCTTGCGT-1,15481,5279,HC3,HC,Inh_TAFA1_FSTL5,Neuronal,Inh_TAFA1_FSTL5
23_CTGAAACTCATGCATA-1,7683,16705,HC10,HC,Inh_TAFA1_FSTL5,Neuronal,Inh_TAFA1_FSTL5
7_AGCAAATAGTATTGCA-1,9708,13733,HC25,HC,Inh_TAFA1_FSTL5,Neuronal,Inh_TAFA1_FSTL5
23_GTGTAACTCGCTAGTG-1,11355,8591,HC11,HC,Inh_TAFA1_FSTL5,Neuronal,Inh_TAFA1_FSTL5
14_GCCAATAGTGACCTGG-1,13905,5633,HC2,HC,Inh_TAFA1_FSTL5,Neuronal,Inh_TAFA1_FSTL5
8_AGTCCTTGTTCCGGGA-1,6409,8401,HC24,HC,Inh_TAFA1_FSTL5,Neuronal,Inh_TAFA1_FSTL5
23_ACAACACTCCTAATAG-1,9262,13809,HC12,HC,Inh_TAFA1_FSTL5,Neuronal,Inh_TAFA1_FSTL5
24_TATATCCTCAGGATGA-1,8920,16117,HC16,HC,Inh_TAFA1_FSTL5,Neuronal,Inh_TAFA1_FSTL5
14_CTTACTAGTTAGTACG-1,19712,6148,HC4,HC,Inh_TAFA1_FSTL5,Neuronal,Inh_TAFA1_FSTL5
14_AGAGAAGCACAGAACG-1,14769,6519,HC1,HC,Inh_TAFA1_FSTL5,Neuronal,Inh_TAFA1_FSTL5
2_TCAGGTCCAAAGGCCA-1,13800,10088,HC4,HC,Inh_TAFA1_FSTL5,Neuronal,Inh_TAFA1_FSTL5
5_GGTTCTTGTGGGTACT-1,17129,6918,HC9,HC,Inh_TAFA1_FSTL5,Neuronal,Inh_TAFA1_FSTL5
2_ACTGAATGTTGTAAAC-1,16208,6012,HC1,HC,Inh_TAFA1_FSTL5,Neuronal,Inh_TAFA1_FSTL5
23_ACACTAATCGGTCAGC-1,20329,9056,HC11,HC,Inh_TAFA1_FSTL5,Neuronal,Inh_TAFA1_FSTL5
7_AAGTTAGCAAGGAATC-1,9194,6962,HC25,HC,Inh_TAFA1_FSTL5,Neuronal,Inh_TAFA1_FSTL5
7_CTATTACTCATCCTGC-1,13830,17239,HC23,HC,Inh_TAFA1_FSTL5,Neuronal,Inh_TAFA1_FSTL5
28_CGTGAGGAGTTATCTC-1,15217,18389,HC21,HC,Inh_TAFA1_FSTL5,Neuronal,Inh_TAFA1_FSTL5
2_CGCATATAGGCATTGT-1,20301,6716,HC3,HC,Inh_TAFA1_FSTL5,Neuronal,Inh_TAFA1_FSTL5
14_AGGTTAACAGGTTATT-1,9643,5879,HC2,HC,Inh_TAFA1_FSTL5,Neuronal,Inh_TAFA1_FSTL5
5_CTAGTAGGTGCAACTA-1,10763,8396,HC10,HC,Inh_TAFA1_FSTL5,Neuronal,Inh_TAFA1_FSTL5
23_TTAGAAGCAGAGGGAG-1,12762,6514,HC12,HC,Inh_TAFA1_FSTL5,Neuronal,Inh_TAFA1_FSTL5
8_GCTGTACCAATTAGGA-1,12581,9038,HC24,HC,Inh_TAFA1_FSTL5,Neuronal,Inh_TAFA1_FSTL5
2_ACCCAGGGTTGGCCGA-1,18970,13007,HC3,HC,Inh_TAFA1_FSTL5,Neuronal,Inh_TAFA1_FSTL5
7_TATCGCACATTTGCTC-1,6563,14561,HC25,HC,Inh_TAFA1_FSTL5,Neuronal,Inh_TAFA1_FSTL5
14_GCTGACATCCTCGATC-1,21603,10390,HC2,HC,Inh_TAFA1_FSTL5,Neuronal,Inh_TAFA1_FSTL5
8_CGGGCTTAGGCACAGG-1,11019,11996,HC24,HC,Inh_TAFA1_FSTL5,Neuronal,Inh_TAFA1_FSTL5
23_TTACGTTTCTATTGTC-1,18085,20935,HC11,HC,Inh_TAFA1_FSTL5,Neuronal,Inh_TAFA1_FSTL5
5_TTTACGAAGACAACGA-1,13521,7245,HC10,HC,Inh_TAFA1_FSTL5,Neuronal,Inh_TAFA1_FSTL5
23_GAGATAAGTGGATTAT-1,7241,14058,HC12,HC,Inh_TAFA1_FSTL5,Neuronal,Inh_TAFA1_FSTL5
7_GTTTGCTGTGAAACAA-1,6777,16989,HC23,HC,Inh_TAFA1_FSTL5,Neuronal,Inh_TAFA1_FSTL5
14_GTAGGCGAGCCTGTTC-1,20830,5440,HC4,HC,Inh_TAFA1_FSTL5,Neuronal,Inh_TAFA1_FSTL5
28_CAAACAACAATACTGT-1,6021,10342,HC21,HC,Inh_TAFA1_FSTL5,Neuronal,Inh_TAFA1_FSTL5
14_TCGCTAACAGTTAAAG-1,16180,7073,HC1,HC,Inh_TAFA1_FSTL5,Neuronal,Inh_TAFA1_FSTL5
5_GGTTACCCAGAGAGCC-1,15688,7083,HC9,HC,Inh_TAFA1_FSTL5,Neuronal,Inh_TAFA1_FSTL5
14_GGCTAGACAAGGTATA-1,18673,6101,HC4,HC,Inh_TAFA1_FSTL5,Neuronal,Inh_TAFA1_FSTL5
14_GTCTAGCCATCAATCG-1,6320,6085,HC2,HC,Inh_TAFA1_FSTL5,Neuronal,Inh_TAFA1_FSTL5
28_ACGTTGTAGTAAGTCC-1,13930,6532,HC21,HC,Inh_TAFA1_FSTL5,Neuronal,Inh_TAFA1_FSTL5
5_CGAATCTAGAGGATAT-1,5858,6893,HC11,HC,Inh_TAFA1_FSTL5,Neuronal,Inh_TAFA1_FSTL5
5_AACTAGCTCGCTAAAC-1,12207,9702,HC10,HC,Inh_TAFA1_FSTL5,Neuronal,Inh_TAFA1_FSTL5
8_TTTGCGGAGACAGGTA-1,6433,5363,HC24,HC,Inh_TAFA1_FSTL5,Neuronal,Inh_TAFA1_FSTL5
7_TTGCACACATAGCGAG-1,9861,14766,HC25,HC,Inh_TAFA1_FSTL5,Neuronal,Inh_TAFA1_FSTL5
5_TCAAGCTAGACACTTA-1,13012,6436,HC9,HC,Inh_TAFA1_FSTL5,Neuronal,Inh_TAFA1_FSTL5
14_TGCTTTAGTTAACACG-1,8309,6081,HC1,HC,Inh_TAFA1_FSTL5,Neuronal,Inh_TAFA1_FSTL5
5_GTTTGTAAGGTTTGCG-1,10817,9756,HC12,HC,Inh_TAFA1_FSTL5,Neuronal,Inh_TAFA1_FSTL5
28_TTGGAGGCACATAGCC-1,10781,14453,HC23,HC,Inh_TAFA1_FSTL5,Neuronal,Inh_TAFA1_FSTL5
2_GTTTCCTCAGGAACCA-1,14373,7327,HC3,HC,Inh_TAFA1_FSTL5,Neuronal,Inh_TAFA1_FSTL5
7_AGCACAGCATTGTCCT-1,8804,14398,HC25,HC,Inh_TAFA1_FSTL5,Neuronal,Inh_TAFA1_FSTL5
28_AGTTGCAGTATTCGCT-1,7131,21121,HC21,HC,Inh_TAFA1_FSTL5,Neuronal,Inh_TAFA1_FSTL5
8_TTGCAAGGTCCAAGAC-1,10431,11199,HC24,HC,Inh_TAFA1_FSTL5,Neuronal,Inh_TAFA1_FSTL5
14_ATGGTGCGTGGTTAGC-1,12133,5551,HC1,HC,Inh_TAFA1_FSTL5,Neuronal,Inh_TAFA1_FSTL5
23_AGTAACACACTAAGCC-1,12722,13238,HC11,HC,Inh_TAFA1_FSTL5,Neuronal,Inh_TAFA1_FSTL5
5_TCTCCTCGTGGTTATG-1,20712,14522,HC10,HC,Inh_TAFA1_FSTL5,Neuronal,Inh_TAFA1_FSTL5
2_CAAACATGTAAACAAG-1,16679,7711,HC3,HC,Inh_TAFA1_FSTL5,Neuronal,Inh_TAFA1_FSTL5
2_AGTAACACACCAGGTT-1,13815,12576,HC2,HC,Inh_TAFA1_FSTL5,Neuronal,Inh_TAFA1_FSTL5
5_CTAAATGTCCTTAGGG-1,7413,12255,HC12,HC,Inh_TAFA1_FSTL5,Neuronal,Inh_TAFA1_FSTL5
14_TTCCCACAGCTGTACG-1,17709,14488,HC4,HC,Inh_TAFA1_FSTL5,Neuronal,Inh_TAFA1_FSTL5
5_AGGGCCTTCTGTAAGC-1,8432,9083,HC9,HC,Inh_TAFA1_FSTL5,Neuronal,Inh_TAFA1_FSTL5
23_AAATCCGGTTGGATAT-1,10204,11394,HC11,HC,Inh_TAFA1_FSTL5,Neuronal,Inh_TAFA1_FSTL5
2_GACCTAGTCTGCAAAC-1,42276,10225,HC3,HC,Inh_TAFA1_FSTL5,Neuronal,Inh_TAFA1_FSTL5
14_TGGCTATAGGTTACAC-1,15195,5794,HC1,HC,Inh_TAFA1_FSTL5,Neuronal,Inh_TAFA1_FSTL5
14_ACTCGCGCACTCGCTC-1,13403,5620,HC2,HC,Inh_TAFA1_FSTL5,Neuronal,Inh_TAFA1_FSTL5
23_CGCACACAGTGAGCAA-1,28076,10316,HC9,HC,Inh_TAFA1_FSTL5,Neuronal,Inh_TAFA1_FSTL5
5_TCCAGGATCTAATTGG-1,5845,15893,HC10,HC,Inh_TAFA1_FSTL5,Neuronal,Inh_TAFA1_FSTL5
2_TTGGATTCATTCAGCA-1,8496,6725,HC4,HC,Inh_TAFA1_FSTL5,Neuronal,Inh_TAFA1_FSTL5
5_GTCTATGCAGTTAGCC-1,6188,9809,HC12,HC,Inh_TAFA1_FSTL5,Neuronal,Inh_TAFA1_FSTL5
7_AACGCTAGTCGTAAAT-1,7919,8679,HC25,HC,Inh_TAFA1_FSTL5,Neuronal,Inh_TAFA1_FSTL5
8_TACTTGTTCCATTACT-1,8814,16344,HC24,HC,Inh_TAFA1_FSTL5,Neuronal,Inh_TAFA1_FSTL5
23_GGTCAGGAGCGAGCGA-1,6904,5524,HC11,HC,Inh_TAFA1_FSTL5,Neuronal,Inh_TAFA1_FSTL5
5_GAACCGCTCCATAAGC-1,8316,12201,HC10,HC,Inh_TAFA1_FSTL5,Neuronal,Inh_TAFA1_FSTL5
14_CCCAACCGTGAGCAAG-1,7569,5343,HC3,HC,Inh_TAFA1_FSTL5,Neuronal,Inh_TAFA1_FSTL5
5_CGGGTATGTGGGAACA-1,12732,5346,HC12,HC,Inh_TAFA1_FSTL5,Neuronal,Inh_TAFA1_FSTL5
2_TCTAGCACAATTAGCT-1,19403,6878,HC4,HC,Inh_TAFA1_FSTL5,Neuronal,Inh_TAFA1_FSTL5
23_GGTACTAGTTGAATCG-1,8177,18227,HC9,HC,Inh_TAFA1_FSTL5,Neuronal,Inh_TAFA1_FSTL5
14_GTAGCTGTCCATCAGG-1,18338,6869,HC2,HC,Inh_TAFA1_FSTL5,Neuronal,Inh_TAFA1_FSTL5
8_TAGAGCCGTATTGTCC-1,6984,6549,HC24,HC,Inh_TAFA1_FSTL5,Neuronal,Inh_TAFA1_FSTL5
14_AATTCGTCAGTTGCGT-1,16219,6127,HC2,HC,Inh_TAFA1_FSTL5,Neuronal,Inh_TAFA1_FSTL5
14_ACGTCCAAGTTGTCTT-1,6944,6496,HC3,HC,Inh_TAFA1_FSTL5,Neuronal,Inh_TAFA1_FSTL5
5_CAGCTATAGGGTGGAT-1,7079,8109,HC12,HC,Inh_TAFA1_FSTL5,Neuronal,Inh_TAFA1_FSTL5
14_TAGGCTGTCCCATAAA-1,24201,6696,HC4,HC,Inh_TAFA1_FSTL5,Neuronal,Inh_TAFA1_FSTL5
8_TTCGTGCTCAAGTGTC-1,10086,8966,HC24,HC,Inh_TAFA1_FSTL5,Neuronal,Inh_TAFA1_FSTL5
5_TTTACGCGTTTACGTC-1,6381,5484,HC10,HC,Inh_TAFA1_FSTL5,Neuronal,Inh_TAFA1_FSTL5
23_AGGAGCTAGGACTAAG-1,7108,5412,HC9,HC,Inh_TAFA1_FSTL5,Neuronal,Inh_TAFA1_FSTL5
5_ATGCAGGCAAGGTCCT-1,15719,6088,HC11,HC,Inh_TAFA1_FSTL5,Neuronal,Inh_TAFA1_FSTL5
14_GTGTGCGGTTCACTGT-1,14663,5605,HC2,HC,Inh_TAFA1_FSTL5,Neuronal,Inh_TAFA1_FSTL5
14_ATAAGCCTCAGCTAAC-1,15702,9604,HC4,HC,Inh_TAFA1_FSTL5,Neuronal,Inh_TAFA1_FSTL5
5_ACGAACAAGCCTTAAA-1,7227,12779,HC12,HC,Inh_TAFA1_FSTL5,Neuronal,Inh_TAFA1_FSTL5
5_TTGTTCCCAGCAGGTA-1,11941,11869,HC10,HC,Inh_TAFA1_FSTL5,Neuronal,Inh_TAFA1_FSTL5
5_TTCACTGTCTGTAAGC-1,8306,7634,HC9,HC,Inh_TAFA1_FSTL5,Neuronal,Inh_TAFA1_FSTL5
8_CGGAGCAAGGGCTTAT-1,5972,9048,HC24,HC,Inh_TAFA1_FSTL5,Neuronal,Inh_TAFA1_FSTL5
23_AACCTTAAGGAAGCTA-1,18521,8763,HC11,HC,Inh_TAFA1_FSTL5,Neuronal,Inh_TAFA1_FSTL5
14_CTTGCTCAGTTAACCA-1,8560,8846,HC3,HC,Inh_VIP_BSPRY,Neuronal,Inh_VIP_BSPRY
2_GAGTTACTCTCCATGC-1,9569,6242,HC4,HC,Inh_VIP_BSPRY,Neuronal,Inh_VIP_BSPRY
7_CACGCTAAGGTGAAAT-1,10768,10307,HC25,HC,Inh_VIP_BSPRY,Neuronal,Inh_VIP_BSPRY
2_ATCAGGTTCCTCATCA-1,13168,9070,HC1,HC,Inh_VIP_BSPRY,Neuronal,Inh_VIP_BSPRY
4_CCTATATTCGTTTCCA-1,13283,10591,HC21,HC,Inh_VIP_BSPRY,Neuronal,Inh_VIP_BSPRY
30_GTGCCTTTCATTGCAA-1,7289,59026,HC27,HC,Inh_VIP_BSPRY,Neuronal,Inh_VIP_BSPRY
32_CCGCAAATCTTGGACG-1,5986,18279,HC28,HC,Inh_VIP_BSPRY,Neuronal,Inh_VIP_BSPRY
24_CGACAAGCAGGCTTCG-1,16053,18401,HC13,HC,Inh_VIP_BSPRY,Neuronal,Inh_VIP_BSPRY
26_ATTGGCTAGGACCTTG-1,8754,15133,HC20,HC,Inh_VIP_BSPRY,Neuronal,Inh_VIP_BSPRY
24_TAAGCTGGTGACCTGG-1,6766,10237,HC15,HC,Inh_VIP_BSPRY,Neuronal,Inh_VIP_BSPRY
32_TAGCGGCTCACAAGCT-1,13456,23217,HC31,HC,Inh_VIP_BSPRY,Neuronal,Inh_VIP_BSPRY
28_TGAACAGAGCACTTGG-1,7296,15633,HC22,HC,Inh_VIP_BSPRY,Neuronal,Inh_VIP_BSPRY
7_ATCAAGACAAGCCACT-1,12384,10342,HC23,HC,Inh_VIP_BSPRY,Neuronal,Inh_VIP_BSPRY
7_CCGCAAATCGTTAGCG-1,5617,6213,HC26,HC,Inh_VIP_BSPRY,Neuronal,Inh_VIP_BSPRY
8_CCTTAACGTTTGCAGA-1,6693,10136,HC18,HC,Inh_VIP_BSPRY,Neuronal,Inh_VIP_BSPRY
24_CCCAAATAGCGGGCAA-1,8061,10582,HC14,HC,Inh_VIP_BSPRY,Neuronal,Inh_VIP_BSPRY
24_CGGTTTGAGGTCCACA-1,13593,22508,HC16,HC,Inh_VIP_BSPRY,Neuronal,Inh_VIP_BSPRY
25_CTACCTCAGGAAACTG-1,10393,12240,HC32,HC,Inh_VIP_BSPRY,Neuronal,Inh_VIP_BSPRY
18_TGAGCAAAGGCACAGG-1,9947,8874,HC5,HC,Inh_VIP_BSPRY,Neuronal,Inh_VIP_BSPRY
26_ACATTAGTCTTGGATA-1,13711,23581,HC17,HC,Inh_VIP_BSPRY,Neuronal,Inh_VIP_BSPRY
18_GCTAGCTCAAGCGATG-1,7274,7342,HC8,HC,Inh_VIP_BSPRY,Neuronal,Inh_VIP_BSPRY
8_GATTTGCAGAGGAAGG-1,6961,5820,HC24,HC,Inh_VIP_BSPRY,Neuronal,Inh_VIP_BSPRY
18_CTATGAGGTTAGGACC-1,6477,6891,HC7,HC,Inh_VIP_BSPRY,Neuronal,Inh_VIP_BSPRY
2_GCCGTGAGTAAGCACC-1,11366,7584,HC2,HC,Inh_VIP_BSPRY,Neuronal,Inh_VIP_BSPRY
5_TGGCCTGCATCGCTTT-1,6359,9323,HC10,HC,Inh_VIP_BSPRY,Neuronal,Inh_VIP_BSPRY
18_TCATTGTTCACAGACT-1,11622,10685,HC6,HC,Inh_VIP_BSPRY,Neuronal,Inh_VIP_BSPRY
5_GTGCGCAGTGTGAGAG-1,17168,11322,HC12,HC,Inh_VIP_BSPRY,Neuronal,Inh_VIP_BSPRY
4_TCTCGCCCAGTAAGTA-1,10223,20843,HC30,HC,Inh_VIP_BSPRY,Neuronal,Inh_VIP_BSPRY
26_AGTACGCGTTAGCCAA-1,9277,18194,HC19,HC,Inh_VIP_BSPRY,Neuronal,Inh_VIP_BSPRY
23_TCGTAATCACGGTACT-1,15790,17202,HC9,HC,Inh_VIP_BSPRY,Neuronal,Inh_VIP_BSPRY
23_GCGCAATGTTAGGACC-1,22369,11254,HC11,HC,Inh_VIP_BSPRY,Neuronal,Inh_VIP_BSPRY
5_GGACTAAAGTGAACCT-1,5789,12294,HC10,HC,Inh_VIP_BSPRY,Neuronal,Inh_VIP_BSPRY
7_GTCGGTTCAGCGCTTG-1,9209,6610,HC25,HC,Inh_VIP_BSPRY,Neuronal,Inh_VIP_BSPRY
26_TTTCTCACAGTTTGGC-1,11230,22721,HC17,HC,Inh_VIP_BSPRY,Neuronal,Inh_VIP_BSPRY
4_AACTACTCATTGTCCT-1,7451,28924,HC28,HC,Inh_VIP_BSPRY,Neuronal,Inh_VIP_BSPRY
23_TGTTCATTCTAAGGAG-1,19473,10517,HC9,HC,Inh_VIP_BSPRY,Neuronal,Inh_VIP_BSPRY
8_TCCATGCTCCTTCTAG-1,11688,8573,HC24,HC,Inh_VIP_BSPRY,Neuronal,Inh_VIP_BSPRY
18_GACCTCAAGGCCATCA-1,13797,16672,HC7,HC,Inh_VIP_BSPRY,Neuronal,Inh_VIP_BSPRY
28_GCCCAAATCTAATCAG-1,5979,13613,HC21,HC,Inh_VIP_BSPRY,Neuronal,Inh_VIP_BSPRY
4_CAATGAACAATTAGCT-1,10483,13993,HC31,HC,Inh_VIP_BSPRY,Neuronal,Inh_VIP_BSPRY
7_GCAGCTATCGTTAACA-1,15375,24842,HC23,HC,Inh_VIP_BSPRY,Neuronal,Inh_VIP_BSPRY
26_TGGCGGTTCAAGTGTC-1,22859,12086,HC19,HC,Inh_VIP_BSPRY,Neuronal,Inh_VIP_BSPRY
28_TCCTTCAAGCGAGGTG-1,19922,19637,HC22,HC,Inh_VIP_BSPRY,Neuronal,Inh_VIP_BSPRY
26_CTTTAGTTCTTCAATC-1,16051,15743,HC20,HC,Inh_VIP_BSPRY,Neuronal,Inh_VIP_BSPRY
14_GAGCCTTCACACTAAT-1,8769,8036,HC3,HC,Inh_VIP_BSPRY,Neuronal,Inh_VIP_BSPRY
14_CGATCCTTCTCATCAT-1,14791,8646,HC4,HC,Inh_VIP_BSPRY,Neuronal,Inh_VIP_BSPRY
8_TAAGTGCTCATGCATA-1,14614,7184,HC18,HC,Inh_VIP_BSPRY,Neuronal,Inh_VIP_BSPRY
18_GTAGTTTCAAGTGTTT-1,11623,8464,HC6,HC,Inh_VIP_BSPRY,Neuronal,Inh_VIP_BSPRY
18_GGTTATGGTCCTTAGT-1,8446,10176,HC8,HC,Inh_VIP_BSPRY,Neuronal,Inh_VIP_BSPRY
7_CAAAGGATCCTTAGTT-1,12355,21622,HC26,HC,Inh_VIP_BSPRY,Neuronal,Inh_VIP_BSPRY
2_GATTCGCCAAGGACCA-1,13551,6236,HC1,HC,Inh_VIP_BSPRY,Neuronal,Inh_VIP_BSPRY
5_GTCTAACAGCACCACA-1,17924,13107,HC11,HC,Inh_VIP_BSPRY,Neuronal,Inh_VIP_BSPRY
24_ACGACTTAGATAACCC-1,19397,8462,HC13,HC,Inh_VIP_BSPRY,Neuronal,Inh_VIP_BSPRY
30_AGCTTTAAGTCGCTAG-1,25423,7049,HC27,HC,Inh_VIP_BSPRY,Neuronal,Inh_VIP_BSPRY
32_TTTGTGTTCCTGTTCA-1,8565,24315,HC30,HC,Inh_VIP_BSPRY,Neuronal,Inh_VIP_BSPRY
8_CAAGTGAAGGCATGAA-1,8401,8483,HC15,HC,Inh_VIP_BSPRY,Neuronal,Inh_VIP_BSPRY
23_ACGACAAAGCTCATAA-1,24380,27620,HC12,HC,Inh_VIP_BSPRY,Neuronal,Inh_VIP_BSPRY
2_TCATACTTCTCGACCT-1,12652,6560,HC2,HC,Inh_VIP_BSPRY,Neuronal,Inh_VIP_BSPRY
18_ACTTGCACACTGACTA-1,9856,10508,HC5,HC,Inh_VIP_BSPRY,Neuronal,Inh_VIP_BSPRY
24_TTGTTCCCAACTAGAA-1,14526,18455,HC16,HC,Inh_VIP_BSPRY,Neuronal,Inh_VIP_BSPRY
8_TTGCACACACAATTAC-1,6583,11948,HC18,HC,Inh_VIP_BSPRY,Neuronal,Inh_VIP_BSPRY
26_GGCATTGTCATCAGTA-1,10785,22058,HC17,HC,Inh_VIP_BSPRY,Neuronal,Inh_VIP_BSPRY
18_TTGCTTAGTTAGCAGC-1,7398,7670,HC5,HC,Inh_VIP_BSPRY,Neuronal,Inh_VIP_BSPRY
28_ACCGAAGCACGTAAGG-1,24419,15907,HC21,HC,Inh_VIP_BSPRY,Neuronal,Inh_VIP_BSPRY
4_ACTTGCACACATAACT-1,8225,10596,HC31,HC,Inh_VIP_BSPRY,Neuronal,Inh_VIP_BSPRY
28_CGTGCACAGCCTGGTA-1,8945,12444,HC22,HC,Inh_VIP_BSPRY,Neuronal,Inh_VIP_BSPRY
30_CTCATTTAGCGGTTAT-1,6435,8908,HC26,HC,Inh_VIP_BSPRY,Neuronal,Inh_VIP_BSPRY
30_GATTGTTCATGCTCCC-1,8441,30198,HC27,HC,Inh_VIP_BSPRY,Neuronal,Inh_VIP_BSPRY
24_GGTGCTTCATTGCAGC-1,6146,14456,HC13,HC,Inh_VIP_BSPRY,Neuronal,Inh_VIP_BSPRY
7_TCCCTCACATCCTGAA-1,9983,14285,HC25,HC,Inh_VIP_BSPRY,Neuronal,Inh_VIP_BSPRY
24_CTATGGCCACATAGCC-1,13820,21290,HC16,HC,Inh_VIP_BSPRY,Neuronal,Inh_VIP_BSPRY
28_GCATCCTTCCCGAACA-1,13086,17372,HC23,HC,Inh_VIP_BSPRY,Neuronal,Inh_VIP_BSPRY
18_CAGCATGTCCGCAACA-1,5691,10257,HC8,HC,Inh_VIP_BSPRY,Neuronal,Inh_VIP_BSPRY
26_GTCAGGCTCCGCCAAA-1,10776,12343,HC20,HC,Inh_VIP_BSPRY,Neuronal,Inh_VIP_BSPRY
2_ATTATGGTCGCTAGCA-1,8687,5586,HC2,HC,Inh_VIP_BSPRY,Neuronal,Inh_VIP_BSPRY
18_CTGTATTTCAAACTCA-1,8388,7443,HC7,HC,Inh_VIP_BSPRY,Neuronal,Inh_VIP_BSPRY
2_GCTAGCTCATGAATAG-1,14515,7903,HC4,HC,Inh_VIP_BSPRY,Neuronal,Inh_VIP_BSPRY
8_AATGCATGTTACTTCA-1,10951,15764,HC24,HC,Inh_VIP_BSPRY,Neuronal,Inh_VIP_BSPRY
2_TGTTGGCCAGCATTAT-1,11921,15409,HC3,HC,Inh_VIP_BSPRY,Neuronal,Inh_VIP_BSPRY
5_GGCTATTAGAGCCGCT-1,7210,7732,HC12,HC,Inh_VIP_BSPRY,Neuronal,Inh_VIP_BSPRY
32_TCCCGTTAGGCTGTCA-1,8576,15562,HC30,HC,Inh_VIP_BSPRY,Neuronal,Inh_VIP_BSPRY
5_GGTTTCTGTTAAGTGT-1,9280,7059,HC10,HC,Inh_VIP_BSPRY,Neuronal,Inh_VIP_BSPRY
2_AGTGCCGGTCTATCGT-1,18245,11296,HC1,HC,Inh_VIP_BSPRY,Neuronal,Inh_VIP_BSPRY
26_GTTGTTGCATATAACC-1,12482,6501,HC19,HC,Inh_VIP_BSPRY,Neuronal,Inh_VIP_BSPRY
23_TAACCGGTCCTAATGA-1,21617,17851,HC11,HC,Inh_VIP_BSPRY,Neuronal,Inh_VIP_BSPRY
18_AAGCGAGGTACTTAGG-1,8731,5852,HC6,HC,Inh_VIP_BSPRY,Neuronal,Inh_VIP_BSPRY
23_ATCCACCTCAGCAAGA-1,15274,20207,HC9,HC,Inh_VIP_BSPRY,Neuronal,Inh_VIP_BSPRY
14_GCAATCTAGCATTATG-1,10514,15624,HC3,HC,Inh_VIP_BSPRY,Neuronal,Inh_VIP_BSPRY
7_TACTGGCCAACCCTAA-1,9320,16433,HC23,HC,Inh_VIP_BSPRY,Neuronal,Inh_VIP_BSPRY
24_GTGATCAGTTGCAATG-1,8964,22344,HC16,HC,Inh_VIP_BSPRY,Neuronal,Inh_VIP_BSPRY
23_ATCAATCCAATAACCT-1,11114,13083,HC9,HC,Inh_VIP_BSPRY,Neuronal,Inh_VIP_BSPRY
18_TGGACGGAGGCATGAA-1,14915,5393,HC5,HC,Inh_VIP_BSPRY,Neuronal,Inh_VIP_BSPRY
8_AAGCGAATCGCAACAT-1,18009,17512,HC24,HC,Inh_VIP_BSPRY,Neuronal,Inh_VIP_BSPRY
2_AAAGCTTGTAGCCTCC-1,9852,7450,HC1,HC,Inh_VIP_BSPRY,Neuronal,Inh_VIP_BSPRY
2_CCTTGTTCACAATGCC-1,19974,13278,HC2,HC,Inh_VIP_BSPRY,Neuronal,Inh_VIP_BSPRY
5_CTTGCTCAGCTATTAG-1,6755,10720,HC12,HC,Inh_VIP_BSPRY,Neuronal,Inh_VIP_BSPRY
7_GGGCGAATCCCGTTGT-1,12648,12008,HC26,HC,Inh_VIP_BSPRY,Neuronal,Inh_VIP_BSPRY
4_AAAGCACCAGCTACGT-1,7202,9517,HC21,HC,Inh_VIP_BSPRY,Neuronal,Inh_VIP_BSPRY
18_AAATCCGGTAGCTAAT-1,6808,7955,HC7,HC,Inh_VIP_BSPRY,Neuronal,Inh_VIP_BSPRY
32_GCCATGATCCTGGTGA-1,11074,41071,HC30,HC,Inh_VIP_BSPRY,Neuronal,Inh_VIP_BSPRY
26_CTCGCTAGTGCATTAG-1,18029,17720,HC17,HC,Inh_VIP_BSPRY,Neuronal,Inh_VIP_BSPRY
30_ATAAGTCGTATCTGGA-1,20049,24543,HC27,HC,Inh_VIP_BSPRY,Neuronal,Inh_VIP_BSPRY
18_ATTCCTCCAACCCTCC-1,10098,5952,HC6,HC,Inh_VIP_BSPRY,Neuronal,Inh_VIP_BSPRY
26_AGTCGCATCCGCCTAT-1,11729,19339,HC20,HC,Inh_VIP_BSPRY,Neuronal,Inh_VIP_BSPRY
7_GCTGTACCATTAAAGG-1,19468,15188,HC25,HC,Inh_VIP_BSPRY,Neuronal,Inh_VIP_BSPRY
5_GCCAGGTTCCCTCAGT-1,18293,18089,HC11,HC,Inh_VIP_BSPRY,Neuronal,Inh_VIP_BSPRY
8_TGTGGAGCAGATAGAC-1,8236,9347,HC18,HC,Inh_VIP_BSPRY,Neuronal,Inh_VIP_BSPRY
4_GTCTTTGTCAGTGAAG-1,7084,20789,HC31,HC,Inh_VIP_BSPRY,Neuronal,Inh_VIP_BSPRY
26_CAAATCATCTAATCAG-1,7116,23038,HC19,HC,Inh_VIP_BSPRY,Neuronal,Inh_VIP_BSPRY
24_AGTCCTGAGTTCCTCA-1,11884,19919,HC13,HC,Inh_VIP_BSPRY,Neuronal,Inh_VIP_BSPRY
18_TAGTTTGAGCCTGTTC-1,26182,10320,HC8,HC,Inh_VIP_BSPRY,Neuronal,Inh_VIP_BSPRY
14_TTAAGCCAGCATGACT-1,5749,5786,HC4,HC,Inh_VIP_BSPRY,Neuronal,Inh_VIP_BSPRY
5_GTCATCCTCATCAGTA-1,12338,7062,HC10,HC,Inh_VIP_BSPRY,Neuronal,Inh_VIP_BSPRY
28_GCATTAGGTTTATCGC-1,13593,16872,HC21,HC,Inh_VIP_BSPRY,Neuronal,Inh_VIP_BSPRY
5_GTACTTAAGAGGAAGG-1,31080,9384,HC12,HC,Inh_VIP_BSPRY,Neuronal,Inh_VIP_BSPRY
30_TGATGACTCGTTAGCG-1,13745,6679,HC26,HC,Inh_VIP_BSPRY,Neuronal,Inh_VIP_BSPRY
14_CTCCGGACATGTTGTG-1,9178,6477,HC3,HC,Inh_VIP_BSPRY,Neuronal,Inh_VIP_BSPRY
18_TTGGATTCATGTGGGA-1,6527,7644,HC8,HC,Inh_VIP_BSPRY,Neuronal,Inh_VIP_BSPRY
28_TGTAAGCTCCTAAGAC-1,15578,11377,HC24,HC,Inh_VIP_BSPRY,Neuronal,Inh_VIP_BSPRY
26_CCACACAAGGGCCACT-1,10672,21014,HC20,HC,Inh_VIP_BSPRY,Neuronal,Inh_VIP_BSPRY
7_CGCTACTTCTTGCAGG-1,10776,18703,HC23,HC,Inh_VIP_BSPRY,Neuronal,Inh_VIP_BSPRY
18_TGGCCTGCACTGACTA-1,6331,9041,HC7,HC,Inh_VIP_BSPRY,Neuronal,Inh_VIP_BSPRY
18_ATGAAGCCAAGGGTTG-1,7150,5774,HC6,HC,Inh_VIP_BSPRY,Neuronal,Inh_VIP_BSPRY
24_CAATCCCTCACCATTT-1,13242,19001,HC13,HC,Inh_VIP_BSPRY,Neuronal,Inh_VIP_BSPRY
23_CTATAACCAACTGGGA-1,14461,12159,HC11,HC,Inh_VIP_BSPRY,Neuronal,Inh_VIP_BSPRY
2_ACTTTGTTCCACCTTA-1,9277,5289,HC4,HC,Inh_VIP_BSPRY,Neuronal,Inh_VIP_BSPRY
2_GGGCATTGTTTACCGT-1,9277,8029,HC1,HC,Inh_VIP_BSPRY,Neuronal,Inh_VIP_BSPRY
7_ATAGATGCAATAGTCT-1,8871,18616,HC25,HC,Inh_VIP_BSPRY,Neuronal,Inh_VIP_BSPRY
18_CGCCACACAACACTTG-1,10547,10451,HC5,HC,Inh_VIP_BSPRY,Neuronal,Inh_VIP_BSPRY
4_CCGCAAGGTCAAGTGC-1,8985,10780,HC30,HC,Inh_VIP_BSPRY,Neuronal,Inh_VIP_BSPRY
5_ATGTAAGCAATAACCT-1,10579,16352,HC9,HC,Inh_VIP_BSPRY,Neuronal,Inh_VIP_BSPRY
2_GTAGTTATCGTCAAGT-1,29660,12579,HC2,HC,Inh_VIP_BSPRY,Neuronal,Inh_VIP_BSPRY
23_TGATCGAGTTACGCGG-1,10503,7377,HC10,HC,Inh_VIP_BSPRY,Neuronal,Inh_VIP_BSPRY
26_GTACTTAAGCATGTTA-1,8340,26309,HC18,HC,Inh_VIP_BSPRY,Neuronal,Inh_VIP_BSPRY
24_CCTACTTCAGCAAGAT-1,11737,29928,HC16,HC,Inh_VIP_BSPRY,Neuronal,Inh_VIP_BSPRY
26_TGTTGGCCAACCGCCA-1,6770,11785,HC19,HC,Inh_VIP_BSPRY,Neuronal,Inh_VIP_BSPRY
7_TCGCTAACACAACAGG-1,8125,11842,HC25,HC,Inh_VIP_BSPRY,Neuronal,Inh_VIP_BSPRY
28_AGAGATTAGGCTACTG-1,15780,8147,HC21,HC,Inh_VIP_BSPRY,Neuronal,Inh_VIP_BSPRY
18_ATGCAAACAACAGGTG-1,9792,6529,HC5,HC,Inh_VIP_BSPRY,Neuronal,Inh_VIP_BSPRY
2_CGATTATCAAGGCCAA-1,14014,5398,HC1,HC,Inh_VIP_BSPRY,Neuronal,Inh_VIP_BSPRY
28_TCTCCTCGTCATCATC-1,12199,24228,HC23,HC,Inh_VIP_BSPRY,Neuronal,Inh_VIP_BSPRY
23_ATGAAGTAGTTGGATC-1,19880,10619,HC9,HC,Inh_VIP_BSPRY,Neuronal,Inh_VIP_BSPRY
26_GCTTGACCATCTAGCA-1,17805,26434,HC20,HC,Inh_VIP_BSPRY,Neuronal,Inh_VIP_BSPRY
5_AATTAGGCAACCCTCC-1,10345,5881,HC11,HC,Inh_VIP_BSPRY,Neuronal,Inh_VIP_BSPRY
23_ACTTGCACATTAGCCA-1,12105,14216,HC12,HC,Inh_VIP_BSPRY,Neuronal,Inh_VIP_BSPRY
18_GTTTACCGTATTCGCT-1,16286,13054,HC8,HC,Inh_VIP_BSPRY,Neuronal,Inh_VIP_BSPRY
24_CATTCATTCTCACAAA-1,8140,24296,HC13,HC,Inh_VIP_BSPRY,Neuronal,Inh_VIP_BSPRY
18_TCCATATTCGTTATAG-1,11434,12757,HC7,HC,Inh_VIP_BSPRY,Neuronal,Inh_VIP_BSPRY
26_ATGCTTAAGCTCGCTT-1,20009,34208,HC19,HC,Inh_VIP_BSPRY,Neuronal,Inh_VIP_BSPRY
8_TTTGTGGCAGGCTTGT-1,6271,5641,HC24,HC,Inh_VIP_BSPRY,Neuronal,Inh_VIP_BSPRY
14_TGGCCTTTCTCCATGC-1,7580,13857,HC3,HC,Inh_VIP_EXPH5,Neuronal,Inh_VIP_EXPH5
24_GGCCGTTAGGTCCTAG-1,13260,24860,HC13,HC,Inh_VIP_EXPH5,Neuronal,Inh_VIP_EXPH5
30_GCCTTACTCCATAATG-1,21166,41720,HC27,HC,Inh_VIP_EXPH5,Neuronal,Inh_VIP_EXPH5
7_AACAGATAGGCTGTCA-1,9684,11740,HC25,HC,Inh_VIP_EXPH5,Neuronal,Inh_VIP_EXPH5
23_TTGTTCCCACATAACT-1,16206,24355,HC9,HC,Inh_VIP_EXPH5,Neuronal,Inh_VIP_EXPH5
28_GTGCGCAGTAATAGCT-1,9554,10278,HC21,HC,Inh_VIP_EXPH5,Neuronal,Inh_VIP_EXPH5
14_AGAACCGCAGGACCAA-1,26413,9466,HC2,HC,Inh_VIP_EXPH5,Neuronal,Inh_VIP_EXPH5
18_GTAAGCAAGTGAGGTA-1,10216,5599,HC6,HC,Inh_VIP_EXPH5,Neuronal,Inh_VIP_EXPH5
8_TACTTGTTCGGGACTC-1,16043,16204,HC24,HC,Inh_VIP_EXPH5,Neuronal,Inh_VIP_EXPH5
26_ATGCAGGCATAAGCAA-1,6092,5655,HC20,HC,Inh_VIP_EXPH5,Neuronal,Inh_VIP_EXPH5
7_CATAGCTAGTTAGCTA-1,6294,8420,HC26,HC,Inh_VIP_EXPH5,Neuronal,Inh_VIP_EXPH5
26_GCCATGATCACCAATA-1,7272,16131,HC19,HC,Inh_VIP_EXPH5,Neuronal,Inh_VIP_EXPH5
18_CTCACAACAGGCTGTT-1,9920,16671,HC5,HC,Inh_VIP_EXPH5,Neuronal,Inh_VIP_EXPH5
18_ACTAACCAGGTGAAGC-1,6959,7229,HC7,HC,Inh_VIP_EXPH5,Neuronal,Inh_VIP_EXPH5
7_GGATACTTCGCACACA-1,9891,10404,HC23,HC,Inh_VIP_EXPH5,Neuronal,Inh_VIP_EXPH5
14_ACGACTTAGGACAATG-1,16000,8244,HC1,HC,Inh_VIP_EXPH5,Neuronal,Inh_VIP_EXPH5
2_CTATTGAAGCAAGGAC-1,15573,5636,HC4,HC,Inh_VIP_EXPH5,Neuronal,Inh_VIP_EXPH5
24_GCAAGTCGTGATGAAA-1,9316,11007,HC16,HC,Inh_VIP_EXPH5,Neuronal,Inh_VIP_EXPH5
26_GAGCTAGCATAAAGCA-1,13031,16967,HC17,HC,Inh_VIP_EXPH5,Neuronal,Inh_VIP_EXPH5
5_GGATACTTCTAGCTTT-1,13229,11016,HC11,HC,Inh_VIP_EXPH5,Neuronal,Inh_VIP_EXPH5
28_CTTGCGCGTCAATAGT-1,14057,16605,HC22,HC,Inh_VIP_EXPH5,Neuronal,Inh_VIP_EXPH5
4_AGCAGGTAGAAGCTAG-1,7822,12148,HC30,HC,Inh_VIP_EXPH5,Neuronal,Inh_VIP_EXPH5
23_CAGCAAGCAGCAAATA-1,21514,14948,HC12,HC,Inh_VIP_EXPH5,Neuronal,Inh_VIP_EXPH5
18_TTTGCATTCCCTCGCA-1,13423,10196,HC8,HC,Inh_VIP_EXPH5,Neuronal,Inh_VIP_EXPH5
5_GGCGGTAAGGCGGATG-1,18410,6479,HC10,HC,Inh_VIP_EXPH5,Neuronal,Inh_VIP_EXPH5
26_GATAACGAGCTCAAAC-1,11971,19003,HC19,HC,Inh_VIP_EXPH5,Neuronal,Inh_VIP_EXPH5
18_AAACGCGCACCTGGTG-1,12457,10593,HC8,HC,Inh_VIP_EXPH5,Neuronal,Inh_VIP_EXPH5
18_AAGTGTTGTTCAAGAT-1,12122,6615,HC5,HC,Inh_VIP_EXPH5,Neuronal,Inh_VIP_EXPH5
24_GTAAGCAAGGAGCACG-1,18001,10283,HC16,HC,Inh_VIP_EXPH5,Neuronal,Inh_VIP_EXPH5
7_CTAGGCGGTTGTAAAC-1,9509,9216,HC26,HC,Inh_VIP_EXPH5,Neuronal,Inh_VIP_EXPH5
14_TTAGCAATCGATCAGT-1,17203,6522,HC1,HC,Inh_VIP_EXPH5,Neuronal,Inh_VIP_EXPH5
5_AGGATGCAGACCATAC-1,12575,9863,HC9,HC,Inh_VIP_EXPH5,Neuronal,Inh_VIP_EXPH5
18_CTTTGTCCAATTTAGC-1,10657,8373,HC6,HC,Inh_VIP_EXPH5,Neuronal,Inh_VIP_EXPH5
14_TGCTCTCAGCCGCAAC-1,23810,12182,HC3,HC,Inh_VIP_EXPH5,Neuronal,Inh_VIP_EXPH5
26_TACTGACAGTAGGATG-1,13922,20036,HC17,HC,Inh_VIP_EXPH5,Neuronal,Inh_VIP_EXPH5
30_TGCTTGCTCTAAGTCA-1,25928,25007,HC27,HC,Inh_VIP_EXPH5,Neuronal,Inh_VIP_EXPH5
28_AAGCAAGTCTAAGTGC-1,15837,12083,HC21,HC,Inh_VIP_EXPH5,Neuronal,Inh_VIP_EXPH5
2_AAAGGAGCAAGACTCC-1,24219,7123,HC2,HC,Inh_VIP_EXPH5,Neuronal,Inh_VIP_EXPH5
5_TTGAGGCGTAACGTGC-1,19604,6531,HC11,HC,Inh_VIP_EXPH5,Neuronal,Inh_VIP_EXPH5
14_AGGATATAGCAGGTGG-1,19405,7262,HC4,HC,Inh_VIP_EXPH5,Neuronal,Inh_VIP_EXPH5
32_TGACTCCTCATTGACA-1,10028,18549,HC30,HC,Inh_VIP_EXPH5,Neuronal,Inh_VIP_EXPH5
5_CCGCTAAAGCGATAGA-1,22835,11907,HC10,HC,Inh_VIP_EXPH5,Neuronal,Inh_VIP_EXPH5
8_CTGGTTACAAACTAAG-1,11982,11083,HC24,HC,Inh_VIP_EXPH5,Neuronal,Inh_VIP_EXPH5
5_ATGACGAAGTTTGAGC-1,11496,8714,HC12,HC,Inh_VIP_EXPH5,Neuronal,Inh_VIP_EXPH5
7_CCGCTAGCACCAGGTT-1,12461,15863,HC23,HC,Inh_VIP_EXPH5,Neuronal,Inh_VIP_EXPH5
24_AGTAGCTTCCCTCAGT-1,6516,20664,HC13,HC,Inh_VIP_EXPH5,Neuronal,Inh_VIP_EXPH5
7_TGCCGGTAGGCGCTAC-1,10959,11077,HC25,HC,Inh_VIP_EXPH5,Neuronal,Inh_VIP_EXPH5
26_AAGACAAGTTGCATCT-1,19450,14155,HC20,HC,Inh_VIP_EXPH5,Neuronal,Inh_VIP_EXPH5
18_TATCACGCATTAAACC-1,12858,18627,HC7,HC,Inh_VIP_EXPH5,Neuronal,Inh_VIP_EXPH5
26_GCTCTGGCAATTGAAG-1,19214,6732,HC19,HC,Inh_VIP_EXPH5,Neuronal,Inh_VIP_EXPH5
7_TTCGTGCTCCGCCTAT-1,8172,13112,HC23,HC,Inh_VIP_EXPH5,Neuronal,Inh_VIP_EXPH5
14_TGCACTTGTAGGTTTG-1,15555,6271,HC2,HC,Inh_VIP_EXPH5,Neuronal,Inh_VIP_EXPH5
14_CGCTTACTCCCGAACA-1,19562,8098,HC4,HC,Inh_VIP_EXPH5,Neuronal,Inh_VIP_EXPH5
14_TACCTTTAGCCGCAAC-1,18506,8699,HC1,HC,Inh_VIP_EXPH5,Neuronal,Inh_VIP_EXPH5
24_GCAGCTATCAAAGGCA-1,14831,12466,HC16,HC,Inh_VIP_EXPH5,Neuronal,Inh_VIP_EXPH5
26_ATGTCATCAAGGAATC-1,12612,9966,HC20,HC,Inh_VIP_EXPH5,Neuronal,Inh_VIP_EXPH5
24_CGGGTATGTCATTGAG-1,14254,14419,HC13,HC,Inh_VIP_EXPH5,Neuronal,Inh_VIP_EXPH5
23_GGTGTCCAGGCTGTCA-1,19441,11010,HC11,HC,Inh_VIP_EXPH5,Neuronal,Inh_VIP_EXPH5
8_AATAGAGGTGTTGTAG-1,24237,6005,HC24,HC,Inh_VIP_EXPH5,Neuronal,Inh_VIP_EXPH5
5_GTTCTTGTCCAACTGG-1,13119,7699,HC9,HC,Inh_VIP_EXPH5,Neuronal,Inh_VIP_EXPH5
18_ATGTTCAAGGTCGATT-1,8157,8067,HC5,HC,Inh_VIP_EXPH5,Neuronal,Inh_VIP_EXPH5
18_AAGACATAGGCATGAA-1,13642,7534,HC7,HC,Inh_VIP_EXPH5,Neuronal,Inh_VIP_EXPH5
28_CAAAGTGAGATAAAGC-1,6921,11725,HC21,HC,Inh_VIP_EXPH5,Neuronal,Inh_VIP_EXPH5
18_GTGAATCTCTCGCCTG-1,11130,9732,HC6,HC,Inh_VIP_EXPH5,Neuronal,Inh_VIP_EXPH5
2_GCATATATCCTGATGG-1,18686,6738,HC3,HC,Inh_VIP_EXPH5,Neuronal,Inh_VIP_EXPH5
5_CATCCCAGTTAGTGAT-1,16193,14002,HC12,HC,Inh_VIP_EXPH5,Neuronal,Inh_VIP_EXPH5
7_TAGTAGGAGGTCGAGG-1,9004,7306,HC25,HC,Inh_VIP_EXPH5,Neuronal,Inh_VIP_EXPH5
4_GCCTGAGGTTGCGCGA-1,8429,9581,HC30,HC,Inh_VIP_EXPH5,Neuronal,Inh_VIP_EXPH5
5_TAAGCCAGTCGAAGTC-1,6379,14315,HC10,HC,Inh_VIP_EXPH5,Neuronal,Inh_VIP_EXPH5
26_CATTCATTCATCCTCA-1,14407,25671,HC17,HC,Inh_VIP_EXPH5,Neuronal,Inh_VIP_EXPH5
28_CTTCGCGTCTTAGGGT-1,9190,8855,HC21,HC,Inh_VIP_EXPH5,Neuronal,Inh_VIP_EXPH5
26_GTGCAAGCAAACCTAT-1,11231,10328,HC20,HC,Inh_VIP_EXPH5,Neuronal,Inh_VIP_EXPH5
7_CCCGCAACAAATGCCC-1,10697,16004,HC23,HC,Inh_VIP_EXPH5,Neuronal,Inh_VIP_EXPH5
26_AGACACGCAAATTGCT-1,7717,14620,HC19,HC,Inh_VIP_EXPH5,Neuronal,Inh_VIP_EXPH5
26_AGTAAACAGTGAACCT-1,8678,20676,HC17,HC,Inh_VIP_EXPH5,Neuronal,Inh_VIP_EXPH5
5_CCAGACTCAACTAGCC-1,8948,10485,HC9,HC,Inh_VIP_EXPH5,Neuronal,Inh_VIP_EXPH5
14_TATGGATGTTCGGTAA-1,20448,8329,HC1,HC,Inh_VIP_EXPH5,Neuronal,Inh_VIP_EXPH5
14_CTAACCTGTTGTAAAC-1,24773,14033,HC3,HC,Inh_VIP_EXPH5,Neuronal,Inh_VIP_EXPH5
5_TCATAACCAGTTTGTG-1,6484,19981,HC11,HC,Inh_VIP_EXPH5,Neuronal,Inh_VIP_EXPH5
14_ATCTTTGGTGTGCACG-1,8893,7700,HC2,HC,Inh_VIP_EXPH5,Neuronal,Inh_VIP_EXPH5
18_GAACCAGCAAGCCAGA-1,14678,9150,HC6,HC,Inh_VIP_EXPH5,Neuronal,Inh_VIP_EXPH5
5_CGCGATTCAGTCTATG-1,21843,12006,HC10,HC,Inh_VIP_EXPH5,Neuronal,Inh_VIP_EXPH5
18_GAGCATGCAACCCTAA-1,14575,15620,HC7,HC,Inh_VIP_EXPH5,Neuronal,Inh_VIP_EXPH5
23_GTGAGGAGTCGAAGTC-1,27617,18195,HC12,HC,Inh_VIP_EXPH5,Neuronal,Inh_VIP_EXPH5
18_CATAGGCGTTCCGGCT-1,14576,10712,HC5,HC,Inh_VIP_EXPH5,Neuronal,Inh_VIP_EXPH5
4_TCTAGCGAGGGTGAGT-1,7626,14494,HC30,HC,Inh_VIP_EXPH5,Neuronal,Inh_VIP_EXPH5
24_CAAACACTCTTTGACT-1,9005,18346,HC16,HC,Inh_VIP_EXPH5,Neuronal,Inh_VIP_EXPH5
14_TCGCCCATCACCAATA-1,12735,10544,HC4,HC,Inh_VIP_EXPH5,Neuronal,Inh_VIP_EXPH5
7_CTCTAGCTCACAGCCA-1,11616,17726,HC25,HC,Inh_VIP_EXPH5,Neuronal,Inh_VIP_EXPH5
8_CCATAAATCATTCATC-1,12768,12579,HC24,HC,Inh_VIP_EXPH5,Neuronal,Inh_VIP_EXPH5
26_AGCTTTAAGGCGAATA-1,20691,12704,HC19,HC,Inh_VIP_EXPH5,Neuronal,Inh_VIP_EXPH5
2_TACTGCACATTCCTCG-1,9550,12576,HC1,HC,Inh_VIP_EXPH5,Neuronal,Inh_VIP_EXPH5
18_GCCTGTGCATCAGCAC-1,6735,10065,HC7,HC,Inh_VIP_EXPH5,Neuronal,Inh_VIP_EXPH5
26_TTCACTGTCATGTCAA-1,6672,26235,HC20,HC,Inh_VIP_EXPH5,Neuronal,Inh_VIP_EXPH5
23_CAAAGTGAGTTGTCAA-1,9601,22658,HC9,HC,Inh_VIP_EXPH5,Neuronal,Inh_VIP_EXPH5
14_ACTTCGCTCGTTTCGC-1,26497,6393,HC4,HC,Inh_VIP_EXPH5,Neuronal,Inh_VIP_EXPH5
23_GGGCAATAGATAACCC-1,23594,11235,HC12,HC,Inh_VIP_EXPH5,Neuronal,Inh_VIP_EXPH5
7_ATCACTAAGAGGAAGG-1,10537,9827,HC23,HC,Inh_VIP_EXPH5,Neuronal,Inh_VIP_EXPH5
2_TAGGAGGGTCCCGAAG-1,14210,5829,HC2,HC,Inh_VIP_EXPH5,Neuronal,Inh_VIP_EXPH5
7_ACTAACTCAAGGTAAC-1,8762,16312,HC25,HC,Inh_VIP_EXPH5,Neuronal,Inh_VIP_EXPH5
8_AGAGGAACACAGAACG-1,9889,11178,HC24,HC,Inh_VIP_EXPH5,Neuronal,Inh_VIP_EXPH5
4_CTTGAACAGCTGTACG-1,10747,15435,HC30,HC,Inh_VIP_EXPH5,Neuronal,Inh_VIP_EXPH5
18_ACTGAAACATAAGCAA-1,9256,12922,HC5,HC,Inh_VIP_EXPH5,Neuronal,Inh_VIP_EXPH5
5_GTATCGCCAAGGAATC-1,14165,10751,HC11,HC,Inh_VIP_EXPH5,Neuronal,Inh_VIP_EXPH5
24_TGGTCAAGTGAGACTC-1,12649,17211,HC16,HC,Inh_VIP_EXPH5,Neuronal,Inh_VIP_EXPH5
5_TTAGGAACAGACAAAC-1,14747,7593,HC10,HC,Inh_VIP_EXPH5,Neuronal,Inh_VIP_EXPH5
28_GATTGCGTCCCTGATC-1,7402,16424,HC21,HC,Inh_VIP_EXPH5,Neuronal,Inh_VIP_EXPH5
2_TAGTTTGAGGTAACGA-1,17734,8183,HC3,HC,Inh_VIP_EXPH5,Neuronal,Inh_VIP_EXPH5
18_TCGCCCATCCTTCTAG-1,10504,8838,HC6,HC,Inh_VIP_EXPH5,Neuronal,Inh_VIP_EXPH5
5_CGGCTCACAAACCTAT-1,8056,6692,HC11,HC,Inh_VIP_EXPH5,Neuronal,Inh_VIP_EXPH5
7_AATTAGCGTGAGGTGA-1,11732,12972,HC25,HC,Inh_VIP_EXPH5,Neuronal,Inh_VIP_EXPH5
18_GAACCAGCAATTATGC-1,6771,9297,HC7,HC,Inh_VIP_EXPH5,Neuronal,Inh_VIP_EXPH5
7_TTAAGTGTCCCTCATA-1,5726,12270,HC23,HC,Inh_VIP_EXPH5,Neuronal,Inh_VIP_EXPH5
5_GTTGTGAGTGTGAGAG-1,14782,5759,HC9,HC,Inh_VIP_EXPH5,Neuronal,Inh_VIP_EXPH5
18_CGTTAACAGAACCTAC-1,9764,13697,HC5,HC,Inh_VIP_EXPH5,Neuronal,Inh_VIP_EXPH5
24_CTATAACCATAGTCAT-1,12375,23583,HC16,HC,Inh_VIP_EXPH5,Neuronal,Inh_VIP_EXPH5
14_ACTAACTCACTAAATC-1,22364,11026,HC1,HC,Inh_VIP_EXPH5,Neuronal,Inh_VIP_EXPH5
2_GTCTATGCATCGTTCT-1,22141,11840,HC3,HC,Inh_VIP_EXPH5,Neuronal,Inh_VIP_EXPH5
28_CAATCTAAGCAAGATG-1,11519,28306,HC21,HC,Inh_VIP_EXPH5,Neuronal,Inh_VIP_EXPH5
4_CTGGTAAGTCACCTAT-1,13897,10931,HC30,HC,Inh_VIP_EXPH5,Neuronal,Inh_VIP_EXPH5
5_TTGGGTTAGCGGTTAT-1,17376,5503,HC10,HC,Inh_VIP_EXPH5,Neuronal,Inh_VIP_EXPH5
8_TTGTCCGGTAGTAAGA-1,17867,9635,HC24,HC,Inh_VIP_EXPH5,Neuronal,Inh_VIP_EXPH5
5_GGCCTTAAGCGCAATT-1,13613,15304,HC12,HC,Inh_VIP_EXPH5,Neuronal,Inh_VIP_EXPH5
14_CCAAGGCTCAACAAGG-1,23805,13329,HC2,HC,Inh_VIP_EXPH5,Neuronal,Inh_VIP_EXPH5
2_CACGCAATCTTAATGG-1,7455,12173,HC4,HC,Inh_VIP_EXPH5,Neuronal,Inh_VIP_EXPH5
18_GCTTCGCGTATGGTGC-1,6490,6526,HC6,HC,Inh_VIP_EXPH5,Neuronal,Inh_VIP_EXPH5
24_GTTCGCTTCATTGTTC-1,16638,23551,HC16,HC,Inh_VIP_EXPH5,Neuronal,Inh_VIP_EXPH5
18_GTAGTTTCATGCAACC-1,10483,7578,HC5,HC,Inh_VIP_EXPH5,Neuronal,Inh_VIP_EXPH5
2_CCTACTGGTTAGGACC-1,36045,12792,HC4,HC,Inh_VIP_EXPH5,Neuronal,Inh_VIP_EXPH5
18_TGCTTGTGTCCTAATC-1,14063,6022,HC6,HC,Inh_VIP_EXPH5,Neuronal,Inh_VIP_EXPH5
5_GATTTGCAGCACAGGG-1,17846,6819,HC10,HC,Inh_VIP_EXPH5,Neuronal,Inh_VIP_EXPH5
18_GAAGGCTAGTTAGTTG-1,12948,8505,HC7,HC,Inh_VIP_EXPH5,Neuronal,Inh_VIP_EXPH5
30_TTGCCCGTCTAACCTT-1,19018,26867,HC25,HC,Inh_VIP_EXPH5,Neuronal,Inh_VIP_EXPH5
8_CTGGTAAGTCTTACTA-1,11875,10452,HC24,HC,Inh_VIP_EXPH5,Neuronal,Inh_VIP_EXPH5
23_TAGCCTCTCATAGCCG-1,7703,5603,HC11,HC,Inh_VIP_EXPH5,Neuronal,Inh_VIP_EXPH5
32_AGTTGCGTCCGGTTAG-1,6688,8081,HC30,HC,Inh_VIP_EXPH5,Neuronal,Inh_VIP_EXPH5
2_TTTGCGACACAAACTT-1,14552,5325,HC1,HC,Inh_VIP_EXPH5,Neuronal,Inh_VIP_EXPH5
23_TTCGGTACATGTCGCG-1,21566,19925,HC9,HC,Inh_VIP_EXPH5,Neuronal,Inh_VIP_EXPH5
5_GACCGTTCAACTGGGA-1,9199,12488,HC12,HC,Inh_VIP_EXPH5,Neuronal,Inh_VIP_EXPH5
28_ACTATCCGTAACCACA-1,12677,14758,HC21,HC,Inh_VIP_EXPH5,Neuronal,Inh_VIP_EXPH5
14_CAATCCCTCACAGACT-1,7296,7500,HC3,HC,Inh_VIP_EXPH5,Neuronal,Inh_VIP_EXPH5
14_TAGCCTTGTCCGTGAG-1,33087,10030,HC2,HC,Inh_VIP_EXPH5,Neuronal,Inh_VIP_EXPH5
7_ACATTAGTCGGCTATG-1,11817,9968,HC23,HC,Inh_VIP_EXPH5,Neuronal,Inh_VIP_EXPH5
5_CCGTTGCGTGATGAAA-1,6166,6106,HC11,HC,Inh_VIP_EXPH5,Neuronal,Inh_VIP_EXPH5
5_CTTAACAAGGCGCTAC-1,17036,11353,HC10,HC,Inh_VIP_EXPH5,Neuronal,Inh_VIP_EXPH5
28_CGCCACACAAACCCTA-1,19597,15457,HC21,HC,Inh_VIP_EXPH5,Neuronal,Inh_VIP_EXPH5
32_AGAGAAGCACCGGTAT-1,13974,15968,HC30,HC,Inh_VIP_EXPH5,Neuronal,Inh_VIP_EXPH5
14_GCCAACATCTCACACC-1,14239,12523,HC3,HC,Inh_VIP_EXPH5,Neuronal,Inh_VIP_EXPH5
30_TGGTTCCTCGGCTATG-1,29690,33422,HC25,HC,Inh_VIP_EXPH5,Neuronal,Inh_VIP_EXPH5
28_AGTTGTCAGGAGGTTA-1,14012,19304,HC23,HC,Inh_VIP_EXPH5,Neuronal,Inh_VIP_EXPH5
8_TTAAAGGCAACCCTCC-1,10844,12051,HC24,HC,Inh_VIP_TAC3,Neuronal,Inh_VIP_TAC3
18_GCTTAGTAGTATCGCG-1,8020,5842,HC7,HC,Inh_VIP_TAC3,Neuronal,Inh_VIP_TAC3
5_GCCTGACAGGACGTAA-1,6060,10240,HC11,HC,Inh_VIP_TAC3,Neuronal,Inh_VIP_TAC3
2_GTGGCTTCACCAGCAT-1,12978,5864,HC4,HC,Inh_VIP_TAC3,Neuronal,Inh_VIP_TAC3
26_TAGGTTGGTCATGAGC-1,6618,10136,HC20,HC,Inh_VIP_TAC3,Neuronal,Inh_VIP_TAC3
7_AGTGTGGCAGTGAACG-1,14015,12616,HC25,HC,Inh_VIP_TAC3,Neuronal,Inh_VIP_TAC3
18_ACTAACGGTGTTGTAG-1,12458,6807,HC5,HC,Inh_VIP_TAC3,Neuronal,Inh_VIP_TAC3
8_GGAACAATCCTAGTTT-1,10099,6480,HC18,HC,Inh_VIP_TAC3,Neuronal,Inh_VIP_TAC3
26_CATGCGCAGGACCTGC-1,10018,8899,HC17,HC,Inh_VIP_TAC3,Neuronal,Inh_VIP_TAC3
4_TTTGTCTAGGTGTCCA-1,7756,8138,HC30,HC,Inh_VIP_TAC3,Neuronal,Inh_VIP_TAC3
18_CTAATTGAGTCCTTCA-1,6309,10097,HC8,HC,Inh_VIP_TAC3,Neuronal,Inh_VIP_TAC3
4_GTTCGCGCAATGAATG-1,23994,29398,HC31,HC,Inh_VIP_TAC3,Neuronal,Inh_VIP_TAC3
30_AGAACCAAGTGCTGTG-1,13024,11570,HC27,HC,Inh_VIP_TAC3,Neuronal,Inh_VIP_TAC3
24_TTGCAAGGTAAATTGC-1,8804,11829,HC13,HC,Inh_VIP_TAC3,Neuronal,Inh_VIP_TAC3
24_ACCTTCCAGACACCGC-1,9533,15064,HC16,HC,Inh_VIP_TAC3,Neuronal,Inh_VIP_TAC3
23_TTGGGCGGTTCACCCA-1,13649,8346,HC12,HC,Inh_VIP_TAC3,Neuronal,Inh_VIP_TAC3
2_CTAGATTCAGTCTATG-1,6303,6854,HC2,HC,Inh_VIP_TAC3,Neuronal,Inh_VIP_TAC3
28_ACTCGCGCAGGCATGA-1,6510,15622,HC22,HC,Inh_VIP_TAC3,Neuronal,Inh_VIP_TAC3
5_TGGACAAAGCACGTTG-1,15956,6723,HC9,HC,Inh_VIP_TAC3,Neuronal,Inh_VIP_TAC3
18_TGATTAGTCAAACCTA-1,10304,5664,HC6,HC,Inh_VIP_TAC3,Neuronal,Inh_VIP_TAC3
5_GCAGGTTGTTTGTCTA-1,6395,7606,HC10,HC,Inh_VIP_TAC3,Neuronal,Inh_VIP_TAC3
28_TGGTGCATCGCTAGCA-1,13285,10969,HC21,HC,Inh_VIP_TAC3,Neuronal,Inh_VIP_TAC3
7_TGCTCTCAGTCCTTCA-1,14047,16179,HC23,HC,Inh_VIP_TAC3,Neuronal,Inh_VIP_TAC3
25_CGCTTACTCTTTGAGA-1,20971,18887,HC32,HC,Inh_VIP_TAC3,Neuronal,Inh_VIP_TAC3
2_AGTATAGCACTATGGC-1,15344,8768,HC3,HC,Inh_VIP_TAC3,Neuronal,Inh_VIP_TAC3
2_AGGTACGCAGCTTAAT-1,14316,7305,HC1,HC,Inh_VIP_TAC3,Neuronal,Inh_VIP_TAC3
7_GGCTCAATCACAAGCT-1,7379,6840,HC26,HC,Inh_VIP_TAC3,Neuronal,Inh_VIP_TAC3
26_ATGCCTGAGCTGAGGG-1,18304,14220,HC19,HC,Inh_VIP_TAC3,Neuronal,Inh_VIP_TAC3
24_ACCACACCACTGACTA-1,11882,21955,HC13,HC,Inh_VIP_TAC3,Neuronal,Inh_VIP_TAC3
5_CCTGAATAGTAACGGA-1,11839,8250,HC11,HC,Inh_VIP_TAC3,Neuronal,Inh_VIP_TAC3
7_TCTATGTTCGGTTTCC-1,13238,10815,HC25,HC,Inh_VIP_TAC3,Neuronal,Inh_VIP_TAC3
18_GTTTAACCACCTCAGG-1,7195,13537,HC8,HC,Inh_VIP_TAC3,Neuronal,Inh_VIP_TAC3
4_CTTCGCGTCCACCTGT-1,13701,5588,HC21,HC,Inh_VIP_TAC3,Neuronal,Inh_VIP_TAC3
24_TGGCTATAGCATGTTA-1,12756,8170,HC16,HC,Inh_VIP_TAC3,Neuronal,Inh_VIP_TAC3
18_CCCGTTGTCCGTGACA-1,9145,6920,HC7,HC,Inh_VIP_TAC3,Neuronal,Inh_VIP_TAC3
5_CCTTAACGTGAAGCCT-1,19660,7206,HC12,HC,Inh_VIP_TAC3,Neuronal,Inh_VIP_TAC3
28_GAACCAAAGGTCATTA-1,7656,5319,HC23,HC,Inh_VIP_TAC3,Neuronal,Inh_VIP_TAC3
26_GGACATAAGATGCCTG-1,15316,8826,HC20,HC,Inh_VIP_TAC3,Neuronal,Inh_VIP_TAC3
18_TTGCACACATGTTGCA-1,10664,10584,HC5,HC,Inh_VIP_TAC3,Neuronal,Inh_VIP_TAC3
26_CGCGGATTCGCTCACT-1,12547,8737,HC19,HC,Inh_VIP_TAC3,Neuronal,Inh_VIP_TAC3
4_AGTCAGGCAGGCATCT-1,11890,11582,HC30,HC,Inh_VIP_TAC3,Neuronal,Inh_VIP_TAC3
14_GAGGTAGGTTCAAGCA-1,20824,5306,HC2,HC,Inh_VIP_TAC3,Neuronal,Inh_VIP_TAC3
14_TTGTGAGGTTCTTTAG-1,18610,5444,HC3,HC,Inh_VIP_TAC3,Neuronal,Inh_VIP_TAC3
2_AGGAACCAGCAAGGGT-1,18193,6050,HC4,HC,Inh_VIP_TAC3,Neuronal,Inh_VIP_TAC3
23_GGTCTTTGTTGCGCGA-1,12255,18332,HC10,HC,Inh_VIP_TAC3,Neuronal,Inh_VIP_TAC3
28_GCTGTGATCAACCAAC-1,18881,27564,HC22,HC,Inh_VIP_TAC3,Neuronal,Inh_VIP_TAC3
23_CATAGTCAGTGTTGCG-1,13735,7415,HC9,HC,Inh_VIP_TAC3,Neuronal,Inh_VIP_TAC3
14_TCTCCTCGTACAATGT-1,18287,8299,HC1,HC,Inh_VIP_TAC3,Neuronal,Inh_VIP_TAC3
8_AAATGCCTCCGTTAAA-1,10675,11011,HC24,HC,Inh_VIP_TAC3,Neuronal,Inh_VIP_TAC3
18_ATTGACTCACGAATCC-1,7995,12769,HC6,HC,Inh_VIP_TAC3,Neuronal,Inh_VIP_TAC3
18_AGAAACCCAACCTAAT-1,6550,5907,HC6,HC,Inh_VIP_TAC3,Neuronal,Inh_VIP_TAC3
23_GCTTACCTCCTACCTA-1,7522,24881,HC11,HC,Inh_VIP_TAC3,Neuronal,Inh_VIP_TAC3
18_CAACCCGCATTAAACC-1,7270,9283,HC7,HC,Inh_VIP_TAC3,Neuronal,Inh_VIP_TAC3
2_GTAGCGCTCACGCATG-1,17752,6797,HC2,HC,Inh_VIP_TAC3,Neuronal,Inh_VIP_TAC3
8_ACGCCACAGCTGTCAG-1,13647,8075,HC24,HC,Inh_VIP_TAC3,Neuronal,Inh_VIP_TAC3
26_ATTCCGGAGCATGTTA-1,17511,11425,HC20,HC,Inh_VIP_TAC3,Neuronal,Inh_VIP_TAC3
18_CGGACAACAGGAACTG-1,8021,11370,HC5,HC,Inh_VIP_TAC3,Neuronal,Inh_VIP_TAC3
7_GCCTGACAGTCAGTAC-1,19208,19056,HC23,HC,Inh_VIP_TAC3,Neuronal,Inh_VIP_TAC3
5_TCAGCGATCATTGTTC-1,15402,7645,HC10,HC,Inh_VIP_TAC3,Neuronal,Inh_VIP_TAC3
5_CTAGCGGGTTCACCCA-1,8066,11384,HC12,HC,Inh_VIP_TAC3,Neuronal,Inh_VIP_TAC3
2_GTTCCTTCATGGCCCA-1,14742,8321,HC3,HC,Inh_VIP_TAC3,Neuronal,Inh_VIP_TAC3
18_GGACCGAAGGAACCAA-1,8333,10561,HC8,HC,Inh_VIP_TAC3,Neuronal,Inh_VIP_TAC3
24_GCCTACTTCGTCCTTA-1,9745,28912,HC13,HC,Inh_VIP_TAC3,Neuronal,Inh_VIP_TAC3
4_CTGGACCAGTAGCTTA-1,10058,28009,HC30,HC,Inh_VIP_TAC3,Neuronal,Inh_VIP_TAC3
14_TGGCTATAGCAAGGTA-1,12374,7328,HC1,HC,Inh_VIP_TAC3,Neuronal,Inh_VIP_TAC3
7_GTGAACAAGTGAACGA-1,8457,10253,HC25,HC,Inh_VIP_TAC3,Neuronal,Inh_VIP_TAC3
28_CGTGGTTCAGGAACAT-1,13357,6614,HC22,HC,Inh_VIP_TAC3,Neuronal,Inh_VIP_TAC3
4_GGGTTATTCCACCTGT-1,7900,13493,HC21,HC,Inh_VIP_TAC3,Neuronal,Inh_VIP_TAC3
2_TCGTTATTCAGTTCCC-1,14507,6711,HC4,HC,Inh_VIP_TAC3,Neuronal,Inh_VIP_TAC3
23_CATTGCGAGATGCCTG-1,11087,12965,HC9,HC,Inh_VIP_TAC3,Neuronal,Inh_VIP_TAC3
28_CTGGCTAAGAGGCTAA-1,12876,12542,HC21,HC,Inh_VIP_TAC3,Neuronal,Inh_VIP_TAC3
32_GTTTCCTCAGGCTAGA-1,7235,9131,HC30,HC,Inh_VIP_TAC3,Neuronal,Inh_VIP_TAC3
5_GCGCGATTCCCTTGCG-1,14512,9701,HC10,HC,Inh_VIP_TAC3,Neuronal,Inh_VIP_TAC3
18_TTTAGCAAGGCCTTAG-1,7913,7386,HC7,HC,Inh_VIP_TAC3,Neuronal,Inh_VIP_TAC3
7_AATTTGCCAATTGACT-1,11157,17363,HC25,HC,Inh_VIP_TAC3,Neuronal,Inh_VIP_TAC3
18_CCCTGGACAGAAATGC-1,9329,9894,HC5,HC,Inh_VIP_TAC3,Neuronal,Inh_VIP_TAC3
14_GTTCATTTCAATGTCA-1,12490,14370,HC2,HC,Inh_VIP_TAC3,Neuronal,Inh_VIP_TAC3
7_GTTGCTGAGCTGTAAC-1,12642,13891,HC23,HC,Inh_VIP_TAC3,Neuronal,Inh_VIP_TAC3
28_ACTTGCACACCTATAG-1,9869,29701,HC22,HC,Inh_VIP_TAC3,Neuronal,Inh_VIP_TAC3
23_ATGGCTAGTATTGTGG-1,5606,7746,HC9,HC,Inh_VIP_TAC3,Neuronal,Inh_VIP_TAC3
5_CAAGGGAGTTCGCGCT-1,6678,5710,HC11,HC,Inh_VIP_TAC3,Neuronal,Inh_VIP_TAC3
14_ACTTTGTTCGTCCTTA-1,9384,5305,HC3,HC,Inh_VIP_TAC3,Neuronal,Inh_VIP_TAC3
26_CTACGAAGTGGTTAGC-1,11031,18938,HC20,HC,Inh_VIP_TAC3,Neuronal,Inh_VIP_TAC3
5_GTTTCCTCATGGCCCA-1,8865,8622,HC12,HC,Inh_VIP_TAC3,Neuronal,Inh_VIP_TAC3
2_ATTGGTTCAGGAAGCC-1,12105,6656,HC4,HC,Inh_VIP_TAC3,Neuronal,Inh_VIP_TAC3
18_CCATTGTGTACCAGGT-1,10313,6594,HC6,HC,Inh_VIP_TAC3,Neuronal,Inh_VIP_TAC3
2_TTGACTAAGGCTACTG-1,8432,9584,HC1,HC,Inh_VIP_TAC3,Neuronal,Inh_VIP_TAC3
8_TATCGCACAATCCCTT-1,14055,6804,HC24,HC,Inh_VIP_TAC3,Neuronal,Inh_VIP_TAC3
4_GGTGAGCCAATCCCTT-1,5986,15572,HC30,HC,Inh_VIP_TAC3,Neuronal,Inh_VIP_TAC3
26_GCCTGACAGCTTGCTC-1,10011,6784,HC20,HC,Inh_VIP_TAC3,Neuronal,Inh_VIP_TAC3
5_AACCTAATCCGCAAGC-1,9042,6648,HC9,HC,Inh_VIP_TAC3,Neuronal,Inh_VIP_TAC3
18_TGAGGTGCACTATGGC-1,11228,11534,HC7,HC,Inh_VIP_TAC3,Neuronal,Inh_VIP_TAC3
7_CATAATCCAGAAATTG-1,9841,14521,HC23,HC,Inh_VIP_TAC3,Neuronal,Inh_VIP_TAC3
5_TGGCCTTTCATGGTTA-1,14360,14028,HC10,HC,Inh_VIP_TAC3,Neuronal,Inh_VIP_TAC3
18_ACTGAAACAATATGGA-1,10687,10233,HC5,HC,Inh_VIP_TAC3,Neuronal,Inh_VIP_TAC3
7_TTAAAGGCAGTTTACG-1,8281,9357,HC25,HC,Inh_VIP_TAC3,Neuronal,Inh_VIP_TAC3
5_GTGTGTTAGGAACCGG-1,11007,8109,HC11,HC,Inh_VIP_TAC3,Neuronal,Inh_VIP_TAC3
28_AAGACCAAGGTTTGCG-1,13049,14137,HC21,HC,Inh_VIP_TAC3,Neuronal,Inh_VIP_TAC3
18_ACTGAATGTGGATGTC-1,24156,7545,HC6,HC,Inh_VIP_TAC3,Neuronal,Inh_VIP_TAC3
28_AGCCGGTTCCTAAGAC-1,10274,16932,HC24,HC,Inh_VIP_TAC3,Neuronal,Inh_VIP_TAC3
28_GGTATTTCAGGCTTCG-1,10477,16755,HC22,HC,Inh_VIP_TAC3,Neuronal,Inh_VIP_TAC3
5_GCCTTAACAGCTACGT-1,8718,7961,HC12,HC,Inh_VIP_TAC3,Neuronal,Inh_VIP_TAC3
14_TCGATTAAGCAGGTTT-1,16765,6964,HC3,HC,Inh_VIP_TAC3,Neuronal,Inh_VIP_TAC3
2_TCTTGTCCACTAAGAA-1,22294,8150,HC1,HC,Inh_VIP_TAC3,Neuronal,Inh_VIP_TAC3
2_GCATCCTTCCACAATA-1,6478,10634,HC4,HC,Inh_VIP_TAC3,Neuronal,Inh_VIP_TAC3
2_GGATACTTCATTGCAA-1,20516,9163,HC2,HC,Inh_VIP_TAC3,Neuronal,Inh_VIP_TAC3
4_CCTAATCGTGGGTGAA-1,29491,8227,HC21,HC,Inh_VIP_TAC3,Neuronal,Inh_VIP_TAC3
5_CCCTCATAGACAGGCG-1,19428,5776,HC9,HC,Inh_VIP_TAC3,Neuronal,Inh_VIP_TAC3
2_CAGTATGGTGTTTGCT-1,22685,11449,HC4,HC,Inh_VIP_TAC3,Neuronal,Inh_VIP_TAC3
14_TTTAGCAAGCCGCAGT-1,8031,6939,HC3,HC,Inh_VIP_TAC3,Neuronal,Inh_VIP_TAC3
18_TTGCAGCCACAAGCCT-1,10489,13126,HC6,HC,Inh_VIP_TAC3,Neuronal,Inh_VIP_TAC3
2_AAGTTACGTACCGAAC-1,17238,9597,HC1,HC,Inh_VIP_TAC3,Neuronal,Inh_VIP_TAC3
2_GTATTGATCCCGTTGT-1,15412,8702,HC2,HC,Inh_VIP_TAC3,Neuronal,Inh_VIP_TAC3
18_CTAACCTGTTCTTTAG-1,11192,11043,HC5,HC,Inh_VIP_TAC3,Neuronal,Inh_VIP_TAC3
7_AGATGAAGTCCCGAAG-1,23813,5524,HC25,HC,Inh_VIP_TAC3,Neuronal,Inh_VIP_TAC3
8_ACGTCAAGTTGCAATG-1,12681,12452,HC24,HC,Inh_VIP_TAC3,Neuronal,Inh_VIP_TAC3
7_CACATACAGTTAACCA-1,9010,19738,HC23,HC,Inh_VIP_TAC3,Neuronal,Inh_VIP_TAC3
5_AAAGGAGCACAAAGCG-1,10179,5620,HC10,HC,Inh_VIP_TAC3,Neuronal,Inh_VIP_TAC3
28_GGCGATACACCGGTAT-1,14424,29844,HC22,HC,Inh_VIP_TAC3,Neuronal,Inh_VIP_TAC3
4_ACCTACCTCATGGTGT-1,10075,13133,HC30,HC,Inh_VIP_TAC3,Neuronal,Inh_VIP_TAC3
5_CTGTATTTCTAATTGG-1,10471,6915,HC12,HC,Inh_VIP_TAC3,Neuronal,Inh_VIP_TAC3
18_TACGGATTCGTTACAA-1,16696,9436,HC6,HC,Inh_VIP_TAC3,Neuronal,Inh_VIP_TAC3
4_CTGGATGTCGCATTAA-1,14522,11048,HC21,HC,Inh_VIP_TAC3,Neuronal,Inh_VIP_TAC3
8_CATCAATCAGGCCATT-1,8066,10461,HC24,HC,Inh_VIP_TAC3,Neuronal,Inh_VIP_TAC3
7_AAGTGAAGTTACTTCA-1,14165,16076,HC25,HC,Inh_VIP_TAC3,Neuronal,Inh_VIP_TAC3
5_AACATTGTCTAATCCT-1,10513,10473,HC10,HC,Inh_VIP_TAC3,Neuronal,Inh_VIP_TAC3
23_ACCCAACCAGGCTAAG-1,14374,16976,HC9,HC,Inh_VIP_TAC3,Neuronal,Inh_VIP_TAC3
4_CTGGTTTGTCTAACAG-1,6502,14771,HC30,HC,Inh_VIP_TAC3,Neuronal,Inh_VIP_TAC3
2_AACTACTCAACTAGGG-1,22072,10867,HC4,HC,Inh_VIP_TAC3,Neuronal,Inh_VIP_TAC3
2_AGTAATGCAATGAGGT-1,13031,6236,HC1,HC,Inh_VIP_TAC3,Neuronal,Inh_VIP_TAC3
14_AGGATTGAGCCTGGTA-1,9377,5282,HC2,HC,Inh_VIP_TAC3,Neuronal,Inh_VIP_TAC3
2_GTTACTAAGGTCCACA-1,15677,7702,HC3,HC,Inh_VIP_TAC3,Neuronal,Inh_VIP_TAC3
5_TAGCGGCTCAGGGCCT-1,18993,8494,HC12,HC,Inh_VIP_TAC3,Neuronal,Inh_VIP_TAC3
4_CAAACACTCCTGATTT-1,21607,6448,HC21,HC,Inh_VIP_TAC3,Neuronal,Inh_VIP_TAC3
5_TGCATGAGTAAGGTCC-1,24742,14052,HC10,HC,Inh_VIP_TAC3,Neuronal,Inh_VIP_TAC3
2_AAGCGTTTCCGCAAGC-1,14595,5564,HC1,HC,Inh_VIP_TAC3,Neuronal,Inh_VIP_TAC3
14_TAGGCTTAGGGACCTC-1,18554,9421,HC2,HC,Inh_VIP_TAC3,Neuronal,Inh_VIP_TAC3
8_TTTCTCACATTGTCCT-1,13757,9493,HC24,HC,Inh_VIP_TAC3,Neuronal,Inh_VIP_TAC3
5_AATACCGGTAGTTGGC-1,9719,9142,HC12,HC,Inh_VIP_TAC3,Neuronal,Inh_VIP_TAC3
5_AACCGGCTCTTTGAGA-1,16992,8827,HC9,HC,Inh_VIP_TAC3,Neuronal,Inh_VIP_TAC3
18_CGAAGCCTCATGCGTG-1,12893,8210,HC6,HC,Inh_VIP_TAC3,Neuronal,Inh_VIP_TAC3
7_TCCTTAGTCACAAGCT-1,11172,13132,HC25,HC,Inh_VIP_TAC3,Neuronal,Inh_VIP_TAC3
2_GTCTAACAGACTTACA-1,18014,9886,HC3,HC,Inh_VIP_TAC3,Neuronal,Inh_VIP_TAC3
2_GCTCGATCAGTAGGTG-1,11328,5589,HC4,HC,Inh_VIP_TAC3,Neuronal,Inh_VIP_TAC3
28_GACCTGCAGGCAAGTA-1,13510,14882,HC21,HC,Inh_VIP_TAC3,Neuronal,Inh_VIP_TAC3
2_CTTATTGGTCACAAAT-1,11807,6528,HC2,HC,Inh_VIP_TAC3,Neuronal,Inh_VIP_TAC3
7_TAGTGAGAGTTGTCTT-1,8902,7790,HC25,HC,Inh_VIP_TAC3,Neuronal,Inh_VIP_TAC3
2_GTGAATCTCGGCTAGC-1,17352,6964,HC1,HC,Inh_VIP_TAC3,Neuronal,Inh_VIP_TAC3
28_TCACCTGGTCGACTAA-1,14639,15904,HC24,HC,Inh_VIP_TAC3,Neuronal,Inh_VIP_TAC3
14_CTCTTGATCCTGGTGA-1,30795,6560,HC4,HC,Inh_VIP_TAC3,Neuronal,Inh_VIP_TAC3
