donor,celltype,n1,n2,n_eff,p,z
Donor_1001,Adaptive,4405,3919,4147.812349831812,0.0009610764055742432,0.019195283092541763
Donor_1001,Astro,4405,3919,4147.812349831812,0.1134070158577607,0.06471560686314672
Donor_1001,EN_L2_3_IT,4405,3919,4147.812349831812,0.23438250840941854,0.004035197480879421
Donor_1001,EN_L3_5_IT_1,4405,3919,4147.812349831812,0.007928880345987505,0.02678497575269424
Donor_1001,EN_L3_5_IT_2,4405,3919,4147.812349831812,0.044449783757808746,0.03789915631667445
Donor_1001,EN_L3_5_IT_3,4405,3919,4147.812349831812,0.044329649207111965,0.034502485196975526
Donor_1001,EN_L5_6_NP,4405,3919,4147.812349831812,0.0064872657376261415,0.021480287769571463
Donor_1001,EN_L5_ET,4405,3919,4147.812349831812,0.0001201345506967804,0.02071315292006485
Donor_1001,EN_L6B,4405,3919,4147.812349831812,0.012373858721768381,0.0065127760831063695
Donor_1001,EN_L6_CT,4405,3919,4147.812349831812,0.011052378664103796,0.015285671360261674
Donor_1001,EN_L6_IT_1,4405,3919,4147.812349831812,0.01874098990869774,0.0019700626174801793
Donor_1001,EN_L6_IT_2,4405,3919,4147.812349831812,0.0061268620855358,0.01846831252632292
Donor_1001,Endo,4405,3919,4147.812349831812,0.01802018260451706,0.031249457556503078
Donor_1001,IN_ADARB2,4405,3919,4147.812349831812,0.034839019702066314,0.025070245488140543
Donor_1001,IN_LAMP5_LHX6,4405,3919,4147.812349831812,0.006246996636232581,0.0029496119559475112
Donor_1001,IN_LAMP5_RELN,4405,3919,4147.812349831812,0.012974531475252283,0.033436050950047515
Donor_1001,IN_PVALB,4405,3919,4147.812349831812,0.04757328207592504,0.03298254027611483
Donor_1001,IN_PVALB_CHC,4405,3919,4147.812349831812,0.005526189332051898,0.0022300943490401685
Donor_1001,IN_SST,4405,3919,4147.812349831812,0.04324843825084094,0.09128354764121847
Donor_1001,IN_VIP,4405,3919,4147.812349831812,0.0539404132628544,0.01577918792523175
Donor_1001,Micro,4405,3919,4147.812349831812,0.05922633349351274,0.0018221128952771802
Donor_1001,OPC,4405,3919,4147.812349831812,0.02691013935607881,0.013292073022400376
Donor_1001,Oligo,4405,3919,4147.812349831812,0.14800576645843344,0.017699089122406166
Donor_1001,PC,4405,3919,4147.812349831812,0.016338298894762134,0.030541401713902468
Donor_1001,PVM,4405,3919,4147.812349831812,0.009610764055742432,0.001657724378343991
Donor_1001,SMC,4405,3919,4147.812349831812,0.0019221528111484864,0.027159296461044324
Donor_1001,VLMC,4405,3919,4147.812349831812,0.01525708793849111,0.05425721545619544
Donor_1002,Adaptive,4315,4616,4460.427723659165,0.0012316649871235024,0.04237507155455042
Donor_1002,Astro,4315,4616,4460.427723659165,0.13604299630500505,0.005198148191373884
Donor_1002,EN_L2_3_IT,4315,4616,4460.427723659165,0.09360653902138619,0.004482967377961544
Donor_1002,EN_L3_5_IT_1,4315,4616,4460.427723659165,0.010749076251259657,0.01035868382365643
Donor_1002,EN_L3_5_IT_2,4315,4616,4460.427723659165,0.033031015563766655,0.00885354616470181
Donor_1002,EN_L3_5_IT_3,4315,4616,4460.427723659165,0.037173888702272985,0.0009606585300537521
Donor_1002,EN_L5_6_NP,4315,4616,4460.427723659165,0.005598477214197738,0.005063421207206543
Donor_1002,EN_L5_ET,4315,4616,4460.427723659165,0.00022393908856790953,0.0010099586088440195
Donor_1002,EN_L6B,4315,4616,4460.427723659165,0.007501959467024969,0.03964345293286845
Donor_1002,EN_L6_CT,4315,4616,4460.427723659165,0.009965289441271974,0.040629046983059615
Donor_1002,EN_L6_IT_1,4315,4616,4460.427723659165,0.012092710782667115,0.004840975406638904
Donor_1002,EN_L6_IT_2,4315,4616,4460.427723659165,0.004142873138506326,0.014823710048998916
Donor_1002,Endo,4315,4616,4460.427723659165,0.006606203112753331,0.03594551500874371
Donor_1002,IN_ADARB2,4315,4616,4460.427723659165,0.014891949389765983,0.0009579341044938051
Donor_1002,IN_LAMP5_LHX6,4315,4616,4460.427723659165,0.004590751315642145,0.011999728093199725
Donor_1002,IN_LAMP5_RELN,4315,4616,4460.427723659165,0.008845593998432426,0.023135554397077592
Donor_1002,IN_PVALB,4315,4616,4460.427723659165,0.024969208375321912,0.01650119021053347
Donor_1002,IN_PVALB_CHC,4315,4616,4460.427723659165,0.004590751315642145,0.014532319093868856
Donor_1002,IN_SST,4315,4616,4460.427723659165,0.028328294703840556,0.01685507944057444
Donor_1002,IN_VIP,4315,4616,4460.427723659165,0.029783898779531966,0.03301770499173518
Donor_1002,Micro,4315,4616,4460.427723659165,0.03235919829806293,0.011073498744377392
Donor_1002,OPC,4315,4616,4460.427723659165,0.040309035942223716,0.00699086560273814
Donor_1002,Oligo,4315,4616,4460.427723659165,0.43455380136602845,0.008955430942959015
Donor_1002,PC,4315,4616,4460.427723659165,0.01175680214981525,0.013600186257622632
Donor_1002,PVM,4315,4616,4460.427723659165,0.0025752995185309596,0.0009945650183058204
Donor_1002,SMC,4315,4616,4460.427723659165,0.001007725898555593,0.033186517552576685
Donor_1002,VLMC,4315,4616,4460.427723659165,0.003471055872802598,0.02304245741947877
Donor_1003,Adaptive,439,905,591.2127976190477,0.000744047619047619,0.08354043688688971
Donor_1003,Astro,439,905,591.2127976190477,0.41889880952380953,0.06099983835306387
Donor_1003,EN_L2_3_IT,439,905,591.2127976190477,0.01636904761904762,0.021700833921865822
Donor_1003,EN_L3_5_IT_1,439,905,591.2127976190477,0.013392857142857142,0.025881868792457904
Donor_1003,EN_L3_5_IT_2,439,905,591.2127976190477,0.03125,0.05285968551173997
Donor_1003,EN_L3_5_IT_3,439,905,591.2127976190477,0.009672619047619048,0.026051630557288524
Donor_1003,EN_L6B,439,905,591.2127976190477,0.001488095238095238,0.030428520056540922
Donor_1003,EN_L6_CT,439,905,591.2127976190477,0.001488095238095238,0.118188028545792
Donor_1003,EN_L6_IT_1,439,905,591.2127976190477,0.002976190476190476,0.08113874499091246
Donor_1003,EN_L6_IT_2,439,905,591.2127976190477,0.002976190476190476,0.10516616378093208
Donor_1003,Endo,439,905,591.2127976190477,0.005952380952380952,0.017015365809834558
Donor_1003,IN_ADARB2,439,905,591.2127976190477,0.005208333333333333,0.033534362356254926
Donor_1003,IN_LAMP5_LHX6,439,905,591.2127976190477,0.002232142857142857,0.0702420095762984
Donor_1003,IN_LAMP5_RELN,439,905,591.2127976190477,0.008928571428571428,0.11077551428296827
Donor_1003,IN_PVALB,439,905,591.2127976190477,0.005952380952380952,0.026962810437122453
Donor_1003,IN_PVALB_CHC,439,905,591.2127976190477,0.006696428571428571,0.038978725276455066
Donor_1003,IN_SST,439,905,591.2127976190477,0.005208333333333333,0.1275284875007943
Donor_1003,IN_VIP,439,905,591.2127976190477,0.020089285714285716,0.004359309192658536
Donor_1003,Micro,439,905,591.2127976190477,0.09226190476190477,0.06425727410076869
Donor_1003,OPC,439,905,591.2127976190477,0.07738095238095238,0.05026601748236902
Donor_1003,Oligo,439,905,591.2127976190477,0.2537202380952381,0.028117981078143072
Donor_1003,PC,439,905,591.2127976190477,0.00744047619047619,0.028879200732031034
Donor_1003,PVM,439,905,591.2127976190477,0.001488095238095238,0.05733098843271016
Donor_1003,SMC,439,905,591.2127976190477,0.003720238095238095,0.090749742868571
Donor_1003,VLMC,439,905,591.2127976190477,0.004464285714285714,0.0020388076157733122
Donor_1024,Adaptive,3649,3839,3741.5894764957266,0.00013354700854700856,0.02371581510468152
Donor_1024,Astro,3649,3839,3741.5894764957266,0.11925747863247864,0.010177232718091568
Donor_1024,EN_L2_3_IT,3649,3839,3741.5894764957266,0.18162393162393162,0.0003525428992898376
Donor_1024,EN_L3_5_IT_1,3649,3839,3741.5894764957266,0.01842948717948718,0.038752238023825346
Donor_1024,EN_L3_5_IT_2,3649,3839,3741.5894764957266,0.06330128205128205,0.026371910914918015
Donor_1024,EN_L3_5_IT_3,3649,3839,3741.5894764957266,0.04941239316239316,0.004178483710494657
Donor_1024,EN_L5_6_NP,3649,3839,3741.5894764957266,0.008947649572649572,0.015042242143594654
Donor_1024,EN_L5_ET,3649,3839,3741.5894764957266,0.00013354700854700856,0.02254207067386894
Donor_1024,EN_L6B,3649,3839,3741.5894764957266,0.0018696581196581197,0.002197783641960942
Donor_1024,EN_L6_CT,3649,3839,3741.5894764957266,0.00921474358974359,0.014682685063718462
Donor_1024,EN_L6_IT_1,3649,3839,3741.5894764957266,0.0028044871794871795,0.07311557246626607
Donor_1024,EN_L6_IT_2,3649,3839,3741.5894764957266,0.006143162393162393,0.0039923770328421804
Donor_1024,Endo,3649,3839,3741.5894764957266,0.007879273504273504,0.016634629708116033
Donor_1024,IN_ADARB2,3649,3839,3741.5894764957266,0.024572649572649572,0.03913352802894631
Donor_1024,IN_LAMP5_LHX6,3649,3839,3741.5894764957266,0.00641025641025641,0.03610804765463816
Donor_1024,IN_LAMP5_RELN,3649,3839,3741.5894764957266,0.018696581196581196,0.007009336495601182
Donor_1024,IN_PVALB,3649,3839,3741.5894764957266,0.0531517094017094,0.0072659298960394405
Donor_1024,IN_PVALB_CHC,3649,3839,3741.5894764957266,0.011351495726495726,0.00291842613891948
Donor_1024,IN_SST,3649,3839,3741.5894764957266,0.04981303418803419,0.04856857103495067
Donor_1024,IN_VIP,3649,3839,3741.5894764957266,0.07224893162393162,0.01933247764376177
Donor_1024,Micro,3649,3839,3741.5894764957266,0.023637820512820512,0.004413703523469573
Donor_1024,OPC,3649,3839,3741.5894764957266,0.042067307692307696,0.04126336676067972
Donor_1024,Oligo,3649,3839,3741.5894764957266,0.20980235042735043,0.027002830008602593
Donor_1024,PC,3649,3839,3741.5894764957266,0.014556623931623932,0.003940297501255546
Donor_1024,PVM,3649,3839,3741.5894764957266,0.0028044871794871795,0.017854697258585826
Donor_1024,SMC,3649,3839,3741.5894764957266,0.001201923076923077,0.021379751628844305
Donor_1024,VLMC,3649,3839,3741.5894764957266,0.0005341880341880342,0.024307557760830125
Donor_103,Adaptive,2249,2155,2200.996821071753,0.0006811989100817438,0.05112611563282888
Donor_103,Astro,2249,2155,2200.996821071753,0.15463215258855587,0.025716425749986567
Donor_103,EN_L2_3_IT,2249,2155,2200.996821071753,0.31584922797456855,0.03781477814541624
Donor_103,EN_L3_5_IT_1,2249,2155,2200.996821071753,0.018619436875567667,0.01428381819234759
Donor_103,EN_L3_5_IT_2,2249,2155,2200.996821071753,0.011580381471389645,0.00037606747148680544
Donor_103,EN_L3_5_IT_3,2249,2155,2200.996821071753,0.004087193460490463,0.0027359639910199273
Donor_103,EN_L6_IT_1,2249,2155,2200.996821071753,0.00022706630336058128,0.03079822539915265
Donor_103,EN_L6_IT_2,2249,2155,2200.996821071753,0.00022706630336058128,0.029510971869797224
Donor_103,Endo,2249,2155,2200.996821071753,0.04041780199818347,0.02353337719445714
Donor_103,IN_ADARB2,2249,2155,2200.996821071753,0.035876475930971846,0.011304887009003575
Donor_103,IN_LAMP5_LHX6,2249,2155,2200.996821071753,0.004541326067211626,0.029914092366934097
Donor_103,IN_LAMP5_RELN,2249,2155,2200.996821071753,0.029518619436875566,0.01818579319674165
Donor_103,IN_PVALB,2249,2155,2200.996821071753,0.03451407811080836,0.05165904455249082
Donor_103,IN_PVALB_CHC,2249,2155,2200.996821071753,0.0013623978201634877,0.0754828081228383
Donor_103,IN_SST,2249,2155,2200.996821071753,0.01430517711171662,0.01662345096494827
Donor_103,IN_VIP,2249,2155,2200.996821071753,0.04518619436875568,0.02460222841125753
Donor_103,Micro,2249,2155,2200.996821071753,0.054722979109900094,0.05165093392637802
Donor_103,OPC,2249,2155,2200.996821071753,0.030881017257039057,0.002371075051356403
Donor_103,Oligo,2249,2155,2200.996821071753,0.0946866485013624,0.034294013467223175
Donor_103,PC,2249,2155,2200.996821071753,0.027475022706630336,0.028954651320136547
Donor_103,PVM,2249,2155,2200.996821071753,0.011353315168029064,0.06461473516894092
Donor_103,SMC,2249,2155,2200.996821071753,0.018846503178928248,0.042671808355814925
Donor_103,VLMC,2249,2155,2200.996821071753,0.05040871934604905,0.04306605108527026
Donor_1032,Astro,1980,2195,2081.9640718562873,0.13532934131736526,0.04787473862609701
Donor_1032,EN_L2_3_IT,1980,2195,2081.9640718562873,0.17437125748502993,0.04874975779064418
Donor_1032,EN_L3_5_IT_1,1980,2195,2081.9640718562873,0.007904191616766467,0.0721427055574475
Donor_1032,EN_L3_5_IT_2,1980,2195,2081.9640718562873,0.04263473053892215,0.031302241013618774
Donor_1032,EN_L3_5_IT_3,1980,2195,2081.9640718562873,0.03808383233532934,0.08234177426637354
Donor_1032,EN_L5_6_NP,1980,2195,2081.9640718562873,0.0081437125748503,0.030734549775034606
Donor_1032,EN_L6B,1980,2195,2081.9640718562873,0.011736526946107785,0.0021257745038169816
Donor_1032,EN_L6_CT,1980,2195,2081.9640718562873,0.01341317365269461,0.046413939118718835
Donor_1032,EN_L6_IT_1,1980,2195,2081.9640718562873,0.02682634730538922,0.023090923129010354
Donor_1032,EN_L6_IT_2,1980,2195,2081.9640718562873,0.0081437125748503,0.0013312757920048407
Donor_1032,Endo,1980,2195,2081.9640718562873,0.0038323353293413173,0.006405171467582658
Donor_1032,IN_ADARB2,1980,2195,2081.9640718562873,0.014850299401197605,0.027031842190635473
Donor_1032,IN_LAMP5_LHX6,1980,2195,2081.9640718562873,0.010538922155688623,0.02947206546770053
Donor_1032,IN_LAMP5_RELN,1980,2195,2081.9640718562873,0.015089820359281437,0.03843654579405521
Donor_1032,IN_PVALB,1980,2195,2081.9640718562873,0.0318562874251497,0.05428753633999859
Donor_1032,IN_PVALB_CHC,1980,2195,2081.9640718562873,0.005029940119760479,0.013026159509136936
Donor_1032,IN_SST,1980,2195,2081.9640718562873,0.017005988023952097,0.017297772441003993
Donor_1032,IN_VIP,1980,2195,2081.9640718562873,0.042395209580838325,0.024112365751337787
Donor_1032,Micro,1980,2195,2081.9640718562873,0.01868263473053892,5.947637979041614e-05
Donor_1032,OPC,1980,2195,2081.9640718562873,0.03497005988023952,0.03263418573021156
Donor_1032,Oligo,1980,2195,2081.9640718562873,0.3319760479041916,0.027920881778285327
Donor_1032,PC,1980,2195,2081.9640718562873,0.003592814371257485,0.017882054864899057
Donor_1032,PVM,1980,2195,2081.9640718562873,0.000718562874251497,0.01515544516242277
Donor_1032,SMC,1980,2195,2081.9640718562873,0.000718562874251497,0.01515544516242277
Donor_1032,VLMC,1980,2195,2081.9640718562873,0.002155688622754491,0.015156087085717038
Donor_104,Adaptive,3040,3098,3068.7259693711308,0.0006516780710329097,0.025055943251255545
Donor_104,Astro,3040,3098,3068.7259693711308,0.050993809058325186,0.023638359341249433
Donor_104,EN_L2_3_IT,3040,3098,3068.7259693711308,0.006679700228087325,0.026453888409693496
Donor_104,EN_L3_5_IT_1,3040,3098,3068.7259693711308,0.002932551319648094,0.02308052109726366
Donor_104,EN_L3_5_IT_2,3040,3098,3068.7259693711308,0.012056044314108831,0.01582743704011112
Donor_104,EN_L3_5_IT_3,3040,3098,3068.7259693711308,0.010426849136526556,0.004476011248211091
Donor_104,EN_L5_6_NP,3040,3098,3068.7259693711308,0.0013033561420658195,0.03681158598073908
Donor_104,EN_L6B,3040,3098,3068.7259693711308,0.005865102639296188,0.024153738131006016
Donor_104,EN_L6_CT,3040,3098,3068.7259693711308,0.009449332029977192,0.0085824810603407
Donor_104,EN_L6_IT_1,3040,3098,3068.7259693711308,0.009123492994460736,0.04616854078044806
Donor_104,EN_L6_IT_2,3040,3098,3068.7259693711308,0.002932551319648094,0.061288856941278974
Donor_104,Endo,3040,3098,3068.7259693711308,0.0021179537308569567,0.03457092014008355
Donor_104,IN_LAMP5_LHX6,3040,3098,3068.7259693711308,0.0027696318018898664,0.005204536939496361
Donor_104,IN_LAMP5_RELN,3040,3098,3068.7259693711308,0.002932551319648094,0.035133289388484035
Donor_104,IN_PVALB,3040,3098,3068.7259693711308,0.005050505050505051,0.015137577305945187
Donor_104,IN_PVALB_CHC,3040,3098,3068.7259693711308,0.0016291951775822744,0.0007635025759628458
Donor_104,IN_SST,3040,3098,3068.7259693711308,0.006842619745845552,0.014242995868180947
Donor_104,IN_VIP,3040,3098,3068.7259693711308,0.0035842293906810036,0.03385067873801455
Donor_104,Micro,3040,3098,3068.7259693711308,0.044965786901270774,0.03363894755669579
Donor_104,OPC,3040,3098,3068.7259693711308,0.02932551319648094,0.061228495547335254
Donor_104,Oligo,3040,3098,3068.7259693711308,0.7810361681329423,0.0005515152363152831
Donor_104,PC,3040,3098,3068.7259693711308,0.004235907461713913,0.008802349158380655
Donor_104,PVM,3040,3098,3068.7259693711308,0.001466275659824047,0.007792071430987967
Donor_104,SMC,3040,3098,3068.7259693711308,0.00032583903551645487,0.00034122607239253145
Donor_104,VLMC,3040,3098,3068.7259693711308,0.0013033561420658195,0.03681158598073908
Donor_1040,Adaptive,1642,2342,1930.5040160642573,0.0007530120481927711,0.02883777704324352
Donor_1040,Astro,1642,2342,1930.5040160642573,0.0572289156626506,0.04446704918040516
Donor_1040,EN_L2_3_IT,1642,2342,1930.5040160642573,0.005522088353413655,0.01303966444134755
Donor_1040,EN_L3_5_IT_2,1642,2342,1930.5040160642573,0.0027610441767068274,0.05002268067668418
Donor_1040,EN_L3_5_IT_3,1642,2342,1930.5040160642573,0.009036144578313253,0.023676917131762832
Donor_1040,EN_L5_6_NP,1642,2342,1930.5040160642573,0.006526104417670682,0.016522100255519513
Donor_1040,EN_L6B,1642,2342,1930.5040160642573,0.010291164658634538,0.02974990083909741
Donor_1040,EN_L6_CT,1642,2342,1930.5040160642573,0.014809236947791165,0.019870790789848016
Donor_1040,EN_L6_IT_1,1642,2342,1930.5040160642573,0.007028112449799197,0.056304444546398276
Donor_1040,EN_L6_IT_2,1642,2342,1930.5040160642573,0.003263052208835341,0.006502153112932098
Donor_1040,Endo,1642,2342,1930.5040160642573,0.0037650602409638554,0.013833248772740817
Donor_1040,IN_ADARB2,1642,2342,1930.5040160642573,0.0007530120481927711,0.008930041411813083
Donor_1040,IN_LAMP5_LHX6,1642,2342,1930.5040160642573,0.007279116465863454,0.023793316529161116
Donor_1040,IN_LAMP5_RELN,1642,2342,1930.5040160642573,0.004016064257028112,0.02611703990228706
Donor_1040,IN_PVALB,1642,2342,1930.5040160642573,0.013052208835341365,0.013068639458336811
Donor_1040,IN_PVALB_CHC,1642,2342,1930.5040160642573,0.005522088353413655,0.027019756781048496
Donor_1040,IN_SST,1642,2342,1930.5040160642573,0.010793172690763053,0.017269213340612575
Donor_1040,IN_VIP,1642,2342,1930.5040160642573,0.00928714859437751,0.0189063112822043
Donor_1040,Micro,1642,2342,1930.5040160642573,0.08057228915662651,0.04453533080083193
Donor_1040,OPC,1642,2342,1930.5040160642573,0.07555220883534136,0.03550305957334777
Donor_1040,Oligo,1642,2342,1930.5040160642573,0.6706827309236948,0.03689961498972615
Donor_1040,PC,1642,2342,1930.5040160642573,0.0012550200803212851,0.0274847061211629
Donor_1040,VLMC,1642,2342,1930.5040160642573,0.000251004016064257,0.02695425209092135
Donor_1055,Adaptive,1166,2200,1524.1830065359477,0.00029708853238265005,0.04976488753545759
Donor_1055,Astro,1166,2200,1524.1830065359477,0.08793820558526441,0.07164984549739241
Donor_1055,EN_L2_3_IT,1166,2200,1524.1830065359477,0.06268568033273916,0.07086888518485446
Donor_1055,EN_L3_5_IT_1,1166,2200,1524.1830065359477,0.004753416518122401,0.048504582155967736
Donor_1055,EN_L3_5_IT_2,1166,2200,1524.1830065359477,0.034165181224004755,0.027713811424950937
Donor_1055,EN_L3_5_IT_3,1166,2200,1524.1830065359477,0.039512774806892456,0.0678405760791863
Donor_1055,EN_L5_6_NP,1166,2200,1524.1830065359477,0.006535947712418301,0.05896317366160247
Donor_1055,EN_L5_ET,1166,2200,1524.1830065359477,0.00029708853238265005,0.02637539039379252
Donor_1055,EN_L6B,1166,2200,1524.1830065359477,0.0112893642305407,0.05170964264193888
Donor_1055,EN_L6_CT,1166,2200,1524.1830065359477,0.0112893642305407,0.02281069008223678
Donor_1055,EN_L6_IT_1,1166,2200,1524.1830065359477,0.016339869281045753,0.000541183582302926
Donor_1055,EN_L6_IT_2,1166,2200,1524.1830065359477,0.00564468211527035,0.027702966097758245
Donor_1055,Endo,1166,2200,1524.1830065359477,0.010398098633392751,0.06628424064951477
Donor_1055,IN_ADARB2,1166,2200,1524.1830065359477,0.004456327985739751,0.03553790318071976
Donor_1055,IN_LAMP5_LHX6,1166,2200,1524.1830065359477,0.0041592394533571005,0.023453745390035672
Donor_1055,IN_LAMP5_RELN,1166,2200,1524.1830065359477,0.007724301841948901,9.796155128102455e-05
Donor_1055,IN_PVALB,1166,2200,1524.1830065359477,0.023767082590612002,0.08366726982291521
Donor_1055,IN_PVALB_CHC,1166,2200,1524.1830065359477,0.006238859180035651,0.02875489457493398
Donor_1055,IN_SST,1166,2200,1524.1830065359477,0.021687462863933454,0.042451547908022906
Donor_1055,IN_VIP,1166,2200,1524.1830065359477,0.020796197266785502,0.0758459323950531
Donor_1055,Micro,1166,2200,1524.1830065359477,0.18241235888294713,0.05201086200043561
Donor_1055,OPC,1166,2200,1524.1830065359477,0.039512774806892456,0.012987001910032438
Donor_1055,Oligo,1166,2200,1524.1830065359477,0.3790849673202614,0.03782952205023158
Donor_1055,PC,1166,2200,1524.1830065359477,0.006833036244800951,0.032377539653505004
Donor_1055,PVM,1166,2200,1524.1830065359477,0.009506833036244802,0.0394178228176269
Donor_1055,SMC,1166,2200,1524.1830065359477,0.00029708853238265005,0.04976488753545759
Donor_1055,VLMC,1166,2200,1524.1830065359477,0.0023767082590612004,0.04773088783578167
Donor_1068,Adaptive,3876,3718,3795.356333947854,0.001316829075585989,0.0015116643395777457
Donor_1068,Astro,3876,3718,3795.356333947854,0.17737687648143272,0.026918290680679836
Donor_1068,EN_L2_3_IT,3876,3718,3795.356333947854,0.3436923887279431,0.027906545757339887
Donor_1068,EN_L3_5_IT_1,3876,3718,3795.356333947854,0.012641559125625495,0.02357736724461821
Donor_1068,EN_L3_5_IT_2,3876,3718,3795.356333947854,0.05161969976297077,0.006959293443181174
Donor_1068,EN_L3_5_IT_3,3876,3718,3795.356333947854,0.05807216223334211,0.013716329998390842
Donor_1068,EN_L5_6_NP,3876,3718,3795.356333947854,0.005135633394785357,0.04492843090507052
Donor_1068,EN_L5_ET,3876,3718,3795.356333947854,0.0005267316302343956,0.0009556825099172519
Donor_1068,EN_L6B,3876,3718,3795.356333947854,0.0014485119831445879,0.005342341434828025
Donor_1068,EN_L6_CT,3876,3718,3795.356333947854,0.0017118777982617856,0.008097478687947276
Donor_1068,EN_L6_IT_1,3876,3718,3795.356333947854,0.003423755596523571,0.05168794746248799
Donor_1068,EN_L6_IT_2,3876,3718,3795.356333947854,0.0015801948907031868,0.024877395763704457
Donor_1068,Endo,3876,3718,3795.356333947854,0.01316829075585989,0.032172293419734564
Donor_1068,IN_ADARB2,3876,3718,3795.356333947854,0.015801948907031866,0.03275478818313067
Donor_1068,IN_LAMP5_LHX6,3876,3718,3795.356333947854,0.004608901764550961,0.022282838130258827
Donor_1068,IN_LAMP5_RELN,3876,3718,3795.356333947854,0.012378193310508295,0.04776537481452205
Donor_1068,IN_PVALB,3876,3718,3795.356333947854,0.04069001843560706,0.01676459449794038
Donor_1068,IN_PVALB_CHC,3876,3718,3795.356333947854,0.00842770608375033,0.0211313865446264
Donor_1068,IN_SST,3876,3718,3795.356333947854,0.01883065578087964,0.04647354101273905
Donor_1068,IN_VIP,3876,3718,3795.356333947854,0.04055833552804846,0.00212609150858883
Donor_1068,Micro,3876,3718,3795.356333947854,0.042138530418751645,0.0017601319275279395
Donor_1068,OPC,3876,3718,3795.356333947854,0.02883855675533316,0.0006982588621954452
Donor_1068,Oligo,3876,3718,3795.356333947854,0.0954701079799842,0.03937515815019042
Donor_1068,PC,3876,3718,3795.356333947854,0.0118514616802739,0.005179807503513644
Donor_1068,PVM,3876,3718,3795.356333947854,0.002238609428496181,0.0036031213834862128
Donor_1068,SMC,3876,3718,3795.356333947854,0.0014485119831445879,0.008513444376676074
Donor_1068,VLMC,3876,3718,3795.356333947854,0.005003950487226758,0.01945207580348507
Donor_1091,Astro,3190,3320,3253.701996927803,0.08494623655913978,0.015385747219890033
Donor_1091,EN_L2_3_IT,3190,3320,3253.701996927803,0.14101382488479264,0.005591460891098288
Donor_1091,EN_L3_5_IT_1,3190,3320,3253.701996927803,0.012596006144393242,0.037583091956950435
Donor_1091,EN_L3_5_IT_2,3190,3320,3253.701996927803,0.060522273425499235,0.005325895696424979
Donor_1091,EN_L3_5_IT_3,3190,3320,3253.701996927803,0.059293394777265744,0.059481995916262714
Donor_1091,EN_L5_6_NP,3190,3320,3253.701996927803,0.010445468509984639,0.026125050425495115
Donor_1091,EN_L5_ET,3190,3320,3253.701996927803,0.00030721966205837174,0.034374321182883465
Donor_1091,EN_L6B,3190,3320,3253.701996927803,0.017818740399385562,0.027143336868579747
Donor_1091,EN_L6_CT,3190,3320,3253.701996927803,0.014900153609831029,0.022990994137188053
Donor_1091,EN_L6_IT_1,3190,3320,3253.701996927803,0.034101382488479264,0.0007335649640396001
Donor_1091,EN_L6_IT_2,3190,3320,3253.701996927803,0.016129032258064516,0.04611953504747588
Donor_1091,Endo,3190,3320,3253.701996927803,0.007987711213517665,0.02403595792876409
Donor_1091,IN_ADARB2,3190,3320,3253.701996927803,0.01674347158218126,0.0363531466287625
Donor_1091,IN_LAMP5_LHX6,3190,3320,3253.701996927803,0.007987711213517665,0.0035852399734873142
Donor_1091,IN_LAMP5_RELN,3190,3320,3253.701996927803,0.015821812596006145,0.012174812781336058
Donor_1091,IN_PVALB,3190,3320,3253.701996927803,0.04884792626728111,0.003351078667444066
Donor_1091,IN_PVALB_CHC,3190,3320,3253.701996927803,0.004761904761904762,0.028487470040456406
Donor_1091,IN_SST,3190,3320,3253.701996927803,0.03164362519201229,0.04936044481675067
Donor_1091,IN_VIP,3190,3320,3253.701996927803,0.03348694316436252,0.009646618977389578
Donor_1091,Micro,3190,3320,3253.701996927803,0.03333333333333333,0.026253128172800917
Donor_1091,OPC,3190,3320,3253.701996927803,0.024270353302611368,0.0382564697448868
Donor_1091,Oligo,3190,3320,3253.701996927803,0.3019969278033794,0.03664377925951564
Donor_1091,PC,3190,3320,3253.701996927803,0.006605222734254993,0.015712903949608746
Donor_1091,PVM,3190,3320,3253.701996927803,0.002150537634408602,0.0114144035533917
Donor_1091,SMC,3190,3320,3253.701996927803,0.0015360983102918587,0.06434934301642224
Donor_1091,VLMC,3190,3320,3253.701996927803,0.010752688172043012,0.00775431927224093
Donor_1128,Astro,2637,2267,2438.0420065252856,0.1580342577487765,0.0073395798109383474
Donor_1128,EN_L2_3_IT,2637,2267,2438.0420065252856,0.16904567699836867,0.012636698644875221
Donor_1128,EN_L3_5_IT_1,2637,2267,2438.0420065252856,0.008360522022838499,0.00858867884716435
Donor_1128,EN_L3_5_IT_2,2637,2267,2438.0420065252856,0.005505709624796085,0.027509673933618802
Donor_1128,EN_L3_5_IT_3,2637,2267,2438.0420065252856,0.027528548123980423,0.0029720307457142235
Donor_1128,EN_L5_6_NP,2637,2267,2438.0420065252856,0.0010195758564437193,0.008003669131069114
Donor_1128,EN_L6_IT_2,2637,2267,2438.0420065252856,0.0004078303425774878,0.043694551483923615
Donor_1128,Endo,2637,2267,2438.0420065252856,0.015905383360522024,0.05207812185713267
Donor_1128,IN_ADARB2,2637,2267,2438.0420065252856,0.05730016313213703,0.05329866879298186
Donor_1128,IN_LAMP5_LHX6,2637,2267,2438.0420065252856,0.01203099510603589,0.02463657447749369
Donor_1128,IN_LAMP5_RELN,2637,2267,2438.0420065252856,0.02875203915171289,0.015614774708899968
Donor_1128,IN_PVALB,2637,2267,2438.0420065252856,0.05057096247960848,0.028618624514884984
Donor_1128,IN_PVALB_CHC,2637,2267,2438.0420065252856,0.014070146818923327,0.0076821539906346496
Donor_1128,IN_SST,2637,2267,2438.0420065252856,0.07300163132137032,0.020480569047977706
Donor_1128,IN_VIP,2637,2267,2438.0420065252856,0.1184747145187602,0.004016186569549737
Donor_1128,Micro,2637,2267,2438.0420065252856,0.06729200652528548,0.014901810445230035
Donor_1128,OPC,2637,2267,2438.0420065252856,0.05526101141924959,0.009777254240597796
Donor_1128,Oligo,2637,2267,2438.0420065252856,0.12071778140293637,0.006715777917619572
Donor_1128,PC,2637,2267,2438.0420065252856,0.004486133768352365,0.07156369218032048
Donor_1128,PVM,2637,2267,2438.0420065252856,0.0016313213703099511,0.006134579922690961
Donor_1128,SMC,2637,2267,2438.0420065252856,0.0010195758564437193,0.043404311771043445
Donor_1128,VLMC,2637,2267,2438.0420065252856,0.009584013050570963,0.048220338984077384
Donor_1131,Adaptive,3492,3259,3371.479188268405,0.0011850096282032291,0.0665905016519685
Donor_1131,Astro,3492,3259,3371.479188268405,0.1910828025477707,0.0019028835638393883
Donor_1131,EN_L2_3_IT,3492,3259,3371.479188268405,0.16442008591319804,0.037057979894766266
Donor_1131,EN_L3_5_IT_1,3492,3259,3371.479188268405,0.021774551918234335,0.036730511988770434
Donor_1131,EN_L3_5_IT_2,3492,3259,3371.479188268405,0.04103095837653681,0.01112453526467952
Donor_1131,EN_L3_5_IT_3,3492,3259,3371.479188268405,0.016738260998370613,0.0020808435864210894
Donor_1131,EN_L5_6_NP,3492,3259,3371.479188268405,0.0019256406458302473,0.0713867278482229
Donor_1131,EN_L6B,3492,3259,3371.479188268405,0.00014812620352540364,0.02353108683796218
Donor_1131,EN_L6_CT,3492,3259,3371.479188268405,0.00162938823877944,0.03397789329624609
Donor_1131,EN_L6_IT_1,3492,3259,3371.479188268405,0.0002962524070508073,0.03328044745326616
Donor_1131,EN_L6_IT_2,3492,3259,3371.479188268405,0.0002962524070508073,0.03328044745326616
Donor_1131,Endo,3492,3259,3371.479188268405,0.016738260998370613,0.029824968112942767
Donor_1131,IN_ADARB2,3492,3259,3371.479188268405,0.051399792623315066,0.014807797093284692
Donor_1131,IN_LAMP5_LHX6,3492,3259,3371.479188268405,0.004147533698711302,0.050611610853139415
Donor_1131,IN_LAMP5_RELN,3492,3259,3371.479188268405,0.01910828025477707,0.011812240853697384
Donor_1131,IN_PVALB,3492,3259,3371.479188268405,0.03940157013775737,0.026193243453380463
Donor_1131,IN_PVALB_CHC,3492,3259,3371.479188268405,0.013183232113760924,0.04699472899826329
Donor_1131,IN_SST,3492,3259,3371.479188268405,0.04354910383646867,0.005599692820046555
Donor_1131,IN_VIP,3492,3259,3371.479188268405,0.07835876166493853,0.02730843164683748
Donor_1131,Micro,3492,3259,3371.479188268405,0.02147829951118353,0.04090984446632246
Donor_1131,OPC,3492,3259,3371.479188268405,0.07361872315212561,0.017998366730835318
Donor_1131,Oligo,3492,3259,3371.479188268405,0.18634276403495778,0.020248477790339666
Donor_1131,PC,3492,3259,3371.479188268405,0.01051696045030366,0.02747785262797107
Donor_1131,PVM,3492,3259,3371.479188268405,0.0005925048141016146,0.001682713110435703
Donor_1131,SMC,3492,3259,3371.479188268405,0.00014812620352540364,0.025213425970593412
Donor_1131,VLMC,3492,3259,3371.479188268405,0.0008887572211524219,0.05766051554886145
Donor_1146,Adaptive,4082,3936,4007.670740833125,0.000873035669743078,0.0073716614396689
Donor_1146,Astro,4082,3936,4007.670740833125,0.1196058867548017,0.009582898369042935
Donor_1146,EN_L2_3_IT,4082,3936,4007.670740833125,0.18308805188326266,0.017246588435513206
Donor_1146,EN_L3_5_IT_1,4082,3936,4007.670740833125,0.009353953604390123,0.006132062802632434
Donor_1146,EN_L3_5_IT_2,4082,3936,4007.670740833125,0.025941631329508604,0.005945206890087927
Donor_1146,EN_L3_5_IT_3,4082,3936,4007.670740833125,0.02781242205038663,0.00749525696519262
Donor_1146,EN_L5_6_NP,4082,3936,4007.670740833125,0.003492142678972312,0.01061621901242252
Donor_1146,EN_L5_ET,4082,3936,4007.670740833125,0.0001247193813918683,0.022751237305909236
Donor_1146,EN_L6B,4082,3936,4007.670740833125,0.003117984534796707,0.020340490598358397
Donor_1146,EN_L6_CT,4082,3936,4007.670740833125,0.005362933399850337,0.012924371703048488
Donor_1146,EN_L6_IT_1,4082,3936,4007.670740833125,0.006984285357944624,0.0029371451681659104
Donor_1146,EN_L6_IT_2,4082,3936,4007.670740833125,0.0036168620603641804,0.03521369387628837
Donor_1146,Endo,4082,3936,4007.670740833125,0.0037415814417560487,0.03046267013364208
Donor_1146,IN_ADARB2,4082,3936,4007.670740833125,0.03666749812920928,0.03006638263315265
Donor_1146,IN_LAMP5_LHX6,4082,3936,4007.670740833125,0.006111249688201546,0.0003450021131602279
Donor_1146,IN_LAMP5_RELN,4082,3936,4007.670740833125,0.012596657520578697,0.020496069370080777
Donor_1146,IN_PVALB,4082,3936,4007.670740833125,0.026565228236467946,0.01687981605916344
Donor_1146,IN_PVALB_CHC,4082,3936,4007.670740833125,0.011224744325268148,0.00559244068378016
Donor_1146,IN_SST,4082,3936,4007.670740833125,0.057495634821651286,0.030661999501528318
Donor_1146,IN_VIP,4082,3936,4007.670740833125,0.058119231728610624,0.011182409604700806
Donor_1146,Micro,4082,3936,4007.670740833125,0.04178099276627588,0.04875994783987885
Donor_1146,OPC,4082,3936,4007.670740833125,0.05612372162634073,0.03056573691876775
Donor_1146,Oligo,4082,3936,4007.670740833125,0.28548266400598654,0.04050712210879024
Donor_1146,PC,4082,3936,4007.670740833125,0.004115739585931654,0.02962405403813527
Donor_1146,PVM,4082,3936,4007.670740833125,0.001995510102269893,0.012811652132696527
Donor_1146,SMC,4082,3936,4007.670740833125,0.0009977550511349464,0.014655453674029453
Donor_1146,VLMC,4082,3936,4007.670740833125,0.007607882264903966,0.04052140954610247
Donor_1149,Adaptive,2916,2935,2925.4691505725523,0.00256366433088361,0.06116710919577363
Donor_1149,Astro,2916,2935,2925.4691505725523,0.2502136386942403,0.012031906564428636
Donor_1149,EN_L2_3_IT,2916,2935,2925.4691505725523,0.09024098444710306,0.06646732975220578
Donor_1149,EN_L3_5_IT_1,2916,2935,2925.4691505725523,0.007007349171081866,0.0035522516735561845
Donor_1149,EN_L3_5_IT_2,2916,2935,2925.4691505725523,0.03435310203384037,0.030680195165443114
Donor_1149,EN_L3_5_IT_3,2916,2935,2925.4691505725523,0.025636643308836096,0.04220222302306243
Donor_1149,EN_L5_6_NP,2916,2935,2925.4691505725523,0.0076909929926508285,0.02796151164036256
Donor_1149,EN_L5_ET,2916,2935,2925.4691505725523,0.0003418219107844813,0.03686346713448099
Donor_1149,EN_L6B,2916,2935,2925.4691505725523,0.0030763971970603314,0.024328716870376313
Donor_1149,EN_L6_CT,2916,2935,2925.4691505725523,0.008887369680396513,0.02123781414388018
Donor_1149,EN_L6_IT_1,2916,2935,2925.4691505725523,0.005810972483336182,0.044475817437261714
Donor_1149,EN_L6_IT_2,2916,2935,2925.4691505725523,0.00256366433088361,0.007089025801323409
Donor_1149,Endo,2916,2935,2925.4691505725523,0.011621944966672364,0.013461704131995909
Donor_1149,IN_ADARB2,2916,2935,2925.4691505725523,0.02375662279952145,0.04163367784922088
Donor_1149,IN_LAMP5_LHX6,2916,2935,2925.4691505725523,0.004272773884806016,0.0048151352772971365
Donor_1149,IN_LAMP5_RELN,2916,2935,2925.4691505725523,0.011963766877456846,0.005573352098353977
Donor_1149,IN_PVALB,2916,2935,2925.4691505725523,0.03247308152452572,0.018094785687762883
Donor_1149,IN_PVALB_CHC,2916,2935,2925.4691505725523,0.011963766877456846,0.018149396497686474
Donor_1149,IN_SST,2916,2935,2925.4691505725523,0.03144761579217228,0.04975370618811045
Donor_1149,IN_VIP,2916,2935,2925.4691505725523,0.05657152623483165,0.023784729233219185
Donor_1149,Micro,2916,2935,2925.4691505725523,0.036574944453939495,0.026759069893642205
Donor_1149,OPC,2916,2935,2925.4691505725523,0.05315330712698684,0.01826929711262362
Donor_1149,Oligo,2916,2935,2925.4691505725523,0.255682789266792,0.024179209240562535
Donor_1149,PC,2916,2935,2925.4691505725523,0.02085113655785336,0.020086143203167272
Donor_1149,PVM,2916,2935,2925.4691505725523,0.0010254657323534439,0.00020808532139959495
Donor_1149,SMC,2916,2935,2925.4691505725523,0.0037600410186292943,0.022739155389237004
Donor_1149,VLMC,2916,2935,2925.4691505725523,0.0064946163049051445,0.016496577950890445
Donor_1155,Adaptive,1347,396,612.0619621342513,0.0005737234652897303,0.031003142471178583
Donor_1155,Astro,1347,396,612.0619621342513,0.14056224899598393,0.006229850729012749
Donor_1155,EN_L2_3_IT,1347,396,612.0619621342513,0.10499139414802065,0.006146286822564324
Donor_1155,EN_L3_5_IT_1,1347,396,612.0619621342513,0.008605851979345954,0.085183616857298
Donor_1155,EN_L3_5_IT_2,1347,396,612.0619621342513,0.03557085484796328,0.016123921674080596
Donor_1155,EN_L3_5_IT_3,1347,396,612.0619621342513,0.043029259896729774,0.09597976823259831
Donor_1155,EN_L5_6_NP,1347,396,612.0619621342513,0.004589787722317842,0.08786684756507583
Donor_1155,EN_L6B,1347,396,612.0619621342513,0.01778542742398164,0.0010638077300819844
Donor_1155,EN_L6_CT,1347,396,612.0619621342513,0.009179575444635685,0.11529128024339105
Donor_1155,EN_L6_IT_1,1347,396,612.0619621342513,0.012621916236374068,0.08786189486558027
Donor_1155,EN_L6_IT_2,1347,396,612.0619621342513,0.0034423407917383822,0.020261088850816775
Donor_1155,Endo,1347,396,612.0619621342513,0.006310958118187034,0.06193013955966355
Donor_1155,IN_ADARB2,1347,396,612.0619621342513,0.009179575444635685,0.05602389577044578
Donor_1155,IN_LAMP5_LHX6,1347,396,612.0619621342513,0.005737234652897304,0.09829479245734918
Donor_1155,IN_LAMP5_RELN,1347,396,612.0619621342513,0.009753298909925417,0.03782792012074131
Donor_1155,IN_PVALB,1347,396,612.0619621342513,0.019506597819850834,0.040748637489376384
Donor_1155,IN_PVALB_CHC,1347,396,612.0619621342513,0.0068846815834767644,0.028703123140148813
Donor_1155,IN_SST,1347,396,612.0619621342513,0.01721170395869191,0.020497216720751103
Donor_1155,IN_VIP,1347,396,612.0619621342513,0.03442340791738382,0.042447939231354065
Donor_1155,Micro,1347,396,612.0619621342513,0.022375215146299483,0.17366798807456568
Donor_1155,OPC,1347,396,612.0619621342513,0.05048766494549627,0.08964807160495958
Donor_1155,Oligo,1347,396,612.0619621342513,0.4354561101549053,0.01608472550671121
Donor_1155,PC,1347,396,612.0619621342513,0.0005737234652897303,0.031003142471178583
Donor_1155,VLMC,1347,396,612.0619621342513,0.0011474469305794606,0.043857654671047415
Donor_1158,Adaptive,1476,2078,1726.0146314012381,0.0039392234102419805,0.015063240173562042
Donor_1158,Astro,1476,2078,1726.0146314012381,0.14378165447383232,0.07192254674964157
Donor_1158,EN_L2_3_IT,1476,2078,1726.0146314012381,0.032076533483398985,0.010883758483335972
Donor_1158,EN_L3_5_IT_1,1476,2078,1726.0146314012381,0.014350028137310074,0.079704924026577
Donor_1158,EN_L3_5_IT_2,1476,2078,1726.0146314012381,0.033202025886325266,0.025909971192812634
Donor_1158,EN_L3_5_IT_3,1476,2078,1726.0146314012381,0.03517163759144626,0.10638820995005742
Donor_1158,EN_L5_6_NP,1476,2078,1726.0146314012381,0.006752954417557681,0.028758768608967172
Donor_1158,EN_L6B,1476,2078,1726.0146314012381,0.019133370849746763,0.00203723505106609
Donor_1158,EN_L6_CT,1476,2078,1726.0146314012381,0.014068655036578503,0.041663425279325615
Donor_1158,EN_L6_IT_1,1476,2078,1726.0146314012381,0.018851997749015192,0.027046323799154413
Donor_1158,EN_L6_IT_2,1476,2078,1726.0146314012381,0.0028137310073157004,0.0033484017933024385
Donor_1158,Endo,1476,2078,1726.0146314012381,0.012661789532920653,0.0032250964613052026
Donor_1158,IN_ADARB2,1476,2078,1726.0146314012381,0.0002813731007315701,0.040395544107919346
Donor_1158,IN_LAMP5_LHX6,1476,2078,1726.0146314012381,0.005627462014631401,0.026238182205290318
Donor_1158,IN_LAMP5_RELN,1476,2078,1726.0146314012381,0.006471581316826111,0.020923894800286752
Donor_1158,IN_PVALB,1476,2078,1726.0146314012381,0.014912774338773213,0.02878833045501433
Donor_1158,IN_PVALB_CHC,1476,2078,1726.0146314012381,0.005346088913899831,0.033515337036475155
Donor_1158,IN_SST,1476,2078,1726.0146314012381,0.016882386043894203,0.01725462178432829
Donor_1158,IN_VIP,1476,2078,1726.0146314012381,0.012943162633652222,0.029687702691900287
Donor_1158,Micro,1476,2078,1726.0146314012381,0.033202025886325266,0.0065075191027881545
Donor_1158,OPC,1476,2078,1726.0146314012381,0.05880697805289814,0.0009894925539343238
Donor_1158,Oligo,1476,2078,1726.0146314012381,0.49577940348902644,0.020325927414102506
Donor_1158,PC,1476,2078,1726.0146314012381,0.0075970737197523916,0.037188746708610665
Donor_1158,PVM,1476,2078,1726.0146314012381,0.0022509848058525606,0.01656638103849731
Donor_1158,SMC,1476,2078,1726.0146314012381,0.0005627462014631402,0.008276191624446538
Donor_1158,VLMC,1476,2078,1726.0146314012381,0.0025323579065841305,0.01700939378531953
Donor_1161,Adaptive,3365,3401,3382.90422701744,0.0002955956251847473,0.00018298942666508615
Donor_1161,Astro,3365,3401,3382.90422701744,0.12296778007685487,0.014786346728884233
Donor_1161,EN_L2_3_IT,3365,3401,3382.90422701744,0.09932013006207509,0.002396206249131727
Donor_1161,EN_L3_5_IT_1,3365,3401,3382.90422701744,0.01995270469997044,0.04710144886187714
Donor_1161,EN_L3_5_IT_2,3365,3401,3382.90422701744,0.05764114691102572,0.025271579771830376
Donor_1161,EN_L3_5_IT_3,3365,3401,3382.90422701744,0.06532663316582915,0.006756915071618592
Donor_1161,EN_L5_6_NP,3365,3401,3382.90422701744,0.017735737511084836,0.003049252826741119
Donor_1161,EN_L5_ET,3365,3401,3382.90422701744,0.0007389890629618681,0.05410095055264716
Donor_1161,EN_L6B,3365,3401,3382.90422701744,0.03399349689624594,0.007791264658502537
Donor_1161,EN_L6_CT,3365,3401,3382.90422701744,0.03901862252438664,0.0143568917195361
Donor_1161,EN_L6_IT_1,3365,3401,3382.90422701744,0.058823529411764705,0.010198337784577835
Donor_1161,EN_L6_IT_2,3365,3401,3382.90422701744,0.015370972509606859,0.03711568431374798
Donor_1161,Endo,3365,3401,3382.90422701744,0.007685486254803429,0.021246126634860737
Donor_1161,IN_ADARB2,3365,3401,3382.90422701744,0.008424475317765297,0.034596052668573435
Donor_1161,IN_LAMP5_LHX6,3365,3401,3382.90422701744,0.013745196571090747,0.019028382426064226
Donor_1161,IN_LAMP5_RELN,3365,3401,3382.90422701744,0.013154005320721253,0.014201206026999504
Donor_1161,IN_PVALB,3365,3401,3382.90422701744,0.04714750221696719,0.023287058087222846
Donor_1161,IN_PVALB_CHC,3365,3401,3382.90422701744,0.006650901566656813,0.01731321879848834
Donor_1161,IN_SST,3365,3401,3382.90422701744,0.030002955956251846,0.013723421927579773
Donor_1161,IN_VIP,3365,3401,3382.90422701744,0.03325450783328407,0.006269555480438652
Donor_1161,Micro,3365,3401,3382.90422701744,0.017144546260715342,0.0031489132269858777
Donor_1161,OPC,3365,3401,3382.90422701744,0.04936446940585279,0.019408123983188797
Donor_1161,Oligo,3365,3401,3382.90422701744,0.22184451670115282,0.02489155603291599
Donor_1161,PC,3365,3401,3382.90422701744,0.010050251256281407,0.03663509258930348
Donor_1161,PVM,3365,3401,3382.90422701744,0.0019213715637008573,0.02071777422446587
Donor_1161,SMC,3365,3401,3382.90422701744,0.0007389890629618681,0.03234481198270892
Donor_1161,VLMC,3365,3401,3382.90422701744,0.007685486254803429,0.007706398575006935
Donor_117,Astro,3237,3210,3223.4434620753836,0.15169846440204746,0.0016466960108568267
Donor_117,EN_L2_3_IT,3237,3210,3223.4434620753836,0.16302156041569724,0.0021822740006422797
Donor_117,EN_L3_5_IT_1,3237,3210,3223.4434620753836,0.020319528462850938,0.02298022311238868
Donor_117,EN_L3_5_IT_2,3237,3210,3223.4434620753836,0.08344966651155576,0.05861407040313588
Donor_117,EN_L3_5_IT_3,3237,3210,3223.4434620753836,0.0787963393826586,0.016267261417324007
Donor_117,EN_L5_6_NP,3237,3210,3223.4434620753836,0.01427020319528463,0.025149066169617904
Donor_117,EN_L5_ET,3237,3210,3223.4434620753836,0.0003102218085931441,0.035379865274291544
Donor_117,EN_L6B,3237,3210,3223.4434620753836,0.02264619202729952,0.01123643617212505
Donor_117,EN_L6_CT,3237,3210,3223.4434620753836,0.01892353032418179,0.010270557836885082
Donor_117,EN_L6_IT_1,3237,3210,3223.4434620753836,0.03024662633783155,0.011200412730854153
Donor_117,EN_L6_IT_2,3237,3210,3223.4434620753836,0.013959981386691484,0.04330344687003515
Donor_117,Endo,3237,3210,3223.4434620753836,0.02125019388863037,0.033500862979603876
Donor_117,IN_ADARB2,3237,3210,3223.4434620753836,0.0054288816503800215,0.028934380873673685
Donor_117,IN_LAMP5_LHX6,3237,3210,3223.4434620753836,0.007445323406235459,0.006492117528614953
Donor_117,IN_LAMP5_RELN,3237,3210,3223.4434620753836,0.010702652396463471,0.02197541417696921
Donor_117,IN_PVALB,3237,3210,3223.4434620753836,0.0421901659686676,0.0013285258001312467
Donor_117,IN_PVALB_CHC,3237,3210,3223.4434620753836,0.008531099736311464,0.01764281096179138
Donor_117,IN_SST,3237,3210,3223.4434620753836,0.02280130293159609,0.0033577779424543005
Donor_117,IN_VIP,3237,3210,3223.4434620753836,0.030867069955017836,0.011060775460973568
Donor_117,Micro,3237,3210,3223.4434620753836,0.013494648673801768,0.00904589017275916
Donor_117,OPC,3237,3210,3223.4434620753836,0.05754614549402823,0.025904650138869122
Donor_117,Oligo,3237,3210,3223.4434620753836,0.16891577477896697,0.043418917291264514
Donor_117,PC,3237,3210,3223.4434620753836,0.008686210640608035,0.02752947218132938
Donor_117,PVM,3237,3210,3223.4434620753836,0.0010857763300760044,0.009696039284286782
Donor_117,SMC,3237,3210,3223.4434620753836,0.002326663564448581,0.04466855814737615
Donor_117,VLMC,3237,3210,3223.4434620753836,0.0010857763300760044,0.009143733249105886
Donor_1172,Adaptive,1723,2938,2172.140742329972,0.007723664449688908,0.007279461914088441
Donor_1172,Astro,1723,2938,2172.140742329972,0.14932417936065223,0.036905595932198734
Donor_1172,EN_L2_3_IT,1723,2938,2172.140742329972,0.2990774511907316,0.03280054679059355
Donor_1172,EN_L3_5_IT_1,1723,2938,2172.140742329972,0.008796395623256811,0.0083205697256963
Donor_1172,EN_L3_5_IT_2,1723,2938,2172.140742329972,0.01909461488950869,0.019510762107061676
Donor_1172,EN_L3_5_IT_3,1723,2938,2172.140742329972,0.014803690195237074,0.019112086277093432
Donor_1172,EN_L5_6_NP,1723,2938,2172.140742329972,0.0027891010512765503,0.01406524299400254
Donor_1172,Endo,1723,2938,2172.140742329972,0.01394550525638275,0.023776364980721457
Donor_1172,IN_ADARB2,1723,2938,2172.140742329972,0.04226560823857541,0.044957122074219265
Donor_1172,IN_LAMP5_LHX6,1723,2938,2172.140742329972,0.0068654795108345846,0.009246405867931635
Donor_1172,IN_LAMP5_RELN,1723,2938,2172.140742329972,0.012872774082814847,0.06387601656704275
Donor_1172,IN_PVALB,1723,2938,2172.140742329972,0.032396481441750696,0.019861392300294337
Donor_1172,IN_PVALB_CHC,1723,2938,2172.140742329972,0.008796395623256811,0.001540141052709621
Donor_1172,IN_SST,1723,2938,2172.140742329972,0.05900021454623471,0.06386198797105576
Donor_1172,IN_VIP,1723,2938,2172.140742329972,0.04677107916756061,0.015639900042203107
Donor_1172,Micro,1723,2938,2172.140742329972,0.0379746835443038,0.03646496445139522
Donor_1172,OPC,1723,2938,2172.140742329972,0.020381892297790173,0.06439263711892838
Donor_1172,Oligo,1723,2938,2172.140742329972,0.14331688478867197,0.01856503953485118
Donor_1172,PC,1723,2938,2172.140742329972,0.0032181935207037118,0.00739771285983185
Donor_1172,PVM,1723,2938,2172.140742329972,0.017592791246513622,0.039834513162836434
Donor_1172,SMC,1723,2938,2172.140742329972,0.017592791246513622,0.018823347657142657
Donor_1172,VLMC,1723,2938,2172.140742329972,0.03540012872774083,0.004954920024834986
Donor_1190,Adaptive,3270,3101,3183.2585151467592,0.00047088369172814315,0.04459282013604884
Donor_1190,Astro,3270,3101,3183.2585151467592,0.12211583738816513,0.02049623102262431
Donor_1190,EN_L2_3_IT,3270,3101,3183.2585151467592,0.21550776958091353,0.02183494841934897
Donor_1190,EN_L3_5_IT_1,3270,3101,3183.2585151467592,0.016951812902213155,0.017363422430923772
Donor_1190,EN_L3_5_IT_2,3270,3101,3183.2585151467592,0.06639460053366818,0.01738631652543671
Donor_1190,EN_L3_5_IT_3,3270,3101,3183.2585151467592,0.07204520483440591,0.020867722806756604
Donor_1190,EN_L5_6_NP,3270,3101,3183.2585151467592,0.013812588290692198,0.0260161428859735
Donor_1190,EN_L5_ET,3270,3101,3183.2585151467592,0.0003139224611520954,0.0009407931974780604
Donor_1190,EN_L6B,3270,3101,3183.2585151467592,0.031235284884633497,0.05006206989628412
Donor_1190,EN_L6_CT,3270,3101,3183.2585151467592,0.01632396797990896,0.003077146932764308
Donor_1190,EN_L6_IT_1,3270,3101,3183.2585151467592,0.05572123685449694,0.018602309000121952
Donor_1190,EN_L6_IT_2,3270,3101,3183.2585151467592,0.006278449223041909,0.0037342926237178557
Donor_1190,Endo,3270,3101,3183.2585151467592,0.01632396797990896,0.03162986413463316
Donor_1190,IN_ADARB2,3270,3101,3183.2585151467592,0.020404959974886203,0.020994085259853818
Donor_1190,IN_LAMP5_LHX6,3270,3101,3183.2585151467592,0.006121487992465861,0.024303929432005624
Donor_1190,IN_LAMP5_RELN,3270,3101,3183.2585151467592,0.014911316904724532,0.02467572642841789
Donor_1190,IN_PVALB,3270,3101,3183.2585151467592,0.048657981478574794,0.02368749843598703
Donor_1190,IN_PVALB_CHC,3270,3101,3183.2585151467592,0.00549364307016167,0.05130480032302927
Donor_1190,IN_SST,3270,3101,3183.2585151467592,0.016010045518756868,0.031800576465233696
Donor_1190,IN_VIP,3270,3101,3183.2585151467592,0.04285041594726103,0.00037495036251038383
Donor_1190,Micro,3270,3101,3183.2585151467592,0.033432742112698165,0.03259177358009759
Donor_1190,OPC,3270,3101,3183.2585151467592,0.03641500549364307,0.03328226689355991
Donor_1190,Oligo,3270,3101,3183.2585151467592,0.12195887615758907,0.043785874303183626
Donor_1190,PC,3270,3101,3183.2585151467592,0.008005022759378434,0.022395491118478206
Donor_1190,PVM,3270,3101,3183.2585151467592,0.004237953225553289,0.011044030938916498
Donor_1190,SMC,3270,3101,3183.2585151467592,0.0034531470726730496,0.003125168743229389
Donor_1190,VLMC,3270,3101,3183.2585151467592,0.004551875686705384,0.0010767956872835896
Donor_1214,Adaptive,4437,4099,4261.308106841612,0.0011715089034676663,0.03015737433846403
Donor_1214,Astro,4437,4099,4261.308106841612,0.06220712277413308,0.029173002563747066
Donor_1214,EN_L2_3_IT,4437,4099,4261.308106841612,0.015112464854732896,0.011333338552364628
Donor_1214,EN_L3_5_IT_1,4437,4099,4261.308106841612,0.0028116213683223993,0.004211759628503789
Donor_1214,EN_L3_5_IT_2,4437,4099,4261.308106841612,0.010660731021555764,0.01508876716248915
Donor_1214,EN_L3_5_IT_3,4437,4099,4261.308106841612,0.013823805060918463,0.01341068867790394
Donor_1214,EN_L5_6_NP,4437,4099,4261.308106841612,0.003163074039362699,0.04150286741537119
Donor_1214,EN_L5_ET,4437,4099,4261.308106841612,0.00023430178069353328,0.029451244845214292
Donor_1214,EN_L6B,4437,4099,4261.308106841612,0.008669165885660732,0.02260576552631721
Donor_1214,EN_L6_CT,4437,4099,4261.308106841612,0.01218369259606373,0.038756260700138406
Donor_1214,EN_L6_IT_1,4437,4099,4261.308106841612,0.007966260543580132,0.03350557289734985
Donor_1214,EN_L6_IT_2,4437,4099,4261.308106841612,0.005857544517338332,0.018513232840757184
Donor_1214,Endo,4437,4099,4261.308106841612,0.0009372071227741331,0.017767524697131904
Donor_1214,IN_ADARB2,4437,4099,4261.308106841612,0.0033973758200562323,0.03286184624853897
Donor_1214,IN_LAMP5_LHX6,4437,4099,4261.308106841612,0.004451733833177133,0.022896097029769892
Donor_1214,IN_LAMP5_RELN,4437,4099,4261.308106841612,0.004686035613870665,0.008302190917235589
Donor_1214,IN_PVALB,4437,4099,4261.308106841612,0.01698687910028116,0.0022853427836935438
Donor_1214,IN_PVALB_CHC,4437,4099,4261.308106841612,0.003163074039362699,0.016427830756816857
Donor_1214,IN_SST,4437,4099,4261.308106841612,0.014878163074039363,0.015562849127190302
Donor_1214,IN_VIP,4437,4099,4261.308106841612,0.013003748828491096,0.021966697035205915
Donor_1214,Micro,4437,4099,4261.308106841612,0.052014995313964384,0.02369228562386182
Donor_1214,OPC,4437,4099,4261.308106841612,0.03772258669165886,0.023710004304147766
Donor_1214,Oligo,4437,4099,4261.308106841612,0.7030224929709465,0.015088246679160306
Donor_1214,PC,4437,4099,4261.308106841612,0.00046860356138706655,0.023403756429742698
Donor_1214,PVM,4437,4099,4261.308106841612,0.0009372071227741331,0.048443817337649284
Donor_1214,SMC,4437,4099,4261.308106841612,0.00011715089034676664,0.022541080260648483
Donor_1214,VLMC,4437,4099,4261.308106841612,0.0003514526710402999,0.03904687144868183
Donor_1217,Adaptive,1661,1142,1353.4513021762398,0.0067784516589368534,0.013344811450186315
Donor_1217,Astro,1661,1142,1353.4513021762398,0.3225115947199429,0.036960991251059686
Donor_1217,EN_L2_3_IT,1661,1142,1353.4513021762398,0.050303246521584015,0.023299730939816656
Donor_1217,EN_L3_5_IT_1,1661,1142,1353.4513021762398,0.01890831252229754,0.038985112946489084
Donor_1217,EN_L3_5_IT_2,1661,1142,1353.4513021762398,0.030324652158401712,0.03990505050567874
Donor_1217,EN_L3_5_IT_3,1661,1142,1353.4513021762398,0.027470567249375667,0.08472392764926835
Donor_1217,EN_L5_6_NP,1661,1142,1353.4513021762398,0.004281127363539065,0.0427545937902277
Donor_1217,EN_L5_ET,1661,1142,1353.4513021762398,0.0010702818408847663,0.03514829088786219
Donor_1217,EN_L6B,1661,1142,1353.4513021762398,0.0049946485907955765,0.006206934734082183
Donor_1217,EN_L6_CT,1661,1142,1353.4513021762398,0.0024973242953977882,0.004383468142141258
Donor_1217,EN_L6_IT_1,1661,1142,1353.4513021762398,0.010346057795219408,0.01730230684513699
Donor_1217,EN_L6_IT_2,1661,1142,1353.4513021762398,0.0067784516589368534,0.03135420311839636
Donor_1217,Endo,1661,1142,1353.4513021762398,0.033535497681056015,0.07963866377867569
Donor_1217,IN_ADARB2,1661,1142,1353.4513021762398,0.0014270424545130217,0.024649074998465942
Donor_1217,IN_LAMP5_LHX6,1661,1142,1353.4513021762398,0.0007135212272565109,0.04509328856745996
Donor_1217,IN_LAMP5_RELN,1661,1142,1353.4513021762398,0.0024973242953977882,0.05483032078519341
Donor_1217,IN_PVALB,1661,1142,1353.4513021762398,0.015340706386014985,0.05433408566288353
Donor_1217,IN_PVALB_CHC,1661,1142,1353.4513021762398,0.0035676061362825543,0.04772926799008708
Donor_1217,IN_SST,1661,1142,1353.4513021762398,0.0067784516589368534,0.013344811450186315
Donor_1217,IN_VIP,1661,1142,1353.4513021762398,0.010702818408847663,0.003196954011391243
Donor_1217,Micro,1661,1142,1353.4513021762398,0.016054227613271493,0.02744065751134241
Donor_1217,OPC,1661,1142,1353.4513021762398,0.08348198358901178,0.0017972524044264858
Donor_1217,Oligo,1661,1142,1353.4513021762398,0.27577595433464147,0.056422194843121616
Donor_1217,PC,1661,1142,1353.4513021762398,0.027827327863003924,0.001987231653777294
Donor_1217,PVM,1661,1142,1353.4513021762398,0.00392436674991081,0.03501831483438567
Donor_1217,SMC,1661,1142,1353.4513021762398,0.023189439885836605,0.004735770553305285
Donor_1217,VLMC,1661,1142,1353.4513021762398,0.008919015340706386,0.06578445645407578
Donor_1225,Adaptive,2534,2355,2441.223154019227,0.00020454080589077522,0.02969364603438913
Donor_1225,Astro,2534,2355,2441.223154019227,0.04663530374309675,0.00844631134162899
Donor_1225,EN_L2_3_IT,2534,2355,2441.223154019227,0.17160973614236041,0.043763651471182975
Donor_1225,EN_L3_5_IT_1,2534,2355,2441.223154019227,0.017590509306606668,0.028507982261670107
Donor_1225,EN_L3_5_IT_2,2534,2355,2441.223154019227,0.06340764982614032,0.01235469175466352
Donor_1225,EN_L3_5_IT_3,2534,2355,2441.223154019227,0.06565759869093885,0.03183219445862599
Donor_1225,EN_L5_6_NP,2534,2355,2441.223154019227,0.011863366741664962,0.053434738328344944
Donor_1225,EN_L6B,2534,2355,2441.223154019227,0.028635712824708528,0.01750171598008988
Donor_1225,EN_L6_CT,2534,2355,2441.223154019227,0.016976886888934343,0.03183216257671927
Donor_1225,EN_L6_IT_1,2534,2355,2441.223154019227,0.03068112088361628,0.0439627575957681
Donor_1225,EN_L6_IT_2,2534,2355,2441.223154019227,0.006136224176723257,0.025710928085049753
Donor_1225,Endo,2534,2355,2441.223154019227,0.0016363264471262017,0.043507504901822945
Donor_1225,IN_ADARB2,2534,2355,2441.223154019227,0.007772550623849458,0.006489656522818818
Donor_1225,IN_LAMP5_LHX6,2534,2355,2441.223154019227,0.011045203518101862,0.02360607095648212
Donor_1225,IN_LAMP5_RELN,2534,2355,2441.223154019227,0.013908774800572715,0.03326481328589291
Donor_1225,IN_PVALB,2534,2355,2441.223154019227,0.03334015136019636,0.04328035873661052
Donor_1225,IN_PVALB_CHC,2534,2355,2441.223154019227,0.007568009817958683,0.007776842855597428
Donor_1225,IN_SST,2534,2355,2441.223154019227,0.01574964205358969,0.007175018511036895
Donor_1225,IN_VIP,2534,2355,2441.223154019227,0.027203927183473104,0.06514092151830529
Donor_1225,Micro,2534,2355,2441.223154019227,0.012681529965228063,0.04294141013977446
Donor_1225,OPC,2534,2355,2441.223154019227,0.057475966455307836,0.033946485420975114
Donor_1225,Oligo,2534,2355,2441.223154019227,0.3505829412967887,0.011371262193696429
Donor_1225,PC,2534,2355,2441.223154019227,0.0008181632235631009,0.05940552487647452
Donor_1225,PVM,2534,2355,2441.223154019227,0.0006136224176723256,0.014724618368645751
Donor_1225,VLMC,2534,2355,2441.223154019227,0.00020454080589077522,0.02969364603438913
Donor_124,Adaptive,4222,4301,4261.133873049395,0.0005866478939340608,0.04801083178781631
Donor_124,Astro,4222,4301,4261.133873049395,0.1400915170714537,0.01830149621402812
Donor_124,EN_L2_3_IT,4222,4301,4261.133873049395,0.1284758887715593,0.01763824220581506
Donor_124,EN_L3_5_IT_1,4222,4301,4261.133873049395,0.018420743869529507,0.05505360948119198
Donor_124,EN_L3_5_IT_2,4222,4301,4261.133873049395,0.058547459814619264,0.059600758251752595
Donor_124,EN_L3_5_IT_3,4222,4301,4261.133873049395,0.06241933591458407,0.02819935109219109
Donor_124,EN_L5_6_NP,4222,4301,4261.133873049395,0.008447729672650475,0.011967937181904855
Donor_124,EN_L6B,4222,4301,4261.133873049395,0.02381790449372287,0.007513133466289224
Donor_124,EN_L6_CT,4222,4301,4261.133873049395,0.013727560718057022,0.024032158766669802
Donor_124,EN_L6_IT_1,4222,4301,4261.133873049395,0.035316203214830456,0.014990233438534558
Donor_124,EN_L6_IT_2,4222,4301,4261.133873049395,0.010794321248386718,0.029858550932241483
Donor_124,Endo,4222,4301,4261.133873049395,0.013492901560483397,0.003934070654425939
Donor_124,IN_ADARB2,4222,4301,4261.133873049395,0.013492901560483397,0.00013412689321691085
Donor_124,IN_LAMP5_LHX6,4222,4301,4261.133873049395,0.005514490202980171,0.00454956512955931
Donor_124,IN_LAMP5_RELN,4222,4301,4261.133873049395,0.007978411357503226,0.03526776095244198
Donor_124,IN_PVALB,4222,4301,4261.133873049395,0.03637216942391177,0.026482875118363215
Donor_124,IN_PVALB_CHC,4222,4301,4261.133873049395,0.007509093042355978,0.0038242344097919865
Donor_124,IN_SST,4222,4301,4261.133873049395,0.026047166490672298,0.032330114778041374
Donor_124,IN_VIP,4222,4301,4261.133873049395,0.03343892995424146,0.015196706443099514
Donor_124,Micro,4222,4301,4261.133873049395,0.027572451014900856,0.021753515652397984
Donor_124,OPC,4222,4301,4261.133873049395,0.03555086237240408,0.020035549049755602
Donor_124,Oligo,4222,4301,4261.133873049395,0.2801830341429074,0.019787322089179493
Donor_124,PC,4222,4301,4261.133873049395,0.008565059251437288,0.009363292601988461
Donor_124,PVM,4222,4301,4261.133873049395,0.0012906253666549337,0.007203121744141345
Donor_124,SMC,4222,4301,4261.133873049395,0.0005866478939340608,0.010141179485640594
Donor_124,VLMC,4222,4301,4261.133873049395,0.0017599436818021823,0.028773292565119256
Donor_1247,Adaptive,1423,1489,1455.2520604395604,0.0010302197802197802,0.022876505164926814
Donor_1247,Astro,1423,1489,1455.2520604395604,0.1346153846153846,0.02191406429077551
Donor_1247,EN_L2_3_IT,1423,1489,1455.2520604395604,0.14423076923076922,0.08700150647759719
Donor_1247,EN_L3_5_IT_1,1423,1489,1455.2520604395604,0.017857142857142856,0.04762593900075759
Donor_1247,EN_L3_5_IT_2,1423,1489,1455.2520604395604,0.05254120879120879,0.026079427877060288
Donor_1247,EN_L3_5_IT_3,1423,1489,1455.2520604395604,0.07142857142857142,0.012578650099903287
Donor_1247,EN_L5_6_NP,1423,1489,1455.2520604395604,0.015453296703296704,0.0001109608225118067
Donor_1247,EN_L5_ET,1423,1489,1455.2520604395604,0.0013736263736263737,0.03878905722701995
Donor_1247,EN_L6B,1423,1489,1455.2520604395604,0.011675824175824176,0.007864297795525048
Donor_1247,EN_L6_CT,1423,1489,1455.2520604395604,0.007554945054945055,0.03570037771285903
Donor_1247,EN_L6_IT_1,1423,1489,1455.2520604395604,0.036057692307692304,0.03457253511139584
Donor_1247,EN_L6_IT_2,1423,1489,1455.2520604395604,0.008241758241758242,0.011066834579776315
Donor_1247,Endo,1423,1489,1455.2520604395604,0.005151098901098901,0.02553403166743109
Donor_1247,IN_ADARB2,1423,1489,1455.2520604395604,0.008928571428571428,0.05413502979247581
Donor_1247,IN_LAMP5_LHX6,1423,1489,1455.2520604395604,0.011332417582417582,0.0016363644454512355
Donor_1247,IN_LAMP5_RELN,1423,1489,1455.2520604395604,0.023695054945054944,0.042631824669021184
Donor_1247,IN_PVALB,1423,1489,1455.2520604395604,0.049107142857142856,0.05164619463137928
Donor_1247,IN_PVALB_CHC,1423,1489,1455.2520604395604,0.009958791208791208,0.08067315909300932
Donor_1247,IN_SST,1423,1489,1455.2520604395604,0.03159340659340659,0.04680828382133576
Donor_1247,IN_VIP,1423,1489,1455.2520604395604,0.03914835164835165,0.033362066742061804
Donor_1247,Micro,1423,1489,1455.2520604395604,0.03296703296703297,0.007020497705530596
Donor_1247,OPC,1423,1489,1455.2520604395604,0.04842032967032967,0.06465247236545059
Donor_1247,Oligo,1423,1489,1455.2520604395604,0.2283653846153846,0.022799532877667658
Donor_1247,PC,1423,1489,1455.2520604395604,0.007211538461538462,0.0769560457048188
Donor_1247,PVM,1423,1489,1455.2520604395604,0.00034340659340659343,0.03624729231462384
Donor_1247,SMC,1423,1489,1455.2520604395604,0.0006868131868131869,0.0011889790874335007
Donor_1247,VLMC,1423,1489,1455.2520604395604,0.0010302197802197802,0.06280373025663831
Donor_1251,Adaptive,2934,2787,2858.6114315679074,0.0008739730816290859,0.06071190652540439
Donor_1251,Astro,2934,2787,2858.6114315679074,0.10854745673833247,0.025816131072668246
Donor_1251,EN_L2_3_IT,2934,2787,2858.6114315679074,0.4151372137738158,0.01137691997320154
Donor_1251,EN_L3_5_IT_1,2934,2787,2858.6114315679074,0.015032337004020277,0.005146754578846099
Donor_1251,EN_L3_5_IT_2,2934,2787,2858.6114315679074,0.03478412864883761,0.03414861613216128
Donor_1251,EN_L3_5_IT_3,2934,2787,2858.6114315679074,0.023772067820311136,0.028716866466624268
Donor_1251,EN_L5_6_NP,2934,2787,2858.6114315679074,0.0006991784653032686,0.025108490225479223
Donor_1251,EN_L6_CT,2934,2787,2858.6114315679074,0.00017479461632581716,0.027141694923534212
Donor_1251,EN_L6_IT_1,2934,2787,2858.6114315679074,0.00017479461632581716,0.027141694923534212
Donor_1251,EN_L6_IT_2,2934,2787,2858.6114315679074,0.00017479461632581716,0.027141694923534212
Donor_1251,Endo,2934,2787,2858.6114315679074,0.0071665792693585036,0.016366817747822088
Donor_1251,IN_ADARB2,2934,2787,2858.6114315679074,0.033210977101905265,0.0017219220616738601
Donor_1251,IN_LAMP5_LHX6,2934,2787,2858.6114315679074,0.0043698654081454295,0.012503668081327824
Donor_1251,IN_LAMP5_RELN,2934,2787,2858.6114315679074,0.02027617549379479,0.002433833878234578
Donor_1251,IN_PVALB,2934,2787,2858.6114315679074,0.03530851249781507,0.03637423478940623
Donor_1251,IN_PVALB_CHC,2934,2787,2858.6114315679074,0.0064674008040552355,0.017671280851704305
Donor_1251,IN_SST,2934,2787,2858.6114315679074,0.023072889355007866,0.03869791772497202
Donor_1251,IN_VIP,2934,2787,2858.6114315679074,0.06677154343646216,0.013755105624517377
Donor_1251,Micro,2934,2787,2858.6114315679074,0.05715783953854221,0.02199757523433402
Donor_1251,OPC,2934,2787,2858.6114315679074,0.050690438734486976,0.01363226805183737
Donor_1251,Oligo,2934,2787,2858.6114315679074,0.07690963118335956,0.020094909017052718
Donor_1251,PC,2934,2787,2858.6114315679074,0.0064674008040552355,0.017671280851704305
Donor_1251,PVM,2934,2787,2858.6114315679074,0.0043698654081454295,0.008710295469465895
Donor_1251,SMC,2934,2787,2858.6114315679074,0.004195070791819612,0.01831183037406741
Donor_1251,VLMC,2934,2787,2858.6114315679074,0.004195070791819612,0.01831183037406741
Donor_1254,Adaptive,3638,3307,3464.6122390208784,0.00014398848092152627,0.025201895073485657
Donor_1254,Astro,3638,3307,3464.6122390208784,0.11187904967602592,0.03116175828236546
Donor_1254,EN_L2_3_IT,3638,3307,3464.6122390208784,0.08524118070554355,0.02045064934331325
Donor_1254,EN_L3_5_IT_1,3638,3307,3464.6122390208784,0.011375089992800576,0.02385677636872999
Donor_1254,EN_L3_5_IT_2,3638,3307,3464.6122390208784,0.044060475161987044,0.027306431210154528
Donor_1254,EN_L3_5_IT_3,3638,3307,3464.6122390208784,0.04866810655147588,0.03770550140307505
Donor_1254,EN_L5_6_NP,3638,3307,3464.6122390208784,0.009359251259899209,0.023686918732377587
Donor_1254,EN_L5_ET,3638,3307,3464.6122390208784,0.00028797696184305253,0.001621491863440334
Donor_1254,EN_L6B,3638,3307,3464.6122390208784,0.017566594672426206,0.017169339568971632
Donor_1254,EN_L6_CT,3638,3307,3464.6122390208784,0.01583873290136789,0.0028727018789603603
Donor_1254,EN_L6_IT_1,3638,3307,3464.6122390208784,0.026349892008639308,0.03914268225916482
Donor_1254,EN_L6_IT_2,3638,3307,3464.6122390208784,0.008351331893448524,0.040484172656317756
Donor_1254,Endo,3638,3307,3464.6122390208784,0.017566594672426206,0.048743689234006675
Donor_1254,IN_ADARB2,3638,3307,3464.6122390208784,0.0037437005039596834,0.03421351881102484
Donor_1254,IN_LAMP5_LHX6,3638,3307,3464.6122390208784,0.005615550755939525,0.026492126892782766
Donor_1254,IN_LAMP5_RELN,3638,3307,3464.6122390208784,0.009503239740820735,0.015307937547208075
Donor_1254,IN_PVALB,3638,3307,3464.6122390208784,0.024910007199424045,0.012509725701777611
Donor_1254,IN_PVALB_CHC,3638,3307,3464.6122390208784,0.0017278617710583153,0.01787410178324947
Donor_1254,IN_SST,3638,3307,3464.6122390208784,0.014974802015838734,0.0022735186633514224
Donor_1254,IN_VIP,3638,3307,3464.6122390208784,0.020158387329013677,0.02191808933929664
Donor_1254,Micro,3638,3307,3464.6122390208784,0.027933765298776097,0.009188979862973658
Donor_1254,OPC,3638,3307,3464.6122390208784,0.02663786897048236,0.010427195535557434
Donor_1254,Oligo,3638,3307,3464.6122390208784,0.4498200143988481,0.045898937894531096
Donor_1254,PC,3638,3307,3464.6122390208784,0.012095032397408207,0.005271851980586844
Donor_1254,PVM,3638,3307,3464.6122390208784,0.0014398848092152627,0.02681983498408714
Donor_1254,SMC,3638,3307,3464.6122390208784,0.0011519078473722101,0.030792260703406824
Donor_1254,VLMC,3638,3307,3464.6122390208784,0.003599712023038157,0.02020061160755403
Donor_1262,Adaptive,3102,1793,2272.4764044943818,0.0006128702757916241,0.03204526145674376
Donor_1262,Astro,3102,1793,2272.4764044943818,0.1734422880490296,0.0417979575878042
Donor_1262,EN_L2_3_IT,3102,1793,2272.4764044943818,0.044535240040858015,0.06036373249673891
Donor_1262,EN_L3_5_IT_1,3102,1793,2272.4764044943818,0.02390194075587334,0.04692404943826754
Donor_1262,EN_L3_5_IT_2,3102,1793,2272.4764044943818,0.07334014300306435,0.028699603205813703
Donor_1262,EN_L3_5_IT_3,3102,1793,2272.4764044943818,0.059856996935648624,0.07670986379449454
Donor_1262,EN_L5_6_NP,3102,1793,2272.4764044943818,0.011235955056179775,0.05966867481395821
Donor_1262,EN_L6B,3102,1793,2272.4764044943818,0.011644535240040858,0.000995512455717573
Donor_1262,EN_L6_CT,3102,1793,2272.4764044943818,0.030847803881511746,0.077929317614823
Donor_1262,EN_L6_IT_1,3102,1793,2272.4764044943818,0.027783452502553627,0.09004751595398196
Donor_1262,EN_L6_IT_2,3102,1793,2272.4764044943818,0.011644535240040858,0.048227047854762645
Donor_1262,Endo,3102,1793,2272.4764044943818,0.010827374872318692,0.013492041611716526
Donor_1262,IN_ADARB2,3102,1793,2272.4764044943818,0.00020429009193054137,0.022556874338572785
Donor_1262,IN_LAMP5_LHX6,3102,1793,2272.4764044943818,0.009193054136874362,0.013987817097240788
Donor_1262,IN_LAMP5_RELN,3102,1793,2272.4764044943818,0.004290091930541369,0.06318316584449063
Donor_1262,IN_PVALB,3102,1793,2272.4764044943818,0.024106230847803882,0.03315177228316043
Donor_1262,IN_PVALB_CHC,3102,1793,2272.4764044943818,0.010418794688457609,0.049239452191076345
Donor_1262,IN_SST,3102,1793,2272.4764044943818,0.018998978549540347,0.02536628643643956
Donor_1262,IN_VIP,3102,1793,2272.4764044943818,0.014096016343207354,0.024443570600299322
Donor_1262,Micro,3102,1793,2272.4764044943818,0.06905005107252299,0.024969572559913042
Donor_1262,OPC,3102,1793,2272.4764044943818,0.05863125638406537,0.08663306764599159
Donor_1262,Oligo,3102,1793,2272.4764044943818,0.30377936670071504,0.056117104194427135
Donor_1262,PC,3102,1793,2272.4764044943818,0.0034729315628192034,0.018355684411672065
Donor_1262,PVM,3102,1793,2272.4764044943818,0.0036772216547497445,0.02316631210887219
Donor_1262,SMC,3102,1793,2272.4764044943818,0.00020429009193054137,0.03902477646305231
Donor_1262,VLMC,3102,1793,2272.4764044943818,0.00020429009193054137,0.03902477646305231
Donor_1266,Adaptive,2790,2869,2828.9485774871882,0.0012369676621311187,0.07138113251497624
Donor_1266,Astro,2790,2869,2828.9485774871882,0.089415091005478,0.03848254476486873
Donor_1266,EN_L2_3_IT,2790,2869,2828.9485774871882,0.16840431171585085,0.011047952369986427
Donor_1266,EN_L3_5_IT_1,2790,2869,2828.9485774871882,0.004064322318430819,0.040676208970909386
Donor_1266,EN_L3_5_IT_2,2790,2869,2828.9485774871882,0.03746244919597102,0.06880096083435758
Donor_1266,EN_L3_5_IT_3,2790,2869,2828.9485774871882,0.07404135006184838,0.0312540813638296
Donor_1266,EN_L5_6_NP,2790,2869,2828.9485774871882,0.009719031631030217,0.022455636565394208
Donor_1266,EN_L6B,2790,2869,2828.9485774871882,0.012546386287329916,0.019026920914603878
Donor_1266,EN_L6_CT,2790,2869,2828.9485774871882,0.010602579961123874,0.009793446188923872
Donor_1266,EN_L6_IT_1,2790,2869,2828.9485774871882,0.02138186958826648,0.012978008909280789
Donor_1266,EN_L6_IT_2,2790,2869,2828.9485774871882,0.007951934970842905,0.014439885226099895
Donor_1266,Endo,2790,2869,2828.9485774871882,0.006891676974730518,0.027583408704391382
Donor_1266,IN_ADARB2,2790,2869,2828.9485774871882,0.0169641279377982,0.0018061720352977855
Donor_1266,IN_LAMP5_LHX6,2790,2869,2828.9485774871882,0.004594451316487012,0.022805494155163395
Donor_1266,IN_LAMP5_RELN,2790,2869,2828.9485774871882,0.012369676621311186,0.009667347716320829
Donor_1266,IN_PVALB,2790,2869,2828.9485774871882,0.03516522353772751,0.046483715745603886
Donor_1266,IN_PVALB_CHC,2790,2869,2828.9485774871882,0.008128644636861637,0.010401543703776784
Donor_1266,IN_SST,2790,2869,2828.9485774871882,0.03799257819402721,0.003695381356715871
Donor_1266,IN_VIP,2790,2869,2828.9485774871882,0.046474642162926315,0.034711447060162416
Donor_1266,Micro,2790,2869,2828.9485774871882,0.055486835129881604,0.031474139603471646
Donor_1266,OPC,2790,2869,2828.9485774871882,0.03039406255522177,0.01152877724071728
Donor_1266,Oligo,2790,2869,2828.9485774871882,0.30128998056193673,0.03790376691344857
Donor_1266,PC,2790,2869,2828.9485774871882,0.003004064322318431,0.04368098342005506
Donor_1266,PVM,2790,2869,2828.9485774871882,0.0019438063262060435,0.04135979235298712
Donor_1266,SMC,2790,2869,2828.9485774871882,0.0007068386640749249,0.05245934173549406
Donor_1266,VLMC,2790,2869,2828.9485774871882,0.0017670966601873123,0.0011749415187364363
Donor_1273,Adaptive,3054,2852,2949.545546901456,0.005079580088046055,0.043046293372100634
Donor_1273,Astro,3054,2852,2949.545546901456,0.0458855401286827,0.0069170447583298674
Donor_1273,EN_L2_3_IT,3054,2852,2949.545546901456,0.03809685066034541,0.0756166503517911
Donor_1273,EN_L3_5_IT_1,3054,2852,2949.545546901456,0.016423975618015577,0.022187177632610158
Donor_1273,EN_L3_5_IT_2,3054,2852,2949.545546901456,0.04944124619031493,0.040641436848897476
Donor_1273,EN_L3_5_IT_3,3054,2852,2949.545546901456,0.05113443955299695,0.014885044700910817
Donor_1273,EN_L5_6_NP,3054,2852,2949.545546901456,0.010328479512360312,0.03046988104531786
Donor_1273,EN_L5_ET,3054,2852,2949.545546901456,0.00016931933626820184,0.025166015452480376
Donor_1273,EN_L6B,3054,2852,2949.545546901456,0.0008465966813410091,0.01365061028930683
Donor_1273,EN_L6_CT,3054,2852,2949.545546901456,0.01303758889265154,0.004882472407419926
Donor_1273,EN_L6_IT_1,3054,2852,2949.545546901456,0.009481882831019302,0.06967133328090708
Donor_1273,EN_L6_IT_2,3054,2852,2949.545546901456,0.0077886894683372844,0.00606773171712186
Donor_1273,Endo,3054,2852,2949.545546901456,0.07009820521503556,0.008179789977222107
Donor_1273,IN_ADARB2,3054,2852,2949.545546901456,0.040975279376904844,0.023470259427518986
Donor_1273,IN_LAMP5_LHX6,3054,2852,2949.545546901456,0.009143244158482899,0.006578713654748544
Donor_1273,IN_LAMP5_RELN,3054,2852,2949.545546901456,0.01388418557399255,0.0034636339252230603
Donor_1273,IN_PVALB,3054,2852,2949.545546901456,0.06298679309177108,0.04566724470932548
Donor_1273,IN_PVALB_CHC,3054,2852,2949.545546901456,0.008804605485946495,0.0008037567000430087
Donor_1273,IN_SST,3054,2852,2949.545546901456,0.043853708093464276,0.04328235773996031
Donor_1273,IN_VIP,3054,2852,2949.545546901456,0.0741618692854724,0.02197063227543045
Donor_1273,Micro,3054,2852,2949.545546901456,0.0924483576024382,0.010915121343501996
Donor_1273,OPC,3054,2852,2949.545546901456,0.08686081950558754,0.04268065595485726
Donor_1273,Oligo,3054,2852,2949.545546901456,0.17558415171012529,0.0708713950270512
Donor_1273,PC,3054,2852,2949.545546901456,0.025397900440230273,0.006183826929718501
Donor_1273,PVM,3054,2852,2949.545546901456,0.0076193701320690825,0.002101966714671951
Donor_1273,SMC,3054,2852,2949.545546901456,0.029122925838130715,0.0037962658008289132
Donor_1273,VLMC,3054,2852,2949.545546901456,0.011344395529969523,0.015073288406719032
Donor_1278,Adaptive,1790,1778,1783.9798206278028,0.0033632286995515697,0.058482528566772655
Donor_1278,Astro,1790,1778,1783.9798206278028,0.07371076233183857,0.02599031834699656
Donor_1278,EN_L2_3_IT,1790,1778,1783.9798206278028,0.01149103139013453,0.07961697324367865
Donor_1278,EN_L3_5_IT_1,1790,1778,1783.9798206278028,0.002802690582959641,0.021562760769976083
Donor_1278,EN_L3_5_IT_2,1790,1778,1783.9798206278028,0.010369955156950673,0.01591137467228253
Donor_1278,EN_L3_5_IT_3,1790,1778,1783.9798206278028,0.007847533632286996,0.03751761076146489
Donor_1278,EN_L5_6_NP,1790,1778,1783.9798206278028,0.0005605381165919282,0.047524484798626025
Donor_1278,EN_L5_ET,1790,1778,1783.9798206278028,0.0002802690582959641,0.03360017461829573
Donor_1278,EN_L6B,1790,1778,1783.9798206278028,0.0016816143497757848,0.0002760704836541289
Donor_1278,EN_L6_CT,1790,1778,1783.9798206278028,0.0036434977578475337,0.009710201809471665
Donor_1278,EN_L6_IT_1,1790,1778,1783.9798206278028,0.0036434977578475337,0.02750354690824573
Donor_1278,EN_L6_IT_2,1790,1778,1783.9798206278028,0.0016816143497757848,0.027085581896288468
Donor_1278,Endo,1790,1778,1783.9798206278028,0.0014013452914798206,0.015236472335695164
Donor_1278,IN_ADARB2,1790,1778,1783.9798206278028,0.01233183856502242,0.05154307338963807
Donor_1278,IN_LAMP5_LHX6,1790,1778,1783.9798206278028,0.008127802690582959,0.08176833417486624
Donor_1278,IN_LAMP5_RELN,1790,1778,1783.9798206278028,0.006446188340807175,0.006462459749918608
Donor_1278,IN_PVALB,1790,1778,1783.9798206278028,0.01569506726457399,0.027908587993773493
Donor_1278,IN_PVALB_CHC,1790,1778,1783.9798206278028,0.004204035874439462,0.025553339709598794
Donor_1278,IN_SST,1790,1778,1783.9798206278028,0.04344170403587444,0.017815120121255107
Donor_1278,IN_VIP,1790,1778,1783.9798206278028,0.029708520179372196,0.0011770115086578252
Donor_1278,Micro,1790,1778,1783.9798206278028,0.024943946188340806,0.011858727734029717
Donor_1278,OPC,1790,1778,1783.9798206278028,0.05353139013452915,0.04073548554855951
Donor_1278,Oligo,1790,1778,1783.9798206278028,0.6664798206278026,0.011891944312362525
Donor_1278,PC,1790,1778,1783.9798206278028,0.009248878923766817,0.028628886806147662
Donor_1278,PVM,1790,1778,1783.9798206278028,0.0011210762331838565,0.03372698680657961
Donor_1278,VLMC,1790,1778,1783.9798206278028,0.002242152466367713,0.04772395079557496
Donor_1318,Adaptive,1353,1742,1523.0539579967688,0.0012924071082390954,0.009187869221172651
Donor_1318,Astro,1353,1742,1523.0539579967688,0.10306946688206785,0.0455511870131642
Donor_1318,EN_L2_3_IT,1353,1742,1523.0539579967688,0.0998384491114701,0.04854014214340513
Donor_1318,EN_L3_5_IT_1,1353,1742,1523.0539579967688,0.01680129240710824,0.017697334731601285
Donor_1318,EN_L3_5_IT_2,1353,1742,1523.0539579967688,0.04006462035541195,0.05495667502794287
Donor_1318,EN_L3_5_IT_3,1353,1742,1523.0539579967688,0.06462035541195477,0.0030373028107027957
Donor_1318,EN_L5_6_NP,1353,1742,1523.0539579967688,0.011954765751211632,0.06252434685114881
Donor_1318,EN_L5_ET,1353,1742,1523.0539579967688,0.002584814216478191,0.012859971842495063
Donor_1318,EN_L6B,1353,1742,1523.0539579967688,0.01518578352180937,0.05955625818440527
Donor_1318,EN_L6_CT,1353,1742,1523.0539579967688,0.0135702746365105,0.02995680930112629
Donor_1318,EN_L6_IT_1,1353,1742,1523.0539579967688,0.024232633279483037,0.0018210611881575992
Donor_1318,EN_L6_IT_2,1353,1742,1523.0539579967688,0.007108239095315024,0.005979622783060434
Donor_1318,Endo,1353,1742,1523.0539579967688,0.018093699515347336,0.05437434770993236
Donor_1318,IN_ADARB2,1353,1742,1523.0539579967688,0.025848142164781908,0.016777984332306498
Donor_1318,IN_LAMP5_LHX6,1353,1742,1523.0539579967688,0.010339256865912763,0.039087287235709256
Donor_1318,IN_LAMP5_RELN,1353,1742,1523.0539579967688,0.03037156704361874,0.022246606365120863
Donor_1318,IN_PVALB,1353,1742,1523.0539579967688,0.06494345718901454,0.03267344829900552
Donor_1318,IN_PVALB_CHC,1353,1742,1523.0539579967688,0.015831987075928918,0.06921392497104267
Donor_1318,IN_SST,1353,1742,1523.0539579967688,0.053634894991922456,0.06742491299889569
Donor_1318,IN_VIP,1353,1742,1523.0539579967688,0.0630048465266559,0.04996802126393296
Donor_1318,Micro,1353,1742,1523.0539579967688,0.021324717285945073,0.046791115553067426
Donor_1318,OPC,1353,1742,1523.0539579967688,0.07172859450726979,0.015515234289424808
Donor_1318,Oligo,1353,1742,1523.0539579967688,0.20323101777059774,0.022935700406508767
Donor_1318,PC,1353,1742,1523.0539579967688,0.010339256865912763,0.00014260840927289087
Donor_1318,SMC,1353,1742,1523.0539579967688,0.002261712439418417,0.0016612690896754528
Donor_1318,VLMC,1353,1742,1523.0539579967688,0.008723747980613893,0.04514161083475028
Donor_133,Adaptive,4159,4208,4183.356519660571,0.002748894466355922,0.022212826372515083
Donor_133,Astro,4159,4208,4183.356519660571,0.1444962352097526,0.014902879561754278
Donor_133,EN_L2_3_IT,4159,4208,4183.356519660571,0.30907135173897454,0.043894404545768914
Donor_133,EN_L3_5_IT_1,4159,4208,4183.356519660571,0.006692960439823115,0.006824939857432467
Donor_133,EN_L3_5_IT_2,4159,4208,4183.356519660571,0.01051750926257918,0.01753822544520398
Donor_133,EN_L3_5_IT_3,4159,4208,4183.356519660571,0.005019720329867336,0.019462585162267742
Donor_133,EN_L5_6_NP,4159,4208,4183.356519660571,0.00011951715071112705,0.02199489628794837
Donor_133,EN_L6_IT_2,4159,4208,4183.356519660571,0.00011951715071112705,0.0217387770108311
Donor_133,Endo,4159,4208,4183.356519660571,0.008844269152623402,0.019318604112489687
Donor_133,IN_ADARB2,4159,4208,4183.356519660571,0.07673001075654357,0.009196822858568994
Donor_133,IN_LAMP5_LHX6,4159,4208,4183.356519660571,0.007529580494801004,0.02037682533517207
Donor_133,IN_LAMP5_RELN,4159,4208,4183.356519660571,0.01577626389386877,0.002353735265781312
Donor_133,IN_PVALB,4159,4208,4183.356519660571,0.03609417951476037,0.02080150789691955
Donor_133,IN_PVALB_CHC,4159,4208,4183.356519660571,0.009083303454045656,0.011199906608354184
Donor_133,IN_SST,4159,4208,4183.356519660571,0.06310505557547508,0.018769486156893535
Donor_133,IN_VIP,4159,4208,4183.356519660571,0.09884068363810207,0.011087732827426984
Donor_133,Micro,4159,4208,4183.356519660571,0.06023664395840803,0.05721914716806882
Donor_133,OPC,4159,4208,4183.356519660571,0.06107326401338592,0.01796087066462574
Donor_133,Oligo,4159,4208,4183.356519660571,0.050077686147962236,0.019129301403262383
Donor_133,PC,4159,4208,4183.356519660571,0.005378271782000717,0.01720292593302905
Donor_133,PVM,4159,4208,4183.356519660571,0.0056173060834229715,0.04245970198947246
Donor_133,SMC,4159,4208,4183.356519660571,0.01171268076969045,0.003168464405949511
Donor_133,VLMC,4159,4208,4183.356519660571,0.011115095016134816,0.008081979603876412
Donor_1332,Adaptive,3842,2765,3215.7196912365675,0.0013621916149538368,0.003938132521092222
Donor_1332,Astro,3842,2765,3215.7196912365675,0.07370970183139094,0.01858310220610101
Donor_1332,EN_L2_3_IT,3842,2765,3215.7196912365675,0.1428787649462691,0.044537330391151736
Donor_1332,EN_L3_5_IT_1,3842,2765,3215.7196912365675,0.019676101104888755,0.02057964436747984
Donor_1332,EN_L3_5_IT_2,3842,2765,3215.7196912365675,0.05161192674436204,0.013232010907902284
Donor_1332,EN_L3_5_IT_3,3842,2765,3215.7196912365675,0.05161192674436204,0.02612406308030137
Donor_1332,EN_L5_6_NP,3842,2765,3215.7196912365675,0.00908127743302558,0.018949485417571205
Donor_1332,EN_L6B,3842,2765,3215.7196912365675,0.01831390948993492,0.026151519641360407
Donor_1332,EN_L6_CT,3842,2765,3215.7196912365675,0.011805660662933253,0.013574043303342451
Donor_1332,EN_L6_IT_1,3842,2765,3215.7196912365675,0.03133040714393825,0.019176547167750704
Donor_1332,EN_L6_IT_2,3842,2765,3215.7196912365675,0.005751475707582866,0.015650014841668138
Donor_1332,Endo,3842,2765,3215.7196912365675,0.009838050552444378,0.007575728901322962
Donor_1332,IN_ADARB2,3842,2765,3215.7196912365675,0.009838050552444378,0.013877232218840378
Donor_1332,IN_LAMP5_LHX6,3842,2765,3215.7196912365675,0.00877856818525806,0.05152050279264365
Donor_1332,IN_LAMP5_RELN,3842,2765,3215.7196912365675,0.010594823671863176,0.022508300366540824
Donor_1332,IN_PVALB,3842,2765,3215.7196912365675,0.037384592099288634,0.020878977324540117
Donor_1332,IN_PVALB_CHC,3842,2765,3215.7196912365675,0.0066596034508854245,0.0044825151623001675
Donor_1332,IN_SST,3842,2765,3215.7196912365675,0.040563039200847584,0.016257692996011597
Donor_1332,IN_VIP,3842,2765,3215.7196912365675,0.0438928409262903,0.025392203772758304
Donor_1332,Micro,3842,2765,3215.7196912365675,0.03950355683366127,0.008852853669536047
Donor_1332,OPC,3842,2765,3215.7196912365675,0.014530043892840926,0.04249274303914066
Donor_1332,Oligo,3842,2765,3215.7196912365675,0.3496291811714848,0.04600852811103547
Donor_1332,PC,3842,2765,3215.7196912365675,0.003481156349326472,0.014515248626158545
Donor_1332,PVM,3842,2765,3215.7196912365675,0.003481156349326472,0.014515248626158545
Donor_1332,SMC,3842,2765,3215.7196912365675,0.0010594823671863176,0.020466071212872465
Donor_1332,VLMC,3842,2765,3215.7196912365675,0.0036325109732102314,0.021129863501210287
Donor_1339,Adaptive,3824,4104,3959.055499495459,0.00012613521695257316,0.0216971084761919
Donor_1339,Astro,3824,4104,3959.055499495459,0.06836528758829465,0.010866917588233058
Donor_1339,EN_L2_3_IT,3824,4104,3959.055499495459,0.0011352169525731585,0.009885192883245159
Donor_1339,EN_L3_5_IT_1,3824,4104,3959.055499495459,0.0002522704339051463,0.0011234516987858108
Donor_1339,EN_L3_5_IT_2,3824,4104,3959.055499495459,0.001639757820383451,0.028347435455542525
Donor_1339,EN_L3_5_IT_3,3824,4104,3959.055499495459,0.00239656912209889,0.022362384013487967
Donor_1339,EN_L5_6_NP,3824,4104,3959.055499495459,0.0010090817356205853,0.01366313528654167
Donor_1339,EN_L6B,3824,4104,3959.055499495459,0.0013874873864783048,0.03656478204898423
Donor_1339,EN_L6_CT,3824,4104,3959.055499495459,0.0030272452068617556,0.005298286203402579
Donor_1339,EN_L6_IT_1,3824,4104,3959.055499495459,0.006685166498486377,0.0027023955902262965
Donor_1339,EN_L6_IT_2,3824,4104,3959.055499495459,0.0013874873864783048,0.009421936348202679
Donor_1339,Endo,3824,4104,3959.055499495459,0.0010090817356205853,0.018158643958964313
Donor_1339,IN_LAMP5_LHX6,3824,4104,3959.055499495459,0.0017658930373360242,0.03312155499784467
Donor_1339,IN_LAMP5_RELN,3824,4104,3959.055499495459,0.0013874873864783048,0.0041494865021880975
Donor_1339,IN_PVALB,3824,4104,3959.055499495459,0.002270433905146317,0.045829612473092154
Donor_1339,IN_PVALB_CHC,3824,4104,3959.055499495459,0.00012613521695257316,0.023285808887628545
Donor_1339,IN_SST,3824,4104,3959.055499495459,0.003910191725529768,0.008478398597910226
Donor_1339,IN_VIP,3824,4104,3959.055499495459,0.0013874873864783048,0.017720909352578876
Donor_1339,Micro,3824,4104,3959.055499495459,0.02030776992936428,0.019136158814439756
Donor_1339,OPC,3824,4104,3959.055499495459,0.029515640766902117,0.005575075996365975
Donor_1339,Oligo,3824,4104,3959.055499495459,0.8500252270433906,0.0007024328927465252
Donor_1339,PC,3824,4104,3959.055499495459,0.0007568113017154389,0.038686353651319394
Donor_1339,VLMC,3824,4104,3959.055499495459,0.00012613521695257316,0.0216971084761919
Donor_1346,Astro,1875,2652,2196.8190854870777,0.14004859730505853,0.02468296335529608
Donor_1346,EN_L2_3_IT,1875,2652,2196.8190854870777,0.1473381930638392,0.10340792395800558
Donor_1346,EN_L3_5_IT_1,1875,2652,2196.8190854870777,0.0066269052352551355,0.027215478326028695
Donor_1346,EN_L3_5_IT_2,1875,2652,2196.8190854870777,0.01855533465871438,0.039069773826256836
Donor_1346,EN_L3_5_IT_3,1875,2652,2196.8190854870777,0.016125469405787497,0.07397897907131594
Donor_1346,Endo,1875,2652,2196.8190854870777,0.013695604152860615,0.033845269514163154
Donor_1346,IN_ADARB2,1875,2652,2196.8190854870777,0.030041970399823283,0.0017530223824694833
Donor_1346,IN_LAMP5_LHX6,1875,2652,2196.8190854870777,0.0024298652529268832,0.010281242647300279
Donor_1346,IN_LAMP5_RELN,1875,2652,2196.8190854870777,0.017009056770488182,0.02740258857279818
Donor_1346,IN_PVALB,1875,2652,2196.8190854870777,0.023415065164568146,0.011458511445987469
Donor_1346,IN_PVALB_CHC,1875,2652,2196.8190854870777,0.007952286282306162,0.01958298187217648
Donor_1346,IN_SST,1875,2652,2196.8190854870777,0.011486635741108902,0.021039454288283306
Donor_1346,IN_VIP,1875,2652,2196.8190854870777,0.062072012370223105,0.0618230038674852
Donor_1346,Micro,1875,2652,2196.8190854870777,0.08902142699359399,0.01945281221774485
Donor_1346,OPC,1875,2652,2196.8190854870777,0.0759885133642589,0.049892543261982295
Donor_1346,Oligo,1875,2652,2196.8190854870777,0.2946763861276784,0.08084038640073934
Donor_1346,PC,1875,2652,2196.8190854870777,0.008614976805831677,0.011359192987291178
Donor_1346,PVM,1875,2652,2196.8190854870777,0.009498564170532362,0.03932901861264332
Donor_1346,SMC,1875,2652,2196.8190854870777,0.0068478020764303075,0.04238785598122067
Donor_1346,VLMC,1875,2652,2196.8190854870777,0.01855533465871438,0.04863268104840622
Donor_1347,Astro,2304,5005,3155.430291421535,0.02708988917772609,0.03675839878892411
Donor_1347,EN_L2_3_IT,2304,5005,3155.430291421535,0.35983034614858395,0.1479733175759504
Donor_1347,EN_L3_5_IT_1,2304,5005,3155.430291421535,0.020249008072239706,0.010558263857922617
Donor_1347,EN_L3_5_IT_2,2304,5005,3155.430291421535,0.0666301819674374,0.02672742365739564
Donor_1347,EN_L3_5_IT_3,2304,5005,3155.430291421535,0.06006293610617047,0.07305190737017182
Donor_1347,EN_L5_6_NP,2304,5005,3155.430291421535,0.005472704884389109,0.02913234709234289
Donor_1347,EN_L5_ET,2304,5005,3155.430291421535,0.00013681762210972773,0.01708262513474974
Donor_1347,EN_L6B,2304,5005,3155.430291421535,0.0004104528663291832,0.02959202420151626
Donor_1347,EN_L6_CT,2304,5005,3155.430291421535,0.00013681762210972773,0.01708262513474974
Donor_1347,EN_L6_IT_1,2304,5005,3155.430291421535,0.0013681762210972772,0.01975854500772686
Donor_1347,EN_L6_IT_2,2304,5005,3155.430291421535,0.0012313585989875496,0.002945102958742972
Donor_1347,Endo,2304,5005,3155.430291421535,0.004651799151730743,0.06783272711656975
Donor_1347,IN_ADARB2,2304,5005,3155.430291421535,0.02667943631139691,0.05321958749483259
Donor_1347,IN_LAMP5_LHX6,2304,5005,3155.430291421535,0.008072239704473936,0.011322198715557156
Donor_1347,IN_LAMP5_RELN,2304,5005,3155.430291421535,0.014776303187850596,0.03128468849450068
Donor_1347,IN_PVALB,2304,5005,3155.430291421535,0.037898481324394585,0.04541469822229245
Donor_1347,IN_PVALB_CHC,2304,5005,3155.430291421535,0.011355862635107402,0.022947237573034768
Donor_1347,IN_SST,2304,5005,3155.430291421535,0.016007661786838146,0.12685355918589258
Donor_1347,IN_VIP,2304,5005,3155.430291421535,0.057600218908195375,0.022550122237553483
Donor_1347,Micro,2304,5005,3155.430291421535,0.050348884936379804,0.06375899832667764
Donor_1347,OPC,2304,5005,3155.430291421535,0.037898481324394585,0.04209537112249612
Donor_1347,Oligo,2304,5005,3155.430291421535,0.18456697222602272,0.06822393904664252
Donor_1347,PC,2304,5005,3155.430291421535,0.0021890819537556437,0.026531632517230647
Donor_1347,PVM,2304,5005,3155.430291421535,0.0019154467095361882,0.037498799437327826
Donor_1347,SMC,2304,5005,3155.430291421535,0.0017786290874264605,0.016515904294416642
Donor_1347,VLMC,2304,5005,3155.430291421535,0.0016418114653167328,0.003401410963925531
Donor_1354,Astro,821,2900,1279.7097554420855,0.20048374092985757,0.017945438874588503
Donor_1354,EN_L2_3_IT,821,2900,1279.7097554420855,0.18220908357968288,0.07856987300286467
Donor_1354,EN_L3_5_IT_1,821,2900,1279.7097554420855,0.025799516259070142,0.057359697597298503
Donor_1354,EN_L3_5_IT_2,821,2900,1279.7097554420855,0.04353668368718087,0.02867134919633275
Donor_1354,EN_L3_5_IT_3,821,2900,1279.7097554420855,0.05052405267401236,0.12501306831831224
Donor_1354,EN_L5_6_NP,821,2900,1279.7097554420855,0.0083310937919914,0.031634529516174556
Donor_1354,EN_L5_ET,821,2900,1279.7097554420855,0.0002687449610319806,0.02103730978406973
Donor_1354,EN_L6B,821,2900,1279.7097554420855,0.0083310937919914,0.002754043177277249
Donor_1354,EN_L6_CT,821,2900,1279.7097554420855,0.011824778285407149,0.004219637925767979
Donor_1354,EN_L6_IT_1,821,2900,1279.7097554420855,0.01209352324643913,0.041876590035520744
Donor_1354,EN_L6_IT_2,821,2900,1279.7097554420855,0.002956194571351787,0.07406766280462174
Donor_1354,Endo,821,2900,1279.7097554420855,0.03628056973931739,0.0567207897103241
Donor_1354,IN_ADARB2,821,2900,1279.7097554420855,0.00806234883095942,0.041607398914242893
Donor_1354,IN_LAMP5_LHX6,821,2900,1279.7097554420855,0.004837409298575652,0.0006416693151752298
Donor_1354,IN_LAMP5_RELN,821,2900,1279.7097554420855,0.007793603869927439,0.02485569766933288
Donor_1354,IN_PVALB,821,2900,1279.7097554420855,0.02445579145391024,0.08015447755858623
Donor_1354,IN_PVALB_CHC,821,2900,1279.7097554420855,0.00429991937651169,0.0843194096622265
Donor_1354,IN_SST,821,2900,1279.7097554420855,0.0034936844934157483,0.05646244514597889
Donor_1354,IN_VIP,821,2900,1279.7097554420855,0.022037086804622415,0.041599198928321285
Donor_1354,Micro,821,2900,1279.7097554420855,0.051599032518140284,0.059081804050820586
Donor_1354,OPC,821,2900,1279.7097554420855,0.05106154259607632,0.03494236944183308
Donor_1354,Oligo,821,2900,1279.7097554420855,0.22144584789035204,0.10842738507388343
Donor_1354,PC,821,2900,1279.7097554420855,0.013705993012631014,0.010046189910589467
Donor_1354,PVM,821,2900,1279.7097554420855,0.002956194571351787,0.016493864330421305
Donor_1354,SMC,821,2900,1279.7097554420855,0.0008062348830959419,0.0736792711700446
Donor_1354,VLMC,821,2900,1279.7097554420855,0.0008062348830959419,0.1287426509699514
Donor_137,Adaptive,2710,2785,2746.9881710646046,0.0003639672429481347,0.03764893500278242
Donor_137,Astro,2710,2785,2746.9881710646046,0.07279344858962693,0.011967175914271792
Donor_137,EN_L2_3_IT,2710,2785,2746.9881710646046,0.07716105550500454,0.005747308010098472
Donor_137,EN_L3_5_IT_1,2710,2785,2746.9881710646046,0.00818926296633303,0.014598826487423994
Donor_137,EN_L3_5_IT_2,2710,2785,2746.9881710646046,0.025477707006369428,0.0002060134311385788
Donor_137,EN_L3_5_IT_3,2710,2785,2746.9881710646046,0.033121019108280254,0.015289302046834466
Donor_137,EN_L5_6_NP,2710,2785,2746.9881710646046,0.00746132848043676,0.04889947596155953
Donor_137,EN_L5_ET,2710,2785,2746.9881710646046,0.00018198362147406734,0.02735609343136741
Donor_137,EN_L6B,2710,2785,2746.9881710646046,0.006005459508644222,0.04028314831265955
Donor_137,EN_L6_CT,2710,2785,2746.9881710646046,0.008007279344858963,0.04329868542992083
Donor_137,EN_L6_IT_1,2710,2785,2746.9881710646046,0.01292083712465878,9.972478698113474e-05
Donor_137,EN_L6_IT_2,2710,2785,2746.9881710646046,0.001637852593266606,0.06412315400036982
Donor_137,Endo,2710,2785,2746.9881710646046,0.003275705186533212,0.03979081796538534
Donor_137,IN_ADARB2,2710,2785,2746.9881710646046,0.002183803457688808,0.0012772795948950261
Donor_137,IN_LAMP5_LHX6,2710,2785,2746.9881710646046,0.003639672429481347,0.02253025480706068
Donor_137,IN_LAMP5_RELN,2710,2785,2746.9881710646046,0.006915377616014558,0.006507270202617663
Donor_137,IN_PVALB,2710,2785,2746.9881710646046,0.018016378525932665,0.015460066422974362
Donor_137,IN_PVALB_CHC,2710,2785,2746.9881710646046,0.003821656050955414,0.031190856708216176
Donor_137,IN_SST,2710,2785,2746.9881710646046,0.01091901728844404,0.00413725708263589
Donor_137,IN_VIP,2710,2785,2746.9881710646046,0.016742493175614194,0.019135386043715386
Donor_137,Micro,2710,2785,2746.9881710646046,0.04385805277525023,0.0030410076229437865
Donor_137,OPC,2710,2785,2746.9881710646046,0.025295723384895358,0.0020799957409493672
Donor_137,Oligo,2710,2785,2746.9881710646046,0.6050955414012739,0.004752840989689808
Donor_137,PC,2710,2785,2746.9881710646046,0.0018198362147406734,0.018248324353292444
Donor_137,PVM,2710,2785,2746.9881710646046,0.002001819836214741,0.02321078895712057
Donor_137,SMC,2710,2785,2746.9881710646046,0.00018198362147406734,0.02735609343136741
Donor_137,VLMC,2710,2785,2746.9881710646046,0.0029117379435850774,0.012036916863889522
Donor_1370,Adaptive,939,436,595.4967272727272,0.0007272727272727272,0.08507909126627415
Donor_1370,Astro,939,436,595.4967272727272,0.33454545454545453,0.16273262067234695
Donor_1370,EN_L2_3_IT,939,436,595.4967272727272,0.02327272727272727,0.0412797487039259
Donor_1370,EN_L3_5_IT_1,939,436,595.4967272727272,0.015272727272727273,0.06411396175031966
Donor_1370,EN_L3_5_IT_2,939,436,595.4967272727272,0.013818181818181818,0.17191129109142939
Donor_1370,EN_L3_5_IT_3,939,436,595.4967272727272,0.005818181818181818,0.064617379592384
Donor_1370,EN_L5_6_NP,939,436,595.4967272727272,0.0007272727272727272,0.03950424259009109
Donor_1370,EN_L6B,939,436,595.4967272727272,0.002909090909090909,0.04562468450154395
Donor_1370,EN_L6_CT,939,436,595.4967272727272,0.0007272727272727272,0.08507909126627415
Donor_1370,EN_L6_IT_1,939,436,595.4967272727272,0.007272727272727273,0.03277095836928102
Donor_1370,Endo,939,436,595.4967272727272,0.0036363636363636364,0.03266639515270196
Donor_1370,IN_ADARB2,939,436,595.4967272727272,0.002181818181818182,0.07548804775887001
Donor_1370,IN_LAMP5_LHX6,939,436,595.4967272727272,0.0007272727272727272,0.08507909126627415
Donor_1370,IN_LAMP5_RELN,939,436,595.4967272727272,0.0036363636363636364,0.13472351789685777
Donor_1370,IN_PVALB,939,436,595.4967272727272,0.008,0.1324049721496517
Donor_1370,IN_PVALB_CHC,939,436,595.4967272727272,0.002181818181818182,0.07548804775887001
Donor_1370,IN_SST,939,436,595.4967272727272,0.005090909090909091,0.13120876446493596
Donor_1370,IN_VIP,939,436,595.4967272727272,0.009454545454545455,0.030464752681170774
Donor_1370,Micro,939,436,595.4967272727272,0.06909090909090909,0.03809169664179053
Donor_1370,OPC,939,436,595.4967272727272,0.09381818181818181,0.04497696478734708
Donor_1370,Oligo,939,436,595.4967272727272,0.3789090909090909,0.015261202534708347
Donor_1370,PC,939,436,595.4967272727272,0.006545454545454545,0.03556084802843392
Donor_1370,PVM,939,436,595.4967272727272,0.002909090909090909,0.10798446699619896
Donor_1370,SMC,939,436,595.4967272727272,0.0014545454545454545,0.05588777696295316
Donor_1370,VLMC,939,436,595.4967272727272,0.007272727272727273,0.006755416856825469
Donor_1382,Adaptive,3440,3506,3472.686438237835,0.0005758710048949035,0.0004562113181818096
Donor_1382,Astro,3440,3506,3472.686438237835,0.1723293982147999,0.035358847730204146
Donor_1382,EN_L2_3_IT,3440,3506,3472.686438237835,0.08868413475381515,0.028510625855640306
Donor_1382,EN_L3_5_IT_1,3440,3506,3472.686438237835,0.010509645839331989,0.010430107242884573
Donor_1382,EN_L3_5_IT_2,3440,3506,3472.686438237835,0.03368845378635186,0.021987515466936634
Donor_1382,EN_L3_5_IT_3,3440,3506,3472.686438237835,0.03656780881082637,0.01290772819897506
Donor_1382,EN_L5_6_NP,3440,3506,3472.686438237835,0.006622516556291391,0.015753011939055764
Donor_1382,EN_L5_ET,3440,3506,3472.686438237835,0.00028793550244745177,0.00032254365744489557
Donor_1382,EN_L6B,3440,3506,3472.686438237835,0.003887129283040599,0.024325764856085143
Donor_1382,EN_L6_CT,3440,3506,3472.686438237835,0.005038871292830406,0.010848220458136817
Donor_1382,EN_L6_IT_1,3440,3506,3472.686438237835,0.006910452058738843,0.01548962600817436
Donor_1382,EN_L6_IT_2,3440,3506,3472.686438237835,0.004319032536711776,0.010034089354246621
Donor_1382,Endo,3440,3506,3472.686438237835,0.0122372588540167,0.010980512915407805
Donor_1382,IN_ADARB2,3440,3506,3472.686438237835,0.006190613302620213,0.0021712593389014473
Donor_1382,IN_LAMP5_LHX6,3440,3506,3472.686438237835,0.005326806795277857,0.04490726980938664
Donor_1382,IN_LAMP5_RELN,3440,3506,3472.686438237835,0.013964871868701411,0.00019219136817064334
Donor_1382,IN_PVALB,3440,3506,3472.686438237835,0.02692196947883674,0.033406418544787514
Donor_1382,IN_PVALB_CHC,3440,3506,3472.686438237835,0.0070544198099625685,0.0018387142570318016
Donor_1382,IN_SST,3440,3506,3472.686438237835,0.013532968615030233,0.022164272848462306
Donor_1382,IN_VIP,3440,3506,3472.686438237835,0.02591419522027066,0.07559806095184386
Donor_1382,Micro,3440,3506,3472.686438237835,0.03239274402533832,0.014863065967754871
Donor_1382,OPC,3440,3506,3472.686438237835,0.021883098186006335,0.001093798109502357
Donor_1382,Oligo,3440,3506,3472.686438237835,0.42887993089547943,0.08302489571861771
Donor_1382,PC,3440,3506,3472.686438237835,0.019291678663979267,0.04872328244042929
Donor_1382,PVM,3440,3506,3472.686438237835,0.0034552260293694214,0.00869561890814202
Donor_1382,SMC,3440,3506,3472.686438237835,0.0017276130146847107,0.0130774534544842
Donor_1382,VLMC,3440,3506,3472.686438237835,0.011805355600345523,0.023405950670765552
Donor_1386,Adaptive,2222,2119,2169.278046533057,0.00046072333563695,0.04398240789472309
Donor_1386,Astro,2222,2119,2169.278046533057,0.06657452199953928,0.03672048468564057
Donor_1386,EN_L2_3_IT,2222,2119,2169.278046533057,0.3436996083851647,0.027758364241508484
Donor_1386,EN_L3_5_IT_1,2222,2119,2169.278046533057,0.01796821008984105,0.02724453483468444
Donor_1386,EN_L3_5_IT_2,2222,2119,2169.278046533057,0.06933886201336098,0.08321788328419881
Donor_1386,EN_L3_5_IT_3,2222,2119,2169.278046533057,0.08684634876756507,0.04247111404966561
Donor_1386,EN_L5_6_NP,2222,2119,2169.278046533057,0.00875374337710205,0.024257057186542745
Donor_1386,EN_L5_ET,2222,2119,2169.278046533057,0.00046072333563695,0.0010193942423844474
Donor_1386,EN_L6B,2222,2119,2169.278046533057,0.0055286800276434,0.04619539065477529
Donor_1386,EN_L6_CT,2222,2119,2169.278046533057,0.0027643400138217,0.03761952495522024
Donor_1386,EN_L6_IT_1,2222,2119,2169.278046533057,0.003916148352914075,0.033927155038683404
Donor_1386,EN_L6_IT_2,2222,2119,2169.278046533057,0.005759041695461875,0.046258080926203635
Donor_1386,Endo,2222,2119,2169.278046533057,0.0119788067265607,0.03912696279486893
Donor_1386,IN_ADARB2,2222,2119,2169.278046533057,0.023727251785302925,0.04677703088414825
Donor_1386,IN_LAMP5_LHX6,2222,2119,2169.278046533057,0.006910850034554251,0.007168071073153099
Donor_1386,IN_LAMP5_RELN,2222,2119,2169.278046533057,0.018428933425478,0.0065059576201800615
Donor_1386,IN_PVALB,2222,2119,2169.278046533057,0.07026030868463487,0.035645611768962304
Donor_1386,IN_PVALB_CHC,2222,2119,2169.278046533057,0.01059663671964985,0.013094534491082308
Donor_1386,IN_SST,2222,2119,2169.278046533057,0.010826998387468326,0.04505762196407959
Donor_1386,IN_VIP,2222,2119,2169.278046533057,0.056668970283344854,0.03222586713107209
Donor_1386,Micro,2222,2119,2169.278046533057,0.04768486523842433,0.03009396417207999
Donor_1386,OPC,2222,2119,2169.278046533057,0.023266528449665976,0.010386195327680904
Donor_1386,Oligo,2222,2119,2169.278046533057,0.08984105044920525,0.03022080110753771
Donor_1386,PC,2222,2119,2169.278046533057,0.009444828380557475,0.018934201929659084
Donor_1386,PVM,2222,2119,2169.278046533057,0.001612531674729325,0.009580758119490685
Donor_1386,SMC,2222,2119,2169.278046533057,0.005298318359824925,0.07331462274638878
Donor_1386,VLMC,2222,2119,2169.278046533057,0.00138217000691085,0.05139875459905871
Donor_1388,Adaptive,1311,1222,1264.9364390051321,0.0011843663639952626,0.025407880603829102
Donor_1388,Astro,1311,1222,1264.9364390051321,0.29451243584682196,0.00036699859044576503
Donor_1388,EN_L2_3_IT,1311,1222,1264.9364390051321,0.0718515594157126,0.06243436367839174
Donor_1388,EN_L3_5_IT_1,1311,1222,1264.9364390051321,0.017765495459928938,0.03242976832944582
Donor_1388,EN_L3_5_IT_2,1311,1222,1264.9364390051321,0.030003947887879984,0.03091048525640106
Donor_1388,EN_L3_5_IT_3,1311,1222,1264.9364390051321,0.0189498618239242,0.013413592154909611
Donor_1388,EN_L5_6_NP,1311,1222,1264.9364390051321,0.0019739439399921043,0.08592686468449127
Donor_1388,EN_L6B,1311,1222,1264.9364390051321,0.0027635215159889457,0.01876301379843309
Donor_1388,EN_L6_CT,1311,1222,1264.9364390051321,0.0043426766679826295,0.007375872949053947
Donor_1388,EN_L6_IT_1,1311,1222,1264.9364390051321,0.0019739439399921043,0.020940278480394026
Donor_1388,Endo,1311,1222,1264.9364390051321,0.03513620213185945,0.11108760995572223
Donor_1388,IN_ADARB2,1311,1222,1264.9364390051321,0.007500986971969996,0.03969509222001357
Donor_1388,IN_LAMP5_LHX6,1311,1222,1264.9364390051321,0.007106198183971575,0.005952351385567788
Donor_1388,IN_LAMP5_RELN,1311,1222,1264.9364390051321,0.01934465061192262,0.05006019019652707
Donor_1388,IN_PVALB,1311,1222,1264.9364390051321,0.018555073035925778,0.015532540435499061
Donor_1388,IN_PVALB_CHC,1311,1222,1264.9364390051321,0.0043426766679826295,0.03142102890781027
Donor_1388,IN_SST,1311,1222,1264.9364390051321,0.009080142123963679,0.0015990674647519396
Donor_1388,IN_VIP,1311,1222,1264.9364390051321,0.04224240031583103,0.01870670289563851
Donor_1388,Micro,1311,1222,1264.9364390051321,0.06277141729174891,0.014949399544553602
Donor_1388,OPC,1311,1222,1264.9364390051321,0.037110146071851556,0.08655819524667094
Donor_1388,Oligo,1311,1222,1264.9364390051321,0.27121989735491514,0.023362558253053414
Donor_1388,PC,1311,1222,1264.9364390051321,0.020134228187919462,0.026970714577683883
Donor_1388,PVM,1311,1222,1264.9364390051321,0.005132254243979471,0.016117056045983666
Donor_1388,SMC,1311,1222,1264.9364390051321,0.00473746545598105,0.018171762013847636
Donor_1388,VLMC,1311,1222,1264.9364390051321,0.010264508487958943,0.024208234725431578
Donor_1389,Adaptive,376,1030,550.896159317212,0.001422475106685633,0.05152043721706477
Donor_1389,Astro,376,1030,550.896159317212,0.05547652916073969,0.03395317624285376
Donor_1389,EN_L2_3_IT,376,1030,550.896159317212,0.012802275960170697,0.07060462140535803
Donor_1389,EN_L3_5_IT_1,376,1030,550.896159317212,0.02631578947368421,0.1336926116967012
Donor_1389,EN_L3_5_IT_2,376,1030,550.896159317212,0.08036984352773827,0.05634078700806445
Donor_1389,EN_L3_5_IT_3,376,1030,550.896159317212,0.10099573257467995,0.07198165503829906
Donor_1389,EN_L5_6_NP,376,1030,550.896159317212,0.015647226173541962,0.08434602299051427
Donor_1389,EN_L6B,376,1030,550.896159317212,0.019203413940256046,0.04707426428582624
Donor_1389,EN_L6_CT,376,1030,550.896159317212,0.04338549075391181,0.012243661602113565
Donor_1389,EN_L6_IT_1,376,1030,550.896159317212,0.05903271692745377,0.01842753625125828
Donor_1389,EN_L6_IT_2,376,1030,550.896159317212,0.014935988620199146,0.011495277951424871
Donor_1389,Endo,376,1030,550.896159317212,0.0007112375533428165,0.036417483645056536
Donor_1389,IN_ADARB2,376,1030,550.896159317212,0.029871977240398292,0.047597195036134465
Donor_1389,IN_LAMP5_LHX6,376,1030,550.896159317212,0.016358463726884778,0.061555523597801566
Donor_1389,IN_LAMP5_RELN,376,1030,550.896159317212,0.029871977240398292,0.10168629557751607
Donor_1389,IN_PVALB,376,1030,550.896159317212,0.08534850640113797,0.07914542259753658
Donor_1389,IN_PVALB_CHC,376,1030,550.896159317212,0.010668563300142247,0.03493541098986837
Donor_1389,IN_SST,376,1030,550.896159317212,0.10455192034139403,0.02003408136440311
Donor_1389,IN_VIP,376,1030,550.896159317212,0.08748221906116643,0.06561736877307234
Donor_1389,Micro,376,1030,550.896159317212,0.07610241820768136,0.022104955444547245
Donor_1389,OPC,376,1030,550.896159317212,0.050497866287339974,0.09969025051066392
Donor_1389,Oligo,376,1030,550.896159317212,0.0689900426742532,0.08680488287079216
Donor_1389,PVM,376,1030,550.896159317212,0.004267425320056899,0.022023959492037254
Donor_1389,SMC,376,1030,550.896159317212,0.0007112375533428165,0.09976065998512827
Donor_1389,VLMC,376,1030,550.896159317212,0.004978662873399715,0.006603510593787369
Donor_1415,Adaptive,2993,2071,2448.0659557661925,0.0039494470774091624,0.0023355555058716857
Donor_1415,Astro,2993,2071,2448.0659557661925,0.10327804107424961,0.015808930443073195
Donor_1415,EN_L2_3_IT,2993,2071,2448.0659557661925,0.07444707740916272,0.008777025266521967
Donor_1415,EN_L3_5_IT_1,2993,2071,2448.0659557661925,0.007898894154818325,0.042834514486211374
Donor_1415,EN_L3_5_IT_2,2993,2071,2448.0659557661925,0.035347551342812006,0.012366817602751564
Donor_1415,EN_L3_5_IT_3,2993,2071,2448.0659557661925,0.03337282780410743,0.009620933220866192
Donor_1415,EN_L5_6_NP,2993,2071,2448.0659557661925,0.006911532385466035,0.012955362362312105
Donor_1415,EN_L5_ET,2993,2071,2448.0659557661925,0.00039494470774091627,0.007486205319838289
Donor_1415,EN_L6B,2993,2071,2448.0659557661925,0.0007898894154818325,0.010589185198203831
Donor_1415,EN_L6_CT,2993,2071,2448.0659557661925,0.01066350710900474,0.03114683001075214
Donor_1415,EN_L6_IT_1,2993,2071,2448.0659557661925,0.008096366508688783,0.0021188969053278816
Donor_1415,EN_L6_IT_2,2993,2071,2448.0659557661925,0.0033570300157977884,0.0006721757041340178
Donor_1415,Endo,2993,2071,2448.0659557661925,0.005726698262243286,0.0015158435497485115
Donor_1415,IN_ADARB2,2993,2071,2448.0659557661925,0.007306477093206951,0.027514885994526186
Donor_1415,IN_LAMP5_LHX6,2993,2071,2448.0659557661925,0.002962085308056872,0.013011580023463462
Donor_1415,IN_LAMP5_RELN,2993,2071,2448.0659557661925,0.008886255924170616,0.0313093112597596
Donor_1415,IN_PVALB,2993,2071,2448.0659557661925,0.024091627172195894,0.02720636539318682
Donor_1415,IN_PVALB_CHC,2993,2071,2448.0659557661925,0.009873617693522907,0.045017504305225504
Donor_1415,IN_SST,2993,2071,2448.0659557661925,0.030213270142180094,0.007501268373031315
Donor_1415,IN_VIP,2993,2071,2448.0659557661925,0.03297788309636651,0.005934482528124102
Donor_1415,Micro,2993,2071,2448.0659557661925,0.0910347551342812,0.00700652492184684
Donor_1415,OPC,2993,2071,2448.0659557661925,0.057464454976303314,0.028052119415718987
Donor_1415,Oligo,2993,2071,2448.0659557661925,0.42575039494470773,0.030945333236500623
Donor_1415,PC,2993,2071,2448.0659557661925,0.004739336492890996,0.009696738433645437
Donor_1415,PVM,2993,2071,2448.0659557661925,0.007898894154818325,0.021767164781454584
Donor_1415,SMC,2993,2071,2448.0659557661925,0.0005924170616113745,0.0076181253431018
Donor_1415,VLMC,2993,2071,2448.0659557661925,0.0019747235387045812,0.03515566727700979
Donor_1420,Astro,3211,3088,3148.299095094459,0.09763454516589935,0.10167074421818519
Donor_1420,EN_L2_3_IT,3211,3088,3148.299095094459,0.13081441498650578,0.0735590888928279
Donor_1420,EN_L3_5_IT_1,3211,3088,3148.299095094459,0.00698523575170662,0.03378697809479397
Donor_1420,EN_L3_5_IT_2,3211,3088,3148.299095094459,0.024130814414986507,0.018562744612476523
Donor_1420,EN_L3_5_IT_3,3211,3088,3148.299095094459,0.05111922527385299,0.005353936969434438
Donor_1420,EN_L5_6_NP,3211,3088,3148.299095094459,0.011589141133513257,0.046221575265943546
Donor_1420,EN_L5_ET,3211,3088,3148.299095094459,0.0015875535799333227,0.06226769085275605
Donor_1420,EN_L6B,3211,3088,3148.299095094459,0.021273217971106526,0.020655544375280936
Donor_1420,EN_L6_CT,3211,3088,3148.299095094459,0.020638196539133197,0.043480338238142825
Donor_1420,EN_L6_IT_1,3211,3088,3148.299095094459,0.02143197332909986,0.040277413154362014
Donor_1420,EN_L6_IT_2,3211,3088,3148.299095094459,0.004762660739799968,0.021156881817366364
Donor_1420,Endo,3211,3088,3148.299095094459,0.007143991109699952,0.02217137013049639
Donor_1420,IN_ADARB2,3211,3088,3148.299095094459,0.016193046515319894,0.020153138916662854
Donor_1420,IN_LAMP5_LHX6,3211,3088,3148.299095094459,0.007937767899666614,0.017981467267945257
Donor_1420,IN_LAMP5_RELN,3211,3088,3148.299095094459,0.007779012541673282,0.02907940002531318
Donor_1420,IN_PVALB,3211,3088,3148.299095094459,0.039212573424353074,0.029166348793808125
Donor_1420,IN_PVALB_CHC,3211,3088,3148.299095094459,0.007937767899666614,0.04661634587261909
Donor_1420,IN_SST,3211,3088,3148.299095094459,0.03238609303063979,0.0035589638637189363
Donor_1420,IN_VIP,3211,3088,3148.299095094459,0.03683124305445309,0.04811384923299947
Donor_1420,Micro,3211,3088,3148.299095094459,0.07001111287505954,0.039350016667512124
Donor_1420,OPC,3211,3088,3148.299095094459,0.05540561993967296,0.044172794062311074
Donor_1420,Oligo,3211,3088,3148.299095094459,0.299095094459438,0.13681119111644832
Donor_1420,PC,3211,3088,3148.299095094459,0.010160342911573266,0.029296524111259936
Donor_1420,PVM,3211,3088,3148.299095094459,0.010001587553579933,0.03118589263423026
Donor_1420,SMC,3211,3088,3148.299095094459,0.0019050642959199872,0.012861586798928768
Donor_1420,VLMC,3211,3088,3148.299095094459,0.006032703603746627,0.021567544032354124
Donor_1423,Astro,1931,1911,1920.9479437792816,0.14081207704320667,0.0027182786520909504
Donor_1423,EN_L2_3_IT,1931,1911,1920.9479437792816,0.04659031754294638,0.024531552449527146
Donor_1423,EN_L3_5_IT_1,1931,1911,1920.9479437792816,0.022123893805309734,0.019262310377535688
Donor_1423,EN_L3_5_IT_2,1931,1911,1920.9479437792816,0.09968766267568975,0.008677491085149685
Donor_1423,EN_L3_5_IT_3,1931,1911,1920.9479437792816,0.08172826652785008,0.014507646609118269
Donor_1423,EN_L5_6_NP,1931,1911,1920.9479437792816,0.014836022904737116,0.003028303363789685
Donor_1423,EN_L5_ET,1931,1911,1920.9479437792816,0.0005205622071837585,0.04588239285572231
Donor_1423,EN_L6B,1931,1911,1920.9479437792816,0.004685059864653826,0.014532406763400745
Donor_1423,EN_L6_CT,1931,1911,1920.9479437792816,0.0052056220718375845,0.015221251774633964
Donor_1423,EN_L6_IT_1,1931,1911,1920.9479437792816,0.01327433628318584,0.06702172147659106
Donor_1423,EN_L6_IT_2,1931,1911,1920.9479437792816,0.006507027589796981,0.0185810951753626
Donor_1423,Endo,1931,1911,1920.9479437792816,0.05049453409682457,0.04514825294725295
Donor_1423,IN_ADARB2,1931,1911,1920.9479437792816,0.03019260801665799,0.04442820554584647
Donor_1423,IN_LAMP5_LHX6,1931,1911,1920.9479437792816,0.00676730869338886,0.013558735812227116
Donor_1423,IN_LAMP5_RELN,1931,1911,1920.9479437792816,0.024206142634044768,0.001747386031594304
Donor_1423,IN_PVALB,1931,1911,1920.9479437792816,0.05752212389380531,0.02269427638775478
Donor_1423,IN_PVALB_CHC,1931,1911,1920.9479437792816,0.01353461738677772,0.019240607248371584
Donor_1423,IN_SST,1931,1911,1920.9479437792816,0.06663196251952108,0.04731704293894072
Donor_1423,IN_VIP,1931,1911,1920.9479437792816,0.06871421134825612,0.023406889744636804
Donor_1423,Micro,1931,1911,1920.9479437792816,0.024206142634044768,0.022070666960106816
Donor_1423,OPC,1931,1911,1920.9479437792816,0.05309734513274336,0.01610767849716312
Donor_1423,Oligo,1931,1911,1920.9479437792816,0.11452368558042686,0.019142012593488553
Donor_1423,PC,1931,1911,1920.9479437792816,0.02316501821967725,0.04659174903343098
Donor_1423,PVM,1931,1911,1920.9479437792816,0.007287870900572618,0.025373261245215665
Donor_1423,SMC,1931,1911,1920.9479437792816,0.01327433628318584,0.01243826542718716
Donor_1423,VLMC,1931,1911,1920.9479437792816,0.010411244143675169,0.0194468061413191
Donor_1449,Astro,2882,2893,2887.4895238095237,0.11636363636363636,0.005097722016272617
Donor_1449,EN_L2_3_IT,2882,2893,2887.4895238095237,0.15913419913419913,0.0556219061119551
Donor_1449,EN_L3_5_IT_1,2882,2893,2887.4895238095237,0.008658008658008658,0.007120320134557202
Donor_1449,EN_L3_5_IT_2,2882,2893,2887.4895238095237,0.03878787878787879,0.027932096121496986
Donor_1449,EN_L3_5_IT_3,2882,2893,2887.4895238095237,0.03896103896103896,0.006136306196627819
Donor_1449,EN_L5_6_NP,2882,2893,2887.4895238095237,0.009177489177489178,0.017792270418805774
Donor_1449,EN_L5_ET,2882,2893,2887.4895238095237,0.0003463203463203463,7.090657154826869e-05
Donor_1449,EN_L6B,2882,2893,2887.4895238095237,0.01090909090909091,0.023738167549345768
Donor_1449,EN_L6_CT,2882,2893,2887.4895238095237,0.010216450216450217,0.03827071506583521
Donor_1449,EN_L6_IT_1,2882,2893,2887.4895238095237,0.01922077922077922,0.058547766213545634
Donor_1449,EN_L6_IT_2,2882,2893,2887.4895238095237,0.0058874458874458874,0.009346915536049752
Donor_1449,Endo,2882,2893,2887.4895238095237,0.00813852813852814,0.01190892840079662
Donor_1449,IN_ADARB2,2882,2893,2887.4895238095237,0.015238095238095238,0.006128180940636973
Donor_1449,IN_LAMP5_LHX6,2882,2893,2887.4895238095237,0.007445887445887446,0.052700560690097514
Donor_1449,IN_LAMP5_RELN,2882,2893,2887.4895238095237,0.01627705627705628,0.0004900312766244981
Donor_1449,IN_PVALB,2882,2893,2887.4895238095237,0.03722943722943723,0.020870961866394654
Donor_1449,IN_PVALB_CHC,2882,2893,2887.4895238095237,0.005367965367965368,0.0050194831072499675
Donor_1449,IN_SST,2882,2893,2887.4895238095237,0.01748917748917749,0.017985456420879075
Donor_1449,IN_VIP,2882,2893,2887.4895238095237,0.03255411255411256,0.04223366712109306
Donor_1449,Micro,2882,2893,2887.4895238095237,0.044675324675324674,0.004176559443633928
Donor_1449,OPC,2882,2893,2887.4895238095237,0.042077922077922075,0.08532308464367597
Donor_1449,Oligo,2882,2893,2887.4895238095237,0.34216450216450217,0.08776849717904844
Donor_1449,PC,2882,2893,2887.4895238095237,0.006406926406926407,0.021397124120466265
Donor_1449,PVM,2882,2893,2887.4895238095237,0.00329004329004329,0.005828886403877068
Donor_1449,SMC,2882,2893,2887.4895238095237,0.00017316017316017316,0.026270308032979247
Donor_1449,VLMC,2882,2893,2887.4895238095237,0.0038095238095238095,0.03349503877614963
Donor_1451,Adaptive,1967,2152,2055.345472201991,0.00024277737314882253,0.0298267788267425
Donor_1451,Astro,1967,2152,2055.345472201991,0.2753095411507647,0.031662081092490274
Donor_1451,EN_L2_3_IT,1967,2152,2055.345472201991,0.13862588006797766,0.0347008255297867
Donor_1451,EN_L3_5_IT_1,1967,2152,2055.345472201991,0.017722748239864045,0.04527779601839601
Donor_1451,EN_L3_5_IT_2,1967,2152,2055.345472201991,0.04976936149550862,0.01836206901240183
Donor_1451,EN_L3_5_IT_3,1967,2152,2055.345472201991,0.051226025734401555,0.04077702720926936
Donor_1451,EN_L5_6_NP,1967,2152,2055.345472201991,0.004127215343529983,0.058917482142610424
Donor_1451,EN_L6_CT,1967,2152,2055.345472201991,0.00048555474629764507,0.04615428169449669
Donor_1451,EN_L6_IT_2,1967,2152,2055.345472201991,0.00048555474629764507,0.04218655766406829
Donor_1451,Endo,1967,2152,2055.345472201991,0.06045156591405681,0.041204925985922944
Donor_1451,IN_ADARB2,1967,2152,2055.345472201991,0.024763292061179897,0.035750002990220305
Donor_1451,IN_LAMP5_LHX6,1967,2152,2055.345472201991,0.003641660597232338,0.0026355128164178548
Donor_1451,IN_LAMP5_RELN,1967,2152,2055.345472201991,0.019664967225054626,0.0678470681859066
Donor_1451,IN_PVALB,1967,2152,2055.345472201991,0.037873270211216316,0.007629637612825728
Donor_1451,IN_PVALB_CHC,1967,2152,2055.345472201991,0.005341102209274096,0.0201049327070445
Donor_1451,IN_SST,1967,2152,2055.345472201991,0.03520271910657927,0.014553178977018513
Donor_1451,IN_VIP,1967,2152,2055.345472201991,0.053411022092740956,0.012725447664729462
Donor_1451,Micro,1967,2152,2055.345472201991,0.006797766448167031,0.0903439458939937
Donor_1451,OPC,1967,2152,2055.345472201991,0.02889050740470988,0.006810812024136759
Donor_1451,Oligo,1967,2152,2055.345472201991,0.14712308812818645,0.07524389538993576
Donor_1451,PC,1967,2152,2055.345472201991,0.026219956300072834,0.0025902462768989678
Donor_1451,PVM,1967,2152,2055.345472201991,0.0009711094925952901,0.059675298609434956
Donor_1451,SMC,1967,2152,2055.345472201991,0.008982762806506433,0.03435278206254682
Donor_1451,VLMC,1967,2152,2055.345472201991,0.002670551104637048,0.023624763198196282
Donor_1467,Astro,352,449,394.62671660424473,0.42946317103620474,0.011989719659609656
Donor_1467,EN_L2_3_IT,352,449,394.62671660424473,0.09363295880149813,0.10366591944255203
Donor_1467,EN_L3_5_IT_1,352,449,394.62671660424473,0.012484394506866416,0.027637388816860953
Donor_1467,EN_L3_5_IT_2,352,449,394.62671660424473,0.0149812734082397,0.07203384003294215
Donor_1467,EN_L3_5_IT_3,352,449,394.62671660424473,0.012484394506866416,0.10929590051698827
Donor_1467,EN_L5_6_NP,352,449,394.62671660424473,0.003745318352059925,0.026413236440090283
Donor_1467,EN_L6B,352,449,394.62671660424473,0.0012484394506866417,0.06307266500338803
Donor_1467,EN_L6_CT,352,449,394.62671660424473,0.0012484394506866417,0.06307266500338803
Donor_1467,EN_L6_IT_1,352,449,394.62671660424473,0.0024968789013732834,0.012297783932422488
Donor_1467,Endo,352,449,394.62671660424473,0.009987515605493134,0.07565607021109853
Donor_1467,IN_ADARB2,352,449,394.62671660424473,0.009987515605493134,0.07565607021109853
Donor_1467,IN_LAMP5_LHX6,352,449,394.62671660424473,0.0024968789013732834,0.08925401946830339
Donor_1467,IN_LAMP5_RELN,352,449,394.62671660424473,0.00749063670411985,0.037424369999650195
Donor_1467,IN_PVALB,352,449,394.62671660424473,0.003745318352059925,0.05655540037760509
Donor_1467,IN_PVALB_CHC,352,449,394.62671660424473,0.004993757802746567,0.05448450960373903
Donor_1467,IN_SST,352,449,394.62671660424473,0.006242197253433208,0.012692847509648894
Donor_1467,IN_VIP,352,449,394.62671660424473,0.026217228464419477,0.13412253693415246
Donor_1467,Micro,352,449,394.62671660424473,0.066167290886392,0.15717799329653487
Donor_1467,OPC,352,449,394.62671660424473,0.12109862671660425,0.08740954769617461
Donor_1467,Oligo,352,449,394.62671660424473,0.149812734082397,0.1315831511428165
Donor_1467,PC,352,449,394.62671660424473,0.0024968789013732834,0.012297783932422488
Donor_1467,SMC,352,449,394.62671660424473,0.00749063670411985,0.02135390523509452
Donor_1467,VLMC,352,449,394.62671660424473,0.009987515605493134,0.026279190073325232
Donor_1475,Adaptive,1846,1927,1885.6305327325736,0.0034455340577789558,0.024625159916468384
Donor_1475,Astro,1846,1927,1885.6305327325736,0.18950437317784258,0.03836270940635802
Donor_1475,EN_L2_3_IT,1846,1927,1885.6305327325736,0.061224489795918366,0.008758012988253744
Donor_1475,EN_L3_5_IT_1,1846,1927,1885.6305327325736,0.008216273522395972,0.001965033753153215
Donor_1475,EN_L3_5_IT_2,1846,1927,1885.6305327325736,0.06016432547044792,0.02258475632039537
Donor_1475,EN_L3_5_IT_3,1846,1927,1885.6305327325736,0.09170421415319374,0.048826845787472685
Donor_1475,EN_L5_6_NP,1846,1927,1885.6305327325736,0.008746355685131196,0.009730629309552609
Donor_1475,EN_L6B,1846,1927,1885.6305327325736,0.01351709514974821,0.00043576580970151744
Donor_1475,EN_L6_CT,1846,1927,1885.6305327325736,0.023058574078982243,0.01013289091277714
Donor_1475,EN_L6_IT_1,1846,1927,1885.6305327325736,0.02279353299761463,0.006560562449879286
Donor_1475,EN_L6_IT_2,1846,1927,1885.6305327325736,0.01749271137026239,0.058992460438185776
Donor_1475,Endo,1846,1927,1885.6305327325736,0.014312218393851047,0.03196613801071986
Donor_1475,IN_ADARB2,1846,1927,1885.6305327325736,0.0018552875695732839,0.035119107955221586
Donor_1475,IN_LAMP5_LHX6,1846,1927,1885.6305327325736,0.012456930824277764,0.009519817508664787
Donor_1475,IN_LAMP5_RELN,1846,1927,1885.6305327325736,0.0058309037900874635,0.003289775223175387
Donor_1475,IN_PVALB,1846,1927,1885.6305327325736,0.03869599787967135,0.003119155034882974
Donor_1475,IN_PVALB_CHC,1846,1927,1885.6305327325736,0.010336602173336868,0.009633464291480208
Donor_1475,IN_SST,1846,1927,1885.6305327325736,0.03843095679830374,0.02175852729999394
Donor_1475,IN_VIP,1846,1927,1885.6305327325736,0.01749271137026239,0.034720872357060964
Donor_1475,Micro,1846,1927,1885.6305327325736,0.049827723297111055,0.058407038150427824
Donor_1475,OPC,1846,1927,1885.6305327325736,0.09223429631592897,0.0009695808410992426
Donor_1475,Oligo,1846,1927,1885.6305327325736,0.18897429101510735,0.06814789303815653
Donor_1475,PC,1846,1927,1885.6305327325736,0.02385369732308508,0.00023580947389865046
Donor_1475,PVM,1846,1927,1885.6305327325736,0.0005300821627352239,0.0009892707051688992
Donor_1475,SMC,1846,1927,1885.6305327325736,0.0015902464882056719,0.028333071833700246
Donor_1475,VLMC,1846,1927,1885.6305327325736,0.0037105751391465678,0.014823021249042771
Donor_191,Adaptive,2020,1970,1994.6867167919797,0.0005012531328320802,0.04535697606089679
Donor_191,Astro,2020,1970,1994.6867167919797,0.02531328320802005,0.04553135105620353
Donor_191,EN_L2_3_IT,2020,1970,1994.6867167919797,0.0002506265664160401,0.032068205011398676
Donor_191,EN_L3_5_IT_3,2020,1970,1994.6867167919797,0.0002506265664160401,0.03127443756062148
Donor_191,EN_L6B,2020,1970,1994.6867167919797,0.006265664160401002,0.017069802237150256
Donor_191,EN_L6_CT,2020,1970,1994.6867167919797,0.0057644110275689225,0.021775298705327517
Donor_191,EN_L6_IT_1,2020,1970,1994.6867167919797,0.0010025062656641604,0.032477303607252754
Donor_191,Endo,2020,1970,1994.6867167919797,0.0040100250626566416,0.001590528182261781
Donor_191,IN_LAMP5_LHX6,2020,1970,1994.6867167919797,0.0007518796992481203,0.017602436390395555
Donor_191,IN_LAMP5_RELN,2020,1970,1994.6867167919797,0.0005012531328320802,0.0005613487136249611
Donor_191,IN_PVALB,2020,1970,1994.6867167919797,0.0005012531328320802,0.0005613487136249611
Donor_191,IN_SST,2020,1970,1994.6867167919797,0.0005012531328320802,0.0005613487136249611
Donor_191,IN_VIP,2020,1970,1994.6867167919797,0.0020050125313283208,0.04595290617124543
Donor_191,Micro,2020,1970,1994.6867167919797,0.0406015037593985,0.03563811514800463
Donor_191,OPC,2020,1970,1994.6867167919797,0.019799498746867168,0.028753198564478805
Donor_191,Oligo,2020,1970,1994.6867167919797,0.8842105263157894,0.06547565106342189
Donor_191,PC,2020,1970,1994.6867167919797,0.004761904761904762,0.00901624095108139
Donor_191,SMC,2020,1970,1994.6867167919797,0.0007518796992481203,0.017602436390395555
Donor_191,VLMC,2020,1970,1994.6867167919797,0.002255639097744361,0.030511280883423336
Donor_198,Astro,570,617,592.56950294861,0.10193765796124685,0.02114471957624719
Donor_198,EN_L2_3_IT,570,617,592.56950294861,0.0016849199663016006,0.0032584749315207216
Donor_198,EN_L3_5_IT_1,570,617,592.56950294861,0.0008424599831508003,0.060469101948512426
Donor_198,EN_L3_5_IT_3,570,617,592.56950294861,0.003369839932603201,0.06285176253789519
Donor_198,EN_L6_CT,570,617,592.56950294861,0.002527379949452401,0.0296180123285366
Donor_198,EN_L6_IT_1,570,617,592.56950294861,0.0016849199663016006,0.0032584749315207216
Donor_198,EN_L6_IT_2,570,617,592.56950294861,0.0008424599831508003,0.060469101948512426
Donor_198,Endo,570,617,592.56950294861,0.0016849199663016006,0.08555229926588441
Donor_198,IN_LAMP5_LHX6,570,617,592.56950294861,0.002527379949452401,0.0376029831475111
Donor_198,IN_LAMP5_RELN,570,617,592.56950294861,0.0016849199663016006,0.07903534940284297
Donor_198,IN_PVALB,570,617,592.56950294861,0.007582139848357203,0.012521609687421782
Donor_198,IN_PVALB_CHC,570,617,592.56950294861,0.0016849199663016006,0.0032584749315207216
Donor_198,IN_SST,570,617,592.56950294861,0.012636899747262006,0.09678172898254092
Donor_198,IN_VIP,570,617,592.56950294861,0.005054759898904802,0.08953211591786212
Donor_198,Micro,570,617,592.56950294861,0.21482729570345407,0.0620326968699269
Donor_198,OPC,570,617,592.56950294861,0.13310867733782644,0.06827865078698732
Donor_198,Oligo,570,617,592.56950294861,0.4970513900589722,0.004595035686861805
Donor_198,PC,570,617,592.56950294861,0.003369839932603201,0.05362761627940629
Donor_198,PVM,570,617,592.56950294861,0.003369839932603201,0.00461207312924446
Donor_198,VLMC,570,617,592.56950294861,0.002527379949452401,0.0376029831475111
Donor_201,Astro,1982,2098,2038.350980392157,0.03553921568627451,0.00232513241413314
Donor_201,EN_L2_3_IT,1982,2098,2038.350980392157,0.33259803921568626,0.02126150472475188
Donor_201,EN_L3_5_IT_1,1982,2098,2038.350980392157,0.022794117647058822,0.00540442501187158
Donor_201,EN_L3_5_IT_2,1982,2098,2038.350980392157,0.05784313725490196,0.04053873081088239
Donor_201,EN_L3_5_IT_3,1982,2098,2038.350980392157,0.0661764705882353,0.0006384848469815125
Donor_201,EN_L5_6_NP,1982,2098,2038.350980392157,0.00784313725490196,0.0060630419193118045
Donor_201,EN_L5_ET,1982,2098,2038.350980392157,0.001715686274509804,0.009495041259073998
Donor_201,EN_L6B,1982,2098,2038.350980392157,0.016666666666666666,0.01507325445275541
Donor_201,EN_L6_CT,1982,2098,2038.350980392157,0.004901960784313725,0.010054393214111782
Donor_201,EN_L6_IT_1,1982,2098,2038.350980392157,0.01764705882352941,0.022531768742076783
Donor_201,EN_L6_IT_2,1982,2098,2038.350980392157,0.009558823529411765,0.0005486902901368459
Donor_201,Endo,1982,2098,2038.350980392157,0.019852941176470587,0.009485350940793863
Donor_201,IN_ADARB2,1982,2098,2038.350980392157,0.00784313725490196,0.017185888605819075
Donor_201,IN_LAMP5_LHX6,1982,2098,2038.350980392157,0.006372549019607843,0.02921858127248707
Donor_201,IN_LAMP5_RELN,1982,2098,2038.350980392157,0.015931372549019607,0.0033227500949257844
Donor_201,IN_PVALB,1982,2098,2038.350980392157,0.06470588235294118,0.046876114698072034
Donor_201,IN_PVALB_CHC,1982,2098,2038.350980392157,0.004411764705882353,0.04820295735140106
Donor_201,IN_SST,1982,2098,2038.350980392157,0.024019607843137256,0.010297369772690976
Donor_201,IN_VIP,1982,2098,2038.350980392157,0.0428921568627451,0.03383909213926487
Donor_201,Micro,1982,2098,2038.350980392157,0.01715686274509804,0.045298755993525924
Donor_201,OPC,1982,2098,2038.350980392157,0.04975490196078431,0.0072841157090710006
Donor_201,Oligo,1982,2098,2038.350980392157,0.153921568627451,0.03554317794299413
Donor_201,PC,1982,2098,2038.350980392157,0.010784313725490196,0.034441020415343096
Donor_201,PVM,1982,2098,2038.350980392157,0.00196078431372549,0.01965760357972138
Donor_201,SMC,1982,2098,2038.350980392157,0.0012254901960784314,0.012029297593746432
Donor_201,VLMC,1982,2098,2038.350980392157,0.0058823529411764705,0.030039365065082695
Donor_223,Adaptive,1840,1895,1867.0950468540832,0.0002677376171352075,0.033218928994832406
Donor_223,Astro,1840,1895,1867.0950468540832,0.2859437751004016,0.026400221051930614
Donor_223,EN_L2_3_IT,1840,1895,1867.0950468540832,0.20535475234270414,0.0003904780519907414
Donor_223,EN_L3_5_IT_1,1840,1895,1867.0950468540832,0.01606425702811245,0.0378447515074553
Donor_223,EN_L3_5_IT_2,1840,1895,1867.0950468540832,0.0050870147255689425,0.005422145907109545
Donor_223,EN_L3_5_IT_3,1840,1895,1867.0950468540832,0.023293172690763052,0.022303578025125476
Donor_223,EN_L5_6_NP,1840,1895,1867.0950468540832,0.0002677376171352075,0.033218928994832406
Donor_223,EN_L6B,1840,1895,1867.0950468540832,0.000535475234270415,0.04698495183728345
Donor_223,EN_L6_IT_1,1840,1895,1867.0950468540832,0.000535475234270415,0.0006818396704618981
Donor_223,Endo,1840,1895,1867.0950468540832,0.060508701472556894,0.007475819347283555
Donor_223,IN_ADARB2,1840,1895,1867.0950468540832,0.004551539491298527,0.05370655128234452
Donor_223,IN_LAMP5_LHX6,1840,1895,1867.0950468540832,0.0050870147255689425,0.020479183054361732
Donor_223,IN_LAMP5_RELN,1840,1895,1867.0950468540832,0.01285140562248996,0.025169990695054732
Donor_223,IN_PVALB,1840,1895,1867.0950468540832,0.02597054886211513,0.04570236241493855
Donor_223,IN_PVALB_CHC,1840,1895,1867.0950468540832,0.0013386880856760374,0.04502316725618546
Donor_223,IN_SST,1840,1895,1867.0950468540832,0.001606425702811245,0.0011816141856558734
Donor_223,IN_VIP,1840,1895,1867.0950468540832,0.035609103078982594,0.04323292005445698
Donor_223,Micro,1840,1895,1867.0950468540832,0.059170013386880854,0.049362772351665106
Donor_223,OPC,1840,1895,1867.0950468540832,0.03319946452476573,0.005458751962138091
Donor_223,Oligo,1840,1895,1867.0950468540832,0.13440428380187416,0.026078382048806605
Donor_223,PC,1840,1895,1867.0950468540832,0.03400267737617135,0.04394447938197474
Donor_223,PVM,1840,1895,1867.0950468540832,0.011244979919678716,0.003141457973157649
Donor_223,SMC,1840,1895,1867.0950468540832,0.024899598393574297,0.005604532872585404
Donor_223,VLMC,1840,1895,1867.0950468540832,0.01820615796519411,0.1322043743515103
Donor_228,Adaptive,721,788,753.012591119947,0.0006626905235255136,0.049313105314754344
Donor_228,Astro,721,788,753.012591119947,0.3750828363154407,0.09087649863061116
Donor_228,EN_L2_3_IT,721,788,753.012591119947,0.015241882041086813,0.02190908692936971
Donor_228,EN_L3_5_IT_1,721,788,753.012591119947,0.013253810470510271,0.03613794923144009
Donor_228,EN_L3_5_IT_2,721,788,753.012591119947,0.041749502982107355,0.05176928713214698
Donor_228,EN_L3_5_IT_3,721,788,753.012591119947,0.021206096752816435,0.09751563299393269
Donor_228,EN_L5_6_NP,721,788,753.012591119947,0.004638833664678595,0.025617695714564955
Donor_228,EN_L6B,721,788,753.012591119947,0.0033134526176275677,0.01797864423181658
Donor_228,EN_L6_CT,721,788,753.012591119947,0.00728959575878065,0.007986616167572905
Donor_228,EN_L6_IT_1,721,788,753.012591119947,0.0066269052352551355,0.025468011544445793
Donor_228,EN_L6_IT_2,721,788,753.012591119947,0.005964214711729622,0.058633827199486496
Donor_228,Endo,721,788,753.012591119947,0.015241882041086813,0.02190908692936971
Donor_228,IN_ADARB2,721,788,753.012591119947,0.0013253810470510272,0.0032413873753000064
Donor_228,IN_LAMP5_LHX6,721,788,753.012591119947,0.0013253810470510272,0.06976239694302394
Donor_228,IN_LAMP5_RELN,721,788,753.012591119947,0.0033134526176275677,0.01797864423181658
Donor_228,IN_PVALB,721,788,753.012591119947,0.013916500994035786,0.11413046866617417
Donor_228,IN_PVALB_CHC,721,788,753.012591119947,0.0033134526176275677,0.12067437525273819
Donor_228,IN_SST,721,788,753.012591119947,0.005964214711729622,0.010355213926459017
Donor_228,IN_VIP,721,788,753.012591119947,0.009940357852882704,0.08478984860520908
Donor_228,Micro,721,788,753.012591119947,0.07024519549370443,0.003670905447825142
Donor_228,OPC,721,788,753.012591119947,0.13055003313452618,0.04041514935121958
Donor_228,Oligo,721,788,753.012591119947,0.23658051689860835,0.022339752231741193
Donor_228,PC,721,788,753.012591119947,0.005964214711729622,0.04484973448943178
Donor_228,PVM,721,788,753.012591119947,0.0013253810470510272,0.06976239694302394
Donor_228,SMC,721,788,753.012591119947,0.0026507620941020544,0.004587058832283363
Donor_228,VLMC,721,788,753.012591119947,0.0033134526176275677,0.07445670209121995
Donor_23,Adaptive,1423,1545,1481.4925876010782,0.003706199460916442,0.02830187348703254
Donor_23,Astro,1423,1545,1481.4925876010782,0.16172506738544473,0.05083650122228398
Donor_23,EN_L2_3_IT,1423,1545,1481.4925876010782,0.32075471698113206,0.06199164103084574
Donor_23,EN_L3_5_IT_1,1423,1545,1481.4925876010782,0.007412398921832884,0.024360925967132328
Donor_23,EN_L3_5_IT_2,1423,1545,1481.4925876010782,0.011455525606469003,0.0418792055600317
Donor_23,EN_L3_5_IT_3,1423,1545,1481.4925876010782,0.00977088948787062,0.11111365105295724
Donor_23,EN_L5_6_NP,1423,1545,1481.4925876010782,0.00033692722371967657,0.03829130990588133
Donor_23,Endo,1423,1545,1481.4925876010782,0.006064690026954178,0.07598418826855725
Donor_23,IN_ADARB2,1423,1545,1481.4925876010782,0.05491913746630728,0.03051657018344773
Donor_23,IN_LAMP5_LHX6,1423,1545,1481.4925876010782,0.007075471698113208,0.04721717134823539
Donor_23,IN_LAMP5_RELN,1423,1545,1481.4925876010782,0.020889487870619946,0.016290200782094037
Donor_23,IN_PVALB,1423,1545,1481.4925876010782,0.02055256064690027,0.04523132528578088
Donor_23,IN_PVALB_CHC,1423,1545,1481.4925876010782,0.01179245283018868,0.07229059684211343
Donor_23,IN_SST,1423,1545,1481.4925876010782,0.0023584905660377358,0.01791937987054259
Donor_23,IN_VIP,1423,1545,1481.4925876010782,0.11590296495956873,0.10513665186704764
Donor_23,Micro,1423,1545,1481.4925876010782,0.016846361185983826,0.04224896928889398
Donor_23,OPC,1423,1545,1481.4925876010782,0.06233153638814016,0.0038964413567124452
Donor_23,Oligo,1423,1545,1481.4925876010782,0.1408355795148248,0.076031249124721
Donor_23,PC,1423,1545,1481.4925876010782,0.014150943396226415,0.08987364220040152
Donor_23,PVM,1423,1545,1481.4925876010782,0.004043126684636119,0.016027267079089712
Donor_23,SMC,1423,1545,1481.4925876010782,0.004043126684636119,0.016027267079089712
Donor_23,VLMC,1423,1545,1481.4925876010782,0.003032345013477089,0.016817992485671104
Donor_250,Adaptive,1325,1373,1348.5730170496663,0.001111934766493699,0.023437408826483867
Donor_250,Astro,1325,1373,1348.5730170496663,0.23647146034099334,0.03725926009756687
Donor_250,EN_L2_3_IT,1325,1373,1348.5730170496663,0.13232023721275019,0.04518807883128049
Donor_250,EN_L3_5_IT_1,1325,1373,1348.5730170496663,0.021868050407709415,0.07073044185692257
Donor_250,EN_L3_5_IT_2,1325,1373,1348.5730170496663,0.048183839881393624,0.02661736747035415
Donor_250,EN_L3_5_IT_3,1325,1373,1348.5730170496663,0.03150481838398814,0.02329614772005264
Donor_250,EN_L5_6_NP,1325,1373,1348.5730170496663,0.005189028910303929,0.023212174816921033
Donor_250,EN_L6B,1325,1373,1348.5730170496663,0.01111934766493699,0.02451187269104451
Donor_250,EN_L6_CT,1325,1373,1348.5730170496663,0.01223128243143069,0.010706970854963386
Donor_250,EN_L6_IT_1,1325,1373,1348.5730170496663,0.018532246108228317,0.017102004516663553
Donor_250,EN_L6_IT_2,1325,1373,1348.5730170496663,0.004447739065974796,0.06924039856756417
Donor_250,Endo,1325,1373,1348.5730170496663,0.009266123054114159,0.03525396210409823
Donor_250,IN_ADARB2,1325,1373,1348.5730170496663,0.004818383988139363,0.03460179092622502
Donor_250,IN_LAMP5_LHX6,1325,1373,1348.5730170496663,0.007412898443291327,0.02036522152465452
Donor_250,IN_LAMP5_RELN,1325,1373,1348.5730170496663,0.020385470719051148,0.010607443848227314
Donor_250,IN_PVALB,1325,1373,1348.5730170496663,0.02223869532987398,0.024804204631429533
Donor_250,IN_PVALB_CHC,1325,1373,1348.5730170496663,0.010748702742772424,0.04662741837660137
Donor_250,IN_SST,1325,1373,1348.5730170496663,0.02446256486286138,0.0711656819304412
Donor_250,IN_VIP,1325,1373,1348.5730170496663,0.055967383246849516,0.06350846226705927
Donor_250,Micro,1325,1373,1348.5730170496663,0.048554484803558194,0.02990936369849187
Donor_250,OPC,1325,1373,1348.5730170496663,0.06375092661230541,0.021428610948580958
Donor_250,Oligo,1325,1373,1348.5730170496663,0.18865826538176428,0.056965388374648145
Donor_250,PC,1325,1373,1348.5730170496663,0.005930318754633061,0.022064738568354565
Donor_250,PVM,1325,1373,1348.5730170496663,0.01111934766493699,0.02451187269104451
Donor_250,SMC,1325,1373,1348.5730170496663,0.0007412898443291327,0.0009694419873141147
Donor_250,VLMC,1325,1373,1348.5730170496663,0.0029651593773165306,0.029216772513904945
Donor_260,Astro,991,1605,1225.3890600924499,0.20647149460708783,0.0831172517235364
Donor_260,EN_L2_3_IT,991,1605,1225.3890600924499,0.15677966101694915,0.04654387805103896
Donor_260,EN_L3_5_IT_1,991,1605,1225.3890600924499,0.010015408320493066,0.0012249108771706647
Donor_260,EN_L3_5_IT_2,991,1605,1225.3890600924499,0.028505392912172575,0.061287512239141605
Donor_260,EN_L3_5_IT_3,991,1605,1225.3890600924499,0.02465331278890601,0.03756061595422709
Donor_260,EN_L5_6_NP,991,1605,1225.3890600924499,0.0007704160246533128,0.07273794808875594
Donor_260,Endo,991,1605,1225.3890600924499,0.018875192604006163,0.05150855895358136
Donor_260,IN_ADARB2,991,1605,1225.3890600924499,0.07318952234206472,0.028006848753087583
Donor_260,IN_LAMP5_LHX6,991,1605,1225.3890600924499,0.008859784283513097,0.003830965968397672
Donor_260,IN_LAMP5_RELN,991,1605,1225.3890600924499,0.02426810477657935,0.03234660999274137
Donor_260,IN_PVALB,991,1605,1225.3890600924499,0.05161787365177196,0.10440525687954895
Donor_260,IN_PVALB_CHC,991,1605,1225.3890600924499,0.017334360554699536,0.06029686921789325
Donor_260,IN_SST,991,1605,1225.3890600924499,0.04160246533127889,0.030831193430028526
Donor_260,IN_VIP,991,1605,1225.3890600924499,0.11710323574730354,0.04035725244129775
Donor_260,Micro,991,1605,1225.3890600924499,0.04352850539291217,0.0010938474745169852
Donor_260,OPC,991,1605,1225.3890600924499,0.038906009244992296,0.030012956999055464
Donor_260,Oligo,991,1605,1225.3890600924499,0.11517719568567027,0.05552011879764503
Donor_260,PC,991,1605,1225.3890600924499,0.0034668721109399076,0.12674132039335598
Donor_260,PVM,991,1605,1225.3890600924499,0.001926040061633282,0.04062411030576987
Donor_260,SMC,991,1605,1225.3890600924499,0.0015408320493066256,0.10290667137348791
Donor_260,VLMC,991,1605,1225.3890600924499,0.015408320493066256,0.11568635507921392
Donor_270,Astro,2583,2423,2500.4430683180185,0.22672792648821413,0.0331656298471565
Donor_270,EN_L2_3_IT,2583,2423,2500.4430683180185,0.10846983619656413,0.03903851059509115
Donor_270,EN_L3_5_IT_1,2583,2423,2500.4430683180185,0.004794246903715541,0.004441265858156223
Donor_270,EN_L3_5_IT_2,2583,2423,2500.4430683180185,0.033359968038353977,0.027476937995514723
Donor_270,EN_L3_5_IT_3,2583,2423,2500.4430683180185,0.04334798242109469,0.02736841626446217
Donor_270,EN_L5_6_NP,2583,2423,2500.4430683180185,0.005793048341989612,0.020693766325144126
Donor_270,EN_L6B,2583,2423,2500.4430683180185,0.005393527766679984,0.010172448391507
Donor_270,EN_L6_CT,2583,2423,2500.4430683180185,0.012185377546943668,0.03262363620587139
Donor_270,EN_L6_IT_1,2583,2423,2500.4430683180185,0.0067918497802636835,0.12215530222405901
Donor_270,EN_L6_IT_2,2583,2423,2500.4430683180185,0.001997602876548142,0.020776808724985704
Donor_270,Endo,2583,2423,2500.4430683180185,0.03535757091490212,0.041886852291055925
Donor_270,IN_ADARB2,2583,2423,2500.4430683180185,0.02936476228525769,0.004023203616666695
Donor_270,IN_LAMP5_LHX6,2583,2423,2500.4430683180185,0.009788254095085897,0.04644724725181971
Donor_270,IN_LAMP5_RELN,2583,2423,2500.4430683180185,0.028765481422293248,0.04450982924291663
Donor_270,IN_PVALB,2583,2423,2500.4430683180185,0.046544147023571715,0.0029481792683212875
Donor_270,IN_PVALB_CHC,2583,2423,2500.4430683180185,0.011186576108669596,0.006806038884442007
Donor_270,IN_SST,2583,2423,2500.4430683180185,0.030962844586496206,0.009129250181783427
Donor_270,IN_VIP,2583,2423,2500.4430683180185,0.0745105872952457,0.0016422162435021479
Donor_270,Micro,2583,2423,2500.4430683180185,0.046544147023571715,0.05230799671720528
Donor_270,OPC,2583,2423,2500.4430683180185,0.07810627247303237,0.01117345186318129
Donor_270,Oligo,2583,2423,2500.4430683180185,0.12664802237315223,0.07183359598869131
Donor_270,PC,2583,2423,2500.4430683180185,0.020175789053136238,0.0334841499120654
Donor_270,PVM,2583,2423,2500.4430683180185,0.0037954454654414702,0.015562195020703476
Donor_270,SMC,2583,2423,2500.4430683180185,0.002796644027167399,0.04882715610467409
Donor_270,VLMC,2583,2423,2500.4430683180185,0.006592089492608869,0.14853218444383365
Donor_281,Adaptive,5076,4477,4757.720506647126,0.0005233957918978332,0.04882941040207702
Donor_281,Astro,5076,4477,4757.720506647126,0.17669841934470848,0.02323173411020061
Donor_281,EN_L2_3_IT,5076,4477,4757.720506647126,0.11619386580131896,0.001574053459942855
Donor_281,EN_L3_5_IT_1,5076,4477,4757.720506647126,0.01025855752119753,0.0038696349961086464
Donor_281,EN_L3_5_IT_2,5076,4477,4757.720506647126,0.028786768554380823,0.004722335076624143
Donor_281,EN_L3_5_IT_3,5076,4477,4757.720506647126,0.027530618653826024,0.022468071748125654
Donor_281,EN_L5_6_NP,5076,4477,4757.720506647126,0.007222861928190097,0.0032925010376137196
Donor_281,EN_L5_ET,5076,4477,4757.720506647126,0.00020935831675913326,0.027233831094659013
Donor_281,EN_L6B,5076,4477,4757.720506647126,0.004919920443839631,0.03620653872967184
Donor_281,EN_L6_CT,5076,4477,4757.720506647126,0.007327541086569664,0.0009591544905892858
Donor_281,EN_L6_IT_1,5076,4477,4757.720506647126,0.011724065738511463,0.044866433254443526
Donor_281,EN_L6_IT_2,5076,4477,4757.720506647126,0.0029310164346278656,0.0068261278817893555
Donor_281,Endo,5076,4477,4757.720506647126,0.0068041452946718305,0.03854551330276738
Donor_281,IN_ADARB2,5076,4477,4757.720506647126,0.014027007222861928,0.017153738143416516
Donor_281,IN_LAMP5_LHX6,5076,4477,4757.720506647126,0.005652674552496598,0.02631378729539728
Donor_281,IN_LAMP5_RELN,5076,4477,4757.720506647126,0.006699466136292264,0.010339693385754252
Donor_281,IN_PVALB,5076,4477,4757.720506647126,0.02292473568512509,0.01863344202960371
Donor_281,IN_PVALB_CHC,5076,4477,4757.720506647126,0.007432220244949231,0.003553025999653182
Donor_281,IN_SST,5076,4477,4757.720506647126,0.04061551345127185,0.0024795388066440947
Donor_281,IN_VIP,5076,4477,4757.720506647126,0.04218570082696535,0.006555296158651352
Donor_281,Micro,5076,4477,4757.720506647126,0.05066471265571025,0.06742038538918664
Donor_281,OPC,5076,4477,4757.720506647126,0.01894692766670156,0.009788250918320971
Donor_281,Oligo,5076,4477,4757.720506647126,0.36658641264524233,0.010649305537816551
Donor_281,PC,5076,4477,4757.720506647126,0.010153878362817963,0.0022688093496139226
Donor_281,PVM,5076,4477,4757.720506647126,0.005233957918978332,0.014170845435876059
Donor_281,SMC,5076,4477,4757.720506647126,0.0011514707421752329,0.022867543052076483
Donor_281,VLMC,5076,4477,4757.720506647126,0.006594786977912698,0.018306676171902937
Donor_285,Adaptive,3828,3275,3529.9732507391236,0.00014078558355624384,0.02201808538613193
Donor_285,Astro,3828,3275,3529.9732507391236,0.2196255103477404,0.039314039660548195
Donor_285,EN_L2_3_IT,3828,3275,3529.9732507391236,0.10446290299873293,0.009476913196872825
Donor_285,EN_L3_5_IT_1,3828,3275,3529.9732507391236,0.014078558355624384,0.009102171663213367
Donor_285,EN_L3_5_IT_2,3828,3275,3529.9732507391236,0.025904547374348868,0.010120203806352784
Donor_285,EN_L3_5_IT_3,3828,3275,3529.9732507391236,0.03195832746726735,0.02041114807955424
Donor_285,EN_L5_6_NP,3828,3275,3529.9732507391236,0.0042235675066873155,0.0014661296619248873
Donor_285,EN_L6B,3828,3275,3529.9732507391236,0.0002815711671124877,0.002629111218888403
Donor_285,EN_L6_CT,3828,3275,3529.9732507391236,0.0022525693368999015,0.01939472681407455
Donor_285,EN_L6_IT_1,3828,3275,3529.9732507391236,0.0012670702520061945,0.06132438276506102
Donor_285,EN_L6_IT_2,3828,3275,3529.9732507391236,0.0014078558355624384,0.06632510165480474
Donor_285,Endo,3828,3275,3529.9732507391236,0.008587920596930875,0.03147158516881448
Donor_285,IN_ADARB2,3828,3275,3529.9732507391236,0.033788540053498524,0.013616977991047765
Donor_285,IN_LAMP5_LHX6,3828,3275,3529.9732507391236,0.004927495424468535,0.023160951101957056
Donor_285,IN_LAMP5_RELN,3828,3275,3529.9732507391236,0.011403632268055752,0.01415734452789965
Donor_285,IN_PVALB,3828,3275,3529.9732507391236,0.03407011122061101,0.008056636511802905
Donor_285,IN_PVALB_CHC,3828,3275,3529.9732507391236,0.010136562016049556,0.004540576499238214
Donor_285,IN_SST,3828,3275,3529.9732507391236,0.07081514852879066,0.011221253295233952
Donor_285,IN_VIP,3828,3275,3529.9732507391236,0.06377586935097845,0.002629445673342873
Donor_285,Micro,3828,3275,3529.9732507391236,0.0709559341123469,0.018493773755626757
Donor_285,OPC,3828,3275,3529.9732507391236,0.0491341686611291,0.04171550336827043
Donor_285,Oligo,3828,3275,3529.9732507391236,0.21906236801351542,0.017025960571507213
Donor_285,PC,3828,3275,3529.9732507391236,0.00915106293115585,0.006130129890437735
Donor_285,PVM,3828,3275,3529.9732507391236,0.005209066591581022,0.03195257916423264
Donor_285,SMC,3828,3275,3529.9732507391236,0.0005631423342249754,0.04404547451632462
Donor_285,VLMC,3828,3275,3529.9732507391236,0.002815711671124877,0.06652253517753746
Donor_294,Adaptive,1963,2138,2046.7661545964402,0.000243842965130456,0.03262702992894414
Donor_294,Astro,1963,2138,2046.7661545964402,0.16093635698610095,0.04276371581888473
Donor_294,EN_L2_3_IT,1963,2138,2046.7661545964402,0.16020482809070957,0.05722865798749309
Donor_294,EN_L3_5_IT_1,1963,2138,2046.7661545964402,0.024140453547915143,0.040666857237067096
Donor_294,EN_L3_5_IT_2,1963,2138,2046.7661545964402,0.07998049256278957,0.054027273343175926
Donor_294,EN_L3_5_IT_3,1963,2138,2046.7661545964402,0.10314557425018288,0.011163505405902904
Donor_294,EN_L5_6_NP,1963,2138,2046.7661545964402,0.014874420872957815,0.0306868481260348
Donor_294,EN_L5_ET,1963,2138,2046.7661545964402,0.000487685930260912,0.04236996517943912
Donor_294,EN_L6B,1963,2138,2046.7661545964402,0.012923677151914167,0.003193959885073506
Donor_294,EN_L6_CT,1963,2138,2046.7661545964402,0.015362106803218726,0.04643249414724776
Donor_294,EN_L6_IT_1,1963,2138,2046.7661545964402,0.021458180931480126,0.02614794736023631
Donor_294,EN_L6_IT_2,1963,2138,2046.7661545964402,0.01341136308217508,0.03120589341852542
Donor_294,Endo,1963,2138,2046.7661545964402,0.00853450377956596,0.013244020741032633
Donor_294,IN_ADARB2,1963,2138,2046.7661545964402,0.007802974884174592,0.025733784750415493
Donor_294,IN_LAMP5_LHX6,1963,2138,2046.7661545964402,0.006827603023652768,0.02850979082286403
Donor_294,IN_LAMP5_RELN,1963,2138,2046.7661545964402,0.014874420872957815,0.06618044949926506
Donor_294,IN_PVALB,1963,2138,2046.7661545964402,0.048280907095830286,0.010140691548842923
Donor_294,IN_PVALB_CHC,1963,2138,2046.7661545964402,0.010972933430870519,0.004315970215234573
Donor_294,IN_SST,1963,2138,2046.7661545964402,0.0326749573274811,0.017263460269510807
Donor_294,IN_VIP,1963,2138,2046.7661545964402,0.053889295293830776,0.012050799841902826
Donor_294,Micro,1963,2138,2046.7661545964402,0.025847354303828333,0.029178834864224887
Donor_294,OPC,1963,2138,2046.7661545964402,0.01706900755913192,0.04154021622548395
Donor_294,Oligo,1963,2138,2046.7661545964402,0.15874177029992684,0.017086215949654423
Donor_294,PC,1963,2138,2046.7661545964402,0.0036576444769568397,0.019099525600351174
Donor_294,PVM,1963,2138,2046.7661545964402,0.000487685930260912,0.04236996517943912
Donor_294,VLMC,1963,2138,2046.7661545964402,0.0031699585466959277,0.08304498695539604
Donor_301,Adaptive,3107,2869,2983.260709504685,0.0011713520749665328,0.04626724544214963
Donor_301,Astro,3107,2869,2983.260709504685,0.12767737617135208,0.008650811092621356
Donor_301,EN_L2_3_IT,3107,2869,2983.260709504685,0.07647255689424363,0.028757889161518814
Donor_301,EN_L3_5_IT_1,3107,2869,2983.260709504685,0.007028112449799197,0.04683731001169689
Donor_301,EN_L3_5_IT_2,3107,2869,2983.260709504685,0.0286144578313253,0.016466122313121518
Donor_301,EN_L3_5_IT_3,3107,2869,2983.260709504685,0.03129183400267738,0.012413242012165775
Donor_301,EN_L5_6_NP,3107,2869,2983.260709504685,0.007530120481927711,0.03409142641190741
Donor_301,EN_L5_ET,3107,2869,2983.260709504685,0.000502008032128514,0.046681457856108104
Donor_301,EN_L6B,3107,2869,2983.260709504685,0.006693440428380187,0.0065489066245610055
Donor_301,EN_L6_CT,3107,2869,2983.260709504685,0.015394912985274432,0.006360100294426514
Donor_301,EN_L6_IT_1,3107,2869,2983.260709504685,0.016900937081659972,0.002658798221034671
Donor_301,EN_L6_IT_2,3107,2869,2983.260709504685,0.0016733601070950468,0.013136203177978213
Donor_301,Endo,3107,2869,2983.260709504685,0.01991298527443106,0.0054244167450529955
Donor_301,IN_ADARB2,3107,2869,2983.260709504685,0.006358768406961178,0.023250160433997028
Donor_301,IN_LAMP5_LHX6,3107,2869,2983.260709504685,0.007195448460508702,0.010757724165866607
Donor_301,IN_LAMP5_RELN,3107,2869,2983.260709504685,0.007362784471218206,0.008812975551998512
Donor_301,IN_PVALB,3107,2869,2983.260709504685,0.028112449799196786,0.005456659965472186
Donor_301,IN_PVALB_CHC,3107,2869,2983.260709504685,0.005689424364123159,0.011792063659409671
Donor_301,IN_SST,3107,2869,2983.260709504685,0.03279785809906292,0.026713794769486456
Donor_301,IN_VIP,3107,2869,2983.260709504685,0.02894912985274431,0.05176071865895146
Donor_301,Micro,3107,2869,2983.260709504685,0.015562248995983935,0.0035103093093819563
Donor_301,OPC,3107,2869,2983.260709504685,0.04467871485943775,0.031855337458602646
Donor_301,Oligo,3107,2869,2983.260709504685,0.46720214190093706,0.015322236926921045
Donor_301,PC,3107,2869,2983.260709504685,0.00786479250334672,0.018487194704371854
Donor_301,PVM,3107,2869,2983.260709504685,0.0013386880856760374,0.015414484923295477
Donor_301,SMC,3107,2869,2983.260709504685,0.0011713520749665328,0.012531873880658805
Donor_301,VLMC,3107,2869,2983.260709504685,0.0048527443105756355,0.0007474322110860803
Donor_31,Astro,2624,949,1393.8852504897845,0.12034704729918835,0.058252014516420605
Donor_31,EN_L2_3_IT,2624,949,1393.8852504897845,0.11922753988245172,0.03919913232852918
Donor_31,EN_L3_5_IT_1,2624,949,1393.8852504897845,0.012034704729918836,0.02077851348131469
Donor_31,EN_L3_5_IT_2,2624,949,1393.8852504897845,0.0265883011474951,0.0020718317013164057
Donor_31,EN_L3_5_IT_3,2624,949,1393.8852504897845,0.026308424293310942,0.05408790418891119
Donor_31,EN_L5_6_NP,2624,949,1393.8852504897845,0.009515813042261404,0.029107893969428575
Donor_31,EN_L5_ET,2624,949,1393.8852504897845,0.000279876854184159,0.06299572502842044
Donor_31,EN_L6B,2624,949,1393.8852504897845,0.0061572907920514975,0.002874778071965866
Donor_31,EN_L6_CT,2624,949,1393.8852504897845,0.014273719563392108,0.00660173094472385
Donor_31,EN_L6_IT_1,2624,949,1393.8852504897845,0.012874335292471313,0.022684247763747733
Donor_31,EN_L6_IT_2,2624,949,1393.8852504897845,0.00559753708368318,0.06369743384639906
Donor_31,Endo,2624,949,1393.8852504897845,0.000279876854184159,0.06299572502842044
Donor_31,IN_ADARB2,2624,949,1393.8852504897845,0.009795689896445563,0.010254819628817208
Donor_31,IN_LAMP5_LHX6,2624,949,1393.8852504897845,0.00279876854184159,0.009342152336731479
Donor_31,IN_LAMP5_RELN,2624,949,1393.8852504897845,0.004478029666946544,0.00536495277605541
Donor_31,IN_PVALB,2624,949,1393.8852504897845,0.017352364959417856,0.02711210857870266
Donor_31,IN_PVALB_CHC,2624,949,1393.8852504897845,0.003638399104394067,0.013039263438131304
Donor_31,IN_SST,2624,949,1393.8852504897845,0.028547439126784216,0.03367569134950777
Donor_31,IN_VIP,2624,949,1393.8852504897845,0.02462916316820599,0.024318724662279845
Donor_31,Micro,2624,949,1393.8852504897845,0.09319899244332494,0.012606334181228206
Donor_31,OPC,2624,949,1393.8852504897845,0.04450041981528128,0.05031505229298013
Donor_31,Oligo,2624,949,1393.8852504897845,0.4100195913797929,0.014903322904885018
Donor_31,PC,2624,949,1393.8852504897845,0.0019591379792891126,0.004568054415886238
Donor_31,PVM,2624,949,1393.8852504897845,0.0033585222502099076,0.020156864447398625
Donor_31,SMC,2624,949,1393.8852504897845,0.000559753708368318,0.032224727848104075
Donor_31,VLMC,2624,949,1393.8852504897845,0.0016792611251049538,0.020802544596663666
Donor_310,Adaptive,3870,4007,3937.308620033007,0.0013964707375904533,0.008102428883618116
Donor_310,Astro,3870,4007,3937.308620033007,0.054462358766027674,0.006198939057012695
Donor_310,EN_L2_3_IT,3870,4007,3937.308620033007,0.10016503745080614,0.002772612256332557
Donor_310,EN_L3_5_IT_1,3870,4007,3937.308620033007,0.012695188523549575,0.003945618216689251
Donor_310,EN_L3_5_IT_2,3870,4007,3937.308620033007,0.052050272946553254,0.03102132778164425
Donor_310,EN_L3_5_IT_3,3870,4007,3937.308620033007,0.037704709914942236,0.018446356907365746
Donor_310,EN_L5_6_NP,3870,4007,3937.308620033007,0.005712834835597308,0.020951905324268435
Donor_310,EN_L5_ET,3870,4007,3937.308620033007,0.00012695188523549576,0.02215076090275148
Donor_310,EN_L6B,3870,4007,3937.308620033007,0.0033007490161228894,0.02857065664783701
Donor_310,EN_L6_CT,3870,4007,3937.308620033007,0.004062460327535864,0.021735197917794873
Donor_310,EN_L6_IT_1,3870,4007,3937.308620033007,0.012060429097372096,0.029438977710757624
Donor_310,EN_L6_IT_2,3870,4007,3937.308620033007,0.002665989589945411,0.0067245029700431025
Donor_310,Endo,3870,4007,3937.308620033007,0.0038085565570648724,0.0021514433275782205
Donor_310,IN_ADARB2,3870,4007,3937.308620033007,0.015361178113494986,0.026631069905877585
Donor_310,IN_LAMP5_LHX6,3870,4007,3937.308620033007,0.0069823536879522665,0.024268766606331205
Donor_310,IN_LAMP5_RELN,3870,4007,3937.308620033007,0.014091659261140027,0.023852118654287335
Donor_310,IN_PVALB,3870,4007,3937.308620033007,0.033515297702170876,0.012124262922974133
Donor_310,IN_PVALB_CHC,3870,4007,3937.308620033007,0.008378824425542719,0.058101309683008744
Donor_310,IN_SST,3870,4007,3937.308620033007,0.028818077948457536,0.007669631389229824
Donor_310,IN_VIP,3870,4007,3937.308620033007,0.05217722483178875,0.015819771067111098
Donor_310,Micro,3870,4007,3937.308620033007,0.02120096483432779,0.003694510953782191
Donor_310,OPC,3870,4007,3937.308620033007,0.03973594007871017,0.029181681245719855
Donor_310,Oligo,3870,4007,3937.308620033007,0.4815285006982354,0.0015404764381213242
Donor_310,PC,3870,4007,3937.308620033007,0.0013964707375904533,0.021704908064406666
Donor_310,PVM,3870,4007,3937.308620033007,0.0008886631966484702,0.009561364249189281
Donor_310,SMC,3870,4007,3937.308620033007,0.0006347594261774788,0.010960950613722757
Donor_310,VLMC,3870,4007,3937.308620033007,0.00507807540941983,0.031071400849308702
Donor_32,Adaptive,572,600,585.6655290102389,0.0008532423208191126,0.057081833410244476
Donor_32,Astro,572,600,585.6655290102389,0.09556313993174062,0.07738525057696319
Donor_32,EN_L2_3_IT,572,600,585.6655290102389,0.03668941979522184,0.054245932360474695
Donor_32,EN_L3_5_IT_1,572,600,585.6655290102389,0.006825938566552901,0.03751152445800237
Donor_32,EN_L3_5_IT_2,572,600,585.6655290102389,0.020477815699658702,0.006912625753510952
Donor_32,EN_L3_5_IT_3,572,600,585.6655290102389,0.03498293515358362,0.03698159581847975
Donor_32,EN_L5_6_NP,572,600,585.6655290102389,0.010238907849829351,0.03878515337872999
Donor_32,EN_L6B,572,600,585.6655290102389,0.008532423208191127,0.10694973342827355
Donor_32,EN_L6_CT,572,600,585.6655290102389,0.006825938566552901,0.16193654332058383
Donor_32,EN_L6_IT_1,572,600,585.6655290102389,0.01962457337883959,0.06831356297571389
Donor_32,EN_L6_IT_2,572,600,585.6655290102389,0.002559726962457338,0.036213632774620946
Donor_32,Endo,572,600,585.6655290102389,0.0017064846416382253,0.001976652996444959
Donor_32,IN_ADARB2,572,600,585.6655290102389,0.0008532423208191126,0.057081833410244476
Donor_32,IN_LAMP5_LHX6,572,600,585.6655290102389,0.002559726962457338,0.09895317490644832
Donor_32,IN_PVALB,572,600,585.6655290102389,0.00938566552901024,0.04846991342510545
Donor_32,IN_SST,572,600,585.6655290102389,0.005972696245733789,0.018453900379900013
Donor_32,IN_VIP,572,600,585.6655290102389,0.010238907849829351,0.07270769051296247
Donor_32,Micro,572,600,585.6655290102389,0.02901023890784983,0.03242997507241422
Donor_32,OPC,572,600,585.6655290102389,0.025597269624573378,0.07874283811556174
Donor_32,Oligo,572,600,585.6655290102389,0.6689419795221843,0.12601247231456508
Donor_32,PC,572,600,585.6655290102389,0.0008532423208191126,0.057081833410244476
Donor_32,SMC,572,600,585.6655290102389,0.0008532423208191126,0.05987604903172497
Donor_32,VLMC,572,600,585.6655290102389,0.0008532423208191126,0.05987604903172497
Donor_333,Adaptive,2519,2498,2508.456049431931,0.0021925453458241976,0.00891549713906311
Donor_333,Astro,2519,2498,2508.456049431931,0.07933027705800279,0.04671048911336053
Donor_333,EN_L2_3_IT,2519,2498,2508.456049431931,0.025114610324895356,0.016630073993926024
Donor_333,EN_L3_5_IT_1,2519,2498,2508.456049431931,0.0033884791708192145,0.006371914763625826
Donor_333,EN_L3_5_IT_2,2519,2498,2508.456049431931,0.023719354195734503,0.024882371266679842
Donor_333,EN_L3_5_IT_3,2519,2498,2508.456049431931,0.020330875024915287,0.03269065695492344
Donor_333,EN_L5_6_NP,2519,2498,2508.456049431931,0.0055810245166434125,0.010075246432209367
Donor_333,EN_L6B,2519,2498,2508.456049431931,0.01455052820410604,0.017663154325812145
Donor_333,EN_L6_CT,2519,2498,2508.456049431931,0.015547139724935221,0.018281954348571924
Donor_333,EN_L6_IT_1,2519,2498,2508.456049431931,0.015945784333266894,0.024393889704112427
Donor_333,EN_L6_IT_2,2519,2498,2508.456049431931,0.005979669124975085,0.020033866256227433
Donor_333,Endo,2519,2498,2508.456049431931,0.005979669124975085,0.0006493124674052534
Donor_333,IN_ADARB2,2519,2498,2508.456049431931,0.00877018138329679,0.017890058210129435
Donor_333,IN_LAMP5_LHX6,2519,2498,2508.456049431931,0.007972892166633447,0.00821455775129225
Donor_333,IN_LAMP5_RELN,2519,2498,2508.456049431931,0.016344428941598564,0.024073128339806193
Donor_333,IN_PVALB,2519,2498,2508.456049431931,0.02551325493322703,0.018871530725127972
Donor_333,IN_PVALB_CHC,2519,2498,2508.456049431931,0.005780346820809248,0.004620328647138398
Donor_333,IN_SST,2519,2498,2508.456049431931,0.02969902332070959,0.01790332994778744
Donor_333,IN_VIP,2519,2498,2508.456049431931,0.03607733705401634,0.03368572561778019
Donor_333,Micro,2519,2498,2508.456049431931,0.030496312537372932,0.00380321467808476
Donor_333,OPC,2519,2498,2508.456049431931,0.02969902332070959,0.008509792366941427
Donor_333,Oligo,2519,2498,2508.456049431931,0.5848116404225633,0.032133700007754645
Donor_333,PC,2519,2498,2508.456049431931,0.00518237990831174,0.011708431315507525
Donor_333,PVM,2519,2498,2508.456049431931,0.0007972892166633447,0.02801158842371556
Donor_333,VLMC,2519,2498,2508.456049431931,0.001195933824995017,0.02335873852274096
Donor_334,Astro,3641,3532,3585.671824898926,0.10093405827408337,0.030552912139504788
Donor_334,EN_L2_3_IT,3641,3532,3585.671824898926,0.13662344904502996,0.028508433164682354
Donor_334,EN_L3_5_IT_1,3641,3532,3585.671824898926,0.01631116687578419,0.023729736604963796
Donor_334,EN_L3_5_IT_2,3641,3532,3585.671824898926,0.06371113899344764,0.009198321553538061
Donor_334,EN_L3_5_IT_3,3641,3532,3585.671824898926,0.08434406803290116,0.00019418901912764862
Donor_334,EN_L5_6_NP,3641,3532,3585.671824898926,0.012686463125609925,0.030856833129192286
Donor_334,EN_L5_ET,3641,3532,3585.671824898926,0.002091175240485153,0.04134373750903481
Donor_334,EN_L6B,3641,3532,3585.671824898926,0.03053115851108323,0.025404940894753123
Donor_334,EN_L6_CT,3641,3532,3585.671824898926,0.02300292764533668,0.019519906738039886
Donor_334,EN_L6_IT_1,3641,3532,3585.671824898926,0.052837027742924855,0.038346299546141674
Donor_334,EN_L6_IT_2,3641,3532,3585.671824898926,0.010455876202425763,0.02703474077694655
Donor_334,Endo,3641,3532,3585.671824898926,0.0036247037501742647,0.01111486150963779
Donor_334,IN_ADARB2,3641,3532,3585.671824898926,0.004739997211766346,0.010218723231400141
Donor_334,IN_LAMP5_LHX6,3641,3532,3585.671824898926,0.0076676425484455595,0.019708273309077314
Donor_334,IN_LAMP5_RELN,3641,3532,3585.671824898926,0.009898229471629723,0.011046327765401872
Donor_334,IN_PVALB,3641,3532,3585.671824898926,0.037222919280635716,0.016289599118910352
Donor_334,IN_PVALB_CHC,3641,3532,3585.671824898926,0.006412937404154468,0.009429800810696108
Donor_334,IN_SST,3641,3532,3585.671824898926,0.02481527952042381,0.02277699897491485
Donor_334,IN_VIP,3641,3532,3585.671824898926,0.032064687020772344,0.016629789217897255
Donor_334,Micro,3641,3532,3585.671824898926,0.030112923462986198,0.005356385591943317
Donor_334,OPC,3641,3532,3585.671824898926,0.04182350480970305,0.010366727591349482
Donor_334,Oligo,3641,3532,3585.671824898926,0.2646033737627213,0.005790053938529587
Donor_334,PC,3641,3532,3585.671824898926,0.0011152934615920815,0.034438130235087634
Donor_334,PVM,3641,3532,3585.671824898926,0.000836470096194061,0.018414164747531592
Donor_334,SMC,3641,3532,3585.671824898926,0.00013941168269901018,0.023262694186908003
Donor_334,VLMC,3641,3532,3585.671824898926,0.0013941168269901018,0.0011358173115492563
Donor_353,Adaptive,2939,3356,3133.6883240667194,0.0007942811755361397,0.0150791858637354
Donor_353,Astro,2939,3356,3133.6883240667194,0.19332803812549643,0.008389537647727801
Donor_353,EN_L2_3_IT,2939,3356,3133.6883240667194,0.11977760127084988,0.019707608021450072
Donor_353,EN_L3_5_IT_1,2939,3356,3133.6883240667194,0.011437648927720413,0.003692797936778177
Donor_353,EN_L3_5_IT_2,2939,3356,3133.6883240667194,0.03367752184273233,0.014228515755823928
Donor_353,EN_L3_5_IT_3,2939,3356,3133.6883240667194,0.03844320889594917,0.02660740998412913
Donor_353,EN_L5_6_NP,2939,3356,3133.6883240667194,0.004765687053216839,0.027742728578808138
Donor_353,EN_L5_ET,2939,3356,3133.6883240667194,0.00015885623510722796,0.026998073732795703
Donor_353,EN_L6B,2939,3356,3133.6883240667194,0.0046068308181096106,0.023190140601061907
Donor_353,EN_L6_CT,2939,3356,3133.6883240667194,0.008260524225575853,0.0019580207289469458
Donor_353,EN_L6_IT_1,2939,3356,3133.6883240667194,0.01556791104050834,0.014198561911265345
Donor_353,EN_L6_IT_2,2939,3356,3133.6883240667194,0.004447974583002383,0.04725841207249517
Donor_353,Endo,2939,3356,3133.6883240667194,0.03177124702144559,0.008644875851357559
Donor_353,IN_ADARB2,2939,3356,3133.6883240667194,0.004765687053216839,0.03712770574462941
Donor_353,IN_LAMP5_LHX6,2939,3356,3133.6883240667194,0.0034948371723590153,0.007880503244329653
Donor_353,IN_LAMP5_RELN,2939,3356,3133.6883240667194,0.008419380460683083,0.012185849738719634
Donor_353,IN_PVALB,2939,3356,3133.6883240667194,0.01858617950754567,0.002952441218255433
Donor_353,IN_PVALB_CHC,2939,3356,3133.6883240667194,0.004289118347895155,0.035214004217626174
Donor_353,IN_SST,2939,3356,3133.6883240667194,0.023669579030976967,0.027016949215257824
Donor_353,IN_VIP,2939,3356,3133.6883240667194,0.03113582208101668,0.016565857906183274
Donor_353,Micro,2939,3356,3133.6883240667194,0.04098490865766481,0.014340448701391721
Donor_353,OPC,2939,3356,3133.6883240667194,0.04320889594916601,0.018861890185837782
Donor_353,Oligo,2939,3356,3133.6883240667194,0.31056393963463064,0.007927285748069357
Donor_353,PC,2939,3356,3133.6883240667194,0.022081016679904687,0.02651063095753253
Donor_353,PVM,2939,3356,3133.6883240667194,0.0025416997617156473,0.07009474539629892
Donor_353,SMC,2939,3356,3133.6883240667194,0.0041302621127879266,0.048375337300795865
Donor_353,VLMC,2939,3356,3133.6883240667194,0.015091342335186657,0.038494947317049846
Donor_389,Adaptive,1101,2805,1581.3133640552996,0.0005120327700972862,0.08029805268893674
Donor_389,Astro,1101,2805,1581.3133640552996,0.09344598054275474,0.047295999908214086
Donor_389,EN_L2_3_IT,1101,2805,1581.3133640552996,0.10829493087557604,0.015332938717900532
Donor_389,EN_L3_5_IT_1,1101,2805,1581.3133640552996,0.01715309779825909,0.04981909873884933
Donor_389,EN_L3_5_IT_2,1101,2805,1581.3133640552996,0.061955965181771634,0.0618362419051043
Donor_389,EN_L3_5_IT_3,1101,2805,1581.3133640552996,0.0540194572452637,0.0029349828222846046
Donor_389,EN_L5_6_NP,1101,2805,1581.3133640552996,0.012544802867383513,0.01350208268921989
Donor_389,EN_L5_ET,1101,2805,1581.3133640552996,0.0005120327700972862,0.03151805918378586
Donor_389,EN_L6B,1101,2805,1581.3133640552996,0.015360983102918587,0.0626047249675392
Donor_389,EN_L6_CT,1101,2805,1581.3133640552996,0.020737327188940093,0.03400858666840994
Donor_389,EN_L6_IT_1,1101,2805,1581.3133640552996,0.01894521249359959,0.03579763452159975
Donor_389,EN_L6_IT_2,1101,2805,1581.3133640552996,0.004608294930875576,0.0013769087552788978
Donor_389,Endo,1101,2805,1581.3133640552996,0.01228878648233487,0.016876155259431858
Donor_389,IN_ADARB2,1101,2805,1581.3133640552996,0.015873015873015872,0.086256234531788
Donor_389,IN_LAMP5_LHX6,1101,2805,1581.3133640552996,0.008704557091653867,0.005667942852747769
Donor_389,IN_LAMP5_RELN,1101,2805,1581.3133640552996,0.006656426011264721,0.07265695419531282
Donor_389,IN_PVALB,1101,2805,1581.3133640552996,0.038146441372247826,0.019803439028400257
Donor_389,IN_PVALB_CHC,1101,2805,1581.3133640552996,0.010496671786994368,0.01790991034071056
Donor_389,IN_SST,1101,2805,1581.3133640552996,0.02816180235535074,0.0611140616847362
Donor_389,IN_VIP,1101,2805,1581.3133640552996,0.044034818228366614,0.10182198758918629
Donor_389,Micro,1101,2805,1581.3133640552996,0.036610343061955965,0.0828888700649944
Donor_389,OPC,1101,2805,1581.3133640552996,0.05325140809011777,0.0824076577741729
Donor_389,Oligo,1101,2805,1581.3133640552996,0.315668202764977,0.05864412091129207
Donor_389,PC,1101,2805,1581.3133640552996,0.013056835637480798,0.02924024509890119
Donor_389,PVM,1101,2805,1581.3133640552996,0.005376344086021506,0.03319666121259829
Donor_389,SMC,1101,2805,1581.3133640552996,0.0005120327700972862,0.03151805918378586
Donor_389,VLMC,1101,2805,1581.3133640552996,0.0030721966205837174,0.008741260345590491
Donor_390,Astro,3221,1739,2258.596370967742,0.10524193548387097,0.005816685753049799
Donor_390,EN_L2_3_IT,3221,1739,2258.596370967742,0.042943548387096776,0.014506567078055106
Donor_390,EN_L3_5_IT_1,3221,1739,2258.596370967742,0.009072580645161291,0.0020805857981579844
Donor_390,EN_L3_5_IT_2,3221,1739,2258.596370967742,0.024193548387096774,0.023470883363952057
Donor_390,EN_L3_5_IT_3,3221,1739,2258.596370967742,0.024596774193548387,0.05587573084402955
Donor_390,EN_L5_6_NP,3221,1739,2258.596370967742,0.009072580645161291,0.05395401452146315
Donor_390,EN_L5_ET,3221,1739,2258.596370967742,0.00020161290322580645,0.04050279933482524
Donor_390,EN_L6B,3221,1739,2258.596370967742,0.005846774193548387,0.0019459240841326359
Donor_390,EN_L6_CT,3221,1739,2258.596370967742,0.0066532258064516125,0.06067039832689682
Donor_390,EN_L6_IT_1,3221,1739,2258.596370967742,0.005443548387096774,0.07782040991962587
Donor_390,EN_L6_IT_2,3221,1739,2258.596370967742,0.004032258064516129,0.014142188268768913
Donor_390,Endo,3221,1739,2258.596370967742,0.004637096774193548,0.0008330194662830787
Donor_390,IN_ADARB2,3221,1739,2258.596370967742,0.005846774193548387,0.025175246484368304
Donor_390,IN_LAMP5_LHX6,3221,1739,2258.596370967742,0.00625,0.01271075601290198
Donor_390,IN_LAMP5_RELN,3221,1739,2258.596370967742,0.008870967741935484,0.04318955535583335
Donor_390,IN_PVALB,3221,1739,2258.596370967742,0.028225806451612902,0.03787961792954427
Donor_390,IN_PVALB_CHC,3221,1739,2258.596370967742,0.010483870967741936,0.010706227046442822
Donor_390,IN_SST,3221,1739,2258.596370967742,0.04032258064516129,0.01855042170923492
Donor_390,IN_VIP,3221,1739,2258.596370967742,0.03326612903225806,0.03036869438941681
Donor_390,Micro,3221,1739,2258.596370967742,0.05907258064516129,0.05360792235415748
Donor_390,OPC,3221,1739,2258.596370967742,0.04596774193548387,0.0383188044313709
Donor_390,Oligo,3221,1739,2258.596370967742,0.5078629032258064,0.006777456237749791
Donor_390,PC,3221,1739,2258.596370967742,0.005241935483870968,0.0014191131209477933
Donor_390,PVM,3221,1739,2258.596370967742,0.0034274193548387098,0.061207452178501966
Donor_390,VLMC,3221,1739,2258.596370967742,0.0032258064516129032,0.03732762323486034
Donor_400,Adaptive,2421,2246,2330.21898435826,0.00042854081851296334,0.03991463711583937
Donor_400,Astro,2421,2246,2330.21898435826,0.13520462824083995,0.021761038300676824
Donor_400,EN_L2_3_IT,2421,2246,2330.21898435826,0.14398971502035568,0.01564836869356011
Donor_400,EN_L3_5_IT_1,2421,2246,2330.21898435826,0.009642168416541676,0.029368096941094844
Donor_400,EN_L3_5_IT_2,2421,2246,2330.21898435826,0.04392543389757875,0.030756080940905546
Donor_400,EN_L3_5_IT_3,2421,2246,2330.21898435826,0.05399614313263338,0.002751954432233413
Donor_400,EN_L5_6_NP,2421,2246,2330.21898435826,0.012641954146132419,0.020021274739730338
Donor_400,EN_L5_ET,2421,2246,2330.21898435826,0.00042854081851296334,0.0015550003328744172
Donor_400,EN_L6B,2421,2246,2330.21898435826,0.008785086779515748,0.025121554100152054
Donor_400,EN_L6_CT,2421,2246,2330.21898435826,0.009213627598028712,0.02969997235588162
Donor_400,EN_L6_IT_1,2421,2246,2330.21898435826,0.016070280694236126,0.0006405835746572006
Donor_400,EN_L6_IT_2,2421,2246,2330.21898435826,0.009427898007285194,0.02819905567606076
Donor_400,Endo,2421,2246,2330.21898435826,0.016284551103492608,0.024243707074225476
Donor_400,IN_ADARB2,2421,2246,2330.21898435826,0.019712877651596315,0.03534660788921069
Donor_400,IN_LAMP5_LHX6,2421,2246,2330.21898435826,0.007928005142489822,0.05026394837585608
Donor_400,IN_LAMP5_RELN,2421,2246,2330.21898435826,0.014356117420184273,0.027101845079345006
Donor_400,IN_PVALB,2421,2246,2330.21898435826,0.054424683951146344,0.05386806199317253
Donor_400,IN_PVALB_CHC,2421,2246,2330.21898435826,0.01135633169059353,0.004101287848340155
Donor_400,IN_SST,2421,2246,2330.21898435826,0.030426398114420397,0.011681659580228718
Donor_400,IN_VIP,2421,2246,2330.21898435826,0.04713949003642597,0.007594438392373306
Donor_400,Micro,2421,2246,2330.21898435826,0.07092350546389543,0.015734266909085703
Donor_400,OPC,2421,2246,2330.21898435826,0.0385686736661667,0.09972754732327739
Donor_400,Oligo,2421,2246,2330.21898435826,0.21555603171202056,0.008638763833893772
Donor_400,PC,2421,2246,2330.21898435826,0.011570602099850011,0.05608009862581593
Donor_400,PVM,2421,2246,2330.21898435826,0.004285408185129634,0.0049268571916530335
Donor_400,SMC,2421,2246,2330.21898435826,0.01007070923505464,0.022511561580489534
Donor_400,VLMC,2421,2246,2330.21898435826,0.0036425969573601886,0.016829465180780337
Donor_403,Adaptive,3666,3602,3633.7182168409468,0.0009631260319207485,0.00832503158973798
Donor_403,Astro,3666,3602,3633.7182168409468,0.118189323059989,0.02605456361936066
Donor_403,EN_L2_3_IT,3666,3602,3633.7182168409468,0.05888827738029719,0.011419765007357462
Donor_403,EN_L3_5_IT_1,3666,3602,3633.7182168409468,0.015134837644468905,0.047406626853405985
Donor_403,EN_L3_5_IT_2,3666,3602,3633.7182168409468,0.03481012658227848,0.0161730542387603
Donor_403,EN_L3_5_IT_3,3666,3602,3633.7182168409468,0.04251513483764447,0.005836553690141277
Donor_403,EN_L5_6_NP,3666,3602,3633.7182168409468,0.00825536598789213,0.01985562905573554
Donor_403,EN_L5_ET,3666,3602,3633.7182168409468,0.0012383048981838194,0.05415731015493674
Donor_403,EN_L6B,3666,3602,3633.7182168409468,0.007292239955971382,0.04053898668307711
Donor_403,EN_L6_CT,3666,3602,3633.7182168409468,0.00949367088607595,0.021589889574491296
Donor_403,EN_L6_IT_1,3666,3602,3633.7182168409468,0.012520638414969731,0.030191473652419174
Donor_403,EN_L6_IT_2,3666,3602,3633.7182168409468,0.007154650522839846,0.037687615473383014
Donor_403,Endo,3666,3602,3633.7182168409468,0.00825536598789213,0.03202142841310242
Donor_403,IN_ADARB2,3666,3602,3633.7182168409468,0.002201430930104568,0.010916401523920781
Donor_403,IN_LAMP5_LHX6,3666,3602,3633.7182168409468,0.008392955421023666,0.01949600499908487
Donor_403,IN_LAMP5_RELN,3666,3602,3633.7182168409468,0.01224545954870666,0.03449076294832037
Donor_403,IN_PVALB,3666,3602,3633.7182168409468,0.026967528893780957,0.009727694589305344
Donor_403,IN_PVALB_CHC,3666,3602,3633.7182168409468,0.0059163456246560265,0.02647812335259371
Donor_403,IN_SST,3666,3602,3633.7182168409468,0.027380297193175564,0.03920463430273165
Donor_403,IN_VIP,3666,3602,3633.7182168409468,0.026967528893780957,0.031045595073365535
Donor_403,Micro,3666,3602,3633.7182168409468,0.03632361034672537,0.03577966999325188
Donor_403,OPC,3666,3602,3633.7182168409468,0.024078150798018713,0.024162530101632246
Donor_403,Oligo,3666,3602,3633.7182168409468,0.4964226747385801,0.017487247212395706
Donor_403,PC,3666,3602,3633.7182168409468,0.005365987892129885,0.002473305555345042
Donor_403,PVM,3666,3602,3633.7182168409468,0.001100715465052284,0.0005846627311780761
Donor_403,SMC,3666,3602,3633.7182168409468,0.000275178866263071,0.03347638171163249
Donor_403,VLMC,3666,3602,3633.7182168409468,0.001651073197578426,0.03995387954751602
Donor_410,Adaptive,1049,1426,1208.7870707070708,0.0008080808080808081,0.04935812089725294
Donor_410,Astro,1049,1426,1208.7870707070708,0.05090909090909091,0.025619565902353817
Donor_410,EN_L2_3_IT,1049,1426,1208.7870707070708,0.03595959595959596,0.09527641887314739
Donor_410,EN_L3_5_IT_1,1049,1426,1208.7870707070708,0.01090909090909091,0.007066346687158441
Donor_410,EN_L3_5_IT_2,1049,1426,1208.7870707070708,0.037171717171717175,0.07865211269082255
Donor_410,EN_L3_5_IT_3,1049,1426,1208.7870707070708,0.044444444444444446,0.00499561539474467
Donor_410,EN_L5_6_NP,1049,1426,1208.7870707070708,0.013737373737373737,0.005835130177441397
Donor_410,EN_L5_ET,1049,1426,1208.7870707070708,0.00040404040404040404,0.03489440762978859
Donor_410,EN_L6B,1049,1426,1208.7870707070708,0.007272727272727273,0.007222441618370262
Donor_410,EN_L6_CT,1049,1426,1208.7870707070708,0.014141414141414142,0.011691528972389903
Donor_410,EN_L6_IT_1,1049,1426,1208.7870707070708,0.01898989898989899,0.05964621492759797
Donor_410,EN_L6_IT_2,1049,1426,1208.7870707070708,0.0056565656565656566,0.042661199191005104
Donor_410,Endo,1049,1426,1208.7870707070708,0.010101010101010102,0.023231751413526427
Donor_410,IN_ADARB2,1049,1426,1208.7870707070708,0.021414141414141413,0.039585610553926676
Donor_410,IN_LAMP5_LHX6,1049,1426,1208.7870707070708,0.011313131313131313,0.07614880626148252
Donor_410,IN_LAMP5_RELN,1049,1426,1208.7870707070708,0.01494949494949495,0.03160438377011459
Donor_410,IN_PVALB,1049,1426,1208.7870707070708,0.07838383838383839,0.05063013951963455
Donor_410,IN_PVALB_CHC,1049,1426,1208.7870707070708,0.023434343434343436,0.0391836218041122
Donor_410,IN_SST,1049,1426,1208.7870707070708,0.019797979797979797,0.026508821525081237
Donor_410,IN_VIP,1049,1426,1208.7870707070708,0.06868686868686869,0.006885381235625847
Donor_410,Micro,1049,1426,1208.7870707070708,0.10747474747474747,0.028094354183392792
Donor_410,OPC,1049,1426,1208.7870707070708,0.10303030303030303,0.10842378777700397
Donor_410,Oligo,1049,1426,1208.7870707070708,0.2828282828282828,0.08564614188534811
Donor_410,PC,1049,1426,1208.7870707070708,0.007272727272727273,0.026694710687505778
Donor_410,PVM,1049,1426,1208.7870707070708,0.0052525252525252525,0.03456110241457226
Donor_410,SMC,1049,1426,1208.7870707070708,0.0016161616161616162,0.012548307915883215
Donor_410,VLMC,1049,1426,1208.7870707070708,0.00404040404040404,0.0062176137507210395
Donor_417,Adaptive,3150,2956,3049.9181133311495,0.000982640026203734,0.01893454806234974
Donor_417,Astro,3150,2956,3049.9181133311495,0.05519161480510973,0.01393786271980555
Donor_417,EN_L2_3_IT,3150,2956,3049.9181133311495,0.09515230920406158,0.0038657500682835466
Donor_417,EN_L3_5_IT_1,3150,2956,3049.9181133311495,0.011627906976744186,0.0038408390936807836
Donor_417,EN_L3_5_IT_2,3150,2956,3049.9181133311495,0.03144448083851949,0.030248887530603327
Donor_417,EN_L3_5_IT_3,3150,2956,3049.9181133311495,0.034719947592531934,0.0048995851071758755
Donor_417,EN_L5_6_NP,3150,2956,3049.9181133311495,0.0055682934818211596,0.03048974217540358
Donor_417,EN_L6B,3150,2956,3049.9181133311495,0.007369800196528005,0.039981930101561015
Donor_417,EN_L6_CT,3150,2956,3049.9181133311495,0.010153946937438586,0.006639499090851836
Donor_417,EN_L6_IT_1,3150,2956,3049.9181133311495,0.012938093678349165,0.024632737129988543
Donor_417,EN_L6_IT_2,3150,2956,3049.9181133311495,0.00491320013101867,0.004469565390693792
Donor_417,Endo,3150,2956,3049.9181133311495,0.011955453652145431,0.01604721785704413
Donor_417,IN_ADARB2,3150,2956,3049.9181133311495,0.017196200458565347,0.015980178902408663
Donor_417,IN_LAMP5_LHX6,3150,2956,3049.9181133311495,0.005732066819521782,0.03523169571359426
Donor_417,IN_LAMP5_RELN,3150,2956,3049.9181133311495,0.01326564035375041,0.05609405491497734
Donor_417,IN_PVALB,3150,2956,3049.9181133311495,0.024729773992793972,0.020685113681568383
Donor_417,IN_PVALB_CHC,3150,2956,3049.9181133311495,0.008024893547330495,0.020002935945760105
Donor_417,IN_SST,3150,2956,3049.9181133311495,0.03357353422862758,0.0008859738181531789
Donor_417,IN_VIP,3150,2956,3049.9181133311495,0.05666557484441533,0.018426074802979586
Donor_417,Micro,3150,2956,3049.9181133311495,0.03406485424172945,0.026405392267676922
Donor_417,OPC,3150,2956,3049.9181133311495,0.024893547330494595,0.05646151579420351
Donor_417,Oligo,3150,2956,3049.9181133311495,0.4772355060596135,0.08889214519110422
Donor_417,PC,3150,2956,3049.9181133311495,0.01326564035375041,0.04463080984951826
Donor_417,PVM,3150,2956,3049.9181133311495,0.0055682934818211596,0.004052598505563435
Donor_417,SMC,3150,2956,3049.9181133311495,0.0006550933508024893,0.0016285738037942249
Donor_417,VLMC,3150,2956,3049.9181133311495,0.0031116934163118244,0.014107077814107754
Donor_428,Adaptive,3996,2992,3421.8752146536917,0.0021465369204350317,0.057809265677131065
Donor_428,Astro,3996,2992,3421.8752146536917,0.02718946765884373,0.005926546504432299
Donor_428,EN_L2_3_IT,3996,2992,3421.8752146536917,0.19447624499141386,0.03710524529683846
Donor_428,EN_L3_5_IT_1,3996,2992,3421.8752146536917,0.027475672581568404,0.032920739686065535
Donor_428,EN_L3_5_IT_2,3996,2992,3421.8752146536917,0.08657698912421294,0.02917727477913127
Donor_428,EN_L3_5_IT_3,3996,2992,3421.8752146536917,0.08672009158557527,0.009276255749922177
Donor_428,EN_L5_6_NP,3996,2992,3421.8752146536917,0.015884373211219233,0.03518232310538902
Donor_428,EN_L5_ET,3996,2992,3421.8752146536917,0.0005724098454493417,0.007021783340368048
Donor_428,EN_L6B,3996,2992,3421.8752146536917,0.01316542644533486,0.0020047211972873866
Donor_428,EN_L6_CT,3996,2992,3421.8752146536917,0.013594733829421866,0.018550795886100164
Donor_428,EN_L6_IT_1,3996,2992,3421.8752146536917,0.030910131654264452,0.02527061025730699
Donor_428,EN_L6_IT_2,3996,2992,3421.8752146536917,0.011448196908986834,0.04534294063955944
Donor_428,Endo,3996,2992,3421.8752146536917,0.006153405838580424,0.0030717078691944798
Donor_428,IN_ADARB2,3996,2992,3421.8752146536917,0.013451631368059531,0.006328247887163341
Donor_428,IN_LAMP5_LHX6,3996,2992,3421.8752146536917,0.007870635374928448,0.0036308012911809105
Donor_428,IN_LAMP5_RELN,3996,2992,3421.8752146536917,0.013880938752146537,0.027317352359422016
Donor_428,IN_PVALB,3996,2992,3421.8752146536917,0.048511734401831715,0.0058411030398019545
Donor_428,IN_PVALB_CHC,3996,2992,3421.8752146536917,0.008729250143102461,0.0007408930620554483
Donor_428,IN_SST,3996,2992,3421.8752146536917,0.029908414424728105,0.018920448162007608
Donor_428,IN_VIP,3996,2992,3421.8752146536917,0.04979965655409273,0.03224078381861152
Donor_428,Micro,3996,2992,3421.8752146536917,0.06224957069261591,0.0792238287561384
Donor_428,OPC,3996,2992,3421.8752146536917,0.002003434459072696,7.482053849075438e-05
Donor_428,Oligo,3996,2992,3421.8752146536917,0.23554665140240413,0.0409845622813222
Donor_428,PC,3996,2992,3421.8752146536917,0.004006868918145392,0.00914607000057039
Donor_428,PVM,3996,2992,3421.8752146536917,0.004006868918145392,0.009357907174874273
Donor_428,SMC,3996,2992,3421.8752146536917,0.0012879221522610188,0.0023880748250107017
Donor_428,VLMC,3996,2992,3421.8752146536917,0.002432741843159702,0.020421481483364978
Donor_430,Astro,3362,2939,3136.3015394381846,0.07871766386287891,0.02284822063466717
Donor_430,EN_L2_3_IT,3362,2939,3136.3015394381846,0.14648468497063957,0.024380273357283683
Donor_430,EN_L3_5_IT_1,3362,2939,3136.3015394381846,0.014124742104427868,0.013441681208504792
Donor_430,EN_L3_5_IT_2,3362,2939,3136.3015394381846,0.07348039993651802,0.02189543560778887
Donor_430,EN_L3_5_IT_3,3362,2939,3136.3015394381846,0.06713220123789874,0.05173276137022538
Donor_430,EN_L5_6_NP,3362,2939,3136.3015394381846,0.01507697190922076,0.017327745881545405
Donor_430,EN_L5_ET,3362,2939,3136.3015394381846,0.0003174099349309633,0.03820226274323215
Donor_430,EN_L6B,3362,2939,3136.3015394381846,0.02936041898111411,0.04264876334014274
Donor_430,EN_L6_CT,3362,2939,3136.3015394381846,0.023012220282494843,0.019703470504381405
Donor_430,EN_L6_IT_1,3362,2939,3136.3015394381846,0.03015394381844152,0.01350796816099075
Donor_430,EN_L6_IT_2,3362,2939,3136.3015394381846,0.011268052690049199,0.01883034846313501
Donor_430,Endo,3362,2939,3136.3015394381846,0.0006348198698619266,0.028717003706011202
Donor_430,IN_ADARB2,3362,2939,3136.3015394381846,0.012855102364704015,0.018221547648367177
Donor_430,IN_LAMP5_LHX6,3362,2939,3136.3015394381846,0.01237898746230757,0.007969544997190811
Donor_430,IN_LAMP5_RELN,3362,2939,3136.3015394381846,0.01634661164894461,0.0052436434768875955
Donor_430,IN_PVALB,3362,2939,3136.3015394381846,0.04840501507697191,0.04237714522363941
Donor_430,IN_PVALB_CHC,3362,2939,3136.3015394381846,0.006348198698619267,0.029365476297914337
Donor_430,IN_SST,3362,2939,3136.3015394381846,0.04348516108554198,0.009996629100601426
Donor_430,IN_VIP,3362,2939,3136.3015394381846,0.03570861767973338,0.024235767316567788
Donor_430,Micro,3362,2939,3136.3015394381846,0.03872401206157753,0.06012204333845841
Donor_430,OPC,3362,2939,3136.3015394381846,0.035391207744802415,0.038015780041948534
Donor_430,Oligo,3362,2939,3136.3015394381846,0.25170607840025394,0.0649985186872484
Donor_430,PC,3362,2939,3136.3015394381846,0.00285668941437867,0.10280443820540325
Donor_430,PVM,3362,2939,3136.3015394381846,0.0006348198698619266,0.0033992703421415237
Donor_430,SMC,3362,2939,3136.3015394381846,0.00047611490239644503,0.04679173973744889
Donor_430,VLMC,3362,2939,3136.3015394381846,0.004919853991429932,0.004187416260621672
Donor_434,Adaptive,3364,4281,3767.5039895356445,0.0006540222367560497,0.04568467974408895
Donor_434,Astro,3364,4281,3767.5039895356445,0.10817527795945062,0.05315083198952033
Donor_434,EN_L2_3_IT,3364,4281,3767.5039895356445,0.09614126880313931,0.03886315392126531
Donor_434,EN_L3_5_IT_1,3364,4281,3767.5039895356445,0.011641595814257685,0.05858400756174131
Donor_434,EN_L3_5_IT_2,3364,4281,3767.5039895356445,0.031523871811641596,0.018088336856263133
Donor_434,EN_L3_5_IT_3,3364,4281,3767.5039895356445,0.032570307390451275,0.004286956502043142
Donor_434,EN_L5_6_NP,3364,4281,3767.5039895356445,0.0069326357096141265,0.05552493723080056
Donor_434,EN_L5_ET,3364,4281,3767.5039895356445,0.00013080444735120994,0.02042546360729955
Donor_434,EN_L6B,3364,4281,3767.5039895356445,0.006671026814911707,0.042770948511416225
Donor_434,EN_L6_CT,3364,4281,3767.5039895356445,0.009810333551340745,0.03232722599937644
Donor_434,EN_L6_IT_1,3364,4281,3767.5039895356445,0.013603662524525833,0.008078042561645961
Donor_434,EN_L6_IT_2,3364,4281,3767.5039895356445,0.004708960104643558,0.006520856725564774
Donor_434,Endo,3364,4281,3767.5039895356445,0.009417920209287115,0.023732740173672284
Donor_434,IN_ADARB2,3364,4281,3767.5039895356445,0.011118378024852845,0.003026370634460111
Donor_434,IN_LAMP5_LHX6,3364,4281,3767.5039895356445,0.006278613472858077,0.0059057436600772175
Donor_434,IN_LAMP5_RELN,3364,4281,3767.5039895356445,0.011118378024852845,0.02734991404884085
Donor_434,IN_PVALB,3364,4281,3767.5039895356445,0.030608240680183127,0.018386519788636434
Donor_434,IN_PVALB_CHC,3364,4281,3767.5039895356445,0.006801831262262917,0.005692445871532464
Donor_434,IN_SST,3364,4281,3767.5039895356445,0.03741007194244604,0.0032241041157853026
Donor_434,IN_VIP,3364,4281,3767.5039895356445,0.03597122302158273,0.002871222899843781
Donor_434,Micro,3364,4281,3767.5039895356445,0.033355134074558535,0.043734822705117735
Donor_434,OPC,3364,4281,3767.5039895356445,0.034009156311314584,0.004120261362374253
Donor_434,Oligo,3364,4281,3767.5039895356445,0.44395029431000654,0.09557113934715349
Donor_434,PC,3364,4281,3767.5039895356445,0.007586657946370177,0.021281124357114163
Donor_434,PVM,3364,4281,3767.5039895356445,0.004708960104643558,0.006520856725564774
Donor_434,SMC,3364,4281,3767.5039895356445,0.0009156311314584696,0.018958863786013462
Donor_434,VLMC,3364,4281,3767.5039895356445,0.004185742315238718,0.04044753512545014
Donor_443,Adaptive,986,957,971.2835820895522,0.001544004117344313,0.02504784872815409
Donor_443,Astro,986,957,971.2835820895522,0.17292846114256305,0.008207780667547532
Donor_443,EN_L2_3_IT,986,957,971.2835820895522,0.07565620174987134,0.04985714486393899
Donor_443,EN_L3_5_IT_1,986,957,971.2835820895522,0.00977869274318065,0.034355422720392936
Donor_443,EN_L3_5_IT_2,986,957,971.2835820895522,0.02110138960370561,0.040201532637758074
Donor_443,EN_L3_5_IT_3,986,957,971.2835820895522,0.0638188368502316,0.02590132456797506
Donor_443,EN_L5_6_NP,986,957,971.2835820895522,0.0066906845084920225,0.040338095776933605
Donor_443,EN_L5_ET,986,957,971.2835820895522,0.000514668039114771,0.044716857210503336
Donor_443,EN_L6B,986,957,971.2835820895522,0.011837364899639732,0.025290500263029696
Donor_443,EN_L6_CT,986,957,971.2835820895522,0.00977869274318065,0.0911980312214067
Donor_443,EN_L6_IT_1,986,957,971.2835820895522,0.016984045290787442,0.0437649176107787
Donor_443,EN_L6_IT_2,986,957,971.2835820895522,0.008234688625836336,0.002720640032361996
Donor_443,Endo,986,957,971.2835820895522,0.018528049408131755,0.0651810544692317
Donor_443,IN_ADARB2,986,957,971.2835820895522,0.004632012352032939,0.04345139152470259
Donor_443,IN_LAMP5_LHX6,986,957,971.2835820895522,0.009264024704065878,0.04587397396510499
Donor_443,IN_LAMP5_RELN,986,957,971.2835820895522,0.006176016469377252,0.050212304694664346
Donor_443,IN_PVALB,986,957,971.2835820895522,0.018013381369016986,0.003697249178163069
Donor_443,IN_PVALB_CHC,986,957,971.2835820895522,0.007720020586721565,0.08497636851033401
Donor_443,IN_SST,986,957,971.2835820895522,0.01080802882141019,0.013078209294699756
Donor_443,IN_VIP,986,957,971.2835820895522,0.033453422542460115,0.04563402067838599
Donor_443,Micro,986,957,971.2835820895522,0.0761708697889861,0.03962278224338004
Donor_443,OPC,986,957,971.2835820895522,0.1574884199691199,0.024214683089063594
Donor_443,Oligo,986,957,971.2835820895522,0.21770458054554812,0.07156708952678185
Donor_443,PC,986,957,971.2835820895522,0.013381369016984045,0.014443683895160712
Donor_443,PVM,986,957,971.2835820895522,0.0051466803911477095,0.03092420297798147
Donor_443,SMC,986,957,971.2835820895522,0.0159547092125579,0.020848560805192286
Donor_443,VLMC,986,957,971.2835820895522,0.0066906845084920225,0.01507966197268546
Donor_45,Astro,488,471,479.34932221063605,0.16684045881126172,0.0065114647823326585
Donor_45,EN_L2_3_IT,488,471,479.34932221063605,0.2909280500521376,0.10080008317049687
Donor_45,EN_L3_5_IT_1,488,471,479.34932221063605,0.01981230448383733,0.02001221593215539
Donor_45,EN_L3_5_IT_2,488,471,479.34932221063605,0.03753910323253389,0.07285551219669689
Donor_45,EN_L3_5_IT_3,488,471,479.34932221063605,0.03232533889468196,0.05249494174397541
Donor_45,EN_L6_IT_2,488,471,479.34932221063605,0.0010427528675703858,0.06349156478395877
Donor_45,Endo,488,471,479.34932221063605,0.021897810218978103,0.019561074408469655
Donor_45,IN_ADARB2,488,471,479.34932221063605,0.0020855057351407717,0.0016212718147095673
Donor_45,IN_LAMP5_LHX6,488,471,479.34932221063605,0.0072992700729927005,0.02146642256861047
Donor_45,IN_LAMP5_RELN,488,471,479.34932221063605,0.006256517205422315,0.050100452809120594
Donor_45,IN_PVALB,488,471,479.34932221063605,0.04171011470281543,0.028268273058981778
Donor_45,IN_PVALB_CHC,488,471,479.34932221063605,0.0010427528675703858,0.06578319238762607
Donor_45,IN_SST,488,471,479.34932221063605,0.0072992700729927005,0.02146642256861047
Donor_45,IN_VIP,488,471,479.34932221063605,0.006256517205422315,0.002814012217252373
Donor_45,Micro,488,471,479.34932221063605,0.027111574556830033,0.005920285571013471
Donor_45,OPC,488,471,479.34932221063605,0.051094890510948905,0.0012448003200814244
Donor_45,Oligo,488,471,479.34932221063605,0.205422314911366,0.08007679090779601
Donor_45,PC,488,471,479.34932221063605,0.01251303441084463,0.033542319193809095
Donor_45,PVM,488,471,479.34932221063605,0.008342022940563087,0.04912618842783173
Donor_45,SMC,488,471,479.34932221063605,0.004171011470281543,0.0624435994613468
Donor_45,VLMC,488,471,479.34932221063605,0.049009384775808136,0.07891766247155463
Donor_478,Astro,1245,1363,1301.3305214723925,0.17024539877300612,0.08605339763236597
Donor_478,EN_L2_3_IT,1245,1363,1301.3305214723925,0.1165644171779141,0.03411273598172922
Donor_478,EN_L3_5_IT_1,1245,1363,1301.3305214723925,0.019555214723926382,0.01835571837598007
Donor_478,EN_L3_5_IT_2,1245,1363,1301.3305214723925,0.051763803680981595,0.02390441825580487
Donor_478,EN_L3_5_IT_3,1245,1363,1301.3305214723925,0.060199386503067484,0.09079445501000673
Donor_478,EN_L5_6_NP,1245,1363,1301.3305214723925,0.004984662576687116,0.0173293439431677
Donor_478,EN_L6B,1245,1363,1301.3305214723925,0.005751533742331288,0.02358891214192192
Donor_478,EN_L6_CT,1245,1363,1301.3305214723925,0.010352760736196318,0.013501040625276097
Donor_478,EN_L6_IT_1,1245,1363,1301.3305214723925,0.01303680981595092,0.07816632742009597
Donor_478,EN_L6_IT_2,1245,1363,1301.3305214723925,0.005751533742331288,0.0032651979476264565
Donor_478,Endo,1245,1363,1301.3305214723925,0.00651840490797546,0.07859688641467544
Donor_478,IN_ADARB2,1245,1363,1301.3305214723925,0.0019171779141104294,0.013592879277290321
Donor_478,IN_LAMP5_LHX6,1245,1363,1301.3305214723925,0.003067484662576687,0.02276208080089638
Donor_478,IN_LAMP5_RELN,1245,1363,1301.3305214723925,0.008052147239263804,0.03396456587576214
Donor_478,IN_PVALB,1245,1363,1301.3305214723925,0.019555214723926382,0.014942482545343373
Donor_478,IN_PVALB_CHC,1245,1363,1301.3305214723925,0.003834355828220859,0.0056256773196336415
Donor_478,IN_SST,1245,1363,1301.3305214723925,0.018404907975460124,0.012416380911530935
Donor_478,IN_VIP,1245,1363,1301.3305214723925,0.0352760736196319,0.04930919558393801
Donor_478,Micro,1245,1363,1301.3305214723925,0.06901840490797546,0.04806714301121884
Donor_478,OPC,1245,1363,1301.3305214723925,0.09125766871165644,0.050082348270536106
Donor_478,Oligo,1245,1363,1301.3305214723925,0.2749233128834356,0.06636528197594406
Donor_478,PC,1245,1363,1301.3305214723925,0.003834355828220859,0.030493078081675253
Donor_478,PVM,1245,1363,1301.3305214723925,0.0015337423312883436,0.03571959934238323
Donor_478,SMC,1245,1363,1301.3305214723925,0.0015337423312883436,0.03571959934238323
Donor_478,VLMC,1245,1363,1301.3305214723925,0.003067484662576687,0.07834588859934
Donor_501,Astro,2108,3223,2548.896642280998,0.08985181016694804,0.0016254055687427642
Donor_501,EN_L2_3_IT,2108,3223,2548.896642280998,0.12905646220221348,0.07267228161336654
Donor_501,EN_L3_5_IT_1,2108,3223,2548.896642280998,0.010129431626336522,0.049781052128017485
Donor_501,EN_L3_5_IT_2,2108,3223,2548.896642280998,0.03995498030388295,0.02894611489145834
Donor_501,EN_L3_5_IT_3,2108,3223,2548.896642280998,0.04145563684111799,0.0054653787555935755
Donor_501,EN_L5_6_NP,2108,3223,2548.896642280998,0.007878446820483961,0.03201941355075592
Donor_501,EN_L5_ET,2108,3223,2548.896642280998,0.00018758206715438003,0.02265608015476354
Donor_501,EN_L6B,2108,3223,2548.896642280998,0.018195460513974863,0.0037804965634248965
Donor_501,EN_L6_CT,2108,3223,2548.896642280998,0.012567998499343463,0.017655759208350764
Donor_501,EN_L6_IT_1,2108,3223,2548.896642280998,0.023072594259988744,0.017576061781440284
Donor_501,EN_L6_IT_2,2108,3223,2548.896642280998,0.004877133746013881,0.03695413509548011
Donor_501,Endo,2108,3223,2548.896642280998,0.013318326767960983,0.04055555556064121
Donor_501,IN_ADARB2,2108,3223,2548.896642280998,0.008628775089101481,0.0016073029159242472
Donor_501,IN_LAMP5_LHX6,2108,3223,2548.896642280998,0.0061902082160945416,0.0004897848313569928
Donor_501,IN_LAMP5_RELN,2108,3223,2548.896642280998,0.012380416432189083,0.006401199932908513
Donor_501,IN_PVALB,2108,3223,2548.896642280998,0.025511161132995685,0.011060139020063118
Donor_501,IN_PVALB_CHC,2108,3223,2548.896642280998,0.0035640592759332208,0.04591218526759523
Donor_501,IN_SST,2108,3223,2548.896642280998,0.012755580566497842,0.006214435509849108
Donor_501,IN_VIP,2108,3223,2548.896642280998,0.030763459013318326,0.04612519629128738
Donor_501,Micro,2108,3223,2548.896642280998,0.021571937722753703,0.02984747128307007
Donor_501,OPC,2108,3223,2548.896642280998,0.024573250797223785,0.029397339413360517
Donor_501,Oligo,2108,3223,2548.896642280998,0.44775839429750514,0.04595807398820063
Donor_501,PC,2108,3223,2548.896642280998,0.006377790283248921,0.004380143977426448
Donor_501,PVM,2108,3223,2548.896642280998,0.0013130744700806604,0.0050278165904907475
Donor_501,SMC,2108,3223,2548.896642280998,0.004126805477396361,0.03303854107124797
Donor_501,VLMC,2108,3223,2548.896642280998,0.0039392234102419805,0.016333082324701136
Donor_516,Adaptive,2686,2607,2645.910447761194,0.0001889287738522577,0.027088563050213534
Donor_516,Astro,2686,2607,2645.910447761194,0.07689401095786888,0.02684709303115651
Donor_516,EN_L2_3_IT,2686,2607,2645.910447761194,0.07972794256565274,0.011578743984536644
Donor_516,EN_L3_5_IT_1,2686,2607,2645.910447761194,0.010202153788021915,0.01807535113276816
Donor_516,EN_L3_5_IT_2,2686,2607,2645.910447761194,0.032306820328736066,0.016143014047830737
Donor_516,EN_L3_5_IT_3,2686,2607,2645.910447761194,0.039297184961269604,0.021599701010149734
Donor_516,EN_L5_6_NP,2686,2607,2645.910447761194,0.007935008501794823,0.04526747698008867
Donor_516,EN_L5_ET,2686,2607,2645.910447761194,0.0007557150954090308,0.02668569532161782
Donor_516,EN_L6B,2686,2607,2645.910447761194,0.010202153788021915,0.0646670947358662
Donor_516,EN_L6_CT,2686,2607,2645.910447761194,0.013413942943510296,0.01990812576293107
Donor_516,EN_L6_IT_1,2686,2607,2645.910447761194,0.01643680332514642,0.03655673946683424
Donor_516,EN_L6_IT_2,2686,2607,2645.910447761194,0.005478934441715474,0.002903879611363254
Donor_516,Endo,2686,2607,2645.910447761194,0.005101076894010958,0.018053627924952794
Donor_516,IN_ADARB2,2686,2607,2645.910447761194,0.01322501416965804,0.029627442748566622
Donor_516,IN_LAMP5_LHX6,2686,2607,2645.910447761194,0.006045720763272247,0.002328588714803219
Donor_516,IN_LAMP5_RELN,2686,2607,2645.910447761194,0.01228037030039675,0.020487429573288283
Donor_516,IN_PVALB,2686,2607,2645.910447761194,0.0330625354241451,0.017730423153067457
Donor_516,IN_PVALB_CHC,2686,2607,2645.910447761194,0.007179293406385793,0.06013347492198512
Donor_516,IN_SST,2686,2607,2645.910447761194,0.03721896844889477,0.008105373485739673
Donor_516,IN_VIP,2686,2607,2645.910447761194,0.0428868316644625,0.03057093832618165
Donor_516,Micro,2686,2607,2645.910447761194,0.02153788021915738,0.009636698016010078
Donor_516,OPC,2686,2607,2645.910447761194,0.0428868316644625,0.03285401386602399
Donor_516,Oligo,2686,2607,2645.910447761194,0.4747780086907236,0.004925153801982678
Donor_516,PC,2686,2607,2645.910447761194,0.007935008501794823,0.022888050158471798
Donor_516,PVM,2686,2607,2645.910447761194,0.0003778575477045154,0.03831263328514437
Donor_516,SMC,2686,2607,2645.910447761194,0.0009446438692612885,0.013220677798052688
Donor_516,VLMC,2686,2607,2645.910447761194,0.0017003589646703192,0.010405498314478758
Donor_519,Astro,1911,1808,1858.0736757192794,0.10164022586716859,0.0257700893186111
Donor_519,EN_L2_3_IT,1911,1808,1858.0736757192794,0.11858026351169669,0.015338281736030069
Donor_519,EN_L3_5_IT_1,1911,1808,1858.0736757192794,0.018822264049475665,0.03984572088654913
Donor_519,EN_L3_5_IT_2,1911,1808,1858.0736757192794,0.07932239849421888,0.02224572606044636
Donor_519,EN_L3_5_IT_3,1911,1808,1858.0736757192794,0.08093573541274536,0.02104256129684586
Donor_519,EN_L5_6_NP,1911,1808,1858.0736757192794,0.019091153535896747,0.027662091641140148
Donor_519,EN_L5_ET,1911,1808,1858.0736757192794,0.00026888948642108095,0.031916172126011964
Donor_519,EN_L6B,1911,1808,1858.0736757192794,0.0169400376445281,0.011447334215157515
Donor_519,EN_L6_CT,1911,1808,1858.0736757192794,0.023931164291476202,0.012201321778345658
Donor_519,EN_L6_IT_1,1911,1808,1858.0736757192794,0.04006453347674106,0.002396767173019505
Donor_519,EN_L6_IT_2,1911,1808,1858.0736757192794,0.011831137402527562,0.003889355756046874
Donor_519,Endo,1911,1808,1858.0736757192794,0.00026888948642108095,0.031916172126011964
Donor_519,IN_ADARB2,1911,1808,1858.0736757192794,0.0034955633234740524,0.005835655458604298
Donor_519,IN_LAMP5_LHX6,1911,1808,1858.0736757192794,0.015057811239580532,0.04220827017296792
Donor_519,IN_LAMP5_RELN,1911,1808,1858.0736757192794,0.014788921753159451,0.033336232061069636
Donor_519,IN_PVALB,1911,1808,1858.0736757192794,0.03818230707179349,0.02265602075975339
Donor_519,IN_PVALB_CHC,1911,1808,1858.0736757192794,0.005377789728421619,0.03351125951468362
Donor_519,IN_SST,1911,1808,1858.0736757192794,0.01747781661737026,0.037783307318190386
Donor_519,IN_VIP,1911,1808,1858.0736757192794,0.026888948642108095,0.010748068003196045
Donor_519,Micro,1911,1808,1858.0736757192794,0.023662274805055124,0.0652835993858891
Donor_519,OPC,1911,1808,1858.0736757192794,0.015326700726001613,0.020058761434232426
Donor_519,Oligo,1911,1808,1858.0736757192794,0.3199784888410863,0.035815256359306324
Donor_519,PC,1911,1808,1858.0736757192794,0.005108900242000538,0.13230424022025533
Donor_519,PVM,1911,1808,1858.0736757192794,0.0021511158913686476,0.020659071057101765
Donor_519,VLMC,1911,1808,1858.0736757192794,0.0008066684592632429,0.05529530603140043
Donor_522,Adaptive,4291,4371,4330.630570307088,0.0003463403371045948,0.03688621815340999
Donor_522,Astro,4291,4371,4330.630570307088,0.10020780420226276,0.040000842968259676
Donor_522,EN_L2_3_IT,4291,4371,4330.630570307088,0.17559455091202955,0.013930018790277185
Donor_522,EN_L3_5_IT_1,4291,4371,4330.630570307088,0.017432463634264605,0.0028325156550864173
Donor_522,EN_L3_5_IT_2,4291,4371,4330.630570307088,0.04560147771877165,0.016213484538697618
Donor_522,EN_L3_5_IT_3,4291,4371,4330.630570307088,0.04259986146386516,0.002753293503660343
Donor_522,EN_L5_6_NP,4291,4371,4330.630570307088,0.007850380974370815,0.04022021851684152
Donor_522,EN_L5_ET,4291,4371,4330.630570307088,0.0003463403371045948,0.012753869105944837
Donor_522,EN_L6B,4291,4371,4330.630570307088,0.010967444008312168,0.0002718298799711932
Donor_522,EN_L6_CT,4291,4371,4330.630570307088,0.009928422996998384,0.020482143995949158
Donor_522,EN_L6_IT_1,4291,4371,4330.630570307088,0.017894250750404062,0.021653988929676474
Donor_522,EN_L6_IT_2,4291,4371,4330.630570307088,0.003347956592011083,0.037048065643454656
Donor_522,Endo,4291,4371,4330.630570307088,0.007850380974370815,0.003589710082117769
Donor_522,IN_ADARB2,4291,4371,4330.630570307088,0.022858462248903255,0.021366198154319515
Donor_522,IN_LAMP5_LHX6,4291,4371,4330.630570307088,0.0064650196259524355,0.004272228523195188
Donor_522,IN_LAMP5_RELN,4291,4371,4330.630570307088,0.01731701685522974,0.016613326613665148
Donor_522,IN_PVALB,4291,4371,4330.630570307088,0.04502424382359732,0.0249424947222432
Donor_522,IN_PVALB_CHC,4291,4371,4330.630570307088,0.0064650196259524355,0.010034614612873919
Donor_522,IN_SST,4291,4371,4330.630570307088,0.028746247979681366,0.0368984453034187
Donor_522,IN_VIP,4291,4371,4330.630570307088,0.044447009928422994,0.02850950451876094
Donor_522,Micro,4291,4371,4330.630570307088,0.05714615562225814,0.007532274351358533
Donor_522,OPC,4291,4371,4330.630570307088,0.031516970676518125,0.017871085058365415
Donor_522,Oligo,4291,4371,4330.630570307088,0.2857307781112907,0.011317412936798698
Donor_522,PC,4291,4371,4330.630570307088,0.0042715308242900025,0.01649346821491261
Donor_522,PVM,4291,4371,4330.630570307088,0.0034634033710459478,0.016811144745880482
Donor_522,SMC,4291,4371,4330.630570307088,0.0026552759178018934,0.01441464623875341
Donor_522,VLMC,4291,4371,4330.630570307088,0.003925190487185408,0.006226244344385219
Donor_540,Adaptive,2400,2846,2604.0411742279834,0.001715592832634388,0.01637949840737293
Donor_540,Astro,2400,2846,2604.0411742279834,0.05737704918032787,0.018840544425462877
Donor_540,EN_L2_3_IT,2400,2846,2604.0411742279834,0.08882958444529165,0.04537799852192646
Donor_540,EN_L3_5_IT_1,2400,2846,2604.0411742279834,0.004384292794510103,0.006071678687546967
Donor_540,EN_L3_5_IT_2,2400,2846,2604.0411742279834,0.02211208539839878,0.030977781987176302
Donor_540,EN_L3_5_IT_3,2400,2846,2604.0411742279834,0.019824628288219594,0.003190709111485389
Donor_540,EN_L5_6_NP,2400,2846,2604.0411742279834,0.00533739992375143,0.02308719251821185
Donor_540,EN_L5_ET,2400,2846,2604.0411742279834,0.00019062142584826535,0.02545192555233221
Donor_540,EN_L6B,2400,2846,2604.0411742279834,0.0019062142584826535,0.0101231032644645
Donor_540,EN_L6_CT,2400,2846,2604.0411742279834,0.004956157072054899,0.053532979761851215
Donor_540,EN_L6_IT_1,2400,2846,2604.0411742279834,0.004956157072054899,0.012087554196557887
Donor_540,EN_L6_IT_2,2400,2846,2604.0411742279834,0.0036218070911170418,0.034422056028181776
Donor_540,Endo,2400,2846,2604.0411742279834,0.004765535646206634,0.016029007928618628
Donor_540,IN_ADARB2,2400,2846,2604.0411742279834,0.025352649637819292,0.05299448772140377
Donor_540,IN_LAMP5_LHX6,2400,2846,2604.0411742279834,0.00533739992375143,0.012546251530349422
Donor_540,IN_LAMP5_RELN,2400,2846,2604.0411742279834,0.012199771254288982,0.07500475028521543
Donor_540,IN_PVALB,2400,2846,2604.0411742279834,0.025162028211971027,0.016618725836301845
Donor_540,IN_PVALB_CHC,2400,2846,2604.0411742279834,0.00819672131147541,0.022761824144466456
Donor_540,IN_SST,2400,2846,2604.0411742279834,0.05375524208921083,0.02728616042137304
Donor_540,IN_VIP,2400,2846,2604.0411742279834,0.05165840640487991,6.879142408966233e-05
Donor_540,Micro,2400,2846,2604.0411742279834,0.045177277926038886,0.03540612069864065
Donor_540,OPC,2400,2846,2604.0411742279834,0.031452535264963784,0.024141061856206708
Donor_540,Oligo,2400,2846,2604.0411742279834,0.5099123141441098,0.0058221795882531175
Donor_540,PC,2400,2846,2604.0411742279834,0.0036218070911170418,0.029503923129224622
Donor_540,PVM,2400,2846,2604.0411742279834,0.003431185665268776,0.02935309610870259
Donor_540,SMC,2400,2846,2604.0411742279834,0.000571864277544796,0.011966197098846621
Donor_540,VLMC,2400,2846,2604.0411742279834,0.0041936713686618375,0.03488458329113878
Donor_541,Adaptive,2218,2627,2405.2367389060887,0.001238390092879257,0.01765579562770846
Donor_541,Astro,2218,2627,2405.2367389060887,0.04272445820433437,0.02975658441180182
Donor_541,EN_L2_3_IT,2218,2627,2405.2367389060887,0.02786377708978328,0.0798356294473184
Donor_541,EN_L3_5_IT_1,2218,2627,2405.2367389060887,0.005159958720330237,0.03997928105965168
Donor_541,EN_L3_5_IT_2,2218,2627,2405.2367389060887,0.019195046439628483,0.10650549825814964
Donor_541,EN_L3_5_IT_3,2218,2627,2405.2367389060887,0.02002063983488132,0.020218140434222803
Donor_541,EN_L5_ET,2218,2627,2405.2367389060887,0.000412796697626419,0.003455598226482084
Donor_541,EN_L6B,2218,2627,2405.2367389060887,0.010732714138286893,0.04684624149644161
Donor_541,EN_L6_CT,2218,2627,2405.2367389060887,0.009700722394220845,0.03831424589406576
Donor_541,EN_L6_IT_1,2218,2627,2405.2367389060887,0.009700722394220845,0.021346783588252625
Donor_541,EN_L6_IT_2,2218,2627,2405.2367389060887,0.003302373581011352,0.03369284289169901
Donor_541,Endo,2218,2627,2405.2367389060887,0.0018575851393188853,0.002319694274836802
Donor_541,IN_ADARB2,2218,2627,2405.2367389060887,0.009494324045407636,0.034799071406287393
Donor_541,IN_LAMP5_LHX6,2218,2627,2405.2367389060887,0.005572755417956657,0.015195262204227485
Donor_541,IN_LAMP5_RELN,2218,2627,2405.2367389060887,0.01671826625386997,0.018930174347622793
Donor_541,IN_PVALB,2218,2627,2405.2367389060887,0.0412796697626419,0.08175030127452688
Donor_541,IN_PVALB_CHC,2218,2627,2405.2367389060887,0.004953560371517028,0.0001540063150988089
Donor_541,IN_SST,2218,2627,2405.2367389060887,0.038183694530443756,0.01601704105353128
Donor_541,IN_VIP,2218,2627,2405.2367389060887,0.022703818369453045,0.05223353910126945
Donor_541,Micro,2218,2627,2405.2367389060887,0.05015479876160991,0.010502002883756115
Donor_541,OPC,2218,2627,2405.2367389060887,0.02910216718266254,0.0076606196541517
Donor_541,Oligo,2218,2627,2405.2367389060887,0.6163054695562435,0.13685429032488255
Donor_541,PC,2218,2627,2405.2367389060887,0.0020639834881320948,0.044376906202789806
Donor_541,PVM,2218,2627,2405.2367389060887,0.002889576883384933,0.021828280856584403
Donor_541,SMC,2218,2627,2405.2367389060887,0.001651186790505676,0.006915481580865572
Donor_541,VLMC,2218,2627,2405.2367389060887,0.007017543859649123,0.014295102022036314
Donor_545,Adaptive,967,975,970.9835221421215,0.007209062821833162,0.09668689734351674
Donor_545,Astro,967,975,970.9835221421215,0.2996910401647786,0.01887808322626176
Donor_545,EN_L2_3_IT,967,975,970.9835221421215,0.025231719876416064,0.18911612104368122
Donor_545,EN_L3_5_IT_1,967,975,970.9835221421215,0.010298661174047374,0.041644733968538745
Donor_545,EN_L3_5_IT_2,967,975,970.9835221421215,0.036560247167868175,0.12460657677885169
Donor_545,EN_L3_5_IT_3,967,975,970.9835221421215,0.03604531410916581,0.07575734504653725
Donor_545,EN_L5_6_NP,967,975,970.9835221421215,0.007723995880535531,0.05809252592064025
Donor_545,EN_L5_ET,967,975,970.9835221421215,0.0005149330587023687,0.04558374304554211
Donor_545,EN_L6B,967,975,970.9835221421215,0.0025746652935118436,0.019904388518931372
Donor_545,EN_L6_CT,967,975,970.9835221421215,0.001544799176107106,0.026547407834625183
Donor_545,EN_L6_IT_1,967,975,970.9835221421215,0.003089598352214212,0.03757278155926209
Donor_545,EN_L6_IT_2,967,975,970.9835221421215,0.003089598352214212,0.036655439995251615
Donor_545,Endo,967,975,970.9835221421215,0.010813594232749742,0.08875889323025177
Donor_545,IN_ADARB2,967,975,970.9835221421215,0.0005149330587023687,0.04558374304554211
Donor_545,IN_LAMP5_LHX6,967,975,970.9835221421215,0.009268795056642637,0.10667588913423769
Donor_545,IN_LAMP5_RELN,967,975,970.9835221421215,0.02008238928939238,0.006162033384178163
Donor_545,IN_PVALB,967,975,970.9835221421215,0.024716786817713696,0.014578134234214946
Donor_545,IN_PVALB_CHC,967,975,970.9835221421215,0.013903192584963954,0.009774021932713465
Donor_545,IN_SST,967,975,970.9835221421215,0.01132852729145211,0.07696927593027396
Donor_545,IN_VIP,967,975,970.9835221421215,0.025746652935118436,0.0013393761561016067
Donor_545,Micro,967,975,970.9835221421215,0.111740473738414,0.012729179084057967
Donor_545,OPC,967,975,970.9835221421215,0.04376930998970134,0.05713782748420167
Donor_545,Oligo,967,975,970.9835221421215,0.2687950566426365,0.1815469375960189
Donor_545,PC,967,975,970.9835221421215,0.010813594232749742,0.02901200565550343
Donor_545,PVM,967,975,970.9835221421215,0.006179196704428424,0.026934066910320142
Donor_545,SMC,967,975,970.9835221421215,0.003089598352214212,0.07376955077250846
Donor_545,VLMC,967,975,970.9835221421215,0.005664263645726055,0.013101179303650347
Donor_547,Adaptive,2593,1404,1821.6522391793844,0.0007505629221916438,0.0021564447021596082
Donor_547,Astro,2593,1404,1821.6522391793844,0.17312984738553916,0.05825060319771043
Donor_547,EN_L2_3_IT,2593,1404,1821.6522391793844,0.18138603952964724,0.0379912417049908
Donor_547,EN_L3_5_IT_1,2593,1404,1821.6522391793844,0.019014260695521642,0.02656015464408454
Donor_547,EN_L3_5_IT_2,2593,1404,1821.6522391793844,0.08106079559669753,0.03543724194659916
Donor_547,EN_L3_5_IT_3,2593,1404,1821.6522391793844,0.07280460345258945,0.054014420974564804
Donor_547,EN_L5_6_NP,2593,1404,1821.6522391793844,0.015011258443832875,0.009713475445964776
Donor_547,EN_L5_ET,2593,1404,1821.6522391793844,0.0002501876407305479,0.04503542864461941
Donor_547,EN_L6B,2593,1404,1821.6522391793844,0.004253189892419315,0.0004811753582239213
Donor_547,EN_L6_CT,2593,1404,1821.6522391793844,0.005754315736802602,0.01566268206938602
Donor_547,EN_L6_IT_1,2593,1404,1821.6522391793844,0.006755066299724793,0.033296064098476734
Donor_547,EN_L6_IT_2,2593,1404,1821.6522391793844,0.006755066299724793,0.020318345490247816
Donor_547,Endo,2593,1404,1821.6522391793844,0.009256942707030274,0.034430398988599425
Donor_547,IN_ADARB2,2593,1404,1821.6522391793844,0.02051538653990493,0.040246508573822413
Donor_547,IN_LAMP5_LHX6,2593,1404,1821.6522391793844,0.005003752814610958,0.015166685407549329
Donor_547,IN_LAMP5_RELN,2593,1404,1821.6522391793844,0.01651238428821616,0.0070354387117942405
Donor_547,IN_PVALB,2593,1404,1821.6522391793844,0.05028771578684013,0.08739530746742255
Donor_547,IN_PVALB_CHC,2593,1404,1821.6522391793844,0.009507130347760821,0.015251324499116264
Donor_547,IN_SST,2593,1404,1821.6522391793844,0.026519889917438078,0.06673215645880899
Donor_547,IN_VIP,2593,1404,1821.6522391793844,0.07655741806354766,0.035042931905894026
Donor_547,Micro,2593,1404,1821.6522391793844,0.05278959219414561,0.030031451832963053
Donor_547,OPC,2593,1404,1821.6522391793844,0.04203152364273205,6.707540130487172e-05
Donor_547,Oligo,2593,1404,1821.6522391793844,0.10382787090317738,0.038779493829374984
Donor_547,PC,2593,1404,1821.6522391793844,0.011008256192144109,0.03636062569416004
Donor_547,PVM,2593,1404,1821.6522391793844,0.0007505629221916438,0.042246256211610586
Donor_547,SMC,2593,1404,1821.6522391793844,0.0027520640480360272,0.060019340185144966
Donor_547,VLMC,2593,1404,1821.6522391793844,0.005754315736802602,0.01566268206938602
Donor_548,Adaptive,3509,1576,2175.0969518190755,0.008652900688298918,0.05596332169676139
Donor_548,Astro,3509,1576,2175.0969518190755,0.12743362831858407,0.03354347189371168
Donor_548,EN_L2_3_IT,3509,1576,2175.0969518190755,0.16991150442477876,0.0019110318598755142
Donor_548,EN_L3_5_IT_1,3509,1576,2175.0969518190755,0.00983284169124877,0.004627303855618118
Donor_548,EN_L3_5_IT_2,3509,1576,2175.0969518190755,0.03716814159292035,0.05066217526273548
Donor_548,EN_L3_5_IT_3,3509,1576,2175.0969518190755,0.028908554572271386,0.018879107606815514
Donor_548,EN_L5_6_NP,3509,1576,2175.0969518190755,0.007866273352999017,0.027090357768536986
Donor_548,EN_L6B,3509,1576,2175.0969518190755,0.0009832841691248771,0.07188736415158899
Donor_548,EN_L6_CT,3509,1576,2175.0969518190755,0.004326450344149459,0.030562233169244293
Donor_548,EN_L6_IT_1,3509,1576,2175.0969518190755,0.0011799410029498525,0.023023293546276864
Donor_548,EN_L6_IT_2,3509,1576,2175.0969518190755,0.003933136676499509,0.07053479067462552
Donor_548,Endo,3509,1576,2175.0969518190755,0.005506391347099311,0.10783012977727999
Donor_548,IN_ADARB2,3509,1576,2175.0969518190755,0.018682399213372666,0.003011520658135247
Donor_548,IN_LAMP5_LHX6,3509,1576,2175.0969518190755,0.006686332350049164,0.039064649373423625
Donor_548,IN_LAMP5_RELN,3509,1576,2175.0969518190755,0.014355948869223206,0.004831014127825919
Donor_548,IN_PVALB,3509,1576,2175.0969518190755,0.038741396263520154,0.05214374562799755
Donor_548,IN_PVALB_CHC,3509,1576,2175.0969518190755,0.007669616519174041,0.0009202978753684058
Donor_548,IN_SST,3509,1576,2175.0969518190755,0.017305801376597835,0.016033409720129756
Donor_548,IN_VIP,3509,1576,2175.0969518190755,0.04936086529006883,0.020343915429801178
Donor_548,Micro,3509,1576,2175.0969518190755,0.07531956735496559,0.02193771107960142
Donor_548,OPC,3509,1576,2175.0969518190755,0.04129793510324484,0.05584851650535791
Donor_548,Oligo,3509,1576,2175.0969518190755,0.2904621435594887,0.011683407920064968
Donor_548,PC,3509,1576,2175.0969518190755,0.005506391347099311,0.10783012977727999
Donor_548,PVM,3509,1576,2175.0969518190755,0.025172074729596854,0.00980965329709585
Donor_548,SMC,3509,1576,2175.0969518190755,0.0005899705014749262,0.035208772639826885
Donor_548,VLMC,3509,1576,2175.0969518190755,0.003146509341199607,0.08141537634570602
Donor_550,Adaptive,1998,1466,1691.1478060046188,0.0020207852193995382,0.10632692233563354
Donor_550,Astro,1998,1466,1691.1478060046188,0.2987875288683603,0.054315914895390574
Donor_550,EN_L2_3_IT,1998,1466,1691.1478060046188,0.04041570438799076,0.028528450401595486
Donor_550,EN_L3_5_IT_1,1998,1466,1691.1478060046188,0.009237875288683603,0.06746111407998782
Donor_550,EN_L3_5_IT_2,1998,1466,1691.1478060046188,0.022806004618937645,0.04409685590883563
Donor_550,EN_L3_5_IT_3,1998,1466,1691.1478060046188,0.036662817551963045,0.05822325740905046
Donor_550,EN_L5_6_NP,1998,1466,1691.1478060046188,0.006928406466512702,0.05479070592780213
Donor_550,EN_L5_ET,1998,1466,1691.1478060046188,0.0020207852193995382,0.0536576160335265
Donor_550,EN_L6B,1998,1466,1691.1478060046188,0.006062355658198615,0.07446071952244478
Donor_550,EN_L6_CT,1998,1466,1691.1478060046188,0.012702078521939953,0.035681520357550046
Donor_550,EN_L6_IT_1,1998,1466,1691.1478060046188,0.015300230946882216,0.04403018898295017
Donor_550,EN_L6_IT_2,1998,1466,1691.1478060046188,0.005196304849884526,0.059507941342662
Donor_550,Endo,1998,1466,1691.1478060046188,0.0562933025404157,0.0024321861773918653
Donor_550,IN_ADARB2,1998,1466,1691.1478060046188,0.0020207852193995382,0.025346343419634078
Donor_550,IN_LAMP5_LHX6,1998,1466,1691.1478060046188,0.005196304849884526,0.03918445036384032
Donor_550,IN_LAMP5_RELN,1998,1466,1691.1478060046188,0.01212471131639723,0.029984550554530243
Donor_550,IN_PVALB,1998,1466,1691.1478060046188,0.02424942263279446,0.06496849889561258
Donor_550,IN_PVALB_CHC,1998,1466,1691.1478060046188,0.012413394919168591,0.0085658389675227
Donor_550,IN_SST,1998,1466,1691.1478060046188,0.008371824480369515,0.035394354858305624
Donor_550,IN_VIP,1998,1466,1691.1478060046188,0.025981524249422634,0.03039768801929108
Donor_550,Micro,1998,1466,1691.1478060046188,0.054272517321016164,0.017938679728273683
Donor_550,OPC,1998,1466,1691.1478060046188,0.07303695150115473,0.09577566563721403
Donor_550,Oligo,1998,1466,1691.1478060046188,0.2222863741339492,0.005324113154426756
Donor_550,PC,1998,1466,1691.1478060046188,0.036374133949191687,0.014683302857641784
Donor_550,PVM,1998,1466,1691.1478060046188,0.003464203233256351,0.0015804884144024268
Donor_550,SMC,1998,1466,1691.1478060046188,0.0031755196304849883,0.05581452108414634
Donor_550,VLMC,1998,1466,1691.1478060046188,0.002598152424942263,0.09736658559527749
Donor_572,Astro,2559,3005,2764.1247304097774,0.029475197699496764,0.0067291601464780125
Donor_572,EN_L2_3_IT,2559,3005,2764.1247304097774,0.036843997124370954,0.043340669332736156
Donor_572,EN_L3_5_IT_1,2559,3005,2764.1247304097774,0.0016175413371675054,0.002507903232628229
Donor_572,EN_L3_5_IT_2,2559,3005,2764.1247304097774,0.007009345794392523,0.0178927861046767
Donor_572,EN_L3_5_IT_3,2559,3005,2764.1247304097774,0.012580877066858375,0.033721501830144225
Donor_572,EN_L5_6_NP,2559,3005,2764.1247304097774,0.002156721782890007,0.03928991562539936
Donor_572,EN_L6B,2559,3005,2764.1247304097774,0.0017972681524083393,0.00684658941676388
Donor_572,EN_L6_CT,2559,3005,2764.1247304097774,0.005751258087706686,0.016433589155807553
Donor_572,EN_L6_IT_1,2559,3005,2764.1247304097774,0.003235082674335011,0.054517082100076504
Donor_572,EN_L6_IT_2,2559,3005,2764.1247304097774,0.0010783608914450035,0.03879003348368993
Donor_572,Endo,2559,3005,2764.1247304097774,0.0017972681524083393,0.04440151396647502
Donor_572,IN_ADARB2,2559,3005,2764.1247304097774,0.009884974838245866,0.031417433177721985
Donor_572,IN_LAMP5_LHX6,2559,3005,2764.1247304097774,0.0012580877066858376,0.06571605230336998
Donor_572,IN_LAMP5_RELN,2559,3005,2764.1247304097774,0.003055355859094177,0.010732655680529172
Donor_572,IN_PVALB,2559,3005,2764.1247304097774,0.013659237958303379,0.012180579630754347
Donor_572,IN_PVALB_CHC,2559,3005,2764.1247304097774,0.0034148094895758447,0.003243454251908326
Donor_572,IN_SST,2559,3005,2764.1247304097774,0.025521207764198417,0.06106234703614882
Donor_572,IN_VIP,2559,3005,2764.1247304097774,0.016175413371675055,0.05961037579498476
Donor_572,Micro,2559,3005,2764.1247304097774,0.027318475916606758,0.004030278084992951
Donor_572,OPC,2559,3005,2764.1247304097774,0.02192667145938174,0.04995357606913844
Donor_572,Oligo,2559,3005,2764.1247304097774,0.7708483105679368,0.12636230318152256
Donor_572,PC,2559,3005,2764.1247304097774,0.0014378145219266715,0.006122673449300846
Donor_572,PVM,2559,3005,2764.1247304097774,0.0007189072609633358,0.0496632623675924
Donor_572,SMC,2559,3005,2764.1247304097774,0.0003594536304816679,0.03511091525094207
Donor_572,VLMC,2559,3005,2764.1247304097774,0.0010783608914450035,0.0167442984169636
Donor_581,Adaptive,2311,3400,2751.6722115216253,0.0010506040973559797,0.05447296864758435
Donor_581,Astro,2311,3400,2751.6722115216253,0.10208369812642269,0.04341556390679801
Donor_581,EN_L2_3_IT,2311,3400,2751.6722115216253,0.10471020836981264,0.05456409873385552
Donor_581,EN_L3_5_IT_1,2311,3400,2751.6722115216253,0.01926107511819296,0.03959699036534786
Donor_581,EN_L3_5_IT_2,2311,3400,2751.6722115216253,0.06881456837681667,0.008701310163752574
Donor_581,EN_L3_5_IT_3,2311,3400,2751.6722115216253,0.05883382945193486,0.02151327109784459
Donor_581,EN_L5_6_NP,2311,3400,2751.6722115216253,0.015233759411661706,0.013086234677228333
Donor_581,EN_L5_ET,2311,3400,2751.6722115216253,0.0001751006828926633,0.022228757549818075
Donor_581,EN_L6B,2311,3400,2751.6722115216253,0.005077919803887235,0.007516680975918556
Donor_581,EN_L6_CT,2311,3400,2751.6722115216253,0.009455436876203817,0.013905372727465325
Donor_581,EN_L6_IT_1,2311,3400,2751.6722115216253,0.006478725267028541,0.01786818382102966
Donor_581,EN_L6_IT_2,2311,3400,2751.6722115216253,0.003677114340745929,0.005977841239195525
Donor_581,Endo,2311,3400,2751.6722115216253,0.008755034144633165,0.017421278442206426
Donor_581,IN_ADARB2,2311,3400,2751.6722115216253,0.055156715111188935,0.004880323294006721
Donor_581,IN_LAMP5_LHX6,2311,3400,2751.6722115216253,0.010506040973559796,0.001992176926718686
Donor_581,IN_LAMP5_RELN,2311,3400,2751.6722115216253,0.027315706531255472,0.0005645043126033488
Donor_581,IN_PVALB,2311,3400,2751.6722115216253,0.05428121169672562,0.011047793847979747
Donor_581,IN_PVALB_CHC,2311,3400,2751.6722115216253,0.014358255997198388,0.013331028077989115
Donor_581,IN_SST,2311,3400,2751.6722115216253,0.054631413062510945,0.03117265178730209
Donor_581,IN_VIP,2311,3400,2751.6722115216253,0.10190859744353004,0.02765489047642772
Donor_581,Micro,2311,3400,2751.6722115216253,0.030642619506216075,0.07669012769168206
Donor_581,OPC,2311,3400,2751.6722115216253,0.06986517247417265,0.021265541169592374
Donor_581,Oligo,2311,3400,2751.6722115216253,0.15566450709157767,0.008539288040438582
Donor_581,PC,2311,3400,2751.6722115216253,0.005253020486779898,0.05892370356126229
Donor_581,PVM,2311,3400,2751.6722115216253,0.0029767116091752757,0.014953674834570774
Donor_581,SMC,2311,3400,2751.6722115216253,0.0033269129749606023,0.021312589407125097
Donor_581,VLMC,2311,3400,2751.6722115216253,0.010506040973559796,0.04077971190219285
Donor_586,Adaptive,3460,4405,3875.727908455181,0.0003814367450731087,0.044403452159948786
Donor_586,Astro,3460,4405,3875.727908455181,0.11328671328671329,0.04391462921715851
Donor_586,EN_L2_3_IT,3460,4405,3875.727908455181,0.18461538461538463,0.01493726265745517
Donor_586,EN_L3_5_IT_1,3460,4405,3875.727908455181,0.01487603305785124,0.05340741235547218
Donor_586,EN_L3_5_IT_2,3460,4405,3875.727908455181,0.05225683407501589,0.045931922758444946
Donor_586,EN_L3_5_IT_3,3460,4405,3875.727908455181,0.06547997457088366,0.03846558178908354
Donor_586,EN_L5_6_NP,3460,4405,3875.727908455181,0.009408773045136681,0.007727245638110663
Donor_586,EN_L5_ET,3460,4405,3875.727908455181,0.0002542911633820725,0.03625296136193182
Donor_586,EN_L6B,3460,4405,3875.727908455181,0.010298792116973935,0.04924136457711406
Donor_586,EN_L6_CT,3460,4405,3875.727908455181,0.009663064208518753,0.013534749717028189
Donor_586,EN_L6_IT_1,3460,4405,3875.727908455181,0.018436109345200253,0.02766189959053556
Donor_586,EN_L6_IT_2,3460,4405,3875.727908455181,0.006993006993006993,0.01736508509500099
Donor_586,Endo,3460,4405,3875.727908455181,0.006993006993006993,0.01979013438507595
Donor_586,IN_ADARB2,3460,4405,3875.727908455181,0.02339478703115067,0.010426340993501702
Donor_586,IN_LAMP5_LHX6,3460,4405,3875.727908455181,0.0035600762873490145,0.028746175822195654
Donor_586,IN_LAMP5_RELN,3460,4405,3875.727908455181,0.013095994914176732,0.030356872600538164
Donor_586,IN_PVALB,3460,4405,3875.727908455181,0.030260648442466623,0.0503123384791265
Donor_586,IN_PVALB_CHC,3460,4405,3875.727908455181,0.009281627463445645,0.010146866919437723
Donor_586,IN_SST,3460,4405,3875.727908455181,0.041703750794659884,0.016249255304237948
Donor_586,IN_VIP,3460,4405,3875.727908455181,0.04933248569612206,0.02309072750971653
Donor_586,Micro,3460,4405,3875.727908455181,0.04462809917355372,0.01896022992821118
Donor_586,OPC,3460,4405,3875.727908455181,0.021869040050858234,0.03998645418166478
Donor_586,Oligo,3460,4405,3875.727908455181,0.2432294977749523,0.010134556301988723
Donor_586,PC,3460,4405,3875.727908455181,0.01144310235219326,0.01652947360159951
Donor_586,PVM,3460,4405,3875.727908455181,0.006993006993006993,0.007405061225050301
Donor_586,SMC,3460,4405,3875.727908455181,0.0025429116338207248,0.028673802275912826
Donor_586,VLMC,3460,4405,3875.727908455181,0.00572155117609663,0.012291623351946163
Donor_592,Adaptive,1894,1775,1832.5701826110658,0.0010902153175252113,0.030925954500674577
Donor_592,Astro,1894,1775,1832.5701826110658,0.07304442627418915,0.005645958646770732
Donor_592,EN_L2_3_IT,1894,1775,1832.5701826110658,0.07086399563913873,0.00517363864478509
Donor_592,EN_L3_5_IT_1,1894,1775,1832.5701826110658,0.013900245298446443,0.024916451141714417
Donor_592,EN_L3_5_IT_2,1894,1775,1832.5701826110658,0.047969473971109296,0.01606552132513828
Donor_592,EN_L3_5_IT_3,1894,1775,1832.5701826110658,0.04687925865358408,0.03206597815885839
Donor_592,EN_L5_6_NP,1894,1775,1832.5701826110658,0.009811937857726901,0.017536232943681333
Donor_592,EN_L5_ET,1894,1775,1832.5701826110658,0.0002725538293813028,0.03198549481181308
Donor_592,EN_L6B,1894,1775,1832.5701826110658,0.021804306350504225,0.017167763064011528
Donor_592,EN_L6_CT,1894,1775,1832.5701826110658,0.019078768056691196,0.040966926805490245
Donor_592,EN_L6_IT_1,1894,1775,1832.5701826110658,0.022076860179885527,0.065463674643483
Donor_592,EN_L6_IT_2,1894,1775,1832.5701826110658,0.004905968928863451,0.08915918775849116
Donor_592,Endo,1894,1775,1832.5701826110658,0.010357045516489506,0.014916661013342934
Donor_592,IN_ADARB2,1894,1775,1832.5701826110658,0.007904061052057782,0.025015030847109324
Donor_592,IN_LAMP5_LHX6,1894,1775,1832.5701826110658,0.008449168710820387,0.05965015468978695
Donor_592,IN_LAMP5_RELN,1894,1775,1832.5701826110658,0.01062959934587081,0.03333628269835311
Donor_592,IN_PVALB,1894,1775,1832.5701826110658,0.03434178250204415,0.011726340056677805
Donor_592,IN_PVALB_CHC,1894,1775,1832.5701826110658,0.005451076587626056,0.03445201612923672
Donor_592,IN_SST,1894,1775,1832.5701826110658,0.017988552739165987,0.0005774109117907313
Donor_592,IN_VIP,1894,1775,1832.5701826110658,0.03706732079585718,0.07050689546754171
Donor_592,Micro,1894,1775,1832.5701826110658,0.04360861270100845,0.0085221230839974
Donor_592,OPC,1894,1775,1832.5701826110658,0.07277187244480784,0.04692997689885969
Donor_592,Oligo,1894,1775,1832.5701826110658,0.40256200599618425,0.032374028534501324
Donor_592,PC,1894,1775,1832.5701826110658,0.009266830198964295,0.05184038023319642
Donor_592,PVM,1894,1775,1832.5701826110658,0.003270645952575634,0.022834302344206754
Donor_592,VLMC,1894,1775,1832.5701826110658,0.0046334150994821474,0.003604785021285294
Donor_601,Adaptive,770,866,815.1833740831297,0.004889975550122249,0.0434264029489952
Donor_601,Astro,770,866,815.1833740831297,0.35513447432762835,0.02843538816368112
Donor_601,EN_L2_3_IT,770,866,815.1833740831297,0.019559902200488997,0.034350312284412675
Donor_601,EN_L3_5_IT_1,770,866,815.1833740831297,0.004278728606356968,0.08625005650592722
Donor_601,EN_L3_5_IT_2,770,866,815.1833740831297,0.008557457212713936,0.01569503444908724
Donor_601,EN_L3_5_IT_3,770,866,815.1833740831297,0.018337408312958436,0.01609547420543234
Donor_601,EN_L5_6_NP,770,866,815.1833740831297,0.008557457212713936,0.01569503444908724
Donor_601,EN_L6B,770,866,815.1833740831297,0.011613691931540342,0.024215250989764223
Donor_601,EN_L6_CT,770,866,815.1833740831297,0.020171149144254278,0.026732034791823244
Donor_601,EN_L6_IT_1,770,866,815.1833740831297,0.020171149144254278,0.04307420450494106
Donor_601,EN_L6_IT_2,770,866,815.1833740831297,0.0024449877750611247,0.043848203285133315
Donor_601,Endo,770,866,815.1833740831297,0.007946210268948655,0.003276766356896614
Donor_601,IN_ADARB2,770,866,815.1833740831297,0.003667481662591687,0.0334422236492063
Donor_601,IN_LAMP5_LHX6,770,866,815.1833740831297,0.011613691931540342,0.044483276095647784
Donor_601,IN_LAMP5_RELN,770,866,815.1833740831297,0.009168704156479218,0.027282655446608992
Donor_601,IN_PVALB,770,866,815.1833740831297,0.02444987775061125,0.06078586149727325
Donor_601,IN_PVALB_CHC,770,866,815.1833740831297,0.013447432762836185,0.07765138590417048
Donor_601,IN_SST,770,866,815.1833740831297,0.034229828850855744,0.008676965386152756
Donor_601,IN_VIP,770,866,815.1833740831297,0.02567237163814181,0.05014150034759159
Donor_601,Micro,770,866,815.1833740831297,0.03484107579462103,0.04244373038969912
Donor_601,OPC,770,866,815.1833740831297,0.10024449877750612,0.0015379760397896257
Donor_601,Oligo,770,866,815.1833740831297,0.2114914425427873,0.011105127891257737
Donor_601,PC,770,866,815.1833740831297,0.03484107579462103,0.05121052788059653
Donor_601,PVM,770,866,815.1833740831297,0.0006112469437652812,0.04672039746726667
Donor_601,SMC,770,866,815.1833740831297,0.003056234718826406,0.015703285906757368
Donor_601,VLMC,770,866,815.1833740831297,0.011002444987775062,0.0816577683281154
Donor_604,Adaptive,3850,3988,3917.785149272774,0.0025516713447307987,0.058931609637662724
Donor_604,Astro,3850,3988,3917.785149272774,0.12413881092115335,0.007842363191672292
Donor_604,EN_L2_3_IT,3850,3988,3917.785149272774,0.36182699668282725,0.04245814817247514
Donor_604,EN_L3_5_IT_1,3850,3988,3917.785149272774,0.009696351109977035,0.0034854467148147045
Donor_604,EN_L3_5_IT_2,3850,3988,3917.785149272774,0.03916815514161776,0.02578159887532602
Donor_604,EN_L3_5_IT_3,3850,3988,3917.785149272774,0.03725440163306966,0.017711150883471624
Donor_604,EN_L5_6_NP,3850,3988,3917.785149272774,0.005868844092880837,0.02402681237571535
Donor_604,EN_L5_ET,3850,3988,3917.785149272774,0.0005103342689461597,0.02180741928690559
Donor_604,EN_L6B,3850,3988,3917.785149272774,0.0015310028068384791,0.03779085893325089
Donor_604,EN_L6_CT,3850,3988,3917.785149272774,0.0028068384792038787,0.04046555192808547
Donor_604,EN_L6_IT_1,3850,3988,3917.785149272774,0.004082674151569278,0.037773785655871216
Donor_604,EN_L6_IT_2,3850,3988,3917.785149272774,0.002041337075784639,0.035524113601476025
Donor_604,Endo,3850,3988,3917.785149272774,0.024240877774942587,0.0022326160446735958
Donor_604,IN_ADARB2,3850,3988,3917.785149272774,0.047333503444756314,0.01626549766053969
Donor_604,IN_LAMP5_LHX6,3850,3988,3917.785149272774,0.006634345496300076,0.03432029282319173
Donor_604,IN_LAMP5_RELN,3850,3988,3917.785149272774,0.018882367951007912,0.061145575043331034
Donor_604,IN_PVALB,3850,3988,3917.785149272774,0.033426894615973465,0.010489802691853707
Donor_604,IN_PVALB_CHC,3850,3988,3917.785149272774,0.007782597601428936,0.00021493958742170363
Donor_604,IN_SST,3850,3988,3917.785149272774,0.027430466955856086,0.03627801996790295
Donor_604,IN_VIP,3850,3988,3917.785149272774,0.05664710385302373,0.031118311787250177
Donor_604,Micro,3850,3988,3917.785149272774,0.033682061750446544,0.03869787703454636
Donor_604,OPC,3850,3988,3917.785149272774,0.030237305435059963,0.025597344001466068
Donor_604,Oligo,3850,3988,3917.785149272774,0.09249808624649145,0.007255156200011969
Donor_604,PC,3850,3988,3917.785149272774,0.007527430466955856,0.01760400600452659
Donor_604,PVM,3850,3988,3917.785149272774,0.0026792549119673387,0.0031121221163801205
Donor_604,SMC,3850,3988,3917.785149272774,0.006761929063536617,0.03758300058667892
Donor_604,VLMC,3850,3988,3917.785149272774,0.012758356723653993,0.059676493931007275
Donor_609,Astro,3756,3570,3660.6388206388206,0.13035763035763034,0.022106275280843163
Donor_609,EN_L2_3_IT,3756,3570,3660.6388206388206,0.12244062244062244,0.03481350111553657
Donor_609,EN_L3_5_IT_1,3756,3570,3660.6388206388206,0.02252252252252252,0.049361820952993164
Donor_609,EN_L3_5_IT_2,3756,3570,3660.6388206388206,0.05828555828555829,0.014177407276210086
Donor_609,EN_L3_5_IT_3,3756,3570,3660.6388206388206,0.05132405132405132,0.00439031762281941
Donor_609,EN_L5_6_NP,3756,3570,3660.6388206388206,0.009964509964509965,0.019655735944955524
Donor_609,EN_L6B,3756,3570,3660.6388206388206,0.012285012285012284,0.005666671522388658
Donor_609,EN_L6_CT,3756,3570,3660.6388206388206,0.019246519246519246,0.03463689209804485
Donor_609,EN_L6_IT_1,3756,3570,3660.6388206388206,0.025252525252525252,0.023848943652410207
Donor_609,EN_L6_IT_2,3756,3570,3660.6388206388206,0.010510510510510511,0.0027993721089055222
Donor_609,Endo,3756,3570,3660.6388206388206,0.007234507234507234,0.001114069005040262
Donor_609,IN_ADARB2,3756,3570,3660.6388206388206,0.0036855036855036856,0.016614731189934475
Donor_609,IN_LAMP5_LHX6,3756,3570,3660.6388206388206,0.007098007098007098,0.06937669146742496
Donor_609,IN_LAMP5_RELN,3756,3570,3660.6388206388206,0.0075075075075075074,0.03923079159155805
Donor_609,IN_PVALB,3756,3570,3660.6388206388206,0.024433524433524433,0.01688810718026518
Donor_609,IN_PVALB_CHC,3756,3570,3660.6388206388206,0.005323505323505323,0.015053208956674226
Donor_609,IN_SST,3756,3570,3660.6388206388206,0.021294021294021293,0.015063946245194073
Donor_609,IN_VIP,3756,3570,3660.6388206388206,0.02375102375102375,0.033041277079717046
Donor_609,Micro,3756,3570,3660.6388206388206,0.05036855036855037,0.004535925087017705
Donor_609,OPC,3756,3570,3660.6388206388206,0.03385203385203385,0.038825901185555435
Donor_609,Oligo,3756,3570,3660.6388206388206,0.34165984165984165,0.03769980048091867
Donor_609,PC,3756,3570,3660.6388206388206,0.0045045045045045045,0.008820398759304078
Donor_609,PVM,3756,3570,3660.6388206388206,0.0017745017745017745,0.017329758337506624
Donor_609,SMC,3756,3570,3660.6388206388206,0.000546000546000546,0.024575715084648144
Donor_609,VLMC,3756,3570,3660.6388206388206,0.004777504777504778,0.01540556065854249
Donor_616,Adaptive,3849,3745,3796.287858835923,0.003423755596523571,0.01964396398399472
Donor_616,Astro,3849,3745,3796.287858835923,0.12180668949170398,0.009397293049038372
Donor_616,EN_L2_3_IT,3849,3745,3796.287858835923,0.05728206478799052,0.005619386350382817
Donor_616,EN_L3_5_IT_1,3849,3745,3796.287858835923,0.008164340268633132,0.009223510863427115
Donor_616,EN_L3_5_IT_2,3849,3745,3796.287858835923,0.033184092704766924,0.0008071627546903878
Donor_616,EN_L3_5_IT_3,3849,3745,3796.287858835923,0.025941532789043983,0.02038586303892507
Donor_616,EN_L5_6_NP,3849,3745,3796.287858835923,0.009217803529101922,0.013667895065312349
Donor_616,EN_L5_ET,3849,3745,3796.287858835923,0.0001316829075585989,0.022642062338665225
Donor_616,EN_L6B,3849,3745,3796.287858835923,0.011456412957598104,0.010374917892828635
Donor_616,EN_L6_CT,3849,3745,3796.287858835923,0.016592046352383462,0.0005659149297024055
Donor_616,EN_L6_IT_1,3849,3745,3796.287858835923,0.024361337898340794,0.016289275604698596
Donor_616,EN_L6_IT_2,3849,3745,3796.287858835923,0.006189096655254148,0.02134922227553965
Donor_616,Endo,3849,3745,3796.287858835923,0.0237029233605478,0.016510676663889827
Donor_616,IN_ADARB2,3849,3745,3796.287858835923,0.009744535159336319,0.008008646677984307
Donor_616,IN_LAMP5_LHX6,3849,3745,3796.287858835923,0.005267316302343956,0.009271680484885532
Donor_616,IN_LAMP5_RELN,3849,3745,3796.287858835923,0.008822754806426126,0.03920364090721932
Donor_616,IN_PVALB,3849,3745,3796.287858835923,0.02633658151171978,0.004505567267405488
Donor_616,IN_PVALB_CHC,3849,3745,3796.287858835923,0.004608901764550961,0.0020249361522708593
Donor_616,IN_SST,3849,3745,3796.287858835923,0.0237029233605478,0.038900693830234256
Donor_616,IN_VIP,3849,3745,3796.287858835923,0.03120884909138794,0.03598560193286327
Donor_616,Micro,3849,3745,3796.287858835923,0.04371872530945483,0.004448797480315538
Donor_616,OPC,3849,3745,3796.287858835923,0.010534632604687911,0.01265367259285174
Donor_616,Oligo,3849,3745,3796.287858835923,0.4716881748749012,0.009996540788231515
Donor_616,PC,3849,3745,3796.287858835923,0.013563339478535686,0.003619592029601974
Donor_616,PVM,3849,3745,3796.287858835923,0.00237029233605478,0.03116639377049403
Donor_616,SMC,3849,3745,3796.287858835923,0.0021069265209375824,0.024237960848528608
Donor_616,VLMC,3849,3745,3796.287858835923,0.004872267579668159,0.03596386808279794
Donor_620,Astro,2259,2356,2306.4806067172262,0.11202600216684724,0.002932775202344916
Donor_620,EN_L2_3_IT,2259,2356,2306.4806067172262,0.08320693391115927,0.025004680307508062
Donor_620,EN_L3_5_IT_1,2259,2356,2306.4806067172262,0.012784398699891657,0.022229002915461864
Donor_620,EN_L3_5_IT_2,2259,2356,2306.4806067172262,0.03401950162513543,0.029417334970379003
Donor_620,EN_L3_5_IT_3,2259,2356,2306.4806067172262,0.0266522210184182,0.03656937996367465
Donor_620,EN_L5_6_NP,2259,2356,2306.4806067172262,0.004117009750812568,0.00406702280957654
Donor_620,EN_L6B,2259,2356,2306.4806067172262,0.004333694474539545,0.010426053888010448
Donor_620,EN_L6_CT,2259,2356,2306.4806067172262,0.00866738894907909,0.01477686044444021
Donor_620,EN_L6_IT_1,2259,2356,2306.4806067172262,0.0065005417118093175,0.03577184347637354
Donor_620,EN_L6_IT_2,2259,2356,2306.4806067172262,0.006717226435536294,0.01246511208366911
Donor_620,Endo,2259,2356,2306.4806067172262,0.03185265438786566,0.03972416679596049
Donor_620,IN_ADARB2,2259,2356,2306.4806067172262,0.005200433369447454,0.009015003099571624
Donor_620,IN_LAMP5_LHX6,2259,2356,2306.4806067172262,0.006933911159263272,0.006935491876014939
Donor_620,IN_LAMP5_RELN,2259,2356,2306.4806067172262,0.009750812567713976,0.02623432792015637
Donor_620,IN_PVALB,2259,2356,2306.4806067172262,0.029685807150595885,0.045674679146024605
Donor_620,IN_PVALB_CHC,2259,2356,2306.4806067172262,0.006933911159263272,0.003514163692972642
Donor_620,IN_SST,2259,2356,2306.4806067172262,0.02275189599133261,0.04882800436163086
Donor_620,IN_VIP,2259,2356,2306.4806067172262,0.039869989165763814,0.017433827034178836
Donor_620,Micro,2259,2356,2306.4806067172262,0.05287107258938245,0.006061385611700365
Donor_620,OPC,2259,2356,2306.4806067172262,0.03466955579631636,0.012709882933123888
Donor_620,Oligo,2259,2356,2306.4806067172262,0.4216684723726977,0.004475994037204682
Donor_620,PC,2259,2356,2306.4806067172262,0.007583965330444204,0.07128649904498992
Donor_620,PVM,2259,2356,2306.4806067172262,0.008884073672806067,0.009879599170263303
Donor_620,SMC,2259,2356,2306.4806067172262,0.0015167930660888408,0.03178328543759117
Donor_620,VLMC,2259,2356,2306.4806067172262,0.020801733477789817,0.04247580419678064
Donor_621,Adaptive,3342,996,1534.6390041493778,0.0002305209774089442,0.06613563049366471
Donor_621,Astro,3342,996,1534.6390041493778,0.21876440756108806,0.009108451778056394
Donor_621,EN_L2_3_IT,3342,996,1534.6390041493778,0.2070078377132319,0.09913597557436155
Donor_621,EN_L3_5_IT_1,3342,996,1534.6390041493778,0.017980636237897647,0.02051042711567565
Donor_621,EN_L3_5_IT_2,3342,996,1534.6390041493778,0.06016597510373444,0.01685092972358844
Donor_621,EN_L3_5_IT_3,3342,996,1534.6390041493778,0.05532503457814661,0.06211541521853855
Donor_621,EN_L5_6_NP,3342,996,1534.6390041493778,0.012448132780082987,0.06584282048291776
Donor_621,EN_L5_ET,3342,996,1534.6390041493778,0.0006915629322268327,0.015427741517968727
Donor_621,EN_L6B,3342,996,1534.6390041493778,0.0036883356385431073,0.03597973926367735
Donor_621,EN_L6_CT,3342,996,1534.6390041493778,0.005071461502996773,0.019285750675696083
Donor_621,EN_L6_IT_1,3342,996,1534.6390041493778,0.010834485938220378,0.027806846788287022
Donor_621,EN_L6_IT_2,3342,996,1534.6390041493778,0.004610419548178884,0.10403882882224268
Donor_621,Endo,3342,996,1534.6390041493778,0.05094513600737667,0.14071236145793412
Donor_621,IN_ADARB2,3342,996,1534.6390041493778,0.011065006915629323,0.06203378065149427
Donor_621,IN_LAMP5_LHX6,3342,996,1534.6390041493778,0.005763024435223606,0.02169370137852623
Donor_621,IN_LAMP5_RELN,3342,996,1534.6390041493778,0.014983863531581374,0.0008160458844296125
Donor_621,IN_PVALB,3342,996,1534.6390041493778,0.024435223605348087,0.05623748602469636
Donor_621,IN_PVALB_CHC,3342,996,1534.6390041493778,0.007837713231904103,0.011917028527783015
Donor_621,IN_SST,3342,996,1534.6390041493778,0.005763024435223606,0.012739989283766774
Donor_621,IN_VIP,3342,996,1534.6390041493778,0.05394190871369295,0.007348911874711901
Donor_621,Micro,3342,996,1534.6390041493778,0.005071461502996773,0.0009389115460536196
Donor_621,OPC,3342,996,1534.6390041493778,0.07630244352236054,0.21107177345671438
Donor_621,Oligo,3342,996,1534.6390041493778,0.09566620562471184,0.010117865104559665
Donor_621,PC,3342,996,1534.6390041493778,0.020055325034578148,0.06530524274711304
Donor_621,PVM,3342,996,1534.6390041493778,0.004610419548178884,0.04986413432554548
Donor_621,SMC,3342,996,1534.6390041493778,0.018441678192715538,0.0035637631158015183
Donor_621,VLMC,3342,996,1534.6390041493778,0.008298755186721992,0.04691206471686133
Donor_626,Astro,76,91,82.82634730538922,0.041916167664670656,0.38385226492085334
Donor_626,EN_L2_3_IT,76,91,82.82634730538922,0.005988023952095809,0.17054886551704942
Donor_626,EN_L3_5_IT_1,76,91,82.82634730538922,0.005988023952095809,0.17054886551704942
Donor_626,EN_L3_5_IT_2,76,91,82.82634730538922,0.03592814371257485,0.034961128054075453
Donor_626,EN_L6_IT_1,76,91,82.82634730538922,0.005988023952095809,0.17054886551704942
Donor_626,Endo,76,91,82.82634730538922,0.0658682634730539,0.1941096284484262
Donor_626,IN_LAMP5_RELN,76,91,82.82634730538922,0.011976047904191617,0.019938651183064857
Donor_626,IN_SST,76,91,82.82634730538922,0.011976047904191617,0.20204499865505737
Donor_626,IN_VIP,76,91,82.82634730538922,0.0718562874251497,0.13661388464745042
Donor_626,Micro,76,91,82.82634730538922,0.6107784431137725,0.07028344948482075
Donor_626,OPC,76,91,82.82634730538922,0.03592814371257485,0.034961128054075453
Donor_626,Oligo,76,91,82.82634730538922,0.017964071856287425,0.11539441782014809
Donor_626,PC,76,91,82.82634730538922,0.029940119760479042,0.24434950572498287
Donor_626,PVM,76,91,82.82634730538922,0.011976047904191617,0.019938651183064857
Donor_626,SMC,76,91,82.82634730538922,0.011976047904191617,0.2419223010211871
Donor_626,VLMC,76,91,82.82634730538922,0.023952095808383235,0.1295562162758421
Donor_629,Adaptive,367,3220,658.9015890716477,0.00027878449958182325,0.16321503775264992
Donor_629,Astro,367,3220,658.9015890716477,0.08837468636743798,0.21993659182671224
Donor_629,EN_L2_3_IT,367,3220,658.9015890716477,0.13353777529969335,0.29454831955191674
Donor_629,EN_L3_5_IT_1,367,3220,658.9015890716477,0.013381655979927517,0.1033178252180829
Donor_629,EN_L3_5_IT_2,367,3220,658.9015890716477,0.04516308893225537,0.12533712776157205
Donor_629,EN_L3_5_IT_3,367,3220,658.9015890716477,0.03819347644270978,0.17447554617480873
Donor_629,EN_L5_6_NP,367,3220,658.9015890716477,0.008363534987454697,0.10230437340571714
Donor_629,EN_L6B,367,3220,658.9015890716477,0.01366044047950934,0.13109756666260344
Donor_629,EN_L6_CT,367,3220,658.9015890716477,0.01449679397825481,0.13510843633095684
Donor_629,EN_L6_IT_1,367,3220,658.9015890716477,0.018120992472818512,0.12857868570410066
Donor_629,EN_L6_IT_2,367,3220,658.9015890716477,0.008363534987454697,0.10230437340571714
Donor_629,Endo,367,3220,658.9015890716477,0.002230275996654586,0.05266712955993225
Donor_629,IN_ADARB2,367,3220,658.9015890716477,0.02481182046278227,0.1540410387280979
Donor_629,IN_LAMP5_LHX6,367,3220,658.9015890716477,0.007248396989127405,0.012160193494074044
Donor_629,IN_LAMP5_RELN,367,3220,658.9015890716477,0.0119877334820184,0.011142292285698829
Donor_629,IN_PVALB,367,3220,658.9015890716477,0.03150264845274603,0.061889392644557534
Donor_629,IN_PVALB_CHC,367,3220,658.9015890716477,0.006690827989963758,0.09142673584001433
Donor_629,IN_SST,367,3220,658.9015890716477,0.04655701143016448,0.044465686620160774
Donor_629,IN_VIP,367,3220,658.9015890716477,0.04042375243936437,0.043700223781692527
Donor_629,Micro,367,3220,658.9015890716477,0.04822971842765542,0.08075775320678787
Donor_629,OPC,367,3220,658.9015890716477,0.037914691943127965,0.03314126678329495
Donor_629,Oligo,367,3220,658.9015890716477,0.3512684694730973,0.41384216480028213
Donor_629,PC,367,3220,658.9015890716477,0.004739336492890996,0.011520265360811709
Donor_629,PVM,367,3220,658.9015890716477,0.0019514914970727628,0.049258707440167
Donor_629,VLMC,367,3220,658.9015890716477,0.002509060496236409,0.0654773643058366
Donor_63,Adaptive,2844,2767,2804.9716628052042,0.0024950989128497596,0.02721153710694047
Donor_63,Astro,2844,2767,2804.9716628052042,0.04580288718588487,0.02477288975160614
Donor_63,EN_L2_3_IT,2844,2767,2804.9716628052042,0.029762965603279273,0.00690591332744376
Donor_63,EN_L3_5_IT_1,2844,2767,2804.9716628052042,0.0032079843165211193,0.03938452959327991
Donor_63,EN_L3_5_IT_2,2844,2767,2804.9716628052042,0.022277668864729993,0.02105306033160232
Donor_63,EN_L3_5_IT_3,2844,2767,2804.9716628052042,0.019604348600962395,0.009024937103083705
Donor_63,EN_L5_6_NP,2844,2767,2804.9716628052042,0.004811976474781679,0.058578414622475324
Donor_63,EN_L5_ET,2844,2767,2804.9716628052042,0.0003564427018356799,0.037254861610229575
Donor_63,EN_L6B,2844,2767,2804.9716628052042,0.012119051862413117,0.009992519940147321
Donor_63,EN_L6_CT,2844,2767,2804.9716628052042,0.013723044020673677,0.018560132697168878
Donor_63,EN_L6_IT_1,2844,2767,2804.9716628052042,0.011406166458741757,0.023092568705539242
Donor_63,EN_L6_IT_2,2844,2767,2804.9716628052042,0.0017822135091783995,0.0011599238027878251
Donor_63,Endo,2844,2767,2804.9716628052042,0.0033862056674389593,0.016810669404929493
Donor_63,IN_ADARB2,2844,2767,2804.9716628052042,0.0019604348600962395,0.04151538429976458
Donor_63,IN_LAMP5_LHX6,2844,2767,2804.9716628052042,0.004990197825699519,0.04241924491183149
Donor_63,IN_LAMP5_RELN,2844,2767,2804.9716628052042,0.006415968633042239,0.015654757743701203
Donor_63,IN_PVALB,2844,2767,2804.9716628052042,0.014792372126180717,0.023214846926545928
Donor_63,IN_PVALB_CHC,2844,2767,2804.9716628052042,0.003564427018356799,0.04621477495655612
Donor_63,IN_SST,2844,2767,2804.9716628052042,0.012475494564248797,0.003338458193486411
Donor_63,IN_VIP,2844,2767,2804.9716628052042,0.012831937266084477,0.060146510505271734
Donor_63,Micro,2844,2767,2804.9716628052042,0.019604348600962395,0.01416803298825563
Donor_63,OPC,2844,2767,2804.9716628052042,0.026554981286758154,0.015620947781431577
Donor_63,Oligo,2844,2767,2804.9716628052042,0.7164498306897167,0.05760949097129193
Donor_63,PC,2844,2767,2804.9716628052042,0.006415968633042239,0.006724415561929405
Donor_63,PVM,2844,2767,2804.9716628052042,0.0003564427018356799,0.000518363632813097
Donor_63,SMC,2844,2767,2804.9716628052042,0.0003564427018356799,0.03829158887585577
Donor_63,VLMC,2844,2767,2804.9716628052042,0.0024950989128497596,0.012919303211307881
Donor_633,Adaptive,992,2498,1420.0664756446993,0.00028653295128939826,0.05956117682696543
Donor_633,Astro,992,2498,1420.0664756446993,0.061891117478510026,0.0678248252840296
Donor_633,EN_L2_3_IT,992,2498,1420.0664756446993,0.09426934097421204,0.011976513078157483
Donor_633,EN_L3_5_IT_1,992,2498,1420.0664756446993,0.018911174785100286,0.023162111135130392
Donor_633,EN_L3_5_IT_2,992,2498,1420.0664756446993,0.04469914040114613,0.09093013803179754
Donor_633,EN_L3_5_IT_3,992,2498,1420.0664756446993,0.05501432664756447,0.05296207925031447
Donor_633,EN_L5_6_NP,992,2498,1420.0664756446993,0.013180515759312322,0.02377118505888181
Donor_633,EN_L5_ET,992,2498,1420.0664756446993,0.001146131805157593,0.005701058931828332
Donor_633,EN_L6B,992,2498,1420.0664756446993,0.007449856733524355,0.04274336674739266
Donor_633,EN_L6_CT,992,2498,1420.0664756446993,0.011174785100286532,0.09493044783453072
Donor_633,EN_L6_IT_1,992,2498,1420.0664756446993,0.008882521489971347,0.012180312811129003
Donor_633,EN_L6_IT_2,992,2498,1420.0664756446993,0.006017191977077364,0.01764749740639411
Donor_633,Endo,992,2498,1420.0664756446993,0.022063037249283667,0.00850018001885671
Donor_633,IN_ADARB2,992,2498,1420.0664756446993,0.014613180515759312,0.005912062485612884
Donor_633,IN_LAMP5_LHX6,992,2498,1420.0664756446993,0.0034383954154727794,0.058005398743993304
Donor_633,IN_LAMP5_RELN,992,2498,1420.0664756446993,0.012320916905444125,0.0354625096235788
Donor_633,IN_PVALB,992,2498,1420.0664756446993,0.034670487106017195,0.041518714571811915
Donor_633,IN_PVALB_CHC,992,2498,1420.0664756446993,0.005157593123209169,0.01737439054090546
Donor_633,IN_SST,992,2498,1420.0664756446993,0.05300859598853868,0.06653445682935204
Donor_633,IN_VIP,992,2498,1420.0664756446993,0.04183381088825215,0.09496056715739139
Donor_633,Micro,992,2498,1420.0664756446993,0.0166189111747851,0.016680017169444977
Donor_633,OPC,992,2498,1420.0664756446993,0.04154727793696275,0.07915166955545404
Donor_633,Oligo,992,2498,1420.0664756446993,0.41117478510028654,0.12054458334027686
Donor_633,PC,992,2498,1420.0664756446993,0.009742120343839542,0.004815291768107103
Donor_633,PVM,992,2498,1420.0664756446993,0.0008595988538681948,0.10319256520757003
Donor_633,SMC,992,2498,1420.0664756446993,0.0020057306590257878,0.00032471179488555217
Donor_633,VLMC,992,2498,1420.0664756446993,0.008022922636103151,0.048012890965859825
Donor_634,Adaptive,1702,3641,2319.6638592551003,0.0029945723376380313,0.01730617997363193
Donor_634,Astro,1702,3641,2319.6638592551003,0.12764364589182106,0.007106771368454714
Donor_634,EN_L2_3_IT,1702,3641,2319.6638592551003,0.3082537900056148,0.002524468150961362
Donor_634,EN_L3_5_IT_1,1702,3641,2319.6638592551003,0.007486430844095077,0.03742761007202905
Donor_634,EN_L3_5_IT_2,1702,3641,2319.6638592551003,0.02451806101441138,0.004068368877353375
Donor_634,EN_L3_5_IT_3,1702,3641,2319.6638592551003,0.016844469399213923,0.024583676424750633
Donor_634,Endo,1702,3641,2319.6638592551003,0.02582818641212802,0.01065127778097342
Donor_634,IN_ADARB2,1702,3641,2319.6638592551003,0.011978289350552125,0.0048579207522326875
Donor_634,IN_LAMP5_LHX6,1702,3641,2319.6638592551003,0.005801983904173685,0.0014192912387222308
Donor_634,IN_LAMP5_RELN,1702,3641,2319.6638592551003,0.013849897061575894,0.010531221002622493
Donor_634,IN_PVALB,1702,3641,2319.6638592551003,0.03518622496724687,0.01924687946282131
Donor_634,IN_PVALB_CHC,1702,3641,2319.6638592551003,0.006550626988583193,0.00909357999576181
Donor_634,IN_SST,1702,3641,2319.6638592551003,0.014411379374883024,0.03958558822373722
Donor_634,IN_VIP,1702,3641,2319.6638592551003,0.05053340819764177,0.019711879921402786
Donor_634,Micro,1702,3641,2319.6638592551003,0.04248549504023957,0.022700321133990946
Donor_634,OPC,1702,3641,2319.6638592551003,0.030320044918585063,0.01204433265611
Donor_634,Oligo,1702,3641,2319.6638592551003,0.19988770353733856,0.008173441187142041
Donor_634,PC,1702,3641,2319.6638592551003,0.009732360097323601,0.02139005083491022
Donor_634,PVM,1702,3641,2319.6638592551003,0.01647014785700917,0.013766612259572786
Donor_634,SMC,1702,3641,2319.6638592551003,0.003368893879842785,0.07835860062004117
Donor_634,VLMC,1702,3641,2319.6638592551003,0.04585438892008235,0.029036012907865685
Donor_638,Adaptive,945,1445,1142.6987447698743,0.0029288702928870294,0.03990915231323656
Donor_638,Astro,945,1445,1142.6987447698743,0.33472803347280333,0.017365399391539835
Donor_638,EN_L2_3_IT,945,1445,1142.6987447698743,0.040585774058577405,0.07409342409331264
Donor_638,EN_L3_5_IT_1,945,1445,1142.6987447698743,0.020502092050209204,0.05712921353222827
Donor_638,EN_L3_5_IT_2,945,1445,1142.6987447698743,0.016736401673640166,0.038419294251817795
Donor_638,EN_L3_5_IT_3,945,1445,1142.6987447698743,0.022175732217573223,0.059951239836592875
Donor_638,EN_L5_6_NP,945,1445,1142.6987447698743,0.0029288702928870294,0.05725506571253801
Donor_638,EN_L6B,945,1445,1142.6987447698743,0.0029288702928870294,0.007521079637978367
Donor_638,EN_L6_CT,945,1445,1142.6987447698743,0.00041841004184100416,0.03383934740054703
Donor_638,EN_L6_IT_1,945,1445,1142.6987447698743,0.0016736401673640166,0.017915668998071253
Donor_638,EN_L6_IT_2,945,1445,1142.6987447698743,0.0033472803347280333,0.035247406664644224
Donor_638,Endo,945,1445,1142.6987447698743,0.019246861924686193,0.06129687952223105
Donor_638,IN_ADARB2,945,1445,1142.6987447698743,0.0037656903765690376,0.015961678486041863
Donor_638,IN_LAMP5_LHX6,945,1445,1142.6987447698743,0.004602510460251046,0.009034230297077908
Donor_638,IN_LAMP5_RELN,945,1445,1142.6987447698743,0.008368200836820083,0.020982130404233506
Donor_638,IN_PVALB,945,1445,1142.6987447698743,0.007949790794979079,0.009606862907394407
Donor_638,IN_PVALB_CHC,945,1445,1142.6987447698743,0.002510460251046025,0.04800023220685297
Donor_638,IN_SST,945,1445,1142.6987447698743,0.007949790794979079,0.04951863670292137
Donor_638,IN_VIP,945,1445,1142.6987447698743,0.01799163179916318,0.0790329195243668
Donor_638,Micro,945,1445,1142.6987447698743,0.12343096234309624,0.008738459641432482
Donor_638,OPC,945,1445,1142.6987447698743,0.0694560669456067,0.05069784247866147
Donor_638,Oligo,945,1445,1142.6987447698743,0.24728033472803349,0.018985625574211736
Donor_638,PC,945,1445,1142.6987447698743,0.02301255230125523,0.020390596842350863
Donor_638,PVM,945,1445,1142.6987447698743,0.007949790794979079,0.009606862907394407
Donor_638,SMC,945,1445,1142.6987447698743,0.002510460251046025,0.02195132570435349
Donor_638,VLMC,945,1445,1142.6987447698743,0.00502092050209205,0.05584579301905569
Donor_655,Adaptive,3836,4008,3920.1142274349822,0.00038245792962774094,0.03999759576824513
Donor_655,Astro,3836,4008,3920.1142274349822,0.18001019887812342,0.00865700484763271
Donor_655,EN_L2_3_IT,3836,4008,3920.1142274349822,0.12723100458949516,0.0016200396651648917
Donor_655,EN_L3_5_IT_1,3836,4008,3920.1142274349822,0.009178990311065782,0.0011267009809804763
Donor_655,EN_L3_5_IT_2,3836,4008,3920.1142274349822,0.024859765425803163,0.014293575327230313
Donor_655,EN_L3_5_IT_3,3836,4008,3920.1142274349822,0.026007139214686385,0.002447097663204053
Donor_655,EN_L5_6_NP,3836,4008,3920.1142274349822,0.0028046914839367667,0.02661449829944709
Donor_655,EN_L6B,3836,4008,3920.1142274349822,0.0005099439061703213,0.04420606281430133
Donor_655,EN_L6_CT,3836,4008,3920.1142274349822,0.002039775624681285,0.04324810955868277
Donor_655,EN_L6_IT_1,3836,4008,3920.1142274349822,0.0008924018357980622,0.04140413858426929
Donor_655,EN_L6_IT_2,3836,4008,3920.1142274349822,0.0008924018357980622,0.04140413858426929
Donor_655,Endo,3836,4008,3920.1142274349822,0.008541560428352881,0.029020625434295517
Donor_655,IN_ADARB2,3836,4008,3920.1142274349822,0.033911269760326365,0.005873155620747513
Donor_655,IN_LAMP5_LHX6,3836,4008,3920.1142274349822,0.005099439061703213,0.01746675428110381
Donor_655,IN_LAMP5_RELN,3836,4008,3920.1142274349822,0.016828148903620603,0.0017738642546276972
Donor_655,IN_PVALB,3836,4008,3920.1142274349822,0.0382457929627741,0.0007691532095724349
Donor_655,IN_PVALB_CHC,3836,4008,3920.1142274349822,0.00790413054563998,0.02120051112586402
Donor_655,IN_SST,3836,4008,3920.1142274349822,0.026644569097399286,0.022837057096945577
Donor_655,IN_VIP,3836,4008,3920.1142274349822,0.07139214686384497,0.015574985017266972
Donor_655,Micro,3836,4008,3920.1142274349822,0.06030086690464049,0.02718914151567786
Donor_655,OPC,3836,4008,3920.1142274349822,0.02766445690973993,0.02450987618579974
Donor_655,Oligo,3836,4008,3920.1142274349822,0.28735339112697605,0.005312847809674559
Donor_655,PC,3836,4008,3920.1142274349822,0.009306476287608363,0.02284933056663491
Donor_655,PVM,3836,4008,3920.1142274349822,0.010326364099949005,0.017098719434692416
Donor_655,SMC,3836,4008,3920.1142274349822,0.0017848036715961244,0.04649331083356294
Donor_655,VLMC,3836,4008,3920.1142274349822,0.01988781234064253,0.0025958129510202112
Donor_670,Adaptive,1901,4043,2586.050807537012,0.004542395693135935,0.015697906999051558
Donor_670,Astro,1901,4043,2586.050807537012,0.09539030955585465,0.030705860540699067
Donor_670,EN_L2_3_IT,1901,4043,2586.050807537012,0.063257065948856,0.12152867093890657
Donor_670,EN_L3_5_IT_1,1901,4043,2586.050807537012,0.01379542395693136,0.0545359831208485
Donor_670,EN_L3_5_IT_2,1901,4043,2586.050807537012,0.02069313593539704,0.06702747873001877
Donor_670,EN_L3_5_IT_3,1901,4043,2586.050807537012,0.013458950201884253,0.009493878539838676
Donor_670,EN_L5_6_NP,1901,4043,2586.050807537012,0.00319650067294751,0.012652175152617408
Donor_670,EN_L5_ET,1901,4043,2586.050807537012,0.00016823687752355316,0.019070944149385285
Donor_670,EN_L6B,1901,4043,2586.050807537012,0.004205921938088829,0.035796514888439206
Donor_670,EN_L6_CT,1901,4043,2586.050807537012,0.005383580080753701,0.02361287215339289
Donor_670,EN_L6_IT_1,1901,4043,2586.050807537012,0.007234185733512786,0.04336788447484465
Donor_670,EN_L6_IT_2,1901,4043,2586.050807537012,0.004374158815612382,0.027133157867565618
Donor_670,Endo,1901,4043,2586.050807537012,0.02220726783310902,0.025107974545681887
Donor_670,IN_ADARB2,1901,4043,2586.050807537012,0.07671601615074024,0.0373036025213748
Donor_670,IN_LAMP5_LHX6,1901,4043,2586.050807537012,0.006729475100942127,0.06425590788551089
Donor_670,IN_LAMP5_RELN,1901,4043,2586.050807537012,0.02557200538358008,0.0372954850486373
Donor_670,IN_PVALB,1901,4043,2586.050807537012,0.039703903095558546,0.06526120050336218
Donor_670,IN_PVALB_CHC,1901,4043,2586.050807537012,0.009421265141318977,0.015289293260204218
Donor_670,IN_SST,1901,4043,2586.050807537012,0.06746298788694483,0.005404734378928183
Donor_670,IN_VIP,1901,4043,2586.050807537012,0.08176312247644683,0.07742647713408354
Donor_670,Micro,1901,4043,2586.050807537012,0.08748317631224764,0.03201040836025506
Donor_670,OPC,1901,4043,2586.050807537012,0.025908479138627188,0.042587283615955755
Donor_670,Oligo,1901,4043,2586.050807537012,0.186742934051144,0.11907493647170501
Donor_670,PC,1901,4043,2586.050807537012,0.0033647375504710633,0.032003861685075095
Donor_670,PVM,1901,4043,2586.050807537012,0.019851951547779273,0.05689234227536339
Donor_670,SMC,1901,4043,2586.050807537012,0.024730820995962317,0.019852993186627952
Donor_670,VLMC,1901,4043,2586.050807537012,0.08664199192462987,0.08328345098298157
Donor_673,Astro,997,897,944.3600844772966,0.27455121436114044,0.05823823464627852
Donor_673,EN_L2_3_IT,997,897,944.3600844772966,0.06441393875395987,0.036412017528253536
Donor_673,EN_L3_5_IT_1,997,897,944.3600844772966,0.003695881731784583,0.01100098909945441
Donor_673,EN_L3_5_IT_2,997,897,944.3600844772966,0.030623020063357972,0.08028080852823576
Donor_673,EN_L3_5_IT_3,997,897,944.3600844772966,0.03695881731784583,0.02415822999794353
Donor_673,EN_L5_6_NP,997,897,944.3600844772966,0.005807814149947202,0.005841997643930078
Donor_673,EN_L5_ET,997,897,944.3600844772966,0.0010559662090813093,0.061764545241519586
Donor_673,EN_L6B,997,897,944.3600844772966,0.004223864836325237,0.03955213661778784
Donor_673,EN_L6_CT,997,897,944.3600844772966,0.005807814149947202,0.10564156444779373
Donor_673,EN_L6_IT_1,997,897,944.3600844772966,0.003695881731784583,0.08080290988460231
Donor_673,EN_L6_IT_2,997,897,944.3600844772966,0.0026399155227032735,0.05646233119550793
Donor_673,Endo,997,897,944.3600844772966,0.03695881731784583,0.09151203905010993
Donor_673,IN_ADARB2,997,897,944.3600844772966,0.005807814149947202,0.022028892879000863
Donor_673,IN_LAMP5_LHX6,997,897,944.3600844772966,0.006335797254487857,0.15169303124914152
Donor_673,IN_LAMP5_RELN,997,897,944.3600844772966,0.006335797254487857,0.0618384449202186
Donor_673,IN_PVALB,997,897,944.3600844772966,0.021119324181626188,0.03028331820214036
Donor_673,IN_PVALB_CHC,997,897,944.3600844772966,0.00897571277719113,0.0011500256067766407
Donor_673,IN_SST,997,897,944.3600844772966,0.03590285110876452,0.03648179691734085
Donor_673,IN_VIP,997,897,944.3600844772966,0.04593453009503696,0.0020564322223391674
Donor_673,Micro,997,897,944.3600844772966,0.034318901795142555,0.002512188077971366
Donor_673,OPC,997,897,944.3600844772966,0.1573389651531151,0.045756633712179924
Donor_673,Oligo,997,897,944.3600844772966,0.15892291446673706,0.04313330571384446
Donor_673,PC,997,897,944.3600844772966,0.04065469904963041,0.005712953817402312
Donor_673,SMC,997,897,944.3600844772966,0.0015839493136219642,0.030845556438265986
Donor_673,VLMC,997,897,944.3600844772966,0.006335797254487857,0.01823585864329145
Donor_674,Adaptive,990,1626,1230.6880733944954,0.00038226299694189603,0.03146163959861362
Donor_674,Astro,990,1626,1230.6880733944954,0.172782874617737,0.09433146412429443
Donor_674,EN_L2_3_IT,990,1626,1230.6880733944954,0.15825688073394495,0.06979099672298913
Donor_674,EN_L3_5_IT_1,990,1626,1230.6880733944954,0.008409785932721712,0.005795958567884679
Donor_674,EN_L3_5_IT_2,990,1626,1230.6880733944954,0.014908256880733946,0.050410696157287355
Donor_674,EN_L3_5_IT_3,990,1626,1230.6880733944954,0.00382262996941896,0.04699218570963065
Donor_674,EN_L6_IT_1,990,1626,1230.6880733944954,0.00038226299694189603,0.03146163959861362
Donor_674,EN_L6_IT_2,990,1626,1230.6880733944954,0.00038226299694189603,0.03146163959861362
Donor_674,Endo,990,1626,1230.6880733944954,0.008792048929663608,0.039967055654807855
Donor_674,IN_ADARB2,990,1626,1230.6880733944954,0.10435779816513761,0.08671986538869757
Donor_674,IN_LAMP5_LHX6,990,1626,1230.6880733944954,0.009938837920489297,0.06290021817131686
Donor_674,IN_LAMP5_RELN,990,1626,1230.6880733944954,0.027140672782874617,0.008693594843426097
Donor_674,IN_PVALB,990,1626,1230.6880733944954,0.030198776758409786,0.0939810461310913
Donor_674,IN_PVALB_CHC,990,1626,1230.6880733944954,0.01643730886850153,0.016269421710678234
Donor_674,IN_SST,990,1626,1230.6880733944954,0.035168195718654434,0.08101934615960259
Donor_674,IN_VIP,990,1626,1230.6880733944954,0.10779816513761468,0.009014041175329246
Donor_674,Micro,990,1626,1230.6880733944954,0.08180428134556575,0.05937773092538496
Donor_674,OPC,990,1626,1230.6880733944954,0.10168195718654434,0.023308821117166624
Donor_674,Oligo,990,1626,1230.6880733944954,0.10321100917431193,0.020410909884814935
Donor_674,PC,990,1626,1230.6880733944954,0.00191131498470948,0.004010907755707369
Donor_674,PVM,990,1626,1230.6880733944954,0.004969418960244648,0.0018552077006785974
Donor_674,VLMC,990,1626,1230.6880733944954,0.007262996941896025,0.09204896493662727
Donor_686,Adaptive,2254,2325,2288.9495523039964,0.001310329766324525,0.02303038934506944
Donor_686,Astro,2254,2325,2288.9495523039964,0.16291766761301593,0.007610246547182011
Donor_686,EN_L2_3_IT,2254,2325,2288.9495523039964,0.03887311640096091,0.0017177396381269341
Donor_686,EN_L3_5_IT_1,2254,2325,2288.9495523039964,0.012011356191308145,0.02347231528558394
Donor_686,EN_L3_5_IT_2,2254,2325,2288.9495523039964,0.0576545097182791,0.060153200301727
Donor_686,EN_L3_5_IT_3,2254,2325,2288.9495523039964,0.0377811749290238,0.06342987553236894
Donor_686,EN_L5_6_NP,2254,2325,2288.9495523039964,0.009390696658659096,0.019628109561637297
Donor_686,EN_L5_ET,2254,2325,2288.9495523039964,0.00021838829438742082,0.029107827473805692
Donor_686,EN_L6B,2254,2325,2288.9495523039964,0.010045861541821358,0.04944601716428729
Donor_686,EN_L6_CT,2254,2325,2288.9495523039964,0.007425202009172308,0.0074950569694969185
Donor_686,EN_L6_IT_1,2254,2325,2288.9495523039964,0.027516925092815024,0.021241838385186274
Donor_686,EN_L6_IT_2,2254,2325,2288.9495523039964,0.009390696658659096,0.0015095502061817589
Donor_686,Endo,2254,2325,2288.9495523039964,0.022057217733129506,0.004265421226126252
Donor_686,IN_ADARB2,2254,2325,2288.9495523039964,0.0021838829438742082,0.017266611008142693
Donor_686,IN_LAMP5_LHX6,2254,2325,2288.9495523039964,0.005459707359685521,0.008227056349835202
Donor_686,IN_LAMP5_RELN,2254,2325,2288.9495523039964,0.011356191308145884,0.029660635693909823
Donor_686,IN_PVALB,2254,2325,2288.9495523039964,0.030137584625464075,0.05075032163881516
Donor_686,IN_PVALB_CHC,2254,2325,2288.9495523039964,0.0104826381305962,0.011771808391802701
Donor_686,IN_SST,2254,2325,2288.9495523039964,0.011574579602533304,0.031948145282293776
Donor_686,IN_VIP,2254,2325,2288.9495523039964,0.03537890369076217,0.020129817551797272
Donor_686,Micro,2254,2325,2288.9495523039964,0.032321467569338284,0.0338561289812227
Donor_686,OPC,2254,2325,2288.9495523039964,0.06857392443765015,0.07064825199913297
Donor_686,Oligo,2254,2325,2288.9495523039964,0.37169687704739024,0.05388902808659071
Donor_686,PC,2254,2325,2288.9495523039964,0.018126228434155928,0.012159384542189636
Donor_686,PVM,2254,2325,2288.9495523039964,0.0030574361214238915,0.017544095359172583
Donor_686,SMC,2254,2325,2288.9495523039964,0.0015287180607119458,0.012396048349228053
Donor_686,VLMC,2254,2325,2288.9495523039964,0.0015287180607119458,0.054697929654454275
Donor_69,Adaptive,1018,1244,1119.709991158267,0.004420866489832007,0.013473693878865664
Donor_69,Astro,1018,1244,1119.709991158267,0.09106984969053934,0.06388883085270103
Donor_69,EN_L2_3_IT,1018,1244,1119.709991158267,0.003978779840848806,0.029803620721341847
Donor_69,EN_L3_5_IT_1,1018,1244,1119.709991158267,0.004420866489832007,0.01344988876600547
Donor_69,EN_L3_5_IT_2,1018,1244,1119.709991158267,0.003978779840848806,0.08655091876147251
Donor_69,EN_L3_5_IT_3,1018,1244,1119.709991158267,0.00618921308576481,0.07517098768160656
Donor_69,EN_L5_6_NP,1018,1244,1119.709991158267,0.0017683465959328027,0.008495147279450152
Donor_69,EN_L6B,1018,1244,1119.709991158267,0.008841732979664015,0.07633790190274939
Donor_69,EN_L6_CT,1018,1244,1119.709991158267,0.009283819628647215,0.0642720886703595
Donor_69,EN_L6_IT_1,1018,1244,1119.709991158267,0.003978779840848806,0.029803620721341847
Donor_69,Endo,1018,1244,1119.709991158267,0.005305039787798408,0.06391751561786829
Donor_69,IN_ADARB2,1018,1244,1119.709991158267,0.028293545534924844,0.040965668793367674
Donor_69,IN_LAMP5_LHX6,1018,1244,1119.709991158267,0.005305039787798408,0.03932883869140264
Donor_69,IN_LAMP5_RELN,1018,1244,1119.709991158267,0.00618921308576481,0.029621356249569582
Donor_69,IN_PVALB,1018,1244,1119.709991158267,0.009283819628647215,0.027022930440189587
Donor_69,IN_PVALB_CHC,1018,1244,1119.709991158267,0.0022104332449160036,0.009516781356438913
Donor_69,IN_SST,1018,1244,1119.709991158267,0.01237842617152962,0.025867370773867446
Donor_69,IN_VIP,1018,1244,1119.709991158267,0.03536693191865606,3.420125657584877e-05
Donor_69,Micro,1018,1244,1119.709991158267,0.10344827586206896,0.02164018247763356
Donor_69,OPC,1018,1244,1119.709991158267,0.04951370468611848,0.0033342002106632705
Donor_69,Oligo,1018,1244,1119.709991158267,0.5963748894783377,0.021444587792288593
Donor_69,PC,1018,1244,1119.709991158267,0.005305039787798408,0.01474016176493697
Donor_69,PVM,1018,1244,1119.709991158267,0.0004420866489832007,0.03824035708819803
Donor_69,VLMC,1018,1244,1119.709991158267,0.002652519893899204,0.010408998914681437
Donor_706,Adaptive,3940,3598,3761.241708676042,0.0006633059166887769,0.033322284306184294
Donor_706,Astro,3940,3598,3761.241708676042,0.10466967365348899,0.0006922141375520657
Donor_706,EN_L2_3_IT,3940,3598,3761.241708676042,0.15229503847174317,0.010422151499227844
Donor_706,EN_L3_5_IT_1,3940,3598,3761.241708676042,0.01578668081719289,0.0034147419656981514
Donor_706,EN_L3_5_IT_2,3940,3598,3761.241708676042,0.06354470681878482,0.002977914964268714
Donor_706,EN_L3_5_IT_3,3940,3598,3761.241708676042,0.07402494030246749,0.0616240856634653
Donor_706,EN_L5_6_NP,3940,3598,3761.241708676042,0.010480233483682674,0.01719003193590783
Donor_706,EN_L6B,3940,3598,3761.241708676042,0.023083045900769435,0.010435976800121162
Donor_706,EN_L6_CT,3940,3598,3761.241708676042,0.01804192093393473,0.0003402434597113985
Donor_706,EN_L6_IT_1,3940,3598,3761.241708676042,0.04284956221809499,0.0030791552639698734
Donor_706,EN_L6_IT_2,3940,3598,3761.241708676042,0.009020960466967366,0.030692139881501646
Donor_706,Endo,3940,3598,3761.241708676042,0.01804192093393473,0.011644593920217052
Donor_706,IN_ADARB2,3940,3598,3761.241708676042,0.010347572300344918,0.009297640508956108
Donor_706,IN_LAMP5_LHX6,3940,3598,3761.241708676042,0.007296365083576546,0.02656817770941438
Donor_706,IN_LAMP5_RELN,3940,3598,3761.241708676042,0.015388697267179624,0.0027278233046718657
Donor_706,IN_PVALB,3940,3598,3761.241708676042,0.04085964446802866,0.016081241681440043
Donor_706,IN_PVALB_CHC,3940,3598,3761.241708676042,0.00689838153356328,0.02454338705971972
Donor_706,IN_SST,3940,3598,3761.241708676042,0.03396126293446537,0.01704863088288942
Donor_706,IN_VIP,3940,3598,3761.241708676042,0.04377819050145927,0.03245012035154933
Donor_706,Micro,3940,3598,3761.241708676042,0.027460864950915362,0.010398453876467447
Donor_706,OPC,3940,3598,3761.241708676042,0.025603608384186786,0.030708603411417554
Donor_706,Oligo,3940,3598,3761.241708676042,0.24767842929158929,0.017064638583148564
Donor_706,PC,3940,3598,3761.241708676042,0.0066330591668877685,0.018772615886763905
Donor_706,PVM,3940,3598,3761.241708676042,0.0009286282833642876,0.028958254025627805
Donor_706,SMC,3940,3598,3761.241708676042,0.0002653223666755107,0.031167679133605332
Donor_706,VLMC,3940,3598,3761.241708676042,0.00039798355001326613,0.011515449439130809
Donor_711,Adaptive,4431,4677,4550.677865612648,0.0004391743522178305,0.022109504765512794
Donor_711,Astro,4431,4677,4550.677865612648,0.08421168203776899,0.009270908262627416
Donor_711,EN_L2_3_IT,4431,4677,4550.677865612648,0.1051822573561704,0.02283144079945059
Donor_711,EN_L3_5_IT_1,4431,4677,4550.677865612648,0.013175230566534914,0.02551814255447196
Donor_711,EN_L3_5_IT_2,4431,4677,4550.677865612648,0.052481335090030744,0.04031451110332941
Donor_711,EN_L3_5_IT_3,4431,4677,4550.677865612648,0.0590689503732982,0.013544399040113078
Donor_711,EN_L5_6_NP,4431,4677,4550.677865612648,0.012296881862099254,0.010019639735221861
Donor_711,EN_L5_ET,4431,4677,4550.677865612648,0.00032938076416337287,0.035348932599905666
Donor_711,EN_L6B,4431,4677,4550.677865612648,0.015151515151515152,0.025675453950705925
Donor_711,EN_L6_CT,4431,4677,4550.677865612648,0.012955643390426,0.024898541787117444
Donor_711,EN_L6_IT_1,4431,4677,4550.677865612648,0.031291172595520424,0.005929185304696764
Donor_711,EN_L6_IT_2,4431,4677,4550.677865612648,0.007136583223539745,0.008469708192628473
Donor_711,Endo,4431,4677,4550.677865612648,0.00417215634606939,0.030772563608400264
Donor_711,IN_ADARB2,4431,4677,4550.677865612648,0.005709266578831796,0.0040963068180488406
Donor_711,IN_LAMP5_LHX6,4431,4677,4550.677865612648,0.005819060166886254,0.027644525226190205
Donor_711,IN_LAMP5_RELN,4431,4677,4550.677865612648,0.008234519104084322,0.007232463899416106
Donor_711,IN_PVALB,4431,4677,4550.677865612648,0.03337725076855512,0.019316575860804618
Donor_711,IN_PVALB_CHC,4431,4677,4550.677865612648,0.007905138339920948,0.024676450175962712
Donor_711,IN_SST,4431,4677,4550.677865612648,0.029863855950812472,0.014648625221658926
Donor_711,IN_VIP,4431,4677,4550.677865612648,0.026021080368906456,0.017390662943941853
Donor_711,Micro,4431,4677,4550.677865612648,0.021848924022837068,0.0024428864946020486
Donor_711,OPC,4431,4677,4550.677865612648,0.03271848924022837,0.007471647233339436
Donor_711,Oligo,4431,4677,4550.677865612648,0.4199604743083004,0.039933151653750866
Donor_711,PC,4431,4677,4550.677865612648,0.004391743522178305,0.009702623001351647
Donor_711,PVM,4431,4677,4550.677865612648,0.001756697408871322,0.012762834693731986
Donor_711,SMC,4431,4677,4550.677865612648,0.0007685551163812034,0.025288126898500147
Donor_711,VLMC,4431,4677,4550.677865612648,0.003732981993851559,0.003309017656439144
Donor_721,Adaptive,4024,3909,3965.6664565738056,0.0017647800327744863,0.022812266211122232
Donor_721,Astro,4024,3909,3965.6664565738056,0.02420269759233581,0.0019964203187978354
Donor_721,EN_L2_3_IT,4024,3909,3965.6664565738056,0.03365687633934199,0.009606654106261072
Donor_721,EN_L3_5_IT_1,4024,3909,3965.6664565738056,0.0013866128828942392,0.005695943145218642
Donor_721,EN_L3_5_IT_2,4024,3909,3965.6664565738056,0.008949955880499181,0.016143158204419965
Donor_721,EN_L3_5_IT_3,4024,3909,3965.6664565738056,0.01046262448002017,0.010416639609033855
Donor_721,EN_L5_6_NP,4024,3909,3965.6664565738056,0.0023950586159082314,0.006579663264683141
Donor_721,EN_L6B,4024,3909,3965.6664565738056,0.0008823900163872432,0.026339861103275766
Donor_721,EN_L6_CT,4024,3909,3965.6664565738056,0.003907727215429219,0.0058580997286190525
Donor_721,EN_L6_IT_1,4024,3909,3965.6664565738056,0.0016387243161477374,0.019877742639426293
Donor_721,EN_L6_IT_2,4024,3909,3965.6664565738056,0.0008823900163872432,0.024616272403215858
Donor_721,Endo,4024,3909,3965.6664565738056,0.0011345014496407413,0.008468099017357738
Donor_721,IN_ADARB2,4024,3909,3965.6664565738056,0.007311231564351444,0.056709987705052645
Donor_721,IN_LAMP5_LHX6,4024,3909,3965.6664565738056,0.0025211143325349805,0.008599041564633916
Donor_721,IN_LAMP5_RELN,4024,3909,3965.6664565738056,0.0059246186814572045,0.05152605362429719
Donor_721,IN_PVALB,4024,3909,3965.6664565738056,0.010966847346527165,0.013895031382622297
Donor_721,IN_PVALB_CHC,4024,3909,3965.6664565738056,0.003907727215429219,0.026476083709985852
Donor_721,IN_SST,4024,3909,3965.6664565738056,0.013487961679062145,0.053669888233989084
Donor_721,IN_VIP,4024,3909,3965.6664565738056,0.020042858943653093,0.02284207650596344
Donor_721,Micro,4024,3909,3965.6664565738056,0.0128576830959284,0.023549664225534304
Donor_721,OPC,4024,3909,3965.6664565738056,0.03542165637211647,0.0014644644320214808
Donor_721,Oligo,4024,3909,3965.6664565738056,0.7935207361653851,0.0001587852479201503
Donor_721,PC,4024,3909,3965.6664565738056,0.0016387243161477374,0.0074091625525623105
Donor_721,PVM,4024,3909,3965.6664565738056,0.0005042228665069961,0.021813959630217403
Donor_721,VLMC,4024,3909,3965.6664565738056,0.0006302785831337451,0.02941399512186635
Donor_730,Adaptive,2252,2244,2247.992882562278,0.001112099644128114,0.06685238792720893
Donor_730,Astro,2252,2244,2247.992882562278,0.10676156583629894,0.00987333477368599
Donor_730,EN_L2_3_IT,2252,2244,2247.992882562278,0.20040035587188612,0.01710999631440858
Donor_730,EN_L3_5_IT_1,2252,2244,2247.992882562278,0.006227758007117438,0.022336361597697054
Donor_730,EN_L3_5_IT_2,2252,2244,2247.992882562278,0.05449288256227758,0.028542048791125468
Donor_730,EN_L3_5_IT_3,2252,2244,2247.992882562278,0.03425266903914591,0.04469513246411943
Donor_730,EN_L5_6_NP,2252,2244,2247.992882562278,0.007562277580071174,0.020850018934858487
Donor_730,EN_L6B,2252,2244,2247.992882562278,0.007339857651245551,0.06744320949110227
Donor_730,EN_L6_CT,2252,2244,2247.992882562278,0.007784697508896797,0.024992396875806448
Donor_730,EN_L6_IT_1,2252,2244,2247.992882562278,0.012900355871886121,0.0004068322784637065
Donor_730,EN_L6_IT_2,2252,2244,2247.992882562278,0.00022241992882562276,0.0298839913440009
Donor_730,Endo,2252,2244,2247.992882562278,0.0033362989323843417,0.11592086349809873
Donor_730,IN_ADARB2,2252,2244,2247.992882562278,0.01445729537366548,0.06378483354612761
Donor_730,IN_LAMP5_LHX6,2252,2244,2247.992882562278,0.008674377224199288,0.05310086991800379
Donor_730,IN_LAMP5_RELN,2252,2244,2247.992882562278,0.018683274021352312,0.0004910400850083892
Donor_730,IN_PVALB,2252,2244,2247.992882562278,0.037144128113879,0.0016532560561510236
Donor_730,IN_PVALB_CHC,2252,2244,2247.992882562278,0.006895017793594306,0.02658226745929851
Donor_730,IN_SST,2252,2244,2247.992882562278,0.01912811387900356,0.045963397314718574
Donor_730,IN_VIP,2252,2244,2247.992882562278,0.03558718861209965,0.0054859955471869126
Donor_730,Micro,2252,2244,2247.992882562278,0.04159252669039146,0.03416190634712587
Donor_730,OPC,2252,2244,2247.992882562278,0.08162811387900355,0.0103119949319117
Donor_730,Oligo,2252,2244,2247.992882562278,0.2844750889679715,0.05592924312202269
Donor_730,PC,2252,2244,2247.992882562278,0.005782918149466192,0.02319522951460994
Donor_730,PVM,2252,2244,2247.992882562278,0.0006672597864768683,0.01731867515582479
Donor_730,VLMC,2252,2244,2247.992882562278,0.002891459074733096,0.10789237587215986
Donor_735,Adaptive,2565,2578,2571.4835699008363,0.00019443904335990667,0.027961670824147713
Donor_735,Astro,2565,2578,2571.4835699008363,0.08477542290491931,0.004330823554135404
Donor_735,EN_L2_3_IT,2565,2578,2571.4835699008363,0.24985417071748006,0.0051666745183000335
Donor_735,EN_L3_5_IT_1,2565,2578,2571.4835699008363,0.02508263659342796,0.003297718653860449
Donor_735,EN_L3_5_IT_2,2565,2578,2571.4835699008363,0.06397044526540929,0.035230257573831095
Donor_735,EN_L3_5_IT_3,2565,2578,2571.4835699008363,0.05930390822477154,0.03330622329318262
Donor_735,EN_L5_6_NP,2565,2578,2571.4835699008363,0.008555317907835893,0.05113894783568024
Donor_735,EN_L5_ET,2565,2578,2571.4835699008363,0.00038887808671981335,0.03954761984151683
Donor_735,EN_L6B,2565,2578,2571.4835699008363,0.01283297686175384,0.006333740568130038
Donor_735,EN_L6_CT,2565,2578,2571.4835699008363,0.013610733035193466,0.019543512435663903
Donor_735,EN_L6_IT_1,2565,2578,2571.4835699008363,0.018471709119191132,0.013746944645331721
Donor_735,EN_L6_IT_2,2565,2578,2571.4835699008363,0.00466653704063776,0.011758230667919773
Donor_735,Endo,2565,2578,2571.4835699008363,0.009527513124635427,0.004499006020005602
Donor_735,IN_ADARB2,2565,2578,2571.4835699008363,0.016721757728951972,0.029668263357341077
Donor_735,IN_LAMP5_LHX6,2565,2578,2571.4835699008363,0.008555317907835893,0.02486504903274163
Donor_735,IN_LAMP5_RELN,2565,2578,2571.4835699008363,0.01574956251215244,0.04124384888087745
Donor_735,IN_PVALB,2565,2578,2571.4835699008363,0.04783200466653704,0.03166682737820197
Donor_735,IN_PVALB_CHC,2565,2578,2571.4835699008363,0.005055415127357573,0.010606146956568098
Donor_735,IN_SST,2565,2578,2571.4835699008363,0.052692980750534704,0.00989522383708347
Donor_735,IN_VIP,2565,2578,2571.4835699008363,0.04822088275325685,0.02292061899363919
Donor_735,Micro,2565,2578,2571.4835699008363,0.07485903169356407,0.04133632197975266
Donor_735,OPC,2565,2578,2571.4835699008363,0.03383239354462376,0.009549686625982068
Donor_735,Oligo,2565,2578,2571.4835699008363,0.13280186661481624,0.021459018187823642
Donor_735,PC,2565,2578,2571.4835699008363,0.00466653704063776,0.000346156630344498
Donor_735,PVM,2565,2578,2571.4835699008363,0.0033054637371184134,0.02003431917584989
Donor_735,SMC,2565,2578,2571.4835699008363,0.00038887808671981335,9.971277306821514e-05
Donor_735,VLMC,2565,2578,2571.4835699008363,0.00408321991055804,0.042363859349642694
Donor_745,Adaptive,1928,1978,1952.679979518689,0.0007680491551459293,0.017776023144583663
Donor_745,Astro,1928,1978,1952.679979518689,0.2250384024577573,0.046908738914418005
Donor_745,EN_L2_3_IT,1928,1978,1952.679979518689,0.11239119303635432,0.0010045582194970497
Donor_745,EN_L3_5_IT_1,1928,1978,1952.679979518689,0.016641065028161803,0.03936103915779995
Donor_745,EN_L3_5_IT_2,1928,1978,1952.679979518689,0.05350742447516641,0.0007387377828854532
Donor_745,EN_L3_5_IT_3,1928,1978,1952.679979518689,0.05811571940604199,0.012927098163435496
Donor_745,EN_L5_6_NP,1928,1978,1952.679979518689,0.0056323604710701485,0.04298547581600316
Donor_745,EN_L5_ET,1928,1978,1952.679979518689,0.0007680491551459293,0.017776023144583663
Donor_745,EN_L6B,1928,1978,1952.679979518689,0.004352278545826933,0.00947255946190841
Donor_745,EN_L6_CT,1928,1978,1952.679979518689,0.007168458781362007,0.014316601535934262
Donor_745,EN_L6_IT_1,1928,1978,1952.679979518689,0.006656426011264721,0.02309567725745663
Donor_745,EN_L6_IT_2,1928,1978,1952.679979518689,0.006400409626216078,0.07269533668889522
Donor_745,Endo,1928,1978,1952.679979518689,0.011008704557091653,0.002206464051538849
Donor_745,IN_ADARB2,1928,1978,1952.679979518689,0.015104966717869943,0.0430145616888787
Donor_745,IN_LAMP5_LHX6,1928,1978,1952.679979518689,0.0056323604710701485,0.011758987352339965
Donor_745,IN_LAMP5_RELN,1928,1978,1952.679979518689,0.016129032258064516,0.0495707859170699
Donor_745,IN_PVALB,1928,1978,1952.679979518689,0.04838709677419355,0.03957085261750708
Donor_745,IN_PVALB_CHC,1928,1978,1952.679979518689,0.007680491551459293,0.0022527223817393966
Donor_745,IN_SST,1928,1978,1952.679979518689,0.05197132616487455,0.012916745915976423
Donor_745,IN_VIP,1928,1978,1952.679979518689,0.06554019457245264,0.00563483028677365
Donor_745,Micro,1928,1978,1952.679979518689,0.041474654377880185,0.0768649392985903
Donor_745,OPC,1928,1978,1952.679979518689,0.059907834101382486,0.010799707466700087
Donor_745,Oligo,1928,1978,1952.679979518689,0.16948284690220175,0.000647202954710033
Donor_745,PC,1928,1978,1952.679979518689,0.0069124423963133645,0.03304133977032964
Donor_745,PVM,1928,1978,1952.679979518689,0.0010240655401945725,0.031202836675535837
Donor_745,SMC,1928,1978,1952.679979518689,0.0005120327700972862,0.04469573104677419
Donor_745,VLMC,1928,1978,1952.679979518689,0.0017921146953405018,0.013193040879979589
Donor_748,Adaptive,3110,3065,3087.336032388664,0.00032388663967611336,0.0362638026356202
Donor_748,Astro,3110,3065,3087.336032388664,0.11352226720647773,0.04685693625726566
Donor_748,EN_L2_3_IT,3110,3065,3087.336032388664,0.06736842105263158,0.032346038619192934
Donor_748,EN_L3_5_IT_1,3110,3065,3087.336032388664,0.0157085020242915,0.0409144617991588
Donor_748,EN_L3_5_IT_2,3110,3065,3087.336032388664,0.04097165991902834,0.014450863966299982
Donor_748,EN_L3_5_IT_3,3110,3065,3087.336032388664,0.03951417004048583,0.01699511913843504
Donor_748,EN_L5_6_NP,3110,3065,3087.336032388664,0.008906882591093117,0.008960537863230195
Donor_748,EN_L5_ET,3110,3065,3087.336032388664,0.00048582995951417006,0.014377370051311681
Donor_748,EN_L6B,3110,3065,3087.336032388664,0.012307692307692308,0.007502598033617878
Donor_748,EN_L6_CT,3110,3065,3087.336032388664,0.019919028340080972,0.01830533916289475
Donor_748,EN_L6_IT_1,3110,3065,3087.336032388664,0.02089068825910931,0.009194783456808457
Donor_748,EN_L6_IT_2,3110,3065,3087.336032388664,0.009716599190283401,0.008047829046382637
Donor_748,Endo,3110,3065,3087.336032388664,0.011336032388663968,0.010677547663143496
Donor_748,IN_ADARB2,3110,3065,3087.336032388664,0.005506072874493927,0.009838900243663616
Donor_748,IN_LAMP5_LHX6,3110,3065,3087.336032388664,0.009230769230769232,0.004793860222130785
Donor_748,IN_LAMP5_RELN,3110,3065,3087.336032388664,0.009230769230769232,0.004793860222130785
Donor_748,IN_PVALB,3110,3065,3087.336032388664,0.03255060728744939,0.046608172196684526
Donor_748,IN_PVALB_CHC,3110,3065,3087.336032388664,0.00874493927125506,0.012546663365255811
Donor_748,IN_SST,3110,3065,3087.336032388664,0.03902834008097166,0.024680134217311404
Donor_748,IN_VIP,3110,3065,3087.336032388664,0.03190283400809717,0.008175175078145993
Donor_748,Micro,3110,3065,3087.336032388664,0.013279352226720647,0.03226472199769074
Donor_748,OPC,3110,3065,3087.336032388664,0.03449392712550607,0.008079624109114237
Donor_748,Oligo,3110,3065,3087.336032388664,0.4434008097165992,0.005185367538152903
Donor_748,PC,3110,3065,3087.336032388664,0.009878542510121458,0.011281217010558042
Donor_748,PVM,3110,3065,3087.336032388664,0.00048582995951417006,0.014377370051311681
Donor_748,SMC,3110,3065,3087.336032388664,0.0006477732793522267,0.00037109135289928677
Donor_748,VLMC,3110,3065,3087.336032388664,0.0006477732793522267,0.05129307144519034
Donor_772,Adaptive,2200,2068,2131.958762886598,0.00046860356138706655,0.001340601507208047
Donor_772,Astro,2200,2068,2131.958762886598,0.16518275538894095,0.044456464698999935
Donor_772,EN_L2_3_IT,2200,2068,2131.958762886598,0.09817244611059044,0.02831007761120894
Donor_772,EN_L3_5_IT_1,2200,2068,2131.958762886598,0.003514526710402999,0.02010090738426393
Donor_772,EN_L3_5_IT_2,2200,2068,2131.958762886598,0.03631677600749766,0.010546025948553705
Donor_772,EN_L3_5_IT_3,2200,2068,2131.958762886598,0.03631677600749766,0.03458476156658051
Donor_772,EN_L5_6_NP,2200,2068,2131.958762886598,0.006560449859418931,0.005031427491771326
Donor_772,EN_L5_ET,2200,2068,2131.958762886598,0.0009372071227741331,0.0018963414098193774
Donor_772,EN_L6B,2200,2068,2131.958762886598,0.009606373008434864,0.010906577880629065
Donor_772,EN_L6_CT,2200,2068,2131.958762886598,0.013120899718837863,0.03408082112312866
Donor_772,EN_L6_IT_1,2200,2068,2131.958762886598,0.01640112464854733,0.007995082213039306
Donor_772,EN_L6_IT_2,2200,2068,2131.958762886598,0.004686035613870665,0.036960439555277155
Donor_772,Endo,2200,2068,2131.958762886598,0.030927835051546393,0.01647967555844243
Donor_772,IN_ADARB2,2200,2068,2131.958762886598,0.005388940955951265,0.014663042234301607
Donor_772,IN_LAMP5_LHX6,2200,2068,2131.958762886598,0.005623242736644799,0.04229200902229621
Donor_772,IN_LAMP5_RELN,2200,2068,2131.958762886598,0.007731958762886598,0.021530534236082966
Donor_772,IN_PVALB,2200,2068,2131.958762886598,0.02155576382380506,0.042486444851509916
Donor_772,IN_PVALB_CHC,2200,2068,2131.958762886598,0.008200562324273665,0.04117910847624951
Donor_772,IN_SST,2200,2068,2131.958762886598,0.026710402999062792,0.05680259533030111
Donor_772,IN_VIP,2200,2068,2131.958762886598,0.030459231490159326,0.03815633442446705
Donor_772,Micro,2200,2068,2131.958762886598,0.04779756326148079,0.013871817455533555
Donor_772,OPC,2200,2068,2131.958762886598,0.05857544517338332,0.03648905561035203
Donor_772,Oligo,2200,2068,2131.958762886598,0.3345829428303655,0.01209295982006501
Donor_772,PC,2200,2068,2131.958762886598,0.02717900656044986,0.05073354809323746
Donor_772,PVM,2200,2068,2131.958762886598,0.0016401124648547328,0.014101038441075154
Donor_772,SMC,2200,2068,2131.958762886598,0.0014058106841611997,0.04775218545079051
Donor_772,VLMC,2200,2068,2131.958762886598,0.0009372071227741331,0.06321138032731256
Donor_773,Adaptive,2266,2351,2307.7175655187352,0.008880225254494261,0.028846113109129642
Donor_773,Astro,2266,2351,2307.7175655187352,0.1425167857916396,0.010057790983770954
Donor_773,EN_L2_3_IT,2266,2351,2307.7175655187352,0.04938271604938271,0.0843944805376315
Donor_773,EN_L3_5_IT_1,2266,2351,2307.7175655187352,0.010829542993285684,0.012893040478350208
Donor_773,EN_L3_5_IT_2,2266,2351,2307.7175655187352,0.02880658436213992,0.01697287395872612
Donor_773,EN_L3_5_IT_3,2266,2351,2307.7175655187352,0.025557721464154214,0.0050183143819666895
Donor_773,EN_L5_6_NP,2266,2351,2307.7175655187352,0.009313406974225688,0.03702979670463803
Donor_773,EN_L5_ET,2266,2351,2307.7175655187352,0.000649772579597141,0.016065845383330623
Donor_773,EN_L6B,2266,2351,2307.7175655187352,0.0017327268789257093,0.019303597015159255
Donor_773,EN_L6_CT,2266,2351,2307.7175655187352,0.004764998917045701,0.010036378370112087
Donor_773,EN_L6_IT_1,2266,2351,2307.7175655187352,0.003898635477582846,0.04402586696286407
Donor_773,EN_L6_IT_2,2266,2351,2307.7175655187352,0.0028156811782542777,0.006220603463526373
Donor_773,Endo,2266,2351,2307.7175655187352,0.04461771713233702,0.02981896480118162
Donor_773,IN_ADARB2,2266,2351,2307.7175655187352,0.036820446177171326,0.011206539471923852
Donor_773,IN_LAMP5_LHX6,2266,2351,2307.7175655187352,0.008013861815031406,0.02761099350419143
Donor_773,IN_LAMP5_RELN,2266,2351,2307.7175655187352,0.017760450508988522,0.04097855707925683
Donor_773,IN_PVALB,2266,2351,2307.7175655187352,0.049815897769114145,0.020384018476781698
Donor_773,IN_PVALB_CHC,2266,2351,2307.7175655187352,0.013861815031405674,0.010458184084215824
Donor_773,IN_SST,2266,2351,2307.7175655187352,0.06151180420186268,0.015819669486796865
Donor_773,IN_VIP,2266,2351,2307.7175655187352,0.10049815897769114,0.020959053300347946
Donor_773,Micro,2266,2351,2307.7175655187352,0.04245180853367988,0.00943868154788022
Donor_773,OPC,2266,2351,2307.7175655187352,0.08988520684427118,0.02327070299004451
Donor_773,Oligo,2266,2351,2307.7175655187352,0.15637860082304528,0.054035369289060255
Donor_773,PC,2266,2351,2307.7175655187352,0.02122590426683994,0.024639634622573427
Donor_773,PVM,2266,2351,2307.7175655187352,0.017760450508988522,0.00817041425569283
Donor_773,SMC,2266,2351,2307.7175655187352,0.029239766081871343,0.03218785760504004
Donor_773,VLMC,2266,2351,2307.7175655187352,0.021009313406974227,0.045969681411256735
Donor_778,Adaptive,438,446,441.96380090497746,0.0022624434389140274,0.000861953807466429
Donor_778,Astro,438,446,441.96380090497746,0.07352941176470588,0.0657820986767008
Donor_778,EN_L2_3_IT,438,446,441.96380090497746,0.023755656108597284,0.041749362316054896
Donor_778,EN_L3_5_IT_1,438,446,441.96380090497746,0.011312217194570135,0.04472594760511565
Donor_778,EN_L3_5_IT_2,438,446,441.96380090497746,0.053167420814479636,0.12680902992992774
Donor_778,EN_L3_5_IT_3,438,446,441.96380090497746,0.05542986425339366,0.07360340671130026
Donor_778,EN_L6B,438,446,441.96380090497746,0.013574660633484163,0.04122971594036117
Donor_778,EN_L6_CT,438,446,441.96380090497746,0.01583710407239819,0.10644477290915987
Donor_778,EN_L6_IT_1,438,446,441.96380090497746,0.00904977375565611,0.049515563167799884
Donor_778,EN_L6_IT_2,438,446,441.96380090497746,0.004524886877828055,0.0012203711907314222
Donor_778,Endo,438,446,441.96380090497746,0.004524886877828055,0.0012203711907314222
Donor_778,IN_ADARB2,438,446,441.96380090497746,0.003393665158371041,0.11777438027231224
Donor_778,IN_LAMP5_LHX6,438,446,441.96380090497746,0.0011312217194570137,0.06670172330855169
Donor_778,IN_LAMP5_RELN,438,446,441.96380090497746,0.012443438914027148,0.14490813619977064
Donor_778,IN_PVALB,438,446,441.96380090497746,0.057692307692307696,0.08285860225116619
Donor_778,IN_PVALB_CHC,438,446,441.96380090497746,0.006787330316742082,0.11172707212771492
Donor_778,IN_SST,438,446,441.96380090497746,0.05656108597285068,0.015157632386010741
Donor_778,IN_VIP,438,446,441.96380090497746,0.03167420814479638,0.08079145629009835
Donor_778,Micro,438,446,441.96380090497746,0.010180995475113122,0.02437507222283952
Donor_778,OPC,438,446,441.96380090497746,0.03619909502262444,0.020719072245412938
Donor_778,Oligo,438,446,441.96380090497746,0.502262443438914,0.05422173984455134
Donor_778,PC,438,446,441.96380090497746,0.003393665158371041,0.039962308403310734
Donor_778,PVM,438,446,441.96380090497746,0.0011312217194570137,0.06792001962468962
Donor_778,VLMC,438,446,441.96380090497746,0.010180995475113122,0.02437507222283952
Donor_785,Adaptive,2524,2925,2709.7449073224443,0.0016516792071939806,0.003068800877619153
Donor_785,Astro,2524,2925,2709.7449073224443,0.07230684529271426,0.06696251824714541
Donor_785,EN_L2_3_IT,2524,2925,2709.7449073224443,0.0034868783262984033,0.027535339210133437
Donor_785,EN_L3_5_IT_1,2524,2925,2709.7449073224443,0.0023857588548357495,0.045714283974578086
Donor_785,EN_L3_5_IT_2,2524,2925,2709.7449073224443,0.011928794274178749,0.06044983615098475
Donor_785,EN_L3_5_IT_3,2524,2925,2709.7449073224443,0.011011194714626537,0.008542082483634883
Donor_785,EN_L5_6_NP,2524,2925,2709.7449073224443,0.0034868783262984033,0.015014262404991397
Donor_785,EN_L6B,2524,2925,2709.7449073224443,0.017984951367223345,0.02002679841005662
Donor_785,EN_L6_CT,2524,2925,2709.7449073224443,0.013947513305193613,0.05536201913911906
Donor_785,EN_L6_IT_1,2524,2925,2709.7449073224443,0.010644154890805653,0.008157205423355482
Donor_785,EN_L6_IT_2,2524,2925,2709.7449073224443,0.002018719031014865,0.001566220847942804
Donor_785,Endo,2524,2925,2709.7449073224443,0.010093595155074325,0.055554193736900015
Donor_785,IN_LAMP5_LHX6,2524,2925,2709.7449073224443,0.004955037621581942,0.005324134647712564
Donor_785,IN_LAMP5_RELN,2524,2925,2709.7449073224443,0.003119838502477519,0.051277473966421856
Donor_785,IN_PVALB,2524,2925,2709.7449073224443,0.008258396035969904,0.006884865992418336
Donor_785,IN_PVALB_CHC,2524,2925,2709.7449073224443,0.0011011194714626537,0.027168085486716852
Donor_785,IN_SST,2524,2925,2709.7449073224443,0.011928794274178749,0.02645764226574854
Donor_785,IN_VIP,2524,2925,2709.7449073224443,0.007340796476417691,0.004566714801992903
Donor_785,Micro,2524,2925,2709.7449073224443,0.036703982382088454,0.07991434055347903
Donor_785,OPC,2524,2925,2709.7449073224443,0.031932464672416956,0.01428319813083859
Donor_785,Oligo,2524,2925,2709.7449073224443,0.7258212516057992,0.1356250242651997
Donor_785,PC,2524,2925,2709.7449073224443,0.0055055973573132685,0.05090940122961411
Donor_785,PVM,2524,2925,2709.7449073224443,0.001284639383373096,0.025601296940620515
Donor_785,VLMC,2524,2925,2709.7449073224443,0.0011011194714626537,0.00491329026466031
Donor_787,Astro,854,397,542.0271782573941,0.04156674660271783,0.027692824628846594
Donor_787,EN_L2_3_IT,854,397,542.0271782573941,0.0015987210231814548,0.058618299786430926
Donor_787,EN_L3_5_IT_2,854,397,542.0271782573941,0.0015987210231814548,0.12609578845746097
Donor_787,EN_L6B,854,397,542.0271782573941,0.007993605115907274,0.11712114185746024
Donor_787,EN_L6_CT,854,397,542.0271782573941,0.015187849720223821,0.05944888334231154
Donor_787,EN_L6_IT_1,854,397,542.0271782573941,0.0031974420463629096,0.08296524651142125
Donor_787,Endo,854,397,542.0271782573941,0.0015987210231814548,0.058618299786430926
Donor_787,IN_LAMP5_LHX6,854,397,542.0271782573941,0.0007993605115907274,0.04143281420442018
Donor_787,IN_PVALB,854,397,542.0271782573941,0.0007993605115907274,0.04143281420442018
Donor_787,IN_PVALB_CHC,854,397,542.0271782573941,0.0007993605115907274,0.04143281420442018
Donor_787,IN_SST,854,397,542.0271782573941,0.0015987210231814548,0.12609578845746097
Donor_787,IN_VIP,854,397,542.0271782573941,0.0015987210231814548,0.058618299786430926
Donor_787,Micro,854,397,542.0271782573941,0.055955235811350916,0.04472370208366898
Donor_787,OPC,854,397,542.0271782573941,0.08872901678657075,0.09375952609995593
Donor_787,Oligo,854,397,542.0271782573941,0.7697841726618705,0.014061994291189378
Donor_787,PC,854,397,542.0271782573941,0.002398081534772182,0.07182121927923543
Donor_787,PVM,854,397,542.0271782573941,0.0031974420463629096,0.1784693212109666
Donor_787,VLMC,854,397,542.0271782573941,0.0015987210231814548,0.058618299786430926
Donor_794,Adaptive,3019,2777,2892.9478951000688,0.0003450655624568668,0.03877736097183945
Donor_794,Astro,3019,2777,2892.9478951000688,0.18253968253968253,0.04131907351572177
Donor_794,EN_L2_3_IT,3019,2777,2892.9478951000688,0.17374051069703245,0.07029043297129849
Donor_794,EN_L3_5_IT_1,3019,2777,2892.9478951000688,0.022601794340924776,0.03830329315594359
Donor_794,EN_L3_5_IT_2,3019,2777,2892.9478951000688,0.06763285024154589,0.006011531768146689
Donor_794,EN_L3_5_IT_3,3019,2777,2892.9478951000688,0.04589371980676329,0.03156170989135464
Donor_794,EN_L5_6_NP,3019,2777,2892.9478951000688,0.00914423740510697,0.03190992045578979
Donor_794,EN_L5_ET,3019,2777,2892.9478951000688,0.0010351966873706005,0.018805393972157466
Donor_794,EN_L6B,3019,2777,2892.9478951000688,0.005003450655624569,0.028361533798900974
Donor_794,EN_L6_CT,3019,2777,2892.9478951000688,0.011732229123533472,0.022987586780885687
Donor_794,EN_L6_IT_1,3019,2777,2892.9478951000688,0.008799171842650104,0.04763832334158351
Donor_794,EN_L6_IT_2,3019,2777,2892.9478951000688,0.004485852311939268,0.005615307216705699
Donor_794,Endo,3019,2777,2892.9478951000688,0.023291925465838508,0.0947960083828887
Donor_794,IN_ADARB2,3019,2777,2892.9478951000688,0.033126293995859216,0.011556831985647309
Donor_794,IN_LAMP5_LHX6,3019,2777,2892.9478951000688,0.007418909592822636,0.012908726956651944
Donor_794,IN_LAMP5_RELN,3019,2777,2892.9478951000688,0.017425810904071772,0.03376847374872239
Donor_794,IN_PVALB,3019,2777,2892.9478951000688,0.05331262939958592,0.021389842796605416
Donor_794,IN_PVALB_CHC,3019,2777,2892.9478951000688,0.013630089717046238,0.03666415017199144
Donor_794,IN_SST,3019,2777,2892.9478951000688,0.033988957902001384,0.024369643881766618
Donor_794,IN_VIP,3019,2777,2892.9478951000688,0.06728778467908902,0.007887451773763232
Donor_794,Micro,3019,2777,2892.9478951000688,0.012939958592132506,0.017949422908964674
Donor_794,OPC,3019,2777,2892.9478951000688,0.048481711525189784,0.04302319189369437
Donor_794,Oligo,3019,2777,2892.9478951000688,0.13940648723257418,0.09207662669920912
Donor_794,PC,3019,2777,2892.9478951000688,0.013630089717046238,0.005072554768331118
Donor_794,PVM,3019,2777,2892.9478951000688,0.0005175983436853002,0.013293978010846145
Donor_794,SMC,3019,2777,2892.9478951000688,0.0010351966873706005,0.002692843397196509
Donor_794,VLMC,3019,2777,2892.9478951000688,0.0015527950310559005,0.005479992384939275
Donor_8,Astro,183,204,192.93023255813955,0.007751937984496124,0.049478723056749135
Donor_8,EN_L2_3_IT,183,204,192.93023255813955,0.06201550387596899,0.027987964557353067
Donor_8,EN_L3_5_IT_1,183,204,192.93023255813955,0.03359173126614987,0.06600931116414664
Donor_8,EN_L3_5_IT_2,183,204,192.93023255813955,0.007751937984496124,0.049478723056749135
Donor_8,EN_L3_5_IT_3,183,204,192.93023255813955,0.020671834625323,0.16152970399774896
Donor_8,EN_L5_6_NP,183,204,192.93023255813955,0.00516795865633075,0.007845193141890933
Donor_8,EN_L6_CT,183,204,192.93023255813955,0.00516795865633075,0.13673050904438483
Donor_8,EN_L6_IT_1,183,204,192.93023255813955,0.002583979328165375,0.09655775178551192
Donor_8,Endo,183,204,192.93023255813955,0.19638242894056848,0.07666606656750138
Donor_8,IN_LAMP5_LHX6,183,204,192.93023255813955,0.00516795865633075,0.007845193141890933
Donor_8,IN_LAMP5_RELN,183,204,192.93023255813955,0.012919896640826873,0.03344507212802433
Donor_8,IN_PVALB,183,204,192.93023255813955,0.012919896640826873,0.12524112116026134
Donor_8,IN_SST,183,204,192.93023255813955,0.002583979328165375,0.09655775178551192
Donor_8,IN_VIP,183,204,192.93023255813955,0.012919896640826873,0.21703717019249832
Donor_8,Micro,183,204,192.93023255813955,0.07751937984496124,0.07031890261252333
Donor_8,OPC,183,204,192.93023255813955,0.19638242894056848,0.024476501463503126
Donor_8,Oligo,183,204,192.93023255813955,0.31007751937984496,0.11779704680587903
Donor_8,PC,183,204,192.93023255813955,0.01808785529715762,0.05366611425287352
Donor_8,PVM,183,204,192.93023255813955,0.002583979328165375,0.10763814953139032
Donor_8,SMC,183,204,192.93023255813955,0.002583979328165375,0.09655775178551192
Donor_8,VLMC,183,204,192.93023255813955,0.00516795865633075,0.1524208953281667
Donor_802,Adaptive,1345,1385,1364.7069597069597,0.0014652014652014652,0.0011227618692185755
Donor_802,Astro,1345,1385,1364.7069597069597,0.05641025641025641,0.08339217489583282
Donor_802,EN_L2_3_IT,1345,1385,1364.7069597069597,0.1813186813186813,0.04896804592009755
Donor_802,EN_L3_5_IT_1,1345,1385,1364.7069597069597,0.01868131868131868,0.04192755337626256
Donor_802,EN_L3_5_IT_2,1345,1385,1364.7069597069597,0.041025641025641026,0.05304602287281313
Donor_802,EN_L3_5_IT_3,1345,1385,1364.7069597069597,0.05384615384615385,0.00274695600003054
Donor_802,EN_L5_6_NP,1345,1385,1364.7069597069597,0.014652014652014652,0.020819503596359333
Donor_802,EN_L5_ET,1345,1385,1364.7069597069597,0.0007326007326007326,0.05337104280619851
Donor_802,EN_L6B,1345,1385,1364.7069597069597,0.03736263736263736,0.025135688680812555
Donor_802,EN_L6_CT,1345,1385,1364.7069597069597,0.02454212454212454,8.673764238196767e-05
Donor_802,EN_L6_IT_1,1345,1385,1364.7069597069597,0.054212454212454214,0.05232195293382696
Donor_802,EN_L6_IT_2,1345,1385,1364.7069597069597,0.01098901098901099,0.039083176664505045
Donor_802,Endo,1345,1385,1364.7069597069597,0.012454212454212455,0.05614992442718124
Donor_802,IN_ADARB2,1345,1385,1364.7069597069597,0.007326007326007326,0.01970313275749317
Donor_802,IN_LAMP5_LHX6,1345,1385,1364.7069597069597,0.00989010989010989,0.010334290472765897
Donor_802,IN_LAMP5_RELN,1345,1385,1364.7069597069597,0.014285714285714285,0.0026464110605463453
Donor_802,IN_PVALB,1345,1385,1364.7069597069597,0.034432234432234435,0.018577330983478905
Donor_802,IN_PVALB_CHC,1345,1385,1364.7069597069597,0.005128205128205128,0.02262185343232356
Donor_802,IN_SST,1345,1385,1364.7069597069597,0.011355311355311355,0.04526920388415597
Donor_802,IN_VIP,1345,1385,1364.7069597069597,0.03626373626373627,0.06094811339317458
Donor_802,Micro,1345,1385,1364.7069597069597,0.05128205128205128,0.006473785805582294
Donor_802,OPC,1345,1385,1364.7069597069597,0.05970695970695971,0.05995918914976398
Donor_802,Oligo,1345,1385,1364.7069597069597,0.2512820512820513,0.016980176378555433
Donor_802,PC,1345,1385,1364.7069597069597,0.005494505494505495,0.007734097640255433
Donor_802,PVM,1345,1385,1364.7069597069597,0.001098901098901099,0.021144523599620157
Donor_802,SMC,1345,1385,1364.7069597069597,0.0014652014652014652,0.03719148691786527
Donor_802,VLMC,1345,1385,1364.7069597069597,0.0032967032967032967,0.036663745540334684
Donor_806,Astro,1167,1089,1126.651595744681,0.13430851063829788,0.006569849042641041
Donor_806,EN_L2_3_IT,1167,1089,1126.651595744681,0.0004432624113475177,0.043625251375658584
Donor_806,EN_L3_5_IT_1,1167,1089,1126.651595744681,0.0035460992907801418,0.03399321428497287
Donor_806,EN_L3_5_IT_2,1167,1089,1126.651595744681,0.0017730496453900709,0.0029177680817322146
Donor_806,EN_L3_5_IT_3,1167,1089,1126.651595744681,0.0035460992907801418,0.004130016688828476
Donor_806,EN_L5_6_NP,1167,1089,1126.651595744681,0.0008865248226950354,0.05758459029413156
Donor_806,EN_L6B,1167,1089,1126.651595744681,0.002216312056737589,0.022137442901177574
Donor_806,EN_L6_CT,1167,1089,1126.651595744681,0.0013297872340425532,0.026882427778826757
Donor_806,EN_L6_IT_1,1167,1089,1126.651595744681,0.0031028368794326243,0.012096583469141671
Donor_806,EN_L6_IT_2,1167,1089,1126.651595744681,0.0004432624113475177,0.043625251375658584
Donor_806,Endo,1167,1089,1126.651595744681,0.0017730496453900709,0.039277647254087535
Donor_806,IN_ADARB2,1167,1089,1126.651595744681,0.0004432624113475177,0.04070942480556316
Donor_806,IN_LAMP5_LHX6,1167,1089,1126.651595744681,0.0035460992907801418,0.025733180907315915
Donor_806,IN_LAMP5_RELN,1167,1089,1126.651595744681,0.0013297872340425532,0.075594682452749
Donor_806,IN_PVALB,1167,1089,1126.651595744681,0.003989361702127659,0.009699259690089522
Donor_806,IN_PVALB_CHC,1167,1089,1126.651595744681,0.0004432624113475177,0.043625251375658584
Donor_806,IN_SST,1167,1089,1126.651595744681,0.0004432624113475177,0.04070942480556316
Donor_806,IN_VIP,1167,1089,1126.651595744681,0.0026595744680851063,0.03804283050759713
Donor_806,Micro,1167,1089,1126.651595744681,0.011968085106382979,0.015781893515863503
Donor_806,OPC,1167,1089,1126.651595744681,0.05186170212765957,0.011827074977258751
Donor_806,Oligo,1167,1089,1126.651595744681,0.7637411347517731,0.005373804282278883
Donor_806,PC,1167,1089,1126.651595744681,0.003989361702127659,0.009699259690089522
Donor_806,PVM,1167,1089,1126.651595744681,0.0004432624113475177,0.04070942480556316
Donor_806,VLMC,1167,1089,1126.651595744681,0.0017730496453900709,0.039277647254087535
Donor_845,Adaptive,2242,2291,2266.23516435032,0.0011030222810500773,0.03916229969444374
Donor_845,Astro,2242,2291,2266.23516435032,0.19942642841385397,0.06379985017730253
Donor_845,EN_L2_3_IT,2242,2291,2266.23516435032,0.1586146040150011,0.018393548712860884
Donor_845,EN_L3_5_IT_1,2242,2291,2266.23516435032,0.009927200529450696,0.011187641984040859
Donor_845,EN_L3_5_IT_2,2242,2291,2266.23516435032,0.030664019413192148,0.029426956080430357
Donor_845,EN_L3_5_IT_3,2242,2291,2266.23516435032,0.03595852636223252,0.007674098842596753
Donor_845,EN_L5_6_NP,2242,2291,2266.23516435032,0.004191484667990294,0.04640749906562696
Donor_845,EN_L5_ET,2242,2291,2266.23516435032,0.00022060445621001543,0.02939108909498162
Donor_845,EN_L6_CT,2242,2291,2266.23516435032,0.0006618133686300463,0.017714591856400376
Donor_845,EN_L6_IT_1,2242,2291,2266.23516435032,0.00022060445621001543,0.02939108909498162
Donor_845,Endo,2242,2291,2266.23516435032,0.03419369071255239,0.05177928638125086
Donor_845,IN_ADARB2,2242,2291,2266.23516435032,0.00816236487977057,0.0068656408370987194
Donor_845,IN_LAMP5_LHX6,2242,2291,2266.23516435032,0.0050739024928303554,0.03259671145804979
Donor_845,IN_LAMP5_RELN,2242,2291,2266.23516435032,0.0037502757555702626,0.022983709236770716
Donor_845,IN_PVALB,2242,2291,2266.23516435032,0.02272225898963159,0.012180362972062554
Donor_845,IN_PVALB_CHC,2242,2291,2266.23516435032,0.004191484667990294,0.00542726661150612
Donor_845,IN_SST,2242,2291,2266.23516435032,0.012795058460180895,0.021095531638710505
Donor_845,IN_VIP,2242,2291,2266.23516435032,0.034634899624972425,0.06588717397076145
Donor_845,Micro,2242,2291,2266.23516435032,0.0827266710787558,0.043164181497323095
Donor_845,OPC,2242,2291,2266.23516435032,0.0657401279505846,0.0733951283525379
Donor_845,Oligo,2242,2291,2266.23516435032,0.23251709684535626,0.007722781925054602
Donor_845,PC,2242,2291,2266.23516435032,0.02272225898963159,0.023353425734808354
Donor_845,PVM,2242,2291,2266.23516435032,0.008603573792190603,0.006792063227890313
Donor_845,SMC,2242,2291,2266.23516435032,0.010589013898080741,0.045346904568346995
Donor_845,VLMC,2242,2291,2266.23516435032,0.010589013898080741,0.002236817238051086
Donor_862,Adaptive,182,457,260.32550860719874,0.001564945226917058,0.13900138604260123
Donor_862,Astro,182,457,260.32550860719874,0.4460093896713615,0.09541929789072245
Donor_862,EN_L2_3_IT,182,457,260.32550860719874,0.00782472613458529,0.12417238744390668
Donor_862,EN_L3_5_IT_1,182,457,260.32550860719874,0.003129890453834116,0.05919175952505314
Donor_862,EN_L3_5_IT_2,182,457,260.32550860719874,0.018779342723004695,0.1934378741402283
Donor_862,EN_L3_5_IT_3,182,457,260.32550860719874,0.009389671361502348,0.1028465525194314
Donor_862,EN_L5_ET,182,457,260.32550860719874,0.001564945226917058,0.055357225951320393
Donor_862,EN_L6B,182,457,260.32550860719874,0.004694835680751174,0.12874642128924782
Donor_862,EN_L6_IT_1,182,457,260.32550860719874,0.004694835680751174,0.12874642128924782
Donor_862,EN_L6_IT_2,182,457,260.32550860719874,0.001564945226917058,0.055357225951320393
Donor_862,Endo,182,457,260.32550860719874,0.009389671361502348,0.1028465525194314
Donor_862,IN_ADARB2,182,457,260.32550860719874,0.003129890453834116,0.07834836533497942
Donor_862,IN_LAMP5_LHX6,182,457,260.32550860719874,0.001564945226917058,0.055357225951320393
Donor_862,IN_LAMP5_RELN,182,457,260.32550860719874,0.003129890453834116,0.07834836533497942
Donor_862,IN_PVALB,182,457,260.32550860719874,0.009389671361502348,0.1028465525194314
Donor_862,IN_SST,182,457,260.32550860719874,0.004694835680751174,0.09603216669935698
Donor_862,IN_VIP,182,457,260.32550860719874,0.006259780907668232,0.013567081017093065
Donor_862,Micro,182,457,260.32550860719874,0.03442879499217527,0.011210068568674675
Donor_862,OPC,182,457,260.32550860719874,0.06103286384976526,0.06765080006808799
Donor_862,Oligo,182,457,260.32550860719874,0.3677621283255086,0.14446649868542646
Donor_865,Astro,3680,3602,3640.5822576215323,0.11878604778906894,0.01890316533559738
Donor_865,EN_L2_3_IT,3680,3602,3640.5822576215323,0.08953584180170283,0.027883964651652392
Donor_865,EN_L3_5_IT_1,3680,3602,3640.5822576215323,0.012084592145015106,0.04790898438766028
Donor_865,EN_L3_5_IT_2,3680,3602,3640.5822576215323,0.030211480362537766,0.0251037546476935
Donor_865,EN_L3_5_IT_3,3680,3602,3640.5822576215323,0.027464982147761604,0.019929136216222863
Donor_865,EN_L5_6_NP,3680,3602,3640.5822576215323,0.003982422411425433,0.0030065956947260444
Donor_865,EN_L6B,3680,3602,3640.5822576215323,0.00837681955506729,0.007072236854942169
Donor_865,EN_L6_CT,3680,3602,3640.5822576215323,0.009887393573194177,0.0021410281151741342
Donor_865,EN_L6_IT_1,3680,3602,3640.5822576215323,0.014281790716836034,0.02520174254084501
Donor_865,EN_L6_IT_2,3680,3602,3640.5822576215323,0.004943696786597089,0.009342832380114227
Donor_865,Endo,3680,3602,3640.5822576215323,0.014007140895358419,0.021252183158745136
Donor_865,IN_ADARB2,3680,3602,3640.5822576215323,0.015380390002746498,0.007141944708248766
Donor_865,IN_LAMP5_LHX6,3680,3602,3640.5822576215323,0.005355671518813513,0.02038950254275054
Donor_865,IN_LAMP5_RELN,3680,3602,3640.5822576215323,0.009338093930238945,0.03219022217720181
Donor_865,IN_PVALB,3680,3602,3640.5822576215323,0.030760780005492996,0.022906440178235513
Donor_865,IN_PVALB_CHC,3680,3602,3640.5822576215323,0.005492996429552321,0.001592298514324635
Donor_865,IN_SST,3680,3602,3640.5822576215323,0.052183466080747046,0.009967604259155731
Donor_865,IN_VIP,3680,3602,3640.5822576215323,0.03570447679209009,0.016602136694955753
Donor_865,Micro,3680,3602,3640.5822576215323,0.0547926393847844,0.020188363112597602
Donor_865,OPC,3680,3602,3640.5822576215323,0.027327657237022795,0.00527600289291621
Donor_865,Oligo,3680,3602,3640.5822576215323,0.40318593792914037,0.0030509433712643088
Donor_865,PC,3680,3602,3640.5822576215323,0.006316945893985169,0.0017082577166208255
Donor_865,PVM,3680,3602,3640.5822576215323,0.005492996429552321,0.03557154052834188
Donor_865,SMC,3680,3602,3640.5822576215323,0.0028838231255149684,0.03700889322870421
Donor_865,VLMC,3680,3602,3640.5822576215323,0.012221917055753914,0.005116605816431987
Donor_880,Adaptive,1609,1641,1624.8424615384615,0.0003076923076923077,0.034745608689609464
Donor_880,Astro,1609,1641,1624.8424615384615,0.16923076923076924,0.004242333431092135
Donor_880,EN_L2_3_IT,1609,1641,1624.8424615384615,0.1476923076923077,0.0012596220077934744
Donor_880,EN_L3_5_IT_1,1609,1641,1624.8424615384615,0.005230769230769231,0.009959986590573466
Donor_880,EN_L3_5_IT_2,1609,1641,1624.8424615384615,0.005538461538461538,0.10098310239275049
Donor_880,EN_L3_5_IT_3,1609,1641,1624.8424615384615,0.0015384615384615385,0.04788175299126584
Donor_880,EN_L5_6_NP,1609,1641,1624.8424615384615,0.0009230769230769231,0.020864736534744747
Donor_880,EN_L6_IT_1,1609,1641,1624.8424615384615,0.0003076923076923077,0.034745608689609464
Donor_880,Endo,1609,1641,1624.8424615384615,0.012307692307692308,0.03569042927103937
Donor_880,IN_ADARB2,1609,1641,1624.8424615384615,0.02246153846153846,0.042701897226106525
Donor_880,IN_LAMP5_LHX6,1609,1641,1624.8424615384615,0.004,0.010998619427922464
Donor_880,IN_LAMP5_RELN,1609,1641,1624.8424615384615,0.016615384615384615,0.041077785265735724
Donor_880,IN_PVALB,1609,1641,1624.8424615384615,0.020923076923076923,0.01432095498889048
Donor_880,IN_PVALB_CHC,1609,1641,1624.8424615384615,0.008,0.01558572488424338
Donor_880,IN_SST,1609,1641,1624.8424615384615,0.04830769230769231,0.07619542364238964
Donor_880,IN_VIP,1609,1641,1624.8424615384615,0.0843076923076923,0.020604585116969856
Donor_880,Micro,1609,1641,1624.8424615384615,0.10061538461538462,0.003642326599666252
Donor_880,OPC,1609,1641,1624.8424615384615,0.04953846153846154,0.013005031458158138
Donor_880,Oligo,1609,1641,1624.8424615384615,0.28892307692307695,0.05126342430651046
Donor_880,PC,1609,1641,1624.8424615384615,0.007692307692307693,0.005310311052445906
Donor_880,PVM,1609,1641,1624.8424615384615,0.003076923076923077,0.02331849996892269
Donor_880,SMC,1609,1641,1624.8424615384615,0.0015384615384615385,0.014929830145611651
Donor_880,VLMC,1609,1641,1624.8424615384615,0.0009230769230769231,0.019667477295452766
Donor_91,Astro,984,1640,1230.0,0.21036585365853658,0.023937321395762982
Donor_91,EN_L2_3_IT,984,1640,1230.0,0.09413109756097561,0.036890244194503166
Donor_91,EN_L3_5_IT_1,984,1640,1230.0,0.03277439024390244,0.01141573013026675
Donor_91,EN_L3_5_IT_2,984,1640,1230.0,0.0705030487804878,0.0023819257438500805
Donor_91,EN_L3_5_IT_3,984,1640,1230.0,0.06326219512195122,0.06512509162667778
Donor_91,EN_L5_6_NP,984,1640,1230.0,0.009146341463414634,0.05124100921762787
Donor_91,EN_L6B,984,1640,1230.0,0.01638719512195122,0.011206462388888049
Donor_91,EN_L6_CT,984,1640,1230.0,0.005335365853658537,0.03906092216907031
Donor_91,EN_L6_IT_1,984,1640,1230.0,0.01753048780487805,0.02787730975356176
Donor_91,EN_L6_IT_2,984,1640,1230.0,0.009908536585365854,0.012312428768251601
Donor_91,Endo,984,1640,1230.0,0.010289634146341464,0.030211488979738833
Donor_91,IN_ADARB2,984,1640,1230.0,0.011051829268292682,0.013609090054366982
Donor_91,IN_LAMP5_LHX6,984,1640,1230.0,0.006859756097560976,0.05417487906556303
Donor_91,IN_LAMP5_RELN,984,1640,1230.0,0.020198170731707318,0.047678621965885806
Donor_91,IN_PVALB,984,1640,1230.0,0.027820121951219513,0.03336920290552604
Donor_91,IN_PVALB_CHC,984,1640,1230.0,0.005716463414634146,0.03504769099682306
Donor_91,IN_SST,984,1640,1230.0,0.009527439024390244,0.08996923742376041
Donor_91,IN_VIP,984,1640,1230.0,0.028963414634146343,0.0436309551754819
Donor_91,Micro,984,1640,1230.0,0.012195121951219513,0.08888888888888889
Donor_91,OPC,984,1640,1230.0,0.07164634146341463,0.05359077949361442
Donor_91,Oligo,984,1640,1230.0,0.2229420731707317,0.04150793306441469
Donor_91,PC,984,1640,1230.0,0.022865853658536585,0.0380734405112512
Donor_91,PVM,984,1640,1230.0,0.00038109756097560977,0.031240705823382394
Donor_91,SMC,984,1640,1230.0,0.019435975609756097,0.10747726514792248
Donor_91,VLMC,984,1640,1230.0,0.0007621951219512195,0.07364909022214768
Donor_917,Adaptive,2576,2641,2608.0950737972016,0.012650948821161587,0.004040266806295596
Donor_917,Astro,2576,2641,2608.0950737972016,0.12535940195514664,0.037225637808866126
Donor_917,EN_L2_3_IT,2576,2641,2608.0950737972016,0.11980065171554534,0.0014321948353701952
Donor_917,EN_L3_5_IT_1,2576,2641,2608.0950737972016,0.010925819436457734,0.05270622968807975
Donor_917,EN_L3_5_IT_2,2576,2641,2608.0950737972016,0.02491853555683343,0.0156940721568687
Donor_917,EN_L3_5_IT_3,2576,2641,2608.0950737972016,0.030668966839179607,0.026670813835859796
Donor_917,EN_L5_6_NP,2576,2641,2608.0950737972016,0.003833620854897451,0.013955047169926606
Donor_917,EN_L6B,2576,2641,2608.0950737972016,0.0034502587694077054,0.011611249743117946
Donor_917,EN_L6_CT,2576,2641,2608.0950737972016,0.010159095265478243,0.0012987012158370086
Donor_917,EN_L6_IT_1,2576,2641,2608.0950737972016,0.0063254744105807935,0.05121020428812577
Donor_917,EN_L6_IT_2,2576,2641,2608.0950737972016,0.0009584052137243627,0.011619189207545642
Donor_917,Endo,2576,2641,2608.0950737972016,0.026835345984282156,0.03261011760429089
Donor_917,IN_ADARB2,2576,2641,2608.0950737972016,0.01514280237684493,0.05028439524402012
Donor_917,IN_LAMP5_LHX6,2576,2641,2608.0950737972016,0.008242284838029518,0.044377021139091775
Donor_917,IN_LAMP5_RELN,2576,2641,2608.0950737972016,0.010350776308223116,0.02527886750240046
Donor_917,IN_PVALB,2576,2641,2608.0950737972016,0.019168104274487254,0.025854739070120675
Donor_917,IN_PVALB_CHC,2576,2641,2608.0950737972016,0.004983707111366686,0.0017638071441876475
Donor_917,IN_SST,2576,2641,2608.0950737972016,0.021084914701935978,0.03034579027502741
Donor_917,IN_VIP,2576,2641,2608.0950737972016,0.04025301897642323,0.005104001454487685
Donor_917,Micro,2576,2641,2608.0950737972016,0.024535173471343683,0.0010042928109269557
Donor_917,OPC,2576,2641,2608.0950737972016,0.03680276020701553,0.01709045127273759
Donor_917,Oligo,2576,2641,2608.0950737972016,0.34905117883841286,0.025990704662511025
Donor_917,PC,2576,2641,2608.0950737972016,0.0097757331799885,0.024803027648197643
Donor_917,PVM,2576,2641,2608.0950737972016,0.010734138393712862,0.03980408643491105
Donor_917,SMC,2576,2641,2608.0950737972016,0.007475560667050029,0.06460614977583645
Donor_917,VLMC,2576,2641,2608.0950737972016,0.06651332183247077,0.011268832783534188
Donor_941,Adaptive,1853,3176,2340.4764366673294,0.00039769337840524953,0.011274988985476698
Donor_941,Astro,1853,3176,2340.4764366673294,0.040167031218930206,0.006221281776758656
Donor_941,EN_L2_3_IT,1853,3176,2340.4764366673294,0.04275203817856433,0.08540947878714748
Donor_941,EN_L3_5_IT_1,1853,3176,2340.4764366673294,0.005965400676078743,0.011694977656348714
Donor_941,EN_L3_5_IT_2,1853,3176,2340.4764366673294,0.01252734141976536,0.03236995193052606
Donor_941,EN_L3_5_IT_3,1853,3176,2340.4764366673294,0.01292503479817061,0.07527690932883914
Donor_941,EN_L5_6_NP,1853,3176,2340.4764366673294,0.0013919268244183733,0.009643929162906009
Donor_941,EN_L6B,1853,3176,2340.4764366673294,0.005170013919268244,0.006911307660416319
Donor_941,EN_L6_CT,1853,3176,2340.4764366673294,0.005766553986876119,0.05287766933264646
Donor_941,EN_L6_IT_1,1853,3176,2340.4764366673294,0.004772320540862995,0.022853406411725587
Donor_941,EN_L6_IT_2,1853,3176,2340.4764366673294,0.0021873135812288725,0.01926247233155666
Donor_941,Endo,1853,3176,2340.4764366673294,0.001988466892026248,0.0060495115144636475
Donor_941,IN_ADARB2,1853,3176,2340.4764366673294,0.004772320540862995,0.0019453379716098153
Donor_941,IN_LAMP5_LHX6,1853,3176,2340.4764366673294,0.0013919268244183733,0.036196637718241734
Donor_941,IN_LAMP5_RELN,1853,3176,2340.4764366673294,0.005368860608470869,0.000602243000069333
Donor_941,IN_PVALB,1853,3176,2340.4764366673294,0.013919268244183734,0.01307366047645316
Donor_941,IN_PVALB_CHC,1853,3176,2340.4764366673294,0.0033803937164446213,0.003884782007026583
Donor_941,IN_SST,1853,3176,2340.4764366673294,0.014316961622588983,0.003807659161210042
Donor_941,IN_VIP,1853,3176,2340.4764366673294,0.013521574865778485,0.0226072367046007
Donor_941,Micro,1853,3176,2340.4764366673294,0.016504275203817857,0.02292237944395557
Donor_941,OPC,1853,3176,2340.4764366673294,0.028037383177570093,0.010594794572286141
Donor_941,Oligo,1853,3176,2340.4764366673294,0.759395506064824,0.0916401219547685
Donor_941,PC,1853,3176,2340.4764366673294,0.001789620202823623,0.006392190856725922
Donor_941,PVM,1853,3176,2340.4764366673294,0.00039769337840524953,0.011274988985476698
Donor_941,SMC,1853,3176,2340.4764366673294,0.00019884668920262477,0.022330760172583914
Donor_941,VLMC,1853,3176,2340.4764366673294,0.000994233446013124,0.004275521476880748
Donor_972,Adaptive,1108,1422,1245.5146245059289,0.0007905138339920949,0.007090996643875414
Donor_972,Astro,1108,1422,1245.5146245059289,0.02015810276679842,0.0038296022110173846
Donor_972,EN_L2_3_IT,1108,1422,1245.5146245059289,0.010276679841897233,0.07345521039692772
Donor_972,EN_L3_5_IT_1,1108,1422,1245.5146245059289,0.011462450592885375,0.04073551181026262
Donor_972,EN_L3_5_IT_2,1108,1422,1245.5146245059289,0.0011857707509881424,0.014643281743975277
Donor_972,EN_L3_5_IT_3,1108,1422,1245.5146245059289,0.0015810276679841897,0.010032152824596675
Donor_972,EN_L5_6_NP,1108,1422,1245.5146245059289,0.0011857707509881424,0.032016041697155016
Donor_972,EN_L6B,1108,1422,1245.5146245059289,0.010671936758893281,0.04413995330299454
Donor_972,EN_L6_CT,1108,1422,1245.5146245059289,0.003952569169960474,0.03530256984672668
Donor_972,EN_L6_IT_1,1108,1422,1245.5146245059289,0.0015810276679841897,0.03038400425538674
Donor_972,Endo,1108,1422,1245.5146245059289,0.003952569169960474,0.04147293305775913
Donor_972,IN_ADARB2,1108,1422,1245.5146245059289,0.016205533596837945,0.03758912778898711
Donor_972,IN_LAMP5_LHX6,1108,1422,1245.5146245059289,0.0015810276679841897,0.05044830990458008
Donor_972,IN_LAMP5_RELN,1108,1422,1245.5146245059289,0.0031620553359683794,0.0430035331069556
Donor_972,IN_PVALB,1108,1422,1245.5146245059289,0.0071146245059288534,0.021340630769829626
Donor_972,IN_PVALB_CHC,1108,1422,1245.5146245059289,0.0003952569169960474,0.045405278738504536
Donor_972,IN_SST,1108,1422,1245.5146245059289,0.003952569169960474,0.04147293305775913
Donor_972,IN_VIP,1108,1422,1245.5146245059289,0.017786561264822136,0.04504167673761379
Donor_972,Micro,1108,1422,1245.5146245059289,0.002766798418972332,0.03257567376241594
Donor_972,OPC,1108,1422,1245.5146245059289,0.030039525691699605,0.06318028613796645
Donor_972,Oligo,1108,1422,1245.5146245059289,0.8434782608695652,0.02463298680556923
Donor_972,PC,1108,1422,1245.5146245059289,0.005138339920948616,0.07426526596241662
Donor_972,SMC,1108,1422,1245.5146245059289,0.0011857707509881424,0.032016041697155016
Donor_972,VLMC,1108,1422,1245.5146245059289,0.0003952569169960474,0.045405278738504536
