donor,celltype,n1,n2,n_eff,floor,floor_null,ratio
Donor_1001,Astro,457,487,471.52330508474574,0.28805389138200077,0.22626375075858673,1.2730889964311665
Donor_1001,EN_L2_3_IT,1036,915,971.7478216299335,0.10310986934524191,0.07526425267842973,1.3699713433119964
Donor_1001,EN_L3_5_IT_1,30,36,32.72727272727273,0.5162858197351918,0.4054211786895414,1.2734554751283653
Donor_1001,EN_L3_5_IT_2,212,158,181.05945945945948,0.22679390038754452,0.18533424084182354,1.2237021036015971
Donor_1001,EN_L3_5_IT_3,210,159,180.97560975609755,0.19133210318551,0.1651750940891108,1.1583592807417302
Donor_1001,EN_L5_6_NP,25,29,26.851851851851855,0.5343365888124523,0.39470252530854255,1.35377038288457
Donor_1001,EN_L6B,56,47,51.10679611650486,0.37577480527054374,0.295811268114877,1.2703194427489262
Donor_1001,EN_L6_CT,52,40,45.21739130434782,0.4030803353877852,0.29915612876796027,1.347391200199791
Donor_1001,EN_L6_IT_1,82,74,77.7948717948718,0.30876526632237944,0.24808645864759526,1.2445873426770864
Donor_1001,EN_L6_IT_2,24,27,25.411764705882355,0.5120257776810604,0.392165634015464,1.3056365302546373
Donor_1001,Endo,88,62,72.74666666666667,0.7473649113005036,0.568422011212744,1.3148064229708134
Donor_1001,IN_ADARB2,163,127,142.7655172413793,0.37129565833812306,0.29078217781335336,1.2768858845828217
Donor_1001,IN_LAMP5_LHX6,28,24,25.846153846153847,0.6301856943609119,0.4574183238020404,1.3777010267600058
Donor_1001,IN_LAMP5_RELN,65,43,51.75925925925926,0.5155829344890557,0.3851542424972052,1.3386401539969974
Donor_1001,IN_PVALB,195,201,197.95454545454544,0.2487825654347104,0.19888439361905297,1.250890333362372
Donor_1001,IN_PVALB_CHC,24,22,22.956521739130434,0.8365256155945573,0.5891685720985063,1.419840865942683
Donor_1001,IN_SST,152,208,175.64444444444445,0.3830433677590763,0.29341268017207023,1.3054765306476963
Donor_1001,IN_VIP,245,204,222.62806236080178,0.27030140468539976,0.22290256046622892,1.2126437853384464
Donor_1001,Micro,260,233,245.76064908722108,0.43200859330034813,0.3468255934368145,1.245607594928119
Donor_1001,OPC,123,101,110.91964285714285,0.45982988917320955,0.3839054405930242,1.1977686183944247
Donor_1001,Oligo,665,567,612.1022727272727,0.26411517711315335,0.2203476835923479,1.1986292426916412
Donor_1001,PC,80,56,65.88235294117648,0.727422595648636,0.5765679851007102,1.26164236386031
Donor_1001,PVM,42,38,39.900000000000006,0.9428869328527338,0.6767268264905599,1.3933050914243412
Donor_1001,VLMC,81,46,58.67716535433071,0.7323218088521815,0.46709546839757543,1.56782041017117
Donor_1002,Astro,591,624,607.0518518518519,0.21196022020942995,0.18727811573146536,1.131793853123532
Donor_1002,EN_L2_3_IT,401,435,417.3086124401914,0.11843221753736444,0.10877838632775916,1.0887476964451137
Donor_1002,EN_L3_5_IT_1,44,52,47.666666666666664,0.44236747592102654,0.3408365235648416,1.297887536506543
Donor_1002,EN_L3_5_IT_2,139,156,147.01016949152543,0.2543317209737488,0.19973611764191812,1.2733386629137766
Donor_1002,EN_L3_5_IT_3,160,172,165.78313253012047,0.2307296366859828,0.18931554916845572,1.2187569256695139
Donor_1002,EN_L5_6_NP,25,25,25.0,0.5697408266629092,0.4465975327887801,1.275736619289319
Donor_1002,EN_L6B,40,27,32.23880597014925,0.4849313005593472,0.3737395565757575,1.297511307077957
Donor_1002,EN_L6_CT,34,55,42.02247191011236,0.44994365612415343,0.3567751877344534,1.2611405489863972
Donor_1002,EN_L6_IT_1,51,57,53.833333333333336,0.36106403959919664,0.29393306048396806,1.228388664428206
Donor_1002,EN_L6_IT_2,20,17,18.37837837837838,0.6081892014207666,0.4764806593126578,1.2764194926570651
Donor_1002,Endo,35,24,28.47457627118644,1.129756928679889,0.8156839607951545,1.3850424710798117
Donor_1002,IN_ADARB2,64,69,66.40601503759397,0.46981636679122274,0.38532669360351424,1.219267635983312
Donor_1002,IN_LAMP5_LHX6,18,23,20.195121951219512,0.681109759205675,0.570351660771685,1.194192646487843
Donor_1002,IN_LAMP5_RELN,43,36,39.18987341772152,0.5195059124225598,0.42576511096571057,1.2201702277676734
Donor_1002,IN_PVALB,102,121,110.69058295964126,0.30657061674055264,0.2591840285723386,1.1828298928341892
Donor_1002,IN_PVALB_CHC,22,19,20.390243902439025,0.7467202732348039,0.5355179374195176,1.3943889103565792
Donor_1002,IN_SST,116,137,125.6284584980237,0.398847985844087,0.3172219444047062,1.2573152421487075
Donor_1002,IN_VIP,116,150,130.82706766917292,0.34991149016035195,0.27272709365241266,1.2830096396887867
Donor_1002,Micro,144,145,144.4982698961938,0.5800339030839301,0.4528839694477016,1.2807560925401922
Donor_1002,OPC,177,183,179.95000000000002,0.4360561581634621,0.3405952222501534,1.2802767909738808
Donor_1002,Oligo,1885,1996,1938.9126513785109,0.13733948866062687,0.1307526187389203,1.050376581251186
Donor_1002,PC,54,51,52.457142857142856,0.8147019709126502,0.6493881704058171,1.254568543192779
Donor_1002,PVM,11,12,11.478260869565217,1.6636217882092543,1.0753824177393039,1.5470048242992127
Donor_1002,VLMC,18,13,15.096774193548386,1.305969930272311,0.9230694696016473,1.4148121818349222
Donor_1003,Astro,175,388,241.20781527531082,0.33961470365861013,0.2590740763178889,1.3108787590229456
Donor_1003,EN_L3_5_IT_2,11,31,16.238095238095237,0.7770054909071822,0.5562829567000342,1.3967810473944984
Donor_1003,Micro,46,78,57.870967741935495,0.7533936530971683,0.4943380297175288,1.5240455069331147
Donor_1003,OPC,30,74,42.69230769230769,0.7271959737019609,0.5602510930674738,1.2979822488528034
Donor_1003,Oligo,115,226,152.43401759530792,0.49434881575442846,0.3863763993577308,1.2794487877007472
Donor_1024,Astro,429,464,445.8141097424412,0.27589108149746044,0.22784380356813472,1.2108781418536914
Donor_1024,EN_L2_3_IT,663,697,679.5749999999999,0.11627012087658972,0.11017375291125475,1.0553341227310793
Donor_1024,EN_L3_5_IT_1,77,61,68.07246376811594,0.42863404627765433,0.3486286574897879,1.2294859790469461
Donor_1024,EN_L3_5_IT_2,243,231,236.84810126582275,0.22950028109135268,0.19806518035970944,1.158710888378025
Donor_1024,EN_L3_5_IT_3,182,188,184.95135135135135,0.25735324539058313,0.20691429262277872,1.2437673692254727
Donor_1024,EN_L5_6_NP,30,37,33.134328358208954,0.555150515710614,0.45404726026460196,1.222671215738848
Donor_1024,EN_L6_CT,31,38,34.14492753623188,0.5508380560266688,0.4364759490112273,1.262012391002327
Donor_1024,EN_L6_IT_2,23,23,23.0,0.6941673248317206,0.49421860546136465,1.404575459444104
Donor_1024,Endo,26,33,29.08474576271186,1.29333248267376,0.8159928529644702,1.5849801600285267
Donor_1024,IN_ADARB2,101,83,91.11956521739131,0.49805633217172307,0.39278707485745823,1.2680059096966643
Donor_1024,IN_LAMP5_LHX6,18,30,22.500000000000004,0.7543689782320304,0.5908310821319827,1.276792980338695
Donor_1024,IN_LAMP5_RELN,70,70,70.0,0.44567478635493707,0.35279736927215966,1.2632599479820064
Donor_1024,IN_PVALB,197,201,198.97989949748745,0.2718231593130991,0.21648001065584843,1.255650156749267
Donor_1024,IN_PVALB_CHC,42,43,42.49411764705882,0.6542856278566695,0.52885399036581,1.2371763091058423
Donor_1024,IN_SST,162,211,183.28150134048258,0.37591642292403016,0.2911925618969242,1.2909547567945652
Donor_1024,IN_VIP,273,268,270.4768946395564,0.29198116949942055,0.23794157559814533,1.227112869053795
Donor_1024,Micro,85,92,88.36158192090396,0.6764657582058398,0.5758587878318617,1.174707710466256
Donor_1024,OPC,169,146,156.6603174603175,0.5054888679629861,0.40921489219631635,1.2352650834625132
Donor_1024,Oligo,745,826,783.4118395926163,0.2610026259352356,0.22189020178916996,1.176269271156139
Donor_1024,PC,54,55,54.4954128440367,0.8384518605633184,0.6839429006833111,1.2259091507867705
Donor_103,Astro,358,323,339.6005873715125,0.37488178848393705,0.3141554782966054,1.193300178996076
Donor_103,EN_L2_3_IT,691,700,695.470884255931,0.14359757015662747,0.14009308027066414,1.025015438872445
Donor_103,EN_L3_5_IT_1,44,38,40.78048780487805,0.5540427362402425,0.4290433842035668,1.291344317705101
Donor_103,EN_L3_5_IT_2,26,25,25.49019607843137,0.7719767565040572,0.5671690706044274,1.3611051739499263
Donor_103,Endo,96,82,88.44943820224718,0.763574003567568,0.5465211014187688,1.3971537449978233
Donor_103,IN_ADARB2,83,75,78.79746835443038,0.5786438943561469,0.47061375494372815,1.229551597839158
Donor_103,IN_LAMP5_RELN,63,67,64.93846153846154,0.5528569622503485,0.44027323204493696,1.255713320754237
Donor_103,IN_PVALB,88,64,74.10526315789474,0.43059221855274377,0.35361540962761484,1.2176851088197531
Donor_103,IN_SST,30,33,31.42857142857143,0.7971691892059702,0.5748497800421744,1.3867434882683354
Donor_103,IN_VIP,96,103,99.37688442211055,0.47837612396030504,0.361515103892061,1.3232534928973139
Donor_103,Micro,136,105,118.50622406639002,0.6290261801621764,0.4964610284289055,1.2670202576681295
Donor_103,OPC,69,67,67.98529411764706,0.6932232806993257,0.5915611825433702,1.1718539031226956
Donor_103,Oligo,224,193,207.34772182254198,0.5079366556745182,0.3937886263828223,1.2898713209170412
Donor_103,PC,67,54,59.80165289256198,0.8093534838049559,0.5832800606342619,1.3875898362184036
Donor_103,PVM,18,32,23.04,1.352326691774775,0.8667182763338168,1.560284037732609
Donor_103,SMC,36,47,40.77108433734939,1.1329590446530542,0.6801999079982108,1.6656265773209047
Donor_103,VLMC,103,119,110.42342342342342,0.6498457120963375,0.5055211729959894,1.285496526772565
Donor_1032,Astro,285,280,282.4778761061947,0.3753059550891942,0.3226880251225508,1.1630613033956252
Donor_1032,EN_L2_3_IT,326,402,360.032967032967,0.18561948261239558,0.17966986599111442,1.033114159619707
Donor_1032,EN_L3_5_IT_2,91,87,88.95505617977527,0.3945272198412857,0.31387968752278095,1.2569377233518861
Donor_1032,EN_L3_5_IT_3,59,100,74.21383647798743,0.43423209085895387,0.3862867393418101,1.1241185540017173
Donor_1032,EN_L5_6_NP,19,15,16.764705882352942,0.8377782825709597,0.6363983033279572,1.316437014665051
Donor_1032,EN_L6B,23,26,24.408163265306122,0.6923934575405637,0.49371947978943265,1.4024025502009034
Donor_1032,EN_L6_CT,21,35,26.250000000000004,0.7347696018856067,0.6272610612707674,1.1713936146411477
Donor_1032,EN_L6_IT_1,57,55,55.98214285714286,0.41981708962864683,0.36150660634445275,1.161298527498096
Donor_1032,EN_L6_IT_2,16,18,16.941176470588236,0.7906330743457035,0.5170351988350435,1.529166826798478
Donor_1032,IN_ADARB2,26,36,30.193548387096772,0.8438869653461927,0.727589538728195,1.1598393330685899
Donor_1032,IN_LAMP5_LHX6,24,20,21.818181818181817,0.7984132896598015,0.5717048299031995,1.3965480924745521
Donor_1032,IN_LAMP5_RELN,25,38,30.158730158730155,0.7304953821739995,0.5926591695195844,1.232572479670139
Donor_1032,IN_PVALB,73,60,65.86466165413535,0.5270987611631692,0.4144015246481709,1.2719517902610973
Donor_1032,IN_SST,36,35,35.49295774647888,0.7786490171403071,0.5183286331544634,1.5022303753539068
Donor_1032,IN_VIP,89,88,88.49717514124293,0.5666235099310937,0.42205183315646266,1.3425448379015463
Donor_1032,Micro,37,41,38.8974358974359,1.146240951041194,0.8614197481068651,1.3306415990117222
Donor_1032,OPC,63,83,71.63013698630137,0.7809571877228798,0.5289786413945574,1.476349188058002
Donor_1032,Oligo,671,715,692.3015873015873,0.3066894884585176,0.2467032680544463,1.2431513002528716
Donor_104,Astro,163,150,156.2300319488818,0.44904303441814086,0.3339322661541244,1.3447129251382008
Donor_104,EN_L2_3_IT,17,24,19.902439024390244,0.8321430965171368,0.7024914321828435,1.184559780225971
Donor_104,EN_L3_5_IT_2,34,40,36.75675675675676,0.6448727844979656,0.5462297400048364,1.1805889303871588
Donor_104,EN_L3_5_IT_3,31,33,31.96875,0.6649357720368059,0.49789211089959107,1.3355017231251174
Donor_104,EN_L6B,15,21,17.5,0.7915283080363975,0.5917205658776461,1.3376724651481304
Donor_104,EN_L6_CT,30,28,28.96551724137931,0.6079864902916805,0.4827124949729198,1.2595209293801035
Donor_104,EN_L6_IT_1,21,35,26.250000000000004,0.7139762917246688,0.5445728646150574,1.3110757772136843
Donor_104,IN_PVALB,17,14,15.354838709677422,0.9390857162342399,0.5988488338489706,1.568151531995931
Donor_104,IN_SST,19,23,20.80952380952381,0.9595274443605106,0.696984491533847,1.3766840668848856
Donor_104,Micro,126,150,136.95652173913044,0.6124637895202873,0.5090659134564204,1.20311294339435
Donor_104,OPC,105,75,87.49999999999999,0.5819430281087978,0.4688838391461978,1.2411240898566098
Donor_104,Oligo,2374,2420,2396.779307467668,0.14003954971530183,0.11578798496610809,1.2094480248213346
Donor_104,PC,12,14,12.923076923076923,1.7790897048664478,1.1123111042820097,1.5994533346089714
Donor_1040,Astro,84,144,106.10526315789474,0.5688332480922211,0.44727392185529347,1.2717782555546704
Donor_1040,EN_L2_3_IT,10,12,10.909090909090908,1.0130763631938486,0.7009094068783916,1.445374185667932
Donor_1040,EN_L3_5_IT_3,17,19,17.944444444444446,0.8444738068151634,0.6872735681891089,1.228730226073236
Donor_1040,EN_L5_6_NP,12,14,12.923076923076923,1.1595149253070596,0.8170529423568778,1.4191429529184647
Donor_1040,EN_L6B,14,27,18.439024390243905,0.7993200598519392,0.5905310364977088,1.3535614734028303
Donor_1040,EN_L6_CT,22,37,27.59322033898305,0.7391528057022367,0.5830365443066055,1.267764110020406
Donor_1040,IN_LAMP5_LHX6,10,19,13.10344827586207,1.1398628761076663,0.7217282986964308,1.5793517839974691
Donor_1040,IN_PVALB,20,32,24.615384615384613,0.7629732727786402,0.6253541490278169,1.2200659002019378
Donor_1040,IN_PVALB_CHC,11,11,11.0,1.2084921294780564,0.8141215408746776,1.4844124234566674
Donor_1040,IN_SST,16,27,20.093023255813954,1.0230514766673888,0.8131681928671042,1.258105623954952
Donor_1040,IN_VIP,17,20,18.37837837837838,1.0184754945303616,0.7711344638841284,1.3207495478809244
Donor_1040,Micro,144,177,158.80373831775702,0.6874693755032224,0.5088062436421876,1.3511417835247275
Donor_1040,OPC,115,186,142.12624584717608,0.5562555490801229,0.46092252780696397,1.2068309000359485
Donor_1040,Oligo,1118,1554,1300.4281437125749,0.23342613749037489,0.18450526706442005,1.2651461999124074
Donor_1055,Astro,118,178,141.91891891891893,0.4008550832931048,0.29546808041353056,1.3566781316346488
Donor_1055,EN_L2_3_IT,60,151,85.87677725118483,0.23717256429562028,0.21252198883445916,1.1159907056975753
Donor_1055,EN_L3_5_IT_2,36,79,49.46086956521739,0.38529058660291593,0.2875051304373284,1.3401172564011106
Donor_1055,EN_L3_5_IT_3,36,97,52.51127819548873,0.3197742199213374,0.2844434562735696,1.1242101474599848
Donor_1055,EN_L6_CT,15,23,18.157894736842106,0.6405471002678511,0.4490117602152397,1.4265708763636757
Donor_1055,EN_L6_IT_1,19,36,24.872727272727275,0.48621700619936825,0.3468114480730724,1.40196354215194
Donor_1055,IN_PVALB,18,62,27.900000000000002,0.48676801934548797,0.38704378045042365,1.2576562237455666
Donor_1055,IN_SST,30,43,35.342465753424655,0.6937848402691857,0.4936288584814448,1.4054786877806997
Donor_1055,IN_VIP,16,54,24.685714285714287,0.8303327153614215,0.5483182117446583,1.5143263484162588
Donor_1055,Micro,228,386,286.671009771987,0.36403822103060635,0.2832526561731932,1.2852067336237698
Donor_1055,OPC,48,85,61.353383458646626,0.5977662324040289,0.45851142716246907,1.3037106536326657
Donor_1055,Oligo,456,820,586.0815047021944,0.26788455870422706,0.21036232948291378,1.273443583567016
Donor_1055,PC,10,13,11.304347826086955,1.5945966615179756,0.9438938818905305,1.689381287570324
Donor_1055,PVM,14,18,15.75,1.3403513421580238,0.7787340550994193,1.721192663118995
Donor_1068,Astro,668,679,673.4550853749072,0.17664641378906867,0.1600206412291767,1.1038976749010838
Donor_1068,EN_L2_3_IT,1307,1303,1304.9969348659004,0.06651043594465109,0.05747196000501997,1.157267577769083
Donor_1068,EN_L3_5_IT_1,44,52,47.666666666666664,0.46277338866811846,0.33974353239343313,1.3621256758236477
Donor_1068,EN_L3_5_IT_2,203,189,195.75,0.2456983665387691,0.19515902212265468,1.2589649398035574
Donor_1068,EN_L3_5_IT_3,219,222,220.48979591836738,0.18245354932657767,0.16357855270611865,1.1153879668709956
Donor_1068,EN_L5_6_NP,26,13,17.333333333333332,0.9609657531336477,0.6797755437141881,1.4136515531039553
Donor_1068,Endo,58,42,48.72,0.7797295881250355,0.6287458227444613,1.2401348206522207
Donor_1068,IN_ADARB2,69,51,58.65,0.5536586724592114,0.40490316444438523,1.3673853925517003
Donor_1068,IN_LAMP5_LHX6,15,20,17.142857142857142,0.778239244640498,0.5734941825412667,1.3570133199816696
Donor_1068,IN_LAMP5_RELN,58,36,44.42553191489362,0.5751510089370928,0.4617769173549253,1.2455170176793988
Donor_1068,IN_PVALB,164,145,153.915857605178,0.2787160630669028,0.22479441580246196,1.239870937505069
Donor_1068,IN_PVALB_CHC,29,35,31.718750000000004,0.791481397971733,0.5128717667629905,1.5432344871841897
Donor_1068,IN_SST,61,82,69.95804195804196,0.5465037203161587,0.40194171411513935,1.3596591274913268
Donor_1068,IN_VIP,158,150,153.89610389610388,0.3776009159868243,0.3124952414387945,1.208341331049617
Donor_1068,Micro,164,156,159.9,0.5571121231409757,0.4386647171063265,1.2700180830954297
Donor_1068,OPC,112,107,109.44292237442924,0.47082466707232573,0.38188254289084034,1.2329043991071076
Donor_1068,Oligo,392,333,360.09931034482764,0.35362052464646254,0.2756436294089277,1.2828902500113766
Donor_1068,PC,47,43,44.91111111111111,0.8451335055386311,0.6587229621433481,1.282987771959158
Donor_1068,VLMC,22,16,18.526315789473685,1.201780629706168,0.674373667944014,1.7820693286706724
Donor_1091,Astro,264,289,275.9349005424955,0.33266143017332794,0.2564381924356478,1.2972382429220564
Donor_1091,EN_L2_3_IT,453,465,458.921568627451,0.12430549921681866,0.11349384517871286,1.0952620295935982
Donor_1091,EN_L3_5_IT_1,47,35,40.1219512195122,0.4897552178553548,0.4090190492500172,1.1973897517814305
Donor_1091,EN_L3_5_IT_2,191,203,196.81725888324874,0.22868509529542802,0.1972060104192916,1.1596253826605327
Donor_1091,EN_L3_5_IT_3,212,174,191.1295336787565,0.21420455942482836,0.17778483097718212,1.2048528451357052
Donor_1091,EN_L5_6_NP,29,39,33.26470588235294,0.5123117317499837,0.45076568742917456,1.1365366664703809
Donor_1091,EN_L6B,51,65,57.1551724137931,0.35712401050705345,0.2848439942411982,1.2537529936637895
Donor_1091,EN_L6_CT,43,54,47.876288659793815,0.4504924247798314,0.3406537215597476,1.3224350602047337
Donor_1091,EN_L6_IT_1,109,113,110.96396396396396,0.24481027928933763,0.21185372389905865,1.155562785415005
Donor_1091,EN_L6_IT_2,42,63,50.400000000000006,0.38569499081522274,0.3180786398884876,1.2125774649641363
Donor_1091,Endo,22,30,25.384615384615383,1.1534794645889281,0.7532290888648827,1.5313793394878354
Donor_1091,IN_ADARB2,61,48,53.72477064220183,0.5805997748308425,0.4797312250060024,1.2102605470877532
Donor_1091,IN_LAMP5_LHX6,26,26,26.0,0.6624370052436044,0.45898828525508595,1.443254711556419
Donor_1091,IN_LAMP5_RELN,48,55,51.262135922330096,0.55328196020064,0.4526727552906653,1.2222559315401533
Donor_1091,IN_PVALB,157,161,158.9748427672956,0.2777488903615497,0.21747134441326255,1.2771746600036704
Donor_1091,IN_PVALB_CHC,12,19,14.709677419354842,0.8964906050816546,0.592076135935617,1.5141475068320265
Donor_1091,IN_SST,115,91,101.60194174757281,0.42938638648374083,0.35569804821594797,1.2071654276355654
Donor_1091,IN_VIP,104,114,108.77064220183486,0.4261119216646492,0.33896548985374464,1.257095292646181
Donor_1091,Micro,114,103,108.22119815668204,0.6539965082405681,0.4843697430985161,1.3502009932679704
Donor_1091,OPC,87,71,78.18987341772151,0.5446817674517574,0.4438626756170865,1.227140278678548
Donor_1091,Oligo,936,1030,980.7527975584943,0.2056585762489913,0.17468471062230417,1.1773129744231452
Donor_1091,PC,19,24,21.209302325581397,1.266514281170621,0.8464317518456843,1.496298169827546
Donor_1091,VLMC,33,37,34.885714285714286,0.9956474703832412,0.5850074512444898,1.7019398099377956
Donor_1128,Astro,420,355,384.7741935483871,0.22473078693070236,0.18359550735628982,1.224053846233745
Donor_1128,EN_L2_3_IT,440,389,412.9312424607961,0.11620469471571138,0.0823069803005394,1.4118449527779582
Donor_1128,EN_L3_5_IT_1,23,18,20.195121951219512,0.5635463631379003,0.43758006161184904,1.287870295237054
Donor_1128,EN_L3_5_IT_2,17,10,12.592592592592593,0.6817201699068263,0.5377364901121731,1.2677588046230932
Donor_1128,EN_L3_5_IT_3,72,63,67.2,0.3118482140367993,0.25792334722807375,1.2090732281054084
Donor_1128,Endo,34,44,38.35897435897436,0.8620158976026797,0.6010353685933216,1.4342182551089522
Donor_1128,IN_ADARB2,136,145,140.355871886121,0.28476945921290997,0.2067634460887653,1.377271778932607
Donor_1128,IN_LAMP5_LHX6,35,24,28.47457627118644,0.5081612357926688,0.385506452226986,1.3181653195611465
Donor_1128,IN_LAMP5_RELN,79,62,69.47517730496455,0.36130502197544967,0.2991054378811242,1.2079520336873513
Donor_1128,IN_PVALB,141,107,121.6693548387097,0.2424069894012318,0.19008282550328515,1.2752703394397005
Donor_1128,IN_PVALB_CHC,36,33,34.434782608695656,0.5170788061360625,0.3699367882145148,1.3977490820302647
Donor_1128,IN_SST,199,159,176.76536312849163,0.2958706315404678,0.2283069228879855,1.295933683472363
Donor_1128,IN_VIP,314,267,288.5989672977625,0.17457662573617513,0.1539670527818564,1.1338570335792475
Donor_1128,Micro,182,148,163.24848484848482,0.45557227606787354,0.37494834043647574,1.2150267835231483
Donor_1128,OPC,143,128,135.0848708487085,0.3979987562231553,0.3178718488009942,1.252072990182673
Donor_1128,Oligo,321,271,293.88851351351354,0.33631615842027784,0.27906595714907145,1.205149355571968
Donor_1128,VLMC,31,16,21.106382978723403,1.0301975802195846,0.7775307413325603,1.3249605777052555
Donor_1131,Astro,666,624,644.3162790697675,0.17049858360526482,0.15000115884008114,1.1366484427432746
Donor_1131,EN_L2_3_IT,551,559,554.9711711711711,0.10153283236317306,0.08258808585937805,1.2293883712967033
Donor_1131,EN_L3_5_IT_1,67,80,72.92517006802721,0.34077869087432533,0.2863145653553696,1.1902247810947224
Donor_1131,EN_L3_5_IT_2,147,130,137.9783393501805,0.25351447278931816,0.2089164768201166,1.2134728511988155
Donor_1131,EN_L3_5_IT_3,58,55,56.46017699115045,0.41038170086213643,0.32248543786139905,1.2725588590406811
Donor_1131,Endo,52,61,56.14159292035397,0.8523283148498315,0.6011176025615783,1.417906098935972
Donor_1131,IN_ADARB2,185,162,172.7377521613833,0.3064099191026042,0.2384190396829653,1.2851738666091805
Donor_1131,IN_LAMP5_RELN,64,65,64.49612403100775,0.4048364402136633,0.3185736510606896,1.2707781665739213
Donor_1131,IN_PVALB,129,137,132.87969924812032,0.2604116023246965,0.22725305799764417,1.145910222811594
Donor_1131,IN_PVALB_CHC,37,52,43.235955056179776,0.5120753922827053,0.4011093438194875,1.2766478771263832
Donor_1131,IN_SST,154,140,146.66666666666666,0.3923218992695692,0.31089173474070153,1.2619245075678331
Donor_1131,IN_VIP,286,243,262.7523629489603,0.23253448094260998,0.18624422035711308,1.2485460246591162
Donor_1131,Micro,85,60,70.3448275862069,0.7896416397467325,0.5253097421255282,1.5031924528025211
Donor_1131,OPC,265,232,247.40442655935612,0.3228517988806521,0.2739019705941761,1.178712946753501
Donor_1131,Oligo,664,594,627.0524642289348,0.24719441308834167,0.2180950090808409,1.1334253549869844
Donor_1131,PC,32,39,35.15492957746479,0.9375685911206553,0.6618224016631902,1.4166468054941963
Donor_1146,Astro,482,477,479.48696558915543,0.2824222682193267,0.23701837882018095,1.1915627371394366
Donor_1146,EN_L2_3_IT,734,734,734.0,0.12142269361375391,0.09838925976507776,1.2341051645644316
Donor_1146,EN_L3_5_IT_1,37,38,37.49333333333333,0.5320532729581267,0.4304666759878062,1.2359917797056097
Donor_1146,EN_L3_5_IT_2,104,104,104.0,0.33883309436795006,0.2860648290226435,1.18446261123953
Donor_1146,EN_L3_5_IT_3,116,107,111.31838565022423,0.33123099485602236,0.27340141342018853,1.2115189556352293
Donor_1146,EN_L5_6_NP,13,15,13.928571428571429,0.7930890866735676,0.6265160649487798,1.2658719082301677
Donor_1146,EN_L6B,15,10,11.999999999999998,0.7892851310913236,0.6477346476924701,1.218531591452027
Donor_1146,EN_L6_CT,20,23,21.3953488372093,0.747717352115419,0.5482622842568574,1.3637949820475306
Donor_1146,EN_L6_IT_1,29,27,27.964285714285715,0.5592865679862848,0.4234315628810972,1.3208428870554858
Donor_1146,EN_L6_IT_2,19,10,13.10344827586207,0.7561810775210018,0.5684533895986572,1.3302428859732638
Donor_1146,Endo,19,11,13.933333333333334,4.194301984175255,1.3756722183928671,3.048910872878759
Donor_1146,IN_ADARB2,161,133,145.66666666666669,0.4009376113842389,0.33071936334289287,1.2123197363818794
Donor_1146,IN_LAMP5_LHX6,25,24,24.489795918367346,0.6366472024587071,0.5165761004883076,1.2324364248692479
Donor_1146,IN_LAMP5_RELN,56,45,49.9009900990099,0.5239525481414975,0.4196580304068793,1.2485226307560455
Donor_1146,IN_PVALB,103,110,106.3849765258216,0.3680281167837256,0.29704399832787187,1.2389683644693696
Donor_1146,IN_PVALB_CHC,47,43,44.91111111111111,0.6607945708849439,0.5167127956508839,1.2788430564266664
Donor_1146,IN_SST,249,212,229.01518438177874,0.3339382039570016,0.2697929864499513,1.237757172086272
Donor_1146,IN_VIP,232,234,232.99570815450642,0.3122296271790561,0.25585563096303754,1.2203351788812602
Donor_1146,Micro,151,184,165.87462686567164,0.5929705159410967,0.49985798030981754,1.186277981545012
Donor_1146,OPC,215,235,224.55555555555557,0.42028586900550025,0.35318360352361866,1.1899925840622843
Donor_1146,Oligo,1202,1087,1141.6111839231105,0.25996010075353776,0.21691225244682233,1.198457430694326
Donor_1146,PC,13,20,15.757575757575758,2.108172471184024,1.37179482984065,1.536798670854382
Donor_1146,VLMC,24,37,29.11475409836066,1.178933642733849,0.780159526087143,1.5111443279385957
Donor_1149,Astro,722,742,731.8633879781421,0.20780686829509998,0.19241263427674093,1.0800063575670296
Donor_1149,EN_L2_3_IT,291,237,261.2386363636364,0.25657522339034555,0.20749194544053395,1.236555100226185
Donor_1149,EN_L3_5_IT_1,20,21,20.48780487804878,0.7737661863254015,0.6055971152242883,1.2776913345084715
Donor_1149,EN_L3_5_IT_2,92,109,99.78109452736318,0.3916524859796615,0.3292119809698164,1.1896665632456733
Donor_1149,EN_L3_5_IT_3,65,85,73.66666666666667,0.44534268175105485,0.34737131215765116,1.2820364438987992
Donor_1149,EN_L5_6_NP,26,19,21.955555555555556,0.8139744528410171,0.4848993374971071,1.6786462465436411
Donor_1149,EN_L6_CT,23,29,25.653846153846153,0.7486911911412446,0.48140542311622125,1.5552196863401246
Donor_1149,EN_L6_IT_1,12,22,15.529411764705882,0.918796859413475,0.5785958896869019,1.58797681730969
Donor_1149,Endo,36,32,33.88235294117647,1.1272755868382522,0.7646440827990864,1.4742487546777354
Donor_1149,IN_ADARB2,60,79,68.20143884892086,0.5302457916507031,0.40739480030208286,1.3015526738621266
Donor_1149,IN_LAMP5_LHX6,12,13,12.48,0.9509908331695827,0.7367425295771604,1.2908048537870973
Donor_1149,IN_LAMP5_RELN,34,36,34.971428571428575,0.6418002956365483,0.4755607910770765,1.3495652031845673
Donor_1149,IN_PVALB,90,100,94.73684210526315,0.41676224590221667,0.3388843903709058,1.229806558649911
Donor_1149,IN_PVALB_CHC,32,38,34.74285714285714,0.6334758538966812,0.5185213409583569,1.2216967824812373
Donor_1149,IN_SST,79,105,90.16304347826087,0.5228159264136898,0.38396454704827443,1.3616255209832122
Donor_1149,IN_VIP,173,158,165.16012084592145,0.36220045090317343,0.30851281097593297,1.1740207797446331
Donor_1149,Micro,114,100,106.54205607476635,0.642408452319414,0.5469193027895594,1.1745945865190948
Donor_1149,OPC,149,162,155.22829581993568,0.48495288134402337,0.37342237721938476,1.2986711855757769
Donor_1149,Oligo,761,735,747.7740641711231,0.26960808067399167,0.23264983756731494,1.158857807480666
Donor_1149,PC,65,57,60.73770491803279,0.8089616114638467,0.6388900161288094,1.2661985491110703
Donor_1149,VLMC,17,21,18.789473684210527,1.3019783197187156,0.8650193791458216,1.5051435275408243
Donor_1155,Astro,190,55,85.3061224489796,0.5022398725022936,0.5022398725022936,1.0
Donor_1155,EN_L2_3_IT,142,41,63.62841530054645,0.35631520706347075,0.3388229187024607,1.0516266385638777
Donor_1155,EN_L3_5_IT_2,47,15,22.741935483870968,0.7752149432628276,0.6985883281120326,1.1096877976159176
Donor_1155,EN_L3_5_IT_3,52,23,31.893333333333334,0.5881535725583071,0.4325925630234231,1.3596016733335776
Donor_1155,IN_VIP,44,16,23.466666666666665,1.0153997843590683,0.7256511294118813,1.399294706785642
Donor_1155,OPC,62,26,36.63636363636363,1.0677134342098862,0.7152454070911052,1.4927931359283584
Donor_1155,Oligo,589,170,263.8471673254282,0.3745912542489763,0.33071031957760727,1.1326869228859113
Donor_1158,Astro,234,277,253.69080234833655,0.3166868424121485,0.25739990964932424,1.2303300449623134
Donor_1158,EN_L2_3_IT,49,65,55.877192982456144,0.511404741928291,0.37016704143730506,1.3815512584334368
Donor_1158,EN_L3_5_IT_1,13,38,19.372549019607842,0.8967896228439374,0.5891471893534219,1.5221826379722652
Donor_1158,EN_L3_5_IT_2,45,73,55.677966101694906,0.4908681955097607,0.4018881414139335,1.221405025246018
Donor_1158,EN_L3_5_IT_3,35,90,50.400000000000006,0.536401335899996,0.40064932779821083,1.3388299909245258
Donor_1158,EN_L5_6_NP,12,12,12.0,1.0643729692812958,0.6306125289541109,1.6878398706200606
Donor_1158,EN_L6B,28,40,32.94117647058824,0.5272842957271946,0.34698220068301167,1.5196292336876938
Donor_1158,EN_L6_CT,25,25,25.0,0.5855900372139784,0.43716977962934367,1.3395025559874552
Donor_1158,EN_L6_IT_1,31,36,33.3134328358209,0.5026312018375432,0.36663007886089716,1.3709491687075848
Donor_1158,Endo,19,26,21.955555555555556,1.1048620944622094,0.6918889314261536,1.5968778286202907
Donor_1158,IN_LAMP5_LHX6,10,10,10.0,0.9330843879914514,0.6685264373084285,1.3957329671929901
Donor_1158,IN_LAMP5_RELN,11,12,11.478260869565217,0.9316843638049059,0.6035801463307662,1.5435967691593626
Donor_1158,IN_PVALB,19,34,24.377358490566035,0.7721688879751172,0.6247712203281603,1.2359226271170691
Donor_1158,IN_SST,23,37,28.366666666666667,0.7296143641071136,0.5696764469964988,1.2807522023314364
Donor_1158,IN_VIP,22,24,22.956521739130434,0.7270789279333587,0.5413144319227063,1.343172997163278
Donor_1158,Micro,48,70,56.94915254237288,0.7335745434177325,0.47052742844600504,1.5590473563687548
Donor_1158,OPC,87,122,101.56937799043061,0.4158444821485796,0.3084618018574372,1.3481231051771259
Donor_1158,Oligo,723,1039,852.6640181611804,0.17036044334866718,0.14460802407888595,1.1780843036464759
Donor_1158,PC,14,13,13.481481481481481,1.2316470791439347,0.8069929634769037,1.5262178666805495
Donor_1161,Astro,422,410,415.9134615384615,0.22624854263766692,0.1945699684858555,1.1628132768809814
Donor_1161,EN_L2_3_IT,333,339,335.9732142857143,0.15097624983085145,0.13876815609683446,1.0879747492320788
Donor_1161,EN_L3_5_IT_1,56,79,65.54074074074074,0.3619525114656217,0.2844463763728424,1.2724806555144401
Donor_1161,EN_L3_5_IT_2,184,206,194.3794871794872,0.228843168987085,0.19658026862176037,1.164120746153835
Donor_1161,EN_L3_5_IT_3,217,225,220.92760180995475,0.19292673800370094,0.16435484936517142,1.1738426870207348
Donor_1161,EN_L5_6_NP,59,61,59.983333333333334,0.4375839978986962,0.3457982446655261,1.2654315186647347
Donor_1161,EN_L6B,112,118,114.92173913043477,0.29046478278668975,0.24421421638621021,1.189385233525214
Donor_1161,EN_L6_CT,136,128,131.87878787878788,0.29409230430989464,0.2503297312467825,1.1748197181579272
Donor_1161,EN_L6_IT_1,202,196,198.95477386934675,0.2201746639826943,0.18308295975679756,1.2025950655111124
Donor_1161,EN_L6_IT_2,44,60,50.76923076923077,0.3946340089984339,0.2966154029945578,1.3304568981054383
Donor_1161,Endo,29,23,25.653846153846153,1.0813072937729622,0.8899105396083891,1.2150741514408836
Donor_1161,IN_ADARB2,23,34,27.43859649122807,0.7172468160378358,0.5782867368469491,1.240296154721709
Donor_1161,IN_LAMP5_LHX6,50,43,46.236559139784944,0.5554087546986728,0.4261427722414193,1.3033396102844648
Donor_1161,IN_LAMP5_RELN,47,42,44.359550561797754,0.5496848557099381,0.39042003158175564,1.4079319995004704
Donor_1161,IN_PVALB,167,152,159.1473354231975,0.2815170964321805,0.23766378849420056,1.1845182567181454
Donor_1161,IN_PVALB_CHC,20,25,22.22222222222222,0.7452175290255223,0.5413668820397182,1.3765480559463708
Donor_1161,IN_SST,97,106,101.30049261083744,0.48693171731472307,0.3498226908164037,1.3919386309056716
Donor_1161,IN_VIP,110,115,112.44444444444443,0.4265351074220214,0.32556747844668577,1.3101281167795447
Donor_1161,Micro,57,59,57.982758620689665,0.7752718460294306,0.6038712486514175,1.2838363272978963
Donor_1161,OPC,159,175,166.61676646706584,0.37423270959379185,0.3106229999738437,1.2047810678066482
Donor_1161,Oligo,764,737,750.257161892072,0.21481852286749215,0.18422657092229944,1.166056132902215
Donor_1161,PC,40,28,32.94117647058824,0.9560616820925598,0.6197233511529578,1.5427233463348844
Donor_1161,VLMC,27,25,25.96153846153846,0.9914783850638091,0.7548491334905103,1.313478867597155
Donor_117,Astro,492,486,488.9815950920245,0.3101283771817853,0.26497289026696746,1.170415497484752
Donor_117,EN_L2_3_IT,529,522,525.476688867745,0.1765493618296734,0.1560729221432684,1.1311979003482007
Donor_117,EN_L3_5_IT_1,71,60,65.0381679389313,0.48292253577651323,0.39384393771715764,1.2261774005604427
Donor_117,EN_L3_5_IT_2,244,294,266.67657992565057,0.26175039522522026,0.2196832512265927,1.1914899919031028
Donor_117,EN_L3_5_IT_3,248,260,253.85826771653544,0.2716290658392473,0.23694141968369054,1.1463975619031221
Donor_117,EN_L5_6_NP,51,41,45.45652173913044,0.5599743988013453,0.4845682389900805,1.1556151512703836
Donor_117,EN_L6B,76,70,72.87671232876713,0.4604679010495545,0.3641687234982842,1.2644356072817
Donor_117,EN_L6_CT,59,63,60.934426229508205,0.5734887058728118,0.4464566804434802,1.2845338215191369
Donor_117,EN_L6_IT_1,101,94,97.37435897435897,0.36040487806684407,0.3109579904866484,1.1590146871698375
Donor_117,EN_L6_IT_2,37,53,43.57777777777778,0.5381760811129386,0.45393621579424526,1.1855764364852452
Donor_117,Endo,61,76,67.67883211678831,0.8125045994209019,0.6451007360679526,1.259500344664489
Donor_117,IN_ADARB2,21,14,16.8,1.2980578425853322,0.872307549666826,1.488073607847507
Donor_117,IN_LAMP5_LHX6,25,23,23.958333333333332,0.936362489606819,0.6299066386155454,1.4865099559274761
Donor_117,IN_LAMP5_RELN,31,38,34.14492753623188,0.7715836413297286,0.6878322319567207,1.121761391051354
Donor_117,IN_PVALB,137,135,135.99264705882354,0.4410238771916948,0.37217503787250195,1.184990481126192
Donor_117,IN_PVALB_CHC,25,30,27.272727272727273,0.9698703076507811,0.8147740674407933,1.1903549050071578
Donor_117,IN_SST,73,74,73.49659863945578,0.6497995089483397,0.5456406757969345,1.1908927207438782
Donor_117,IN_VIP,103,96,99.37688442211055,0.5744658531946847,0.4480237633673858,1.282221837692155
Donor_117,Micro,42,45,43.44827586206896,1.056556496269467,0.7609903088497685,1.388396782432676
Donor_117,OPC,196,175,184.9056603773585,0.4985538540274783,0.40060882106045526,1.2444904550722369
Donor_117,Oligo,573,516,543.00826446281,0.3512679217504582,0.2994678058369624,1.1729739053876695
Donor_117,PC,24,32,27.42857142857143,1.2514802402151592,0.9345009585013644,1.3391963152420159
Donor_1172,Adaptive,14,22,17.11111111111111,1.458271164031145,0.854145198644833,1.7072871993483125
Donor_1172,Astro,243,453,316.31896551724134,0.24567441680114616,0.19132236033976868,1.2840862738932024
Donor_1172,EN_L2_3_IT,499,895,640.7532281205165,0.11285479334069844,0.07025294079066216,1.6064066795008645
Donor_1172,EN_L3_5_IT_1,16,25,19.51219512195122,0.6085681873268372,0.4124829494744229,1.4753778019243267
Donor_1172,EN_L3_5_IT_2,30,59,39.7752808988764,0.4232277162429494,0.30105106698804374,1.405833636390194
Donor_1172,EN_L3_5_IT_3,23,46,30.666666666666668,0.4733212911510325,0.34534808980281606,1.3705629338250733
Donor_1172,Endo,21,44,28.43076923076923,1.0073302916873068,0.7022960514940468,1.4343385379204936
Donor_1172,IN_ADARB2,63,134,85.70558375634518,0.41836382493324975,0.30338933779685195,1.3789668021009498
Donor_1172,IN_LAMP5_LHX6,11,21,14.4375,0.7824329811078234,0.49978222132946026,1.5655478480736866
Donor_1172,IN_LAMP5_RELN,30,30,30.0,0.5785273405074136,0.38412726124516894,1.506082485872225
Donor_1172,IN_PVALB,52,99,68.18543046357615,0.35339820777753017,0.24796004850250064,1.4252223691348658
Donor_1172,IN_PVALB_CHC,15,26,19.024390243902438,0.7511591883532489,0.4934453468946649,1.5222743371285612
Donor_1172,IN_SST,118,157,134.73454545454544,0.41610856530029083,0.3089471471663714,1.3468600345295043
Donor_1172,IN_VIP,77,141,99.60550458715596,0.36044360775450635,0.25666443719163756,1.4043379429514906
Donor_1172,Micro,73,104,85.78531073446328,0.6776476179123332,0.46460970760139375,1.4585309063187133
Donor_1172,OPC,45,50,47.368421052631575,0.6301283250768939,0.4722176459314076,1.334402325931767
Donor_1172,Oligo,254,414,314.8383233532934,0.3695444743208227,0.2500463281624352,1.4779040229727312
Donor_1172,PVM,36,46,40.390243902439025,0.987817047260751,0.6745851888710419,1.464332546218397
Donor_1172,SMC,33,49,39.43902439024391,1.0440984819885966,0.6443413254338046,1.6204121026781175
Donor_1172,VLMC,60,105,76.36363636363636,0.5767061685249546,0.3875350766996837,1.4881392761560708
Donor_1190,Astro,410,368,387.866323907455,0.2763293651810459,0.23432561822489628,1.1792537549856632
Donor_1190,EN_L2_3_IT,719,654,684.9613983976693,0.12316199258357889,0.11353599891511268,1.0847836259904073
Donor_1190,EN_L3_5_IT_1,59,49,53.53703703703704,0.49214443201169145,0.41061959578252827,1.1985410269419783
Donor_1190,EN_L3_5_IT_2,224,199,210.76122931442083,0.2637835685819363,0.21396533192024814,1.232833217487107
Donor_1190,EN_L3_5_IT_3,227,232,229.47276688453155,0.2472358099475256,0.2106118973646316,1.1738928951363423
Donor_1190,EN_L5_6_NP,50,38,43.18181818181818,0.5699649498516037,0.42829899061192656,1.3307641678941942
Donor_1190,EN_L6B,116,83,96.76381909547739,0.35420290503817586,0.30574462847948425,1.1584926505485384
Donor_1190,EN_L6_CT,54,50,51.92307692307692,0.5789302768119993,0.4374485563363948,1.3234248197331027
Donor_1190,EN_L6_IT_1,189,166,176.7549295774648,0.2515187112773756,0.19699337676146556,1.2767876535358516
Donor_1190,EN_L6_IT_2,21,19,19.950000000000003,0.7064758792459305,0.5292370987737467,1.3348948531439873
Donor_1190,Endo,47,57,51.51923076923077,0.8599457998130822,0.6992638819491885,1.2297872405707484
Donor_1190,IN_ADARB2,62,68,64.86153846153846,0.5984263680495281,0.4724980991852945,1.2665159269029136
Donor_1190,IN_LAMP5_LHX6,17,22,19.17948717948718,0.8626138454280712,0.5818950435893546,1.482421709776275
Donor_1190,IN_LAMP5_RELN,44,51,47.242105263157896,0.6041433039522133,0.48458310792620596,1.2467279483547626
Donor_1190,IN_PVALB,151,159,154.89677419354837,0.3157690501312349,0.27055187989633733,1.1671293884641374
Donor_1190,IN_PVALB_CHC,24,11,15.085714285714287,1.102631785132544,0.7037681825896955,1.566754241538922
Donor_1190,IN_SST,46,56,50.50980392156863,0.6710395050653943,0.45814388320802024,1.4646916168925666
Donor_1190,IN_VIP,140,133,136.41025641025644,0.4090046261335576,0.32601809114719993,1.2545457974259733
Donor_1190,Micro,100,113,106.10328638497651,0.6688855045052291,0.5125221286342332,1.3050860970387217
Donor_1190,OPC,129,103,114.54310344827587,0.5685311442141372,0.46527126719026857,1.2219347815038004
Donor_1190,Oligo,376,401,388.09781209781215,0.3482275431463586,0.30113038258671887,1.1564012244632167
Donor_1190,PC,23,28,25.254901960784316,1.1789775908632407,0.7683327624690781,1.5344622127976604
Donor_1190,PVM,15,12,13.333333333333334,1.5966949626559614,1.024078290463252,1.5591532185822246
Donor_1190,SMC,11,11,11.0,4.821364454772236,1.1264952619395245,4.279968693761864
Donor_1190,VLMC,15,14,14.482758620689655,1.2762121170769696,0.9432779370531481,1.3529544866319316
Donor_1214,Astro,261,270,265.42372881355936,0.3403298306635807,0.27506657867711504,1.2372634738118238
Donor_1214,EN_L2_3_IT,70,59,64.03100775193798,0.3801815287718453,0.31940140733951905,1.1902938435324986
Donor_1214,EN_L3_5_IT_1,12,12,12.0,0.822713159269064,0.5338878082095402,1.5409851032712956
Donor_1214,EN_L3_5_IT_2,44,47,45.45054945054945,0.4600015834981357,0.3612781259231592,1.2732616521487772
Donor_1214,EN_L3_5_IT_3,58,60,58.98305084745762,0.3959698345795286,0.32872645505143083,1.2045572496365624
Donor_1214,EN_L6B,34,40,36.75675675675676,0.5003363913680023,0.40689031010264376,1.229659146323208
Donor_1214,EN_L6_CT,45,59,51.05769230769231,0.481000487779506,0.3803844192111012,1.2645115401337352
Donor_1214,EN_L6_IT_1,29,39,33.26470588235294,0.45323960477908276,0.3447145518372299,1.3148258533428467
Donor_1214,EN_L6_IT_2,29,21,24.36,0.5736370477785,0.45467104715018536,1.261652905708373
Donor_1214,IN_ADARB2,11,18,13.655172413793103,1.053892719217314,0.8466224925736263,1.2448201275796633
Donor_1214,IN_LAMP5_LHX6,23,15,18.157894736842106,0.6749738829094842,0.5180037473237347,1.3030289576025955
Donor_1214,IN_LAMP5_RELN,22,18,19.8,0.7248205447045963,0.578630667642205,1.2526479933358587
Donor_1214,IN_PVALB,76,69,72.33103448275861,0.4340353016274352,0.3495120263893261,1.2418322371086525
Donor_1214,IN_PVALB_CHC,16,11,13.037037037037036,1.0076874120240138,0.6472052678041305,1.5569827103585616
Donor_1214,IN_SST,62,65,63.46456692913386,0.5237965219322418,0.41627078293783626,1.2583071966654524
Donor_1214,IN_VIP,63,48,54.48648648648649,0.5500979949336293,0.4227250022267852,1.3013140742465725
Donor_1214,Micro,242,202,220.19819819819818,0.4594610386476756,0.37175303438768736,1.2359308361919674
Donor_1214,OPC,177,145,159.40993788819875,0.45084773354682717,0.3652255517554206,1.2344364499687166
Donor_1214,Oligo,3134,2867,2994.560239960007,0.10776755986014241,0.08674578520877763,1.2423377066767
Donor_1217,Astro,524,380,440.53097345132744,0.26375416039687316,0.21718479309967154,1.2144227808612262
Donor_1217,EN_L2_3_IT,87,54,66.63829787234043,0.7268317004688176,0.48628659459900625,1.4946570778249928
Donor_1217,EN_L3_5_IT_1,35,18,23.77358490566038,1.1338413445361786,0.7918689460676323,1.4318547913348012
Donor_1217,EN_L3_5_IT_2,55,30,38.82352941176471,0.8837990276072452,0.6507957100063324,1.3580283551633208
Donor_1217,EN_L3_5_IT_3,55,22,31.42857142857143,0.9115230908775085,0.6493828568256834,1.403675938310445
Donor_1217,EN_L6_IT_1,16,13,14.344827586206897,0.9561910732180339,0.7784316439172647,1.2283558623159752
Donor_1217,Endo,46,48,46.97872340425533,0.9173290886958143,0.733877220606864,1.249976239809227
Donor_1217,IN_PVALB,30,13,18.13953488372093,1.219649558069972,0.769811070456428,1.5843492057691904
Donor_1217,IN_VIP,18,12,14.399999999999999,1.248422654530919,0.8185251371087738,1.5252099146773253
Donor_1217,Micro,29,16,20.622222222222224,1.336498980501382,0.9062839293346547,1.4747022839548398
Donor_1217,OPC,139,95,112.86324786324785,0.5035887701557429,0.3915278920464287,1.2862142912056587
Donor_1217,Oligo,441,332,378.8150064683053,0.35209405252927617,0.2815898415189042,1.2503790997220288
Donor_1217,PC,46,32,37.743589743589745,0.9070899923538063,0.6845229115386733,1.3251419011159844
Donor_1217,SMC,39,26,31.200000000000003,1.3309497717786742,0.7835600238300904,1.6985932555273922
Donor_1225,Astro,116,112,113.96491228070175,0.5092485888904559,0.3735623864533979,1.3632223354317416
Donor_1225,EN_L2_3_IT,455,384,416.4958283671037,0.1381610884372584,0.12873957838611774,1.0731827008387702
Donor_1225,EN_L3_5_IT_1,40,46,42.7906976744186,0.4979970470174391,0.3789838325286756,1.3140324316598873
Donor_1225,EN_L3_5_IT_2,157,153,154.9741935483871,0.31128264201392764,0.2467756578314353,1.2613992998716066
Donor_1225,EN_L3_5_IT_3,176,145,159.00311526479751,0.2653853723962518,0.23340854513541842,1.1369993855292708
Donor_1225,EN_L5_6_NP,23,35,27.758620689655174,0.8520118620659134,0.6085109449504049,1.4001586481494666
Donor_1225,EN_L6B,69,71,69.98571428571428,0.35857121314854445,0.26292215094037275,1.3637923311751077
Donor_1225,EN_L6_CT,38,45,41.204819277108435,0.5208990815476724,0.4151765385259212,1.2546447913389271
Donor_1225,EN_L6_IT_1,87,63,73.08,0.35177671149378975,0.25396656767169823,1.3851299984828334
Donor_1225,EN_L6_IT_2,18,12,14.399999999999999,0.6967874980027009,0.47110680418905293,1.4790435880078765
Donor_1225,IN_ADARB2,19,19,19.0,1.1155369690599768,0.6704556877119545,1.6638489157530139
Donor_1225,IN_LAMP5_LHX6,31,23,26.40740740740741,0.6973820775296709,0.5222036510480557,1.3354599802778753
Donor_1225,IN_LAMP5_RELN,40,28,32.94117647058824,0.7349752809301195,0.6478937616390841,1.1344070964207633
Donor_1225,IN_PVALB,75,88,80.98159509202455,0.4246864572471001,0.3161025507226598,1.3435084793722814
Donor_1225,IN_PVALB_CHC,20,17,18.37837837837838,0.9618979680936959,0.8445884205388174,1.1388955196426196
Donor_1225,IN_SST,41,36,38.33766233766234,0.6936664091251199,0.5147691803784271,1.3475290199292398
Donor_1225,IN_VIP,56,77,64.84210526315789,0.5664339021485899,0.4979185883843469,1.1376034463516667
Donor_1225,Micro,38,24,29.419354838709683,1.0284827847121676,0.6528697099138139,1.575326239056088
Donor_1225,OPC,136,145,140.355871886121,0.473423408247883,0.3660414030140746,1.2933602711321688
Donor_1225,Oligo,895,819,855.3150525087516,0.2385045499637703,0.19873120646984077,1.200136376165791
Donor_124,Astro,605,589,596.892797319933,0.260868970485191,0.22471855778310168,1.160869725485608
Donor_124,EN_L2_3_IT,555,540,547.3972602739726,0.11145280449012418,0.10515060492474164,1.059934981542837
Donor_124,EN_L3_5_IT_1,62,95,75.03184713375796,0.4077884267242724,0.32700081290418215,1.247056308828696
Donor_124,EN_L3_5_IT_2,277,222,246.4689378757515,0.2372311345554845,0.1932000112632799,1.2279043515799901
Donor_124,EN_L3_5_IT_3,249,283,264.9135338345865,0.1894056550276582,0.17096552341809268,1.107858773166041
Donor_124,EN_L5_6_NP,38,34,35.88888888888889,0.6139025633736981,0.45230721539039775,1.3572690032013381
Donor_124,EN_L6B,103,100,101.47783251231529,0.33796406152518177,0.2931865537001568,1.1527270171838069
Donor_124,EN_L6_CT,52,65,57.77777777777777,0.49200097328015424,0.40624604924619057,1.211091096622567
Donor_124,EN_L6_IT_1,155,146,150.3654485049834,0.26009424195959774,0.22443478083292145,1.1588856281291922
Donor_124,EN_L6_IT_2,39,53,44.93478260869565,0.5002635856062896,0.3893335660203432,1.2849228252263
Donor_124,Endo,56,59,57.460869565217386,0.8779155015288538,0.6487217540710306,1.3533005422117046
Donor_124,IN_ADARB2,57,58,57.495652173913044,0.681902215859981,0.530642891235221,1.28504918679427
Donor_124,IN_LAMP5_LHX6,24,23,23.489361702127663,0.7657014484641129,0.5669836491290154,1.3504824162749
Donor_124,IN_LAMP5_RELN,27,41,32.55882352941177,0.7134507636612382,0.5084615234554999,1.403155854965452
Donor_124,IN_PVALB,143,167,154.07096774193548,0.31658716188468405,0.256387766365615,1.2347982369534094
Donor_124,IN_PVALB_CHC,31,33,31.96875,0.7170987088335732,0.5965801557614729,1.20201569212149
Donor_124,IN_SST,99,123,109.7027027027027,0.4768047441843706,0.38907305362941713,1.2254889916856484
Donor_124,IN_VIP,147,138,142.3578947368421,0.4167249726865587,0.33744137640222327,1.234955170968219
Donor_124,Micro,124,111,117.14042553191491,0.685577326300173,0.5709999341139507,1.2006609551785987
Donor_124,OPC,158,145,151.22112211221122,0.5096729574859677,0.42335026230018347,1.203903724345813
Donor_124,Oligo,1164,1224,1193.2462311557788,0.23533127909534057,0.2061933707316816,1.1413135071232527
Donor_124,PC,38,35,36.43835616438356,0.9702634022062808,0.9123552230762857,1.063471088524862
Donor_1247,Astro,197,195,195.99489795918367,0.39256765020387663,0.32574014915176797,1.2051558618921507
Donor_1247,EN_L2_3_IT,183,237,206.52857142857144,0.26615889024832734,0.24463932117859777,1.0879644734381
Donor_1247,EN_L3_5_IT_1,30,22,25.384615384615383,0.6612959830400817,0.5269443619718697,1.2549635801500127
Donor_1247,EN_L3_5_IT_2,79,74,76.41830065359477,0.4456132318238074,0.3701959632042846,1.203722558092578
Donor_1247,EN_L3_5_IT_3,104,104,104.0,0.37465570371649415,0.31175547055467656,1.2017614415872326
Donor_1247,EN_L5_6_NP,22,23,22.488888888888887,0.7535733727626672,0.5485235393729888,1.3738213926499283
Donor_1247,EN_L6B,16,18,16.941176470588236,0.8155232777128694,0.6525407786555775,1.249765998368842
Donor_1247,EN_L6_IT_1,56,49,52.266666666666666,0.4769832350119678,0.3749538958282337,1.2721116924478464
Donor_1247,EN_L6_IT_2,11,13,11.916666666666666,0.8769001137164611,0.7713523725436486,1.136834661990801
Donor_1247,IN_LAMP5_LHX6,16,17,16.484848484848484,0.8483497749558353,0.650977041785703,1.3031946144040913
Donor_1247,IN_LAMP5_RELN,29,40,33.6231884057971,0.6710751056438795,0.5661908055836737,1.185245502091972
Donor_1247,IN_PVALB,78,65,70.9090909090909,0.4562318794708857,0.37133879543819415,1.2286135601116346
Donor_1247,IN_SST,39,53,44.93478260869565,0.659565436050003,0.5500164728986747,1.1991739675977116
Donor_1247,IN_VIP,51,63,56.36842105263158,0.5655397834258178,0.4471506381808048,1.2647634491290662
Donor_1247,Micro,46,50,47.916666666666664,0.9140055855563061,0.6577830441064485,1.3895243937123944
Donor_1247,OPC,79,62,69.47517730496455,0.6607339975077231,0.5268442756969094,1.25413528814317
Donor_1247,Oligo,318,347,331.8676691729324,0.37903215683714553,0.31060603213783367,1.2202987631255895
Donor_1251,Astro,307,314,310.4605475040257,0.3622642207721791,0.2954062901723278,1.2263253452079481
Donor_1251,EN_L2_3_IT,1210,1165,1187.0736842105264,0.08755053456413431,0.07380331407287599,1.1862683358322341
Donor_1251,EN_L3_5_IT_1,45,41,42.906976744186046,0.516090414946027,0.41618028331239376,1.2400645480810502
Donor_1251,EN_L3_5_IT_2,111,88,98.17085427135677,0.3466334963652935,0.2747619641064638,1.2615774439251757
Donor_1251,EN_L3_5_IT_3,76,60,67.05882352941177,0.39481031970036495,0.30957419374415607,1.2753334343709906
Donor_1251,Endo,23,18,20.195121951219512,1.6247861644112245,1.0571695125464018,1.5369211324469676
Donor_1251,IN_ADARB2,97,93,94.95789473684209,0.5709424203515425,0.43887643040315005,1.300918392512164
Donor_1251,IN_LAMP5_LHX6,14,11,12.32,1.0548225691251352,0.8081005453630357,1.3053110472178442
Donor_1251,IN_LAMP5_RELN,59,57,57.982758620689665,0.6362794150261464,0.47649179859483537,1.335341797912412
Donor_1251,IN_PVALB,94,108,100.51485148514851,0.4576877575490603,0.3559296815456501,1.2858937629520486
Donor_1251,IN_PVALB_CHC,21,16,18.16216216216216,0.9833928911312704,0.7537617767998599,1.3046468014155916
Donor_1251,IN_SST,76,56,64.48484848484848,0.6178441334611291,0.5280141463350629,1.170127993254678
Donor_1251,IN_VIP,191,191,191.0,0.38132861419181374,0.29926476804782487,1.274218200422692
Donor_1251,Micro,175,152,162.69113149847095,0.6038766471236441,0.49790682033798506,1.212830639101761
Donor_1251,OPC,153,137,144.55862068965519,0.5131032625091263,0.4158483112510649,1.2338712184870326
Donor_1251,Oligo,218,222,219.9818181818182,0.5057920140021128,0.4025745070374036,1.2563935499152687
Donor_1251,PC,21,16,18.16216216216216,1.581848848840976,1.06667713753831,1.4829687383115622
Donor_1251,PVM,12,13,12.48,1.9625343912392204,1.1810998154405583,1.66161603412594
Donor_1251,SMC,14,10,11.666666666666666,4.57237452994135,1.4408226429690938,3.1734471638501516
Donor_1251,VLMC,14,10,11.666666666666666,1.991272126622424,1.090508395986892,1.8260034805329086
Donor_1254,Astro,390,387,388.49420849420846,0.2651169237407235,0.20812570727001822,1.2738307401726494
Donor_1254,EN_L2_3_IT,320,272,294.05405405405406,0.1562145907382937,0.1503516529398305,1.0389948343355393
Donor_1254,EN_L3_5_IT_1,37,42,39.34177215189873,0.5296849476400967,0.36218856617504835,1.462456292405697
Donor_1254,EN_L3_5_IT_2,170,136,151.11111111111111,0.28115958451911194,0.24392412309564593,1.1526518203731144
Donor_1254,EN_L3_5_IT_3,163,175,168.7869822485207,0.2534024111140984,0.2070307720524993,1.2239842831182606
Donor_1254,EN_L5_6_NP,38,27,31.56923076923077,0.6023869430689732,0.4481010990336305,1.3443103450718459
Donor_1254,EN_L6B,60,62,60.98360655737706,0.3818285687738472,0.28824463584165905,1.3246684284650363
Donor_1254,EN_L6_CT,57,53,54.92727272727274,0.500830333303774,0.37745388112771483,1.3268649717084606
Donor_1254,EN_L6_IT_1,85,98,91.03825136612024,0.29738142310320503,0.236308583400191,1.2584452871929181
Donor_1254,EN_L6_IT_2,24,34,28.137931034482758,0.5350621490097838,0.3993632293301477,1.3397882171256579
Donor_1254,Endo,75,47,57.786885245901644,0.6891052226978536,0.5234100521942588,1.3165685676248695
Donor_1254,IN_ADARB2,10,16,12.307692307692307,1.1142158888479807,0.8440705818518963,1.3200506128330924
Donor_1254,IN_LAMP5_LHX6,17,22,19.17948717948718,0.750169352356294,0.4799661286926593,1.5629631082501994
Donor_1254,IN_LAMP5_RELN,32,34,32.96969696969697,0.6495476758199974,0.5291214523386873,1.2275965620918088
Donor_1254,IN_PVALB,94,79,85.84971098265896,0.386988586781824,0.3167236532023603,1.2218493404866426
Donor_1254,IN_SST,54,50,51.92307692307692,0.5999743199926768,0.44074151530427885,1.3612838799142097
Donor_1254,IN_VIP,68,72,69.94285714285715,0.5228654155431194,0.42414615471280026,1.232748215994471
Donor_1254,Micro,99,95,96.95876288659794,0.5394686584474258,0.4196026450719321,1.2856655332926825
Donor_1254,OPC,94,91,92.47567567567567,0.532952047136253,0.4387224926949842,1.2147816809264451
Donor_1254,Oligo,1676,1448,1553.6798975672216,0.14414853407349768,0.12715101740996998,1.13367975349126
Donor_1254,PC,45,39,41.78571428571429,0.8170042609662005,0.5819799630257538,1.4038357209388088
Donor_1254,VLMC,11,14,12.32,1.3191378891913041,0.7647304174491092,1.7249711258923335
Donor_1262,Astro,556,293,383.76442873969376,0.25027210491780383,0.19654113363583647,1.2733828297822043
Donor_1262,EN_L2_3_IT,124,94,106.93577981651376,0.3484605039297455,0.2707514214044169,1.2870126484368696
Donor_1262,EN_L3_5_IT_1,66,51,57.53846153846154,0.42962030553612895,0.3222580035390037,1.3331563555228534
Donor_1262,EN_L3_5_IT_2,219,140,170.80779944289696,0.2959047605590466,0.23977737916221242,1.234081219808743
Donor_1262,EN_L3_5_IT_3,165,128,144.16382252559725,0.31086489829913144,0.25028289766459005,1.2420540963838798
Donor_1262,EN_L5_6_NP,42,13,19.854545454545455,0.8892274971374565,0.632370380586945,1.4061814475119871
Donor_1262,EN_L6B,36,21,26.526315789473685,0.5320920346249554,0.40159438964396577,1.324948874651069
Donor_1262,EN_L6_CT,111,40,58.80794701986755,0.43117449431954213,0.32789890458644555,1.3149616796169246
Donor_1262,EN_L6_IT_1,103,33,49.985294117647065,0.3914745836929061,0.28460803694385994,1.375486749764997
Donor_1262,EN_L6_IT_2,42,15,22.105263157894736,0.542998140521985,0.4047838733998439,1.341452009837392
Donor_1262,Endo,32,21,25.358490566037737,1.0084425707527354,0.7532681864023036,1.338756353921137
Donor_1262,IN_LAMP5_LHX6,27,18,21.6,0.8131060857147117,0.5990545502302722,1.3573155990588162
Donor_1262,IN_PVALB,69,49,57.30508474576272,0.5216828850131954,0.38309243304458906,1.3617676571347872
Donor_1262,IN_PVALB_CHC,38,13,19.372549019607842,0.8770376297831071,0.6312472277880259,1.3893726438314247
Donor_1262,IN_SST,55,38,44.946236559139784,0.6794446778768033,0.46700528567391375,1.454897190074258
Donor_1262,IN_VIP,47,22,29.97101449275362,0.7573363567368228,0.5031681469348928,1.5051357311670566
Donor_1262,Micro,207,131,160.45562130177515,0.5250161577076484,0.4178193811368711,1.2565624798904704
Donor_1262,OPC,205,82,117.14285714285714,0.4719264095192388,0.3324147071400225,1.4196917265770976
Donor_1262,Oligo,913,574,704.8581035642233,0.2516063197947311,0.19887220813595508,1.2651658175521707
Donor_1266,Astro,265,241,252.4308300395257,0.2645432579753786,0.19702967385908976,1.3426569348359816
Donor_1266,EN_L2_3_IT,464,489,476.1720881427072,0.1145054920652222,0.09037178072720345,1.2670491954880125
Donor_1266,EN_L3_5_IT_2,123,89,103.27358490566037,0.31326251712061204,0.23945027967498156,1.3082570525531216
Donor_1266,EN_L3_5_IT_3,195,224,208.49642004773267,0.18393340752203713,0.16757574252066199,1.0976135612190903
Donor_1266,EN_L5_6_NP,24,31,27.05454545454546,0.6567067693854796,0.4959313837082351,1.3241887707833215
Donor_1266,EN_L6B,38,33,35.32394366197183,0.4336506839647436,0.3403817861041194,1.274012598994043
Donor_1266,EN_L6_CT,31,29,29.96666666666667,0.5399680565460896,0.4348145313730343,1.2418353518246208
Donor_1266,EN_L6_IT_1,57,64,60.29752066115703,0.3053908986827052,0.2508742765613303,1.2173065444118876
Donor_1266,EN_L6_IT_2,24,21,22.400000000000002,0.46613116337452576,0.3503927367909545,1.3303105756230935
Donor_1266,Endo,16,23,18.871794871794872,1.0910711120977883,0.7332326316844902,1.4880285804945952
Donor_1266,IN_ADARB2,47,49,47.97916666666667,0.6529701482387809,0.44398978537370937,1.4706873215318934
Donor_1266,IN_LAMP5_LHX6,15,11,12.692307692307692,0.7531524390909814,0.5660541656857272,1.330530689017367
Donor_1266,IN_LAMP5_RELN,33,37,34.885714285714286,0.6287381890736308,0.47556954203791246,1.322074131113106
Donor_1266,IN_PVALB,86,113,97.66834170854271,0.41276366996616876,0.28548993201563255,1.4458081483012406
Donor_1266,IN_PVALB_CHC,24,22,22.956521739130434,0.9240944628329828,0.6304135564336248,1.4658543640158523
Donor_1266,IN_SST,105,110,107.44186046511628,0.4101558682309314,0.3234293443358416,1.2681467387357253
Donor_1266,IN_VIP,140,123,130.9505703422053,0.3582625817969878,0.26401487198085505,1.3569787910393436
Donor_1266,Micro,165,149,156.5923566878981,0.4524399316240717,0.36466807165685244,1.2406897307143778
Donor_1266,OPC,82,90,85.81395348837209,0.4847939088139581,0.36370488721428806,1.332932071733
Donor_1266,Oligo,816,889,850.9372434017595,0.18942581898005884,0.16434816487680726,1.152588586079129
Donor_1273,Adaptive,11,19,13.933333333333334,4.748780357467662,1.5725855976654177,3.019727742971489
Donor_1273,Astro,138,133,135.4538745387454,0.6416365600681726,0.5430675334576449,1.1815041786478206
Donor_1273,EN_L2_3_IT,95,130,109.77777777777779,0.3913673470438823,0.29077308465603835,1.345954518131687
Donor_1273,EN_L3_5_IT_1,46,51,48.371134020618555,0.5695069646641655,0.47000852665506176,1.211694963742914
Donor_1273,EN_L3_5_IT_2,138,154,145.56164383561645,0.3449396406432226,0.28616493973655066,1.2053874977164607
Donor_1273,EN_L3_5_IT_3,161,141,150.33774834437088,0.30197759836782323,0.23998839007765338,1.2583008630963852
Donor_1273,EN_L5_6_NP,27,34,30.098360655737704,0.679137837468931,0.4545383439045798,1.494126615666776
Donor_1273,EN_L6_CT,39,38,38.493506493506494,0.5719576186669539,0.41544957796299675,1.3767197007909755
Donor_1273,EN_L6_IT_1,19,37,25.107142857142858,0.6495040759863757,0.434375226383815,1.4952604028399916
Donor_1273,EN_L6_IT_2,23,23,23.0,0.7337556484953529,0.5656909038492608,1.2970964240409215
Donor_1273,Endo,211,203,206.92270531400965,0.6135601768625323,0.4898264982443532,1.2526071559249408
Donor_1273,IN_ADARB2,132,110,120.0,0.47085110332643865,0.3564955120280666,1.3207770853770773
Donor_1273,IN_LAMP5_LHX6,27,27,27.0,0.7259157372926577,0.5886131557538476,1.2332645476857615
Donor_1273,IN_LAMP5_RELN,43,39,40.90243902439025,0.7360033071542074,0.5224818053677636,1.4086678226740368
Donor_1273,IN_PVALB,176,196,185.46236559139783,0.3195477008311265,0.23963092338209346,1.333499434551713
Donor_1273,IN_PVALB_CHC,27,25,25.96153846153846,0.9626253267356271,0.6944236197096676,1.3862220399964107
Donor_1273,IN_SST,147,112,127.13513513513513,0.4767034018479728,0.3856460997554483,1.2361162271581825
Donor_1273,IN_VIP,218,220,218.99543378995435,0.3295560311091461,0.2734431834601967,1.2052084346696372
Donor_1273,Micro,287,259,272.28205128205127,0.515779416302625,0.41938732382512134,1.2298402622147393
Donor_1273,OPC,283,230,253.76218323586744,0.4391515937692825,0.3448674912183316,1.2733922592061908
Donor_1273,Oligo,576,461,512.1234329797493,0.3583099880914675,0.28059387620800114,1.2769700926254581
Donor_1273,PC,79,71,74.78666666666666,0.8463523990924808,0.6909203685454419,1.2249637405744191
Donor_1273,PVM,23,22,22.488888888888887,1.5405450604077862,0.9723996867437243,1.5842714486741667
Donor_1273,SMC,88,84,85.95348837209302,0.9076245939997487,0.7231326710511166,1.255128734095864
Donor_1273,VLMC,37,30,33.134328358208954,1.2558660050314359,0.7795991863938854,1.6109124110821238
Donor_1278,Astro,138,125,131.1787072243346,0.39821796721514935,0.3114949121771078,1.2784092184103897
Donor_1278,EN_L2_3_IT,13,28,17.756097560975608,0.7122272459093042,0.519637987127429,1.3706219782862934
Donor_1278,EN_L3_5_IT_2,20,17,18.37837837837838,0.5685898646666221,0.3875996437108118,1.4669514636882566
Donor_1278,EN_L3_5_IT_3,17,11,13.357142857142858,0.6810401194544342,0.44132760056581954,1.5431623097700728
Donor_1278,IN_ADARB2,17,27,20.863636363636363,0.5963889142732111,0.47805693440666897,1.2475269603889494
Donor_1278,IN_LAMP5_RELN,12,11,11.478260869565217,0.7155892423814691,0.5156670412634754,1.3876962945472509
Donor_1278,IN_PVALB,25,31,27.678571428571427,0.5106767963605401,0.3998476956160424,1.2771782905332094
Donor_1278,IN_SST,81,74,77.34193548387097,0.41032841626340355,0.30798131561110864,1.332315940820026
Donor_1278,IN_VIP,53,53,53.0,0.4449899192386504,0.3386014957088648,1.314199508502054
Donor_1278,Micro,43,46,44.449438202247194,0.8311371062757384,0.5908989539141283,1.4065638477954092
Donor_1278,OPC,104,87,94.7434554973822,0.46303054305611546,0.38080964882994106,1.2159107430150542
Donor_1278,Oligo,1198,1180,1188.9318755256518,0.14240710064907974,0.1308627096517033,1.088217575718112
Donor_1278,PC,19,14,16.12121212121212,1.3821149794342054,0.8648913305665458,1.5980215439653593
Donor_1318,Astro,150,169,158.93416927899685,0.35975481086954897,0.28032322801220344,1.2833571210655708
Donor_1318,EN_L2_3_IT,124,185,148.4789644012945,0.251365828824504,0.21050889363221814,1.1940865038399153
Donor_1318,EN_L3_5_IT_1,21,31,25.03846153846154,0.5822260576246321,0.4168343055186896,1.3967805670412288
Donor_1318,EN_L3_5_IT_2,46,78,57.870967741935495,0.4077038796356245,0.30716818605910534,1.3272985228918663
Donor_1318,EN_L3_5_IT_3,88,112,98.56,0.3026961243564208,0.2429456703186068,1.2459416294987078
Donor_1318,EN_L5_6_NP,11,26,15.45945945945946,0.6439325158027804,0.42793706337954296,1.5047364925988387
Donor_1318,EN_L6B,15,32,20.425531914893618,0.6306565260435826,0.4234997732210606,1.4891543418002948
Donor_1318,EN_L6_CT,21,21,21.0,0.6674474071761942,0.4728213812867965,1.411626955954736
Donor_1318,EN_L6_IT_1,33,42,36.96,0.5368815111149483,0.3639781437725613,1.4750377743846865
Donor_1318,EN_L6_IT_2,10,12,10.909090909090908,0.8339992618426837,0.5755499712562973,1.4490475258338547
Donor_1318,Endo,30,26,27.857142857142858,0.952933077758928,0.719229926208901,1.3249352439794722
Donor_1318,IN_ADARB2,37,43,39.775,0.5490045128244749,0.3752370884363334,1.4630870181629838
Donor_1318,IN_LAMP5_LHX6,17,15,15.9375,0.6966467889978394,0.4972638888035985,1.4009599423637014
Donor_1318,IN_LAMP5_RELN,44,50,46.808510638297875,0.5279526408665811,0.37990440220639,1.3896986657705568
Donor_1318,IN_PVALB,94,107,100.07960199004975,0.3211869325071406,0.2591882306495634,1.2392033839738765
Donor_1318,IN_PVALB_CHC,28,21,24.0,0.5918803348721284,0.4284091566524526,1.3815772274734361
Donor_1318,IN_SST,61,105,77.16867469879517,0.5040712594605088,0.40071650839222084,1.2579248643460539
Donor_1318,IN_VIP,76,119,92.75897435897437,0.3529203791421156,0.25946281192029663,1.3601963862571869
Donor_1318,Micro,34,32,32.96969696969697,0.9794014093463819,0.6160588404459149,1.5897854961994748
Donor_1318,OPC,94,128,108.39639639639638,0.4049457235855627,0.2984941380926225,1.356628730376971
Donor_1318,Oligo,282,347,311.14149443561206,0.30552380815167623,0.25122970357602314,1.2161133966359334
Donor_1318,PC,14,18,15.75,1.1825648687485177,0.7559181396244856,1.5644086399831278
Donor_1318,VLMC,15,12,13.333333333333334,1.3795699431700599,0.8338662089069713,1.6544260079544355
Donor_133,Astro,590,619,604.1521918941274,0.207374417533011,0.18724740574952792,1.107488868552903
Donor_133,EN_L2_3_IT,1243,1343,1291.0665119876255,0.07741546397229788,0.06459614362158339,1.19845333841928
Donor_133,EN_L3_5_IT_1,29,27,27.964285714285715,0.5985507493478401,0.43854159993346453,1.3648665244954006
Donor_133,EN_L3_5_IT_2,40,48,43.63636363636363,0.4215979734980063,0.35681617532428334,1.1815551049916604
Donor_133,EN_L3_5_IT_3,18,24,20.571428571428573,0.6164490118428274,0.484747414629072,1.2716911802707256
Donor_133,Endo,33,41,36.567567567567565,1.1375487567032723,0.6613666953551371,1.719997037486802
Donor_133,IN_ADARB2,314,328,320.8473520249221,0.20793689953802574,0.18162775830278263,1.1448519845264205
Donor_133,IN_LAMP5_LHX6,35,28,31.111111111111114,0.537554881653115,0.42294028759676605,1.2709947418525975
Donor_133,IN_LAMP5_RELN,65,67,65.98484848484848,0.41958949242171206,0.32976213361767215,1.2724004658102626
Donor_133,IN_PVALB,142,160,150.4635761589404,0.27327654720500866,0.22927161665778906,1.19193361650562
Donor_133,IN_PVALB_CHC,40,36,37.89473684210526,0.5689122623322174,0.4684629555896356,1.2144231588518035
Donor_133,IN_SST,272,256,263.75757575757575,0.27667800320525604,0.23883813080666183,1.158433129043475
Donor_133,IN_VIP,418,409,413.45102781136643,0.165611932558267,0.14910060119443047,1.1107395358004317
Donor_133,Micro,279,225,249.10714285714286,0.4440055804183771,0.37629683632218214,1.1799343963610243
Donor_133,OPC,263,248,255.27984344422703,0.34143341406495265,0.2996546998792873,1.1394228563826814
Donor_133,Oligo,217,202,209.23150357995226,0.4679664022036252,0.38073409376406486,1.2291160940622692
Donor_133,PC,25,20,22.22222222222222,1.2482253987936467,0.8264962774625007,1.510261368176919
Donor_133,PVM,30,17,21.702127659574465,1.5572685736345266,0.8918524578810931,1.7461056028643591
Donor_133,SMC,48,50,48.97959183673469,0.9912197609641744,0.749690764441659,1.322171497874056
Donor_133,VLMC,48,45,46.45161290322581,0.8366860002174485,0.610413849795493,1.3706864621400114
Donor_1332,Astro,291,196,234.23408624229978,0.3422575933035774,0.2834739814626701,1.2073686323435944
Donor_1332,EN_L2_3_IT,574,370,449.9576271186441,0.11691515112143143,0.10705912796332019,1.0920614929862686
Donor_1332,EN_L3_5_IT_1,71,59,64.44615384615385,0.3941234915168228,0.2934500951426261,1.343068201512309
Donor_1332,EN_L3_5_IT_2,203,138,164.3049853372434,0.2548493424660143,0.2018182563298836,1.2627665460028965
Donor_1332,EN_L3_5_IT_3,189,152,168.4926686217009,0.23453304478581471,0.1983070392402757,1.1826763471650965
Donor_1332,EN_L5_6_NP,32,28,29.866666666666667,0.5520906534906622,0.42046532712940365,1.313046802836014
Donor_1332,EN_L6B,76,45,56.5289256198347,0.39272991289690395,0.30107335450017647,1.3044326474818406
Donor_1332,EN_L6_CT,43,35,38.58974358974359,0.48938763867112645,0.388630835966739,1.2592609576482776
Donor_1332,EN_L6_IT_1,115,92,102.22222222222223,0.2727196110623653,0.23093780478041914,1.1809223324075209
Donor_1332,EN_L6_IT_2,24,14,17.68421052631579,0.6390823222467605,0.4768837043471601,1.340121955145533
Donor_1332,Endo,39,26,31.200000000000003,1.0720037638600903,0.7147427025486444,1.4998456927752002
Donor_1332,IN_ADARB2,40,25,30.769230769230766,0.7515567061179107,0.5163628993085609,1.4554816140437037
Donor_1332,IN_LAMP5_LHX6,26,32,28.689655172413794,0.5839614385975307,0.4804223374075587,1.2155168341020253
Donor_1332,IN_LAMP5_RELN,37,33,34.885714285714286,0.5885334152858146,0.4985149369879811,1.1805732819997805
Donor_1332,IN_PVALB,150,97,117.81376518218624,0.31289278528078235,0.2540580865628824,1.2315797127887824
Donor_1332,IN_PVALB_CHC,25,19,21.59090909090909,0.8155482083039027,0.5387665928826184,1.5137319556886242
Donor_1332,IN_SST,161,107,128.55970149253733,0.37764791423281485,0.3112346005049631,1.2133866659429875
Donor_1332,IN_VIP,177,113,137.93793103448277,0.3455100957378239,0.27138991020447545,1.2731132689402618
Donor_1332,Micro,149,112,127.87739463601532,0.5739811431993811,0.4554118153621767,1.26035628378001
Donor_1332,OPC,64,32,42.666666666666664,0.7164376117680362,0.5086928732119125,1.4083893238849858
Donor_1332,Oligo,1308,1002,1134.7324675324676,0.19606255195152045,0.17911897551243833,1.094593978056253
Donor_1332,PC,12,11,11.478260869565217,1.9008650158759846,1.1772841820948514,1.6146186662370663
Donor_1332,PVM,12,11,11.478260869565217,1.653527514749027,1.022453840371072,1.6172148310860899
Donor_1339,Astro,256,286,270.169741697417,0.3102450708267892,0.27131354345346903,1.143492753357508
Donor_1339,EN_L6_CT,11,13,11.916666666666666,0.8052681495551459,0.5785490788256742,1.391875260072423
Donor_1339,EN_L6_IT_1,26,27,26.49056603773585,0.4908786767642246,0.37102967548790966,1.3230172926699506
Donor_1339,IN_SST,16,15,15.483870967741938,0.8409025888331998,0.4870318328553318,1.7265865023713594
Donor_1339,Micro,83,78,80.4223602484472,0.629066985350065,0.4743078010381132,1.3262842904401566
Donor_1339,OPC,111,123,116.6923076923077,0.5261101056255901,0.41673583734629815,1.2624546738667075
Donor_1339,Oligo,3250,3489,3365.2619082949986,0.09976436428217994,0.08509517417536916,1.1723856875429814
Donor_1346,Astro,272,362,310.6119873817035,0.28790881362013554,0.21202912349953174,1.3578739036798941
Donor_1346,EN_L2_3_IT,236,431,304.9955022488756,0.1565394653313139,0.11825445159465886,1.3237511418841525
Donor_1346,EN_L3_5_IT_1,10,20,13.333333333333332,0.7273524603585182,0.5602231017674812,1.2983264311374354
Donor_1346,EN_L3_5_IT_2,29,55,37.976190476190474,0.4397908329742095,0.3325407087941281,1.3225172778665082
Donor_1346,EN_L3_5_IT_3,20,53,29.041095890410958,0.5576536658636893,0.40630418102376975,1.372502897849986
Donor_1346,Endo,30,32,30.967741935483875,0.930389132112726,0.6689079282757024,1.3909076164055412
Donor_1346,IN_ADARB2,56,80,65.88235294117648,0.46162893136100536,0.35611687604423814,1.2962849064857576
Donor_1346,IN_LAMP5_RELN,28,49,35.63636363636364,0.51731064802253,0.35463260533516117,1.4587227464142019
Donor_1346,IN_PVALB,42,64,50.716981132075475,0.4447331114627775,0.31120143790153265,1.4290843720442437
Donor_1346,IN_PVALB_CHC,13,23,16.61111111111111,0.7456025999895819,0.5957073781076052,1.2516255923472892
Donor_1346,IN_SST,24,28,25.846153846153847,0.8412890679863883,0.6115651337658372,1.3756328174007877
Donor_1346,IN_VIP,100,181,128.82562277580072,0.3495257926306491,0.25893041790879345,1.3498830900345098
Donor_1346,Micro,173,230,197.46898263027296,0.45333391241133647,0.3504965564286331,1.2934047541880564
Donor_1346,OPC,157,187,170.6918604651163,0.3821834336036085,0.31016190193593696,1.2322062484726037
Donor_1346,Oligo,593,741,658.7901049475263,0.22819605791249464,0.1827585581421487,1.2486203668503715
Donor_1346,PC,15,24,18.46153846153846,1.3005264243371881,0.8351307448057792,1.5572728371288054
Donor_1346,PVM,22,21,21.488372093023255,1.3284149516815806,0.7590158445713149,1.7501807915905327
Donor_1346,VLMC,42,42,42.0,0.9045063109138338,0.6103347213095347,1.481984031603387
Donor_1347,Astro,53,145,77.62626262626263,0.7230661633593591,0.5750324279609151,1.2574354561591887
Donor_1347,EN_L2_3_IT,717,1913,1043.0577946768062,0.11384900140512413,0.09158485838427088,1.2430985144666333
Donor_1347,EN_L3_5_IT_1,49,99,65.55405405405406,0.43550601692126345,0.3361448511596534,1.2955903248817517
Donor_1347,EN_L3_5_IT_2,143,344,202.02053388090349,0.29834334559675124,0.23935547341657115,1.2464446345771185
Donor_1347,EN_L3_5_IT_3,111,328,165.86788154897494,0.2678758790302389,0.23770418736334042,1.126929575795734
Donor_1347,EN_L5_6_NP,16,24,19.200000000000003,0.8722785564135576,0.6725560794127952,1.2969603325497243
Donor_1347,Endo,18,16,16.941176470588236,1.9672471747659976,1.1707039581015257,1.6803967913085283
Donor_1347,IN_ADARB2,75,120,92.3076923076923,0.5988790417902119,0.4874482319475124,1.2286002954559863
Donor_1347,IN_LAMP5_LHX6,17,42,24.203389830508474,0.7334193738539998,0.6391842170900945,1.1474303561388197
Donor_1347,IN_LAMP5_RELN,40,68,50.370370370370374,0.7375525881088674,0.5413373147475151,1.3624639721222043
Donor_1347,IN_PVALB,101,176,128.34657039711192,0.39424462348154066,0.3086325098970577,1.277391755045631
Donor_1347,IN_PVALB_CHC,30,53,38.31325301204819,0.8393835510180554,0.5700111280353894,1.4725739722154019
Donor_1347,IN_SST,62,55,58.29059829059829,0.7356158192990732,0.5571089619564962,1.3204164167736299
Donor_1347,IN_VIP,141,280,187.55344418052258,0.3989909872954488,0.33074347074808363,1.206345771219614
Donor_1347,Micro,138,230,172.5,0.5838308512695343,0.474306375379804,1.2309150405200178
Donor_1347,OPC,100,177,127.79783393501806,0.5311211392710473,0.4408405728385705,1.2047918726063727
Donor_1347,Oligo,467,882,610.6656782802075,0.3554288815560893,0.2663222525178437,1.3345819892848625
Donor_1354,Astro,160,586,251.36729222520108,0.271611866384596,0.271611866384596,1.0
Donor_1354,EN_L2_3_IT,169,509,253.74926253687318,0.22717284629278334,0.19921796848191897,1.140323074388752
Donor_1354,EN_L3_5_IT_1,27,69,38.8125,0.7815058706766767,0.5662973919867,1.3800273173340536
Donor_1354,EN_L3_5_IT_2,32,130,51.358024691358025,0.7234571032613522,0.6070758316376885,1.1917079639123596
Donor_1354,EN_L3_5_IT_3,59,129,80.96808510638299,0.46947933855331825,0.3946924854372016,1.1894813199528618
Donor_1354,EN_L6_CT,10,34,15.454545454545453,1.440545834331549,0.991363600979652,1.453095345550332
Donor_1354,Endo,23,112,38.162962962962965,1.0446821094627752,0.7228377771806729,1.4452511233397498
Donor_1354,IN_PVALB,28,63,38.769230769230774,0.6806259503927097,0.5691323263776074,1.1959010564814212
Donor_1354,IN_VIP,22,60,32.19512195121951,0.9213229394608085,0.7186297125635548,1.2820551716045663
Donor_1354,Micro,34,158,55.958333333333336,0.9664197765853912,0.6568559997217971,1.471281037236024
Donor_1354,OPC,37,153,59.589473684210525,0.6889283921625324,0.5100084333566572,1.350817647520651
Donor_1354,Oligo,153,671,249.18203883495144,0.3569347222351578,0.35396782960578754,1.008381814337971
Donor_1354,PC,12,39,18.352941176470587,1.382570235076173,1.1066871536762344,1.2492873261278041
Donor_137,Astro,193,207,199.755,0.3331335894896439,0.2772763205138742,1.2014498348515654
Donor_137,EN_L2_3_IT,207,217,211.88207547169813,0.20874536990773152,0.19036539103551053,1.096551052542909
Donor_137,EN_L3_5_IT_1,24,21,22.400000000000002,0.609749353785304,0.4469715201340616,1.3641794304979877
Donor_137,EN_L3_5_IT_2,69,71,69.98571428571428,0.39459328798098436,0.314239782693047,1.25570761473708
Donor_137,EN_L3_5_IT_3,86,96,90.72527472527473,0.3364812342869068,0.28010388392945895,1.2012730047386484
Donor_137,EN_L5_6_NP,26,15,19.024390243902438,0.7258452827239368,0.5134980929767332,1.41353062971711
Donor_137,EN_L6B,12,21,15.272727272727275,0.7694167189245711,0.5276326528769744,1.458243182504424
Donor_137,EN_L6_CT,27,17,20.863636363636363,0.5916071445134508,0.41950443419027517,1.4102524223739545
Donor_137,EN_L6_IT_1,35,36,35.49295774647888,0.40648709967453867,0.3034988282313734,1.3393366361357144
Donor_137,IN_LAMP5_RELN,18,20,18.94736842105263,0.932724007306462,0.628273391984203,1.4845830162578555
Donor_137,IN_PVALB,46,53,49.25252525252526,0.46274901421865255,0.359471664712949,1.2873031719709374
Donor_137,IN_SST,29,31,29.96666666666667,0.7001017482125085,0.5129930503830815,1.3647392448878246
Donor_137,IN_VIP,42,50,45.65217391304348,0.6501878549809641,0.46598200351174857,1.3953067931400729
Donor_137,Micro,118,123,120.44813278008299,0.6556933614510223,0.46720054367256925,1.4034516233580316
Donor_137,OPC,69,70,69.49640287769785,0.5504271857390792,0.43382877640207607,1.268765964083809
Donor_137,Oligo,1643,1682,1662.2712781954888,0.12361086699170051,0.11857364937482257,1.0424817625453597
Donor_1370,Astro,337,123,180.22173913043477,0.3275267029839417,0.2377312812607998,1.3777181582790239
Donor_1370,EN_L2_3_IT,20,12,15.0,0.8818857927915613,0.5809477124272799,1.5180123338586196
Donor_1370,Micro,62,33,43.07368421052632,0.8079602235508716,0.5834373119920837,1.3848278245904067
Donor_1370,OPC,92,37,52.775193798449614,0.5349066184434923,0.39522492955794464,1.353423274796406
Donor_1370,Oligo,358,163,224.0076775431862,0.3442032017078982,0.26611381726181715,1.2934435545270935
Donor_1382,Astro,616,581,597.9883040935672,0.19561419356167267,0.16586332457533715,1.179369785710658
Donor_1382,EN_L2_3_IT,291,325,307.06168831168833,0.2244169119774706,0.19524068159517194,1.1494372491630358
Donor_1382,EN_L3_5_IT_1,38,35,36.43835616438356,0.7158792892317356,0.4991902828550385,1.4340809783743769
Donor_1382,EN_L3_5_IT_2,109,125,116.45299145299145,0.37796785408765343,0.2894438055158539,1.3058419177913647
Donor_1382,EN_L3_5_IT_3,130,124,126.92913385826772,0.3733463187536308,0.29881561394630085,1.2494203827672927
Donor_1382,EN_L5_6_NP,25,21,22.82608695652174,0.7746558502949616,0.6979089108655896,1.109966985998482
Donor_1382,EN_L6B,16,11,13.037037037037036,1.1298493248412358,0.8377190147460984,1.3487211164517714
Donor_1382,EN_L6_CT,16,19,17.37142857142857,0.8652222971038794,0.6174991298265109,1.401171686423214
Donor_1382,EN_L6_IT_1,26,22,23.833333333333332,0.7828158512045655,0.5302695698245539,1.4762601811444125
Donor_1382,EN_L6_IT_2,16,14,14.933333333333334,0.8926880392478092,0.5528905508429451,1.614583642073108
Donor_1382,Endo,40,45,42.35294117647059,0.8806520976090204,0.7010172789763951,1.2562487744880166
Donor_1382,IN_ADARB2,21,22,21.488372093023255,1.0123055538905978,0.7075579382276551,1.4307034084393113
Donor_1382,IN_LAMP5_LHX6,24,13,16.864864864864867,0.9350372348698093,0.6520280725552858,1.4340444441378357
Donor_1382,IN_LAMP5_RELN,48,49,48.49484536082475,0.6054347085397636,0.4854251371295437,1.2472257042967951
Donor_1382,IN_PVALB,102,85,92.72727272727273,0.4280692054732129,0.3320910902863923,1.2890114128146286
Donor_1382,IN_PVALB_CHC,24,25,24.489795918367346,0.8681496712056709,0.7082970842215852,1.2256857899673028
Donor_1382,IN_SST,51,43,46.659574468085104,0.7185856603015708,0.5724265837189106,1.2553324404207464
Donor_1382,IN_VIP,110,70,85.55555555555556,0.5322106583449202,0.42761650509607385,1.2445980265082306
Donor_1382,Micro,116,109,112.39111111111112,0.6143836855093587,0.4623427547738892,1.328848952785744
Donor_1382,OPC,75,77,75.98684210526316,0.5825439489300233,0.4670186730402177,1.2473675734157572
Donor_1382,Oligo,1404,1575,1484.5921450151059,0.14392425751866877,0.14272233151392172,1.00842142916247
Donor_1382,PC,78,56,65.19402985074628,0.7091267227560447,0.5153453067413336,1.3760224716899876
Donor_1382,PVM,11,13,11.916666666666666,1.6502515218767044,1.0767672241432402,1.5325982114563088
Donor_1382,VLMC,45,37,40.60975609756097,0.8401352632327548,0.6383898793300062,1.316022215318453
Donor_1386,Astro,138,151,144.2076124567474,0.543713998323538,0.4355171595265013,1.248433009883398
Donor_1386,EN_L2_3_IT,778,714,744.627345844504,0.11958667956774274,0.1054405300410301,1.1341623521923492
Donor_1386,EN_L3_5_IT_1,36,42,38.769230769230774,0.6520881029994241,0.5011614532989603,1.3011537473741634
Donor_1386,EN_L3_5_IT_2,177,124,145.83388704318938,0.31527764314519935,0.24135297766274355,1.3062927426806186
Donor_1386,EN_L3_5_IT_3,180,197,188.1167108753316,0.23435244687220314,0.2129024097293744,1.1007505606446373
Donor_1386,EN_L5_6_NP,17,21,18.789473684210527,0.9033798673401234,0.6345143974763885,1.4237342303548597
Donor_1386,Endo,22,30,25.384615384615383,1.4621509155875145,0.9942214084794005,1.470649196564559
Donor_1386,IN_ADARB2,45,58,50.67961165048544,0.7124226302794741,0.5909152295171618,1.2056257728567874
Donor_1386,IN_LAMP5_LHX6,16,14,14.933333333333334,1.0544853994363867,0.8122370820848679,1.2982482857464603
Donor_1386,IN_LAMP5_RELN,40,40,40.0,0.7645547397172052,0.6910340824110488,1.1063922303942515
Donor_1386,IN_PVALB,166,139,151.30491803278687,0.34175692271642566,0.266199050185163,1.2838397525412133
Donor_1386,IN_PVALB_CHC,25,21,22.82608695652174,0.9818831587552186,0.6739325506309086,1.4569457400982027
Donor_1386,IN_SST,19,28,22.638297872340427,1.036537131444157,0.686045546191763,1.5108867584637373
Donor_1386,IN_VIP,134,112,122.01626016260163,0.46381655767150853,0.38803134829533326,1.195306924837667
Donor_1386,Micro,99,108,103.30434782608694,0.6767873754986811,0.5552922948569994,1.2187948252964134
Donor_1386,OPC,50,51,50.495049504950494,0.8969928981295641,0.6813535793164629,1.3164866603172931
Donor_1386,Oligo,209,181,193.99487179487178,0.49244131657123535,0.39908981747486205,1.2339110020070942
Donor_1386,PC,19,22,20.390243902439025,1.6626872046191288,0.9706100655795558,1.7130331361506441
Donor_1388,Astro,386,360,372.5469168900804,0.32004191408750504,0.27261633568137844,1.1739645509048124
Donor_1388,EN_L2_3_IT,84,98,90.46153846153848,0.4999033268818809,0.4064201733226511,1.2300160269972988
Donor_1388,EN_L3_5_IT_1,26,19,21.955555555555556,0.7920992468722057,0.6417251686309169,1.2343278487301708
Donor_1388,EN_L3_5_IT_2,36,40,37.89473684210526,0.7798312369441134,0.5805986683457873,1.343150233475336
Donor_1388,EN_L3_5_IT_3,26,22,23.833333333333332,0.8971144320886593,0.6070294857631415,1.4778762039225006
Donor_1388,Endo,59,30,39.7752808988764,1.023714637009506,0.804731860096179,1.2721189352278843
Donor_1388,IN_LAMP5_RELN,21,28,24.0,1.000404922135968,0.6822611846608684,1.4663078372738432
Donor_1388,IN_PVALB,23,24,23.489361702127663,1.0334790167999754,0.7485359649801864,1.380667149142702
Donor_1388,IN_SST,12,11,11.478260869565217,1.6497913638908184,1.0798955897708247,1.5277322914532292
Donor_1388,IN_VIP,53,54,53.49532710280375,0.7060009750420537,0.5764163245492568,1.2248108614795545
Donor_1388,Micro,80,79,79.49685534591194,0.7012510673723957,0.576341530421594,1.2167283292242195
Donor_1388,OPC,59,35,43.93617021276596,0.742827303588053,0.5974146612462023,1.243403203460928
Donor_1388,Oligo,349,338,343.41193595342065,0.3695603424311874,0.31231100578125237,1.1833087390139347
Donor_1388,PC,24,27,25.411764705882355,1.1336735399167788,0.8190049163713642,1.3842084671964696
Donor_1388,VLMC,15,11,12.692307692307692,1.9802121770175898,1.095052673117225,1.8083259605956954
Donor_1389,Astro,23,55,32.43589743589744,0.819677133389697,0.665504240512184,1.2316632764937137
Donor_1389,EN_L3_5_IT_2,26,87,40.0353982300885,0.5050465875060604,0.37726615097086746,1.3387010369373427
Donor_1389,EN_L3_5_IT_3,32,110,49.57746478873239,0.3920288827613395,0.32017512546788973,1.224420173767234
Donor_1389,EN_L6_CT,17,44,24.524590163934427,0.5532460715450256,0.4549221624974318,1.2161334776653114
Donor_1389,EN_L6_IT_1,21,62,31.373493975903617,0.47728023263194785,0.361111188160423,1.3216988237426668
Donor_1389,IN_LAMP5_RELN,16,26,19.80952380952381,0.6346928424550704,0.48068861530118223,1.3203825142756807
Donor_1389,IN_PVALB,26,94,40.73333333333333,0.5585221654851562,0.3729783033930021,1.4974655640938157
Donor_1389,IN_SST,41,106,59.12925170068027,0.5230188171162613,0.400403377111032,1.3062297847983135
Donor_1389,IN_VIP,38,85,52.520325203252035,0.5044165906737496,0.3826150354435649,1.3183396990371283
Donor_1389,Micro,27,80,40.373831775700936,1.0174052423528988,0.7516603006369649,1.353543936656943
Donor_1389,OPC,25,46,32.394366197183096,0.897110885190818,0.6517038565799758,1.3765621856201589
Donor_1389,Oligo,32,65,42.88659793814433,0.7654323229928699,0.5861155169525762,1.3059410659738642
Donor_1415,Astro,315,208,250.5544933078394,0.3014636321255104,0.2302960524902264,1.3090264851079214
Donor_1415,EN_L2_3_IT,220,157,183.23607427055703,0.21397822465651573,0.17999357429775342,1.1888103533215213
Donor_1415,EN_L3_5_IT_1,19,21,19.950000000000003,0.659123891759644,0.483186226992657,1.364119784336611
Donor_1415,EN_L3_5_IT_2,103,76,87.463687150838,0.33489036526721794,0.27174655061273967,1.2323628929680994
Donor_1415,EN_L3_5_IT_3,102,67,80.87573964497041,0.36144433532822795,0.2888517850165654,1.2513141828342846
Donor_1415,EN_L5_6_NP,22,13,16.34285714285714,0.6767968553521486,0.5187769851613444,1.304600772028579
Donor_1415,EN_L6_CT,28,26,26.962962962962962,0.7004305083044007,0.4394548382258465,1.5938623207157236
Donor_1415,EN_L6_IT_1,24,17,19.902439024390244,0.5594567200989489,0.41085194932306823,1.3616990768103359
Donor_1415,Endo,17,12,14.068965517241379,1.5526839339384955,0.9692360490446648,1.6019667607998183
Donor_1415,IN_ADARB2,19,18,18.486486486486488,0.8339807813035511,0.609515779312872,1.368267745658244
Donor_1415,IN_LAMP5_RELN,23,22,22.488888888888887,0.7169777605210683,0.563101232404887,1.2732661895606356
Donor_1415,IN_PVALB,67,55,60.40983606557377,0.428849482852693,0.3670259353235976,1.1684446290548571
Donor_1415,IN_PVALB_CHC,35,15,21.0,0.8392960280384885,0.6935625441140831,1.21012305978916
Donor_1415,IN_SST,92,61,73.359477124183,0.5347254832952637,0.3829726829764857,1.396249672794797
Donor_1415,IN_VIP,100,67,80.23952095808383,0.43196522547225236,0.3552332252414896,1.2160045704581826
Donor_1415,Micro,270,191,223.73101952277656,0.4470780455348935,0.36117497560767653,1.237843360500503
Donor_1415,OPC,164,127,143.14776632302406,0.46488044843434695,0.34934326018914597,1.330726827770043
Donor_1415,Oligo,1293,863,1035.1196660482374,0.2236105910654136,0.1805644380871938,1.2383977345385861
Donor_1415,PVM,26,14,18.2,1.345801386189299,0.8589610071900236,1.5667782063727302
Donor_1420,Astro,266,349,301.89918699186995,0.348453412337022,0.28734918954460253,1.212647973322141
Donor_1420,EN_L2_3_IT,381,443,409.6674757281554,0.15695949990913816,0.1456832864652456,1.0774022450858332
Donor_1420,EN_L3_5_IT_1,18,26,21.272727272727273,0.7450943795904381,0.5452016253970164,1.3666400554984763
Donor_1420,EN_L3_5_IT_2,73,79,75.88157894736842,0.4166838208088266,0.3401204523095589,1.2251066290761718
Donor_1420,EN_L3_5_IT_3,166,156,160.8447204968944,0.28875364654456104,0.23657973692213652,1.220534143376768
Donor_1420,EN_L5_6_NP,45,28,34.52054794520548,0.5618317704689222,0.4788083506813141,1.1733959311057776
Donor_1420,EN_L6B,73,61,66.46268656716418,0.453218273994608,0.3507589373546667,1.2921075580073973
Donor_1420,EN_L6_CT,76,54,63.13846153846154,0.4990888692660751,0.420010452478205,1.188277259104578
Donor_1420,EN_L6_IT_1,78,57,65.86666666666667,0.4170004736120472,0.33994451150424054,1.2266721758996406
Donor_1420,EN_L6_IT_2,13,17,14.73333333333333,0.8061296502271,0.6131741781616782,1.3146829709038146
Donor_1420,Endo,20,25,22.22222222222222,1.2712358015810752,0.9266286557238375,1.3718934696532208
Donor_1420,IN_ADARB2,56,46,50.50980392156863,0.649356806764712,0.46576510249995806,1.3941723054804658
Donor_1420,IN_LAMP5_LHX6,28,22,24.64,0.6914605964954337,0.5916693705543639,1.1686604561726266
Donor_1420,IN_LAMP5_RELN,29,20,23.6734693877551,0.7722773961362055,0.6912778629214271,1.1171736251938753
Donor_1420,IN_PVALB,117,130,123.1578947368421,0.36532905242371383,0.2970923617054042,1.2296817404749467
Donor_1420,IN_PVALB_CHC,32,18,23.04,0.920209413611994,0.7127661259935665,1.2910397675384198
Donor_1420,IN_SST,103,101,101.99019607843138,0.47736138162718955,0.362438144020091,1.3170837272600315
Donor_1420,IN_VIP,104,128,114.75862068965517,0.4517533699016605,0.3807780294222627,1.186395576937791
Donor_1420,Micro,209,232,219.90022675736964,0.4910985314159415,0.3909999035558762,1.2560067840164073
Donor_1420,OPC,162,187,173.60458452722062,0.4721493762042641,0.37403666860015683,1.262307724992036
Donor_1420,Oligo,1059,825,927.468152866242,0.25634379514325634,0.2233323957179415,1.1478128567921992
Donor_1420,PC,28,36,31.5,0.9625284212767724,0.9050827216047166,1.0634701097488684
Donor_1420,PVM,37,26,30.539682539682538,0.9851395617707359,0.8529426128169662,1.1549892653588618
Donor_1420,VLMC,22,16,18.526315789473685,1.1992800316203418,0.7981588263382307,1.5025581275876672
Donor_1423,Astro,271,270,270.49907578558225,0.36242684054541163,0.29845561359558825,1.214340840097266
Donor_1423,EN_L2_3_IT,85,94,89.27374301675977,0.40238616645317604,0.3038880386042062,1.324126373322831
Donor_1423,EN_L3_5_IT_1,40,45,42.35294117647059,0.5388047102715534,0.4076905362181942,1.3216022016836504
Donor_1423,EN_L3_5_IT_2,190,193,191.4882506527415,0.24534644313080128,0.20318253839702738,1.2075173637775103
Donor_1423,EN_L3_5_IT_3,154,160,156.94267515923565,0.26447261054337723,0.19657386598581095,1.345410841960382
Donor_1423,EN_L5_6_NP,29,28,28.49122807017544,0.6289162366894514,0.45814204909919454,1.3727537953043942
Donor_1423,EN_L6_IT_1,33,18,23.294117647058822,0.5705517191211389,0.3612926526560756,1.5791954664083987
Donor_1423,EN_L6_IT_2,14,11,12.32,1.0117169728712998,0.7564640053162397,1.3374290987557982
Donor_1423,Endo,107,87,95.96907216494844,0.6052609685100774,0.4771383706859085,1.2685229394567172
Donor_1423,IN_ADARB2,51,65,57.1551724137931,0.5875192947867753,0.4350864778346013,1.3503506192856711
Donor_1423,IN_LAMP5_LHX6,12,14,12.923076923076923,0.7930274208203141,0.5747550240861377,1.3797659656498527
Donor_1423,IN_LAMP5_RELN,47,46,46.494623655913976,0.5846360639550792,0.4767547207667189,1.2262826952502224
Donor_1423,IN_PVALB,106,115,110.31674208144797,0.344155425375554,0.2802152817934349,1.2281822146632728
Donor_1423,IN_PVALB_CHC,24,28,25.846153846153847,0.7467919854415026,0.5655232616095978,1.3205327457547476
Donor_1423,IN_SST,140,116,126.87500000000001,0.4318320449993398,0.29828119112646334,1.447734747767768
Donor_1423,IN_VIP,127,137,131.81060606060606,0.3859531920290036,0.31295469437260404,1.2332558001813754
Donor_1423,Micro,50,43,46.236559139784944,0.9680928680601264,0.6319194193886837,1.531987842685157
Donor_1423,OPC,106,98,101.84313725490196,0.5523468722731346,0.45264713882361063,1.2202592812331359
Donor_1423,Oligo,227,213,219.7772727272727,0.46763015393594154,0.3688038731696812,1.2679643245525023
Donor_1423,PC,38,51,43.55056179775281,0.8153722704020288,0.6719170410260933,1.2135014006444353
Donor_1423,PVM,12,16,13.714285714285715,1.664044836717383,1.0910398840727948,1.5251915727458016
Donor_1423,SMC,27,24,25.411764705882355,1.2131515369137782,0.779101270161827,1.5571166206182603
Donor_1423,VLMC,22,18,19.8,1.1521105276420807,0.7814735187321658,1.474279678102494
Donor_1449,Astro,333,339,335.9732142857143,0.3491104785370309,0.28687406461989307,1.2169468125311391
Donor_1449,EN_L2_3_IT,488,431,457.73231773667027,0.18639245543467506,0.1637850567940804,1.1380308990521517
Donor_1449,EN_L3_5_IT_1,24,26,24.96,0.7454367559827633,0.647390434051607,1.1514485181956526
Donor_1449,EN_L3_5_IT_2,104,120,111.42857142857143,0.39907928295424444,0.3136035844617522,1.2725596987011387
Donor_1449,EN_L3_5_IT_3,114,111,112.48000000000002,0.3863357458742538,0.28548683560622257,1.3532524014772227
Donor_1449,EN_L5_6_NP,24,29,26.264150943396224,0.6730886716068465,0.5005295808743373,1.3447530322405297
Donor_1449,EN_L6B,35,28,31.111111111111114,0.6556611143718925,0.4836794114666363,1.3555696166263618
Donor_1449,EN_L6_CT,35,24,28.47457627118644,0.6937512466573725,0.49639291575013855,1.3975849063216186
Donor_1449,EN_L6_IT_1,67,44,53.11711711711711,0.4625684188864376,0.37865715450601045,1.2216022155712238
Donor_1449,EN_L6_IT_2,18,16,16.941176470588236,0.8771759741045777,0.5905373786565322,1.4853860328031157
Donor_1449,Endo,25,22,23.404255319148938,1.4661164037996768,0.9292080945293657,1.5778127767410912
Donor_1449,IN_ADARB2,45,43,43.97727272727273,0.7629619908970522,0.5952438143870435,1.281763829301977
Donor_1449,IN_LAMP5_LHX6,28,15,19.53488372093023,0.8909561012603833,0.6064152613503078,1.469217808398303
Donor_1449,IN_LAMP5_RELN,47,47,47.0,0.651122872017456,0.49926799485529205,1.3041550404330997
Donor_1449,IN_PVALB,113,102,107.21860465116279,0.4302631509036279,0.3462276796816064,1.24271736823382
Donor_1449,IN_PVALB_CHC,16,15,15.483870967741938,1.202014489375971,0.8443353745336206,1.4236220886042101
Donor_1449,IN_SST,47,54,50.257425742574256,0.7200350498325752,0.5230375031032715,1.3766413413196632
Donor_1449,IN_VIP,83,105,92.7127659574468,0.5280156123509165,0.4255955960606388,1.2406510246776261
Donor_1449,Micro,130,128,128.9922480620155,0.6218133707336491,0.5168525776693134,1.2030768493748143
Donor_1449,OPC,146,97,116.55967078189302,0.5873909455601067,0.4982300243399478,1.1789553356168745
Donor_1449,Oligo,926,1050,984.1093117408908,0.26233174513983104,0.22794613084433268,1.1508497387875416
Donor_1449,PC,16,21,18.16216216216216,1.6933003462749836,1.105553009515396,1.5316319811903172
Donor_1451,Astro,527,607,564.1781305114639,0.18342446620568365,0.177913684697792,1.0309744667322942
Donor_1451,EN_L2_3_IT,285,286,285.49912434325745,0.30394195588109607,0.25989650491082505,1.169473040760528
Donor_1451,EN_L3_5_IT_1,41,32,35.945205479452056,0.6098757709297438,0.4384433395958629,1.3910024759228854
Donor_1451,EN_L3_5_IT_2,102,103,102.49756097560976,0.47661925207026523,0.36784759885315954,1.2956976029100737
Donor_1451,EN_L3_5_IT_3,110,101,105.30805687203792,0.39778804698164905,0.34651226753699804,1.147976808466604
Donor_1451,Endo,129,120,124.33734939759037,0.5529254195748146,0.4103431807541753,1.3474707159957804
Donor_1451,IN_ADARB2,43,59,49.74509803921569,0.7584050813338505,0.652459130413773,1.162379444139113
Donor_1451,IN_LAMP5_RELN,29,52,37.23456790123457,0.8364442011768496,0.7046077434475302,1.187106172129567
Donor_1451,IN_PVALB,73,83,77.67948717948718,0.6339944619513735,0.513280130512058,1.235182163234896
Donor_1451,IN_SST,72,73,72.49655172413793,0.7511059397135393,0.5321164040155191,1.411544417810569
Donor_1451,IN_VIP,108,112,109.96363636363637,0.5367401181872269,0.44410954621258725,1.2085759533083738
Donor_1451,OPC,58,61,59.46218487394958,0.6782035003856488,0.5369195394260662,1.2631380506483456
Donor_1451,Oligo,262,344,297.45214521452147,0.3720688978633184,0.2762587994638901,1.3468128384882514
Donor_1451,PC,52,56,53.925925925925924,0.7990112809162366,0.5869261873853193,1.3613488341280684
Donor_1451,SMC,21,16,18.16216216216216,1.616285704150282,0.8437900231478501,1.9155070098133575
Donor_1467,Astro,150,194,169.1860465116279,0.31171844636891954,0.2464382020230078,1.264894987100324
Donor_1467,EN_L2_3_IT,27,48,34.56,0.43939531562469547,0.3225591743109719,1.3622161470474392
Donor_1467,Micro,31,22,25.735849056603772,0.9720880865642267,0.6058011634871256,1.6046322542014817
Donor_1467,OPC,37,60,45.77319587628866,0.5915398857193903,0.42990990415820574,1.3759624516622095
Donor_1467,Oligo,62,58,59.93333333333334,0.6476661287996499,0.4688514871837559,1.38138866251652
Donor_1475,Astro,364,351,357.3818181818182,0.3063668602402996,0.2749662225111549,1.1141981638412726
Donor_1475,EN_L2_3_IT,115,116,115.49783549783548,0.2900097463071676,0.2386734671630263,1.2150900129551307
Donor_1475,EN_L3_5_IT_1,15,16,15.483870967741938,0.9027759068034924,0.5862361377123397,1.5399526721883454
Donor_1475,EN_L3_5_IT_2,106,121,113.00440528634363,0.3244921207437974,0.2692444038686841,1.2051954138369343
Donor_1475,EN_L3_5_IT_3,156,190,171.32947976878611,0.24425095668901253,0.20061379957741687,1.2175182225924397
Donor_1475,EN_L5_6_NP,17,16,16.484848484848484,0.9193080389090715,0.6738045637504335,1.3643541293222357
Donor_1475,EN_L6B,25,26,25.49019607843137,0.6654742374876488,0.47502352669951,1.4009290068460418
Donor_1475,EN_L6_CT,44,43,43.49425287356322,0.59525169561811,0.42246316069025847,1.409002608997987
Donor_1475,EN_L6_IT_1,43,43,43.0,0.5719022260375923,0.4599231083013837,1.243473562678285
Donor_1475,EN_L6_IT_2,25,41,31.06060606060606,0.5743194251182508,0.37963368072147663,1.5128252688928516
Donor_1475,Endo,30,24,26.666666666666668,1.4444285809922852,0.885350400210267,1.6314767358203481
Donor_1475,IN_LAMP5_LHX6,22,25,23.404255319148938,0.6399252083353648,0.45961089091364293,1.3923195054479278
Donor_1475,IN_LAMP5_RELN,11,11,11.0,1.0352190642888592,0.6380097883423206,1.6225755203201024
Donor_1475,IN_PVALB,72,74,72.98630136986301,0.43272261221502994,0.34304812509254123,1.2614049766291477
Donor_1475,IN_PVALB_CHC,20,19,19.487179487179485,0.8826896014482628,0.679930175208149,1.2982062476901286
Donor_1475,IN_SST,67,78,72.08275862068966,0.526733361256631,0.4285030585654117,1.2292406103706357
Donor_1475,IN_VIP,28,38,32.24242424242424,0.6923087265601278,0.4991092075762884,1.3870886692754691
Donor_1475,Micro,80,108,91.91489361702128,0.7368196502382762,0.4920849829260958,1.4973422798982998
Donor_1475,OPC,170,178,173.9080459770115,0.47389503125613075,0.37261414285298144,1.271811712855759
Donor_1475,Oligo,374,339,355.64095371669003,0.43299717862060216,0.35649031497697514,1.2146113384554877
Donor_1475,PC,44,46,44.977777777777774,1.0537546377949694,0.7473992849984437,1.4098951643995266
Donor_191,Astro,44,57,49.663366336633665,0.7638083285470514,0.6842214755192115,1.1163173853428767
Donor_191,EN_L6B,14,11,12.32,0.8692724023395333,0.6118347757415403,1.4207633119349583
Donor_191,EN_L6_CT,10,13,11.304347826086955,1.2093566183983882,0.8813234719212741,1.3722051629488612
Donor_191,Micro,75,87,80.55555555555554,0.6986613305611447,0.5786901490781098,1.2073150574174394
Donor_191,OPC,36,43,39.18987341772152,0.8967286488037489,0.664207596873299,1.3500728582825958
Donor_191,Oligo,1807,1721,1762.9518140589569,0.13664880473700639,0.13601163806605013,1.004684648166996
Donor_198,Astro,60,61,60.49586776859504,0.6031357782059406,0.47108395411995163,1.280314841826187
Donor_198,Micro,130,125,127.45098039215686,0.6353195417414004,0.4745703979746074,1.3387256020452292
Donor_198,OPC,69,89,77.73417721518987,0.6432066865656783,0.46412795125175554,1.3858391523952531
Donor_198,Oligo,284,306,294.58983050847456,0.41832201531104296,0.33382421209212554,1.2531206549979022
Donor_201,Astro,70,75,72.41379310344827,0.7308867454488706,0.6159040164908633,1.186689363730936
Donor_201,EN_L2_3_IT,649,708,677.2173913043479,0.10800550139917686,0.10184165590425676,1.060523814545149
Donor_201,EN_L3_5_IT_1,46,47,46.494623655913976,0.4626840315969494,0.3755175104857966,1.2321237190734138
Donor_201,EN_L3_5_IT_2,105,131,116.5677966101695,0.3829057126020228,0.30725070379686237,1.24623217415046
Donor_201,EN_L3_5_IT_3,131,139,134.8814814814815,0.302835702572507,0.24347814398838563,1.2437900897870853
Donor_201,EN_L5_6_NP,15,17,15.9375,1.0526800082655297,0.6040737418176274,1.7426349390689764
Donor_201,EN_L6B,35,33,33.97058823529412,0.5096834268782464,0.38020511601293006,1.3405485760504945
Donor_201,EN_L6_IT_1,38,34,35.88888888888889,0.48845679405612774,0.4188141594073146,1.166285291661027
Donor_201,EN_L6_IT_2,19,20,19.487179487179485,0.6227909350813228,0.4842187702254741,1.2861767725181805
Donor_201,Endo,38,43,40.34567901234568,0.9170887804369245,0.7180838573327781,1.2771332638548962
Donor_201,IN_ADARB2,14,18,15.75,1.0584930911963433,0.7579300032322358,1.3965578439728459
Donor_201,IN_LAMP5_LHX6,15,11,12.692307692307692,1.0275914423077381,0.9124896500726716,1.1261403811275008
Donor_201,IN_LAMP5_RELN,32,33,32.49230769230769,0.6459634002217993,0.5230133922693421,1.2350800376620954
Donor_201,IN_PVALB,140,124,131.51515151515153,0.28903250111452805,0.2281453610609323,1.266878711758396
Donor_201,IN_SST,46,52,48.816326530612244,0.677898223429837,0.47807600339400125,1.4179716585171382
Donor_201,IN_VIP,92,83,87.26857142857143,0.4314677956998745,0.35184552638621236,1.226298939001608
Donor_201,Micro,40,30,34.285714285714285,1.0875226339499795,0.8303448924780952,1.3097239999927726
Donor_201,OPC,97,106,101.30049261083744,0.5545620348269464,0.4795987702298188,1.1563041217999914
Donor_201,Oligo,292,336,312.45859872611464,0.43615365109780235,0.3426630700170692,1.2728352987559357
Donor_201,PC,25,19,21.59090909090909,1.1868116770269221,0.8124055549788247,1.4608611053353227
Donor_201,VLMC,14,10,11.666666666666666,1.7941932723420377,1.125373817699871,1.594308703581849
Donor_223,Astro,515,553,533.3239700374531,0.2850286094248684,0.25224028359440953,1.129988459270768
Donor_223,EN_L2_3_IT,378,389,383.42112125162976,0.23169074652822985,0.20668798080640083,1.120968648608786
Donor_223,EN_L3_5_IT_1,34,26,29.46666666666666,0.7151045278047059,0.4690338244177754,1.524633172655266
Donor_223,EN_L3_5_IT_3,46,41,43.35632183908046,0.5943706420895754,0.47824211209885625,1.2428237226560142
Donor_223,Endo,113,113,113.0,0.706625882678475,0.5318425493283838,1.3286373637664182
Donor_223,IN_LAMP5_RELN,21,27,23.625,1.0706630515719717,0.7306320769984773,1.4653928910025162
Donor_223,IN_PVALB,41,56,47.34020618556701,0.6403710103809153,0.5352681408149582,1.1963555488393827
Donor_223,IN_VIP,73,60,65.86466165413535,0.6411867847666883,0.5331605902474408,1.2026147402776195
Donor_223,Micro,98,123,109.08597285067873,0.6658200274736021,0.5105638798755345,1.304087605327498
Donor_223,OPC,62,62,62.0,0.7784259540255527,0.5654663063575929,1.3766089071508483
Donor_223,Oligo,239,263,250.42629482071712,0.5149119516838241,0.4032121054847062,1.277025031440567
Donor_223,PC,70,57,62.83464566929135,0.8498322224108725,0.6163195553964576,1.3788824563001318
Donor_223,PVM,21,21,21.0,1.4783163619179946,0.9470223818622627,1.561015230718174
Donor_223,SMC,45,48,46.45161290322581,1.1205859393295672,0.7043056585751328,1.5910505981119092
Donor_223,VLMC,50,18,26.470588235294116,1.2412598194870172,0.9256300063898197,1.3409891759324333
Donor_228,Astro,287,279,282.9434628975265,0.2797676638923896,0.23867816047684443,1.1721544331222191
Donor_228,EN_L2_3_IT,12,11,11.478260869565217,0.9613803601521465,0.6600657535977525,1.4564918039029435
Donor_228,EN_L3_5_IT_2,34,29,31.301587301587304,0.6572690409538222,0.47568124550580215,1.3817426000365725
Donor_228,EN_L3_5_IT_3,10,22,13.75,1.0752134042220725,0.8680997889838613,1.238582727315997
Donor_228,Endo,12,11,11.478260869565217,1.5662123684030007,0.9517614116875643,1.6455934745515222
Donor_228,Micro,51,55,52.924528301886795,0.8400487442411806,0.6642967898599528,1.2645684234275465
Donor_228,OPC,89,108,97.58375634517768,0.4842478037343101,0.3945245951812293,1.2274210775423657
Donor_228,Oligo,167,190,177.75910364145656,0.46519174605744507,0.3640175229015128,1.2779377826361003
Donor_23,Astro,244,236,239.93333333333334,0.34489004387042543,0.29645076740704956,1.1633973724779232
Donor_23,EN_L2_3_IT,435,517,472.468487394958,0.16140411892113204,0.1547465576521394,1.0430223545518758
Donor_23,EN_L3_5_IT_2,13,21,16.058823529411764,0.8202244816767581,0.6986951599461346,1.173937546297004
Donor_23,IN_ADARB2,73,90,80.61349693251533,0.5891319647817452,0.44840093023665295,1.3138508978356012
Donor_23,IN_LAMP5_RELN,28,34,30.709677419354843,0.8379636906690493,0.5673823526172583,1.4768941733975964
Donor_23,IN_PVALB,34,27,30.098360655737704,0.7206353894367208,0.5904726783582026,1.2204381605605072
Donor_23,IN_PVALB_CHC,11,24,15.085714285714287,1.1945404136873639,0.749964094105005,1.5927968059763036
Donor_23,IN_VIP,140,204,166.046511627907,0.3935567261397539,0.31383098002187637,1.2540403949677628
Donor_23,Micro,28,22,24.64,1.2028409096723278,0.8033837408032642,1.497218388400126
Donor_23,OPC,88,97,92.28108108108107,0.5846558140254354,0.4661068359583793,1.2543386385297337
Donor_23,Oligo,220,198,208.42105263157896,0.4309861853708177,0.3564520138649083,1.209100155439596
Donor_23,PC,28,14,18.666666666666668,1.206459688163175,0.9463720986794084,1.2748259271873077
Donor_250,Astro,324,314,318.9216300940439,0.3343510324063459,0.27533536087773736,1.2143410542709567
Donor_250,EN_L2_3_IT,165,192,177.47899159663865,0.36792674662439306,0.30908362234525555,1.1903793019916402
Donor_250,EN_L3_5_IT_1,22,37,27.59322033898305,0.6568643192642329,0.5090281951618367,1.2904281639161348
Donor_250,EN_L3_5_IT_2,60,70,64.61538461538461,0.5350572329034464,0.39713791936021536,1.3472831649151447
Donor_250,EN_L3_5_IT_3,39,46,42.21176470588235,0.5962282675163069,0.48144228544056444,1.238421064262568
Donor_250,EN_L6B,13,17,14.73333333333333,0.9067105636346615,0.6286459437943472,1.4423230955122162
Donor_250,EN_L6_CT,17,16,16.484848484848484,0.959067450759012,0.7233708332359128,1.3258309662123626
Donor_250,EN_L6_IT_1,23,27,24.84,0.7127208788685806,0.5667020503364464,1.2576641966363877
Donor_250,Endo,10,15,11.999999999999998,2.3453578641088875,1.2718208098135237,1.844094581572987
Donor_250,IN_LAMP5_RELN,26,29,27.418181818181818,0.7863180555603817,0.6791879857054157,1.1577325749419713
Donor_250,IN_PVALB,27,33,29.7,0.8231610872815431,0.6208379641997555,1.3258871633962932
Donor_250,IN_PVALB_CHC,11,18,13.655172413793103,1.1217203110897929,0.7277989478937128,1.5412502509602528
Donor_250,IN_SST,25,41,31.06060606060606,0.9276214087503911,0.6619692685001999,1.4013058504242497
Donor_250,IN_VIP,84,67,74.54304635761589,0.5206074780074634,0.4092475603465935,1.2721089346667303
Donor_250,Micro,60,71,65.0381679389313,0.8917165916774286,0.6980481755967238,1.2774427652004792
Donor_250,OPC,88,84,85.95348837209302,0.5661804077096644,0.4622265032257582,1.2248981911648056
Donor_250,Oligo,265,244,254.06679764243614,0.44968426790917215,0.36033833907553525,1.2479501045124923
Donor_250,PVM,13,17,14.73333333333333,1.9294764023092874,0.9940875066888539,1.9409522696206734
Donor_260,Astro,184,352,241.67164179104475,0.22510966461783932,0.17853218290246992,1.2608912351719475
Donor_260,EN_L2_3_IT,145,262,186.68304668304668,0.1451850883545316,0.11659563969370579,1.245201696529387
Donor_260,EN_L3_5_IT_1,10,16,12.307692307692307,0.6338429293592824,0.39309461148658853,1.6124436988903057
Donor_260,EN_L3_5_IT_2,22,52,30.91891891891892,0.4052214288828422,0.32419872085680196,1.2499168035330646
Donor_260,EN_L3_5_IT_3,28,36,31.5,0.4029566471060102,0.27966599433807326,1.4408496394413168
Donor_260,Endo,23,26,24.408163265306122,0.9260138878887254,0.6835163048040318,1.354779514958636
Donor_260,IN_ADARB2,77,113,91.58947368421052,0.36498632217121907,0.2641006312943146,1.3819971591225662
Donor_260,IN_LAMP5_RELN,21,42,28.0,0.5165314931206755,0.38012380464884843,1.358850687075065
Donor_260,IN_PVALB,37,97,53.56716417910448,0.3436694574613025,0.31168851141600484,1.102605469479795
Donor_260,IN_PVALB_CHC,22,23,22.488888888888887,0.5699309657078371,0.4252326283917274,1.3402804198336646
Donor_260,IN_SST,45,63,52.49999999999999,0.5969639777448525,0.44065802490138983,1.3547103286691324
Donor_260,IN_VIP,124,180,146.8421052631579,0.237552708590464,0.18251919417081996,1.3015217915554576
Donor_260,Micro,43,70,53.274336283185846,0.7468915182525047,0.47780560928218296,1.5631702595006678
Donor_260,OPC,35,66,45.742574257425744,0.5463367133961459,0.3920859382648487,1.3934106278177791
Donor_260,Oligo,125,174,145.48494983277592,0.44173897524869976,0.33038955569680484,1.3370246354097197
Donor_260,VLMC,24,16,19.200000000000003,1.0720431702218716,0.6908634435422574,1.5517439520684364
Donor_270,Astro,603,532,565.279295154185,0.2361849561609537,0.20740406610534673,1.1387672411445795
Donor_270,EN_L2_3_IT,265,278,271.3443830570902,0.2969332633126722,0.255719154094201,1.1611694257493475
Donor_270,EN_L3_5_IT_1,12,12,12.0,1.0374983046747346,0.6691696465635113,1.5504264277418403
Donor_270,EN_L3_5_IT_2,80,87,83.35329341317365,0.4752779039782,0.37903965479514623,1.2539002132509491
Donor_270,EN_L3_5_IT_3,105,112,108.38709677419355,0.40914472982884975,0.3304763706085707,1.238045337630075
Donor_270,EN_L5_6_NP,13,16,14.344827586206897,1.1478448964005086,0.6663948584473145,1.7224696166998679
Donor_270,EN_L6B,13,14,13.481481481481481,1.0916741657959566,0.7068312771741763,1.5444621666436924
Donor_270,EN_L6_CT,27,34,30.098360655737704,0.7415188877626209,0.5244310689395224,1.4139491950049456
Donor_270,Endo,101,76,86.73446327683615,0.7137738712205257,0.5769537517845968,1.2371422648916408
Donor_270,IN_ADARB2,75,72,73.46938775510203,0.6678793453555132,0.5423883163874663,1.2313675003249882
Donor_270,IN_LAMP5_LHX6,31,18,22.775510204081634,0.8613205427207822,0.5394879193859863,1.596552048285135
Donor_270,IN_LAMP5_RELN,65,79,71.31944444444444,0.5493817693339365,0.4575081818188349,1.200812993441682
Donor_270,IN_PVALB,121,112,116.32618025751073,0.48395748572506525,0.368812678225797,1.3122040382483098
Donor_270,IN_PVALB_CHC,28,28,28.0,0.8561963443557419,0.6681418991238313,1.281458842019212
Donor_270,IN_SST,78,77,77.49677419354839,0.6611984185919635,0.48058602095392056,1.375817002083297
Donor_270,IN_VIP,193,180,186.2734584450402,0.39765510035141016,0.33592585677375086,1.1837585357986733
Donor_270,Micro,134,99,113.87124463519314,0.6738804716519251,0.504708840727119,1.3351865813982684
Donor_270,OPC,198,193,195.46803069053706,0.4330941847705714,0.3520362316986967,1.230254575447368
Donor_270,Oligo,357,277,311.95268138801265,0.43743709674495357,0.35230776033269784,1.2416334409774703
Donor_270,PC,58,43,49.386138613861384,0.9366411840382383,0.7321343845272423,1.2793295928083628
Donor_281,Astro,918,770,837.5118483412322,0.13545508980131668,0.13322918133783612,1.0167073642660627
Donor_281,EN_L2_3_IT,591,519,552.6648648648649,0.11046379127341499,0.09505749903567551,1.1620734018255354
Donor_281,EN_L3_5_IT_1,53,45,48.673469387755105,0.4460837089629841,0.3384714896501655,1.3179358457164103
Donor_281,EN_L3_5_IT_2,148,127,136.6981818181818,0.26132331543616516,0.20749832769674054,1.2593996218518446
Donor_281,EN_L3_5_IT_3,131,132,131.4980988593156,0.2961603771424217,0.21448164244553958,1.3808192335976806
Donor_281,EN_L5_6_NP,36,33,34.434782608695656,0.5321167221774048,0.40974086796278275,1.2986664591771637
Donor_281,EN_L6B,31,16,21.106382978723403,0.7009204926206891,0.49631495586352514,1.4122493878935731
Donor_281,EN_L6_CT,37,33,34.885714285714286,0.5406144605995518,0.4091442363802127,1.321329772068854
Donor_281,EN_L6_IT_1,71,41,51.982142857142854,0.414896830638372,0.2824838874675675,1.4687451180237923
Donor_281,EN_L6_IT_2,14,14,14.0,0.8500869282716779,0.510902768645991,1.6638918018091824
Donor_281,Endo,27,38,31.56923076923077,1.0476926696914681,0.7395798718850921,1.416605169393046
Donor_281,IN_ADARB2,76,58,65.7910447761194,0.45968456074143793,0.3231931155684533,1.4223216355735626
Donor_281,IN_LAMP5_LHX6,24,30,26.666666666666668,0.569413302753937,0.4337691936100754,1.312710333380187
Donor_281,IN_LAMP5_RELN,32,32,32.0,0.5228135176901745,0.4226129301065584,1.2370977801326413
Donor_281,IN_PVALB,123,96,107.83561643835617,0.3156851982814828,0.25811872909726197,1.2230232164304866
Donor_281,IN_PVALB_CHC,37,34,35.436619718309856,0.5758515744280679,0.4477252664514011,1.2861717164013893
Donor_281,IN_SST,205,183,193.3762886597938,0.32354997699953736,0.2740041806843436,1.1808213151764686
Donor_281,IN_VIP,211,192,201.05210918114145,0.2697076193101484,0.20346880062510397,1.3255477915117366
Donor_281,Micro,222,262,240.3471074380165,0.420017805340434,0.3273343920951852,1.2831459678037664
Donor_281,OPC,93,88,90.43093922651933,0.5432814456124677,0.4389266106433123,1.2377500758411706
Donor_281,Oligo,1873,1629,1742.4997144488864,0.11232810508100886,0.10939159809731575,1.0268439901671496
Donor_281,PC,51,46,48.371134020618555,0.7809562365479938,0.6377090405263273,1.2246278269842918
Donor_281,PVM,29,21,24.36,0.9364845706579752,0.7583373496586265,1.2349181681207493
Donor_281,VLMC,37,26,30.539682539682538,0.9336858166636652,0.5788291837155448,1.6130593324100748
Donor_285,Astro,812,748,778.6871794871795,0.16627280775409203,0.160428923198209,1.036426627065638
Donor_285,EN_L2_3_IT,405,337,367.88409703504044,0.15556568948512162,0.132603112976156,1.1731677031827648
Donor_285,EN_L3_5_IT_1,52,48,49.92,0.4819281334081138,0.3703675245218574,1.3012159584733585
Donor_285,EN_L3_5_IT_2,102,82,90.91304347826087,0.35984102781296334,0.29202322556787763,1.23223427558957
Donor_285,EN_L3_5_IT_3,116,111,113.44493392070484,0.32525840707343867,0.254447055296783,1.2782950334955239
Donor_285,EN_L5_6_NP,16,14,14.933333333333334,0.8593367175256268,0.6955560498986624,1.2354672461706373
Donor_285,Endo,38,23,28.655737704918035,1.1185845422521767,1.028822504879726,1.0872473501956923
Donor_285,IN_ADARB2,125,115,119.79166666666667,0.35365003804665207,0.2941816429218713,1.2021485587412208
Donor_285,IN_LAMP5_LHX6,16,19,17.37142857142857,0.7713860701842774,0.5356938814440797,1.4399755100895273
Donor_285,IN_LAMP5_RELN,41,40,40.49382716049382,0.5157392536204766,0.392240054626839,1.3148561640680212
Donor_285,IN_PVALB,133,109,119.8099173553719,0.3193516146097677,0.2612578580292646,1.2223617579150319
Donor_285,IN_PVALB_CHC,38,34,35.88888888888889,0.5956752567396943,0.47653018169183725,1.2500262934550195
Donor_285,IN_SST,266,237,250.66401590457255,0.30408569716064804,0.23385402341364125,1.3003227086787423
Donor_285,IN_VIP,243,210,225.2980132450331,0.26049866242178565,0.22914955228309886,1.1368063337953072
Donor_285,Micro,280,224,248.8888888888889,0.43967699761527435,0.3483594002237935,1.2621361655026861
Donor_285,OPC,204,145,169.51289398280804,0.4013951808671763,0.34437230007591724,1.1655849810762604
Donor_285,Oligo,851,705,771.1503856041131,0.2219580258237052,0.20579535086083633,1.0785376097917705
Donor_285,PC,34,31,32.43076923076923,1.0164696513762865,0.7248832555339062,1.4022529057146105
Donor_285,PVM,24,13,16.864864864864867,1.4060838880609978,1.1152124155952698,1.2608215873479751
Donor_294,Astro,332,328,329.9878787878788,0.22939934591633176,0.20037322908107574,1.1448602538790817
Donor_294,EN_L2_3_IT,293,364,324.66362252663623,0.16755971814000947,0.15910900661005012,1.0531127163069445
Donor_294,EN_L3_5_IT_1,41,58,48.04040404040404,0.44455175544014214,0.3294873945674679,1.3492223458919395
Donor_294,EN_L3_5_IT_2,172,156,163.609756097561,0.24366351585047719,0.21441320395524555,1.1364202920139985
Donor_294,EN_L3_5_IT_3,199,224,210.76122931442083,0.2126354269183075,0.18477786013858366,1.150762470995338
Donor_294,EN_L5_6_NP,33,28,30.295081967213115,0.637547713026068,0.48931359338190994,1.302942983087047
Donor_294,EN_L6B,25,28,26.415094339622645,0.5709803295384375,0.3970589174985215,1.4380241933253233
Donor_294,EN_L6_CT,36,27,30.857142857142858,0.5877151806870273,0.4664816495130548,1.2598891752773647
Donor_294,EN_L6_IT_1,46,42,43.909090909090914,0.37730999292800016,0.316173983884084,1.1933619214740006
Donor_294,EN_L6_IT_2,30,25,27.272727272727273,0.5399773375612309,0.4073036952175797,1.3257364072593978
Donor_294,Endo,18,17,17.485714285714288,1.2096910199478152,0.8065113896272926,1.4999056870193006
Donor_294,IN_ADARB2,13,19,15.4375,0.99518345334733,0.758112073913813,1.3127128396855856
Donor_294,IN_LAMP5_LHX6,11,17,13.357142857142858,1.005761409722819,0.7295442443638791,1.3786160572067638
Donor_294,IN_LAMP5_RELN,21,40,27.54098360655738,0.7240225047623134,0.5864438825024862,1.2345981028444677
Donor_294,IN_PVALB,97,101,98.95959595959596,0.37540829185864033,0.31386910164394966,1.1960664171540536
Donor_294,IN_PVALB_CHC,22,23,22.488888888888887,0.8071564644904208,0.6328510472573585,1.2754288200809096
Donor_294,IN_SST,61,73,66.46268656716418,0.5402003708586798,0.3912801505204335,1.3805974316360556
Donor_294,IN_VIP,103,118,109.99095022624434,0.39660707557712893,0.3219975665459329,1.2317083008779601
Donor_294,Micro,46,60,52.07547169811321,0.8249924468260854,0.5198285373777303,1.5870472425152944
Donor_294,OPC,28,42,33.6,0.7691714654834554,0.6091436092965923,1.262709570854162
Donor_294,Oligo,318,333,325.3271889400922,0.33109894027141307,0.2777358514737309,1.192136119678195
Donor_301,Astro,401,362,380.5032765399738,0.23922941895010624,0.20819221915106256,1.1490795377733274
Donor_301,EN_L2_3_IT,249,208,226.66083150984684,0.20950976657633752,0.176248679546629,1.1887168012564249
Donor_301,EN_L3_5_IT_1,16,26,19.80952380952381,0.7073176180141947,0.5470547074766445,1.2929559116249671
Donor_301,EN_L3_5_IT_2,93,78,84.84210526315789,0.3867367470118439,0.3111716327156038,1.242840626688176
Donor_301,EN_L3_5_IT_3,94,93,93.49732620320856,0.3815305083461893,0.2913378656966683,1.309580913671643
Donor_301,EN_L5_6_NP,19,26,21.955555555555556,0.7707136327215336,0.6553993567249012,1.175945055199428
Donor_301,EN_L6B,20,20,20.0,0.7662346455643427,0.5309769229507042,1.4430658140588906
Donor_301,EN_L6_CT,49,43,45.80434782608696,0.4919476129484308,0.3906872259452099,1.2591853029190714
Donor_301,EN_L6_IT_1,52,49,50.45544554455446,0.47683866333714464,0.38891337835021567,1.226079353093769
Donor_301,Endo,63,56,59.294117647058826,0.6887403224452626,0.555915769772314,1.2389292765113489
Donor_301,IN_ADARB2,17,21,18.789473684210527,0.8597304272236306,0.7200602200412205,1.193970175403405
Donor_301,IN_LAMP5_LHX6,21,22,21.488372093023255,0.7038941177172449,0.45316915715118977,1.5532701345833346
Donor_301,IN_LAMP5_RELN,24,20,21.818181818181817,0.6899788853698379,0.5587182526810208,1.234931706739417
Donor_301,IN_PVALB,86,82,83.95238095238095,0.3691377936229179,0.30173231211493334,1.2233949723034934
Donor_301,IN_PVALB_CHC,19,15,16.764705882352942,0.8012751026781562,0.5709461599609194,1.4034162218255442
Donor_301,IN_SST,109,87,96.76530612244898,0.4493102260812245,0.34808324155795534,1.2908125771013743
Donor_301,IN_VIP,77,96,85.45664739884393,0.40494406941719996,0.3029424596673067,1.3367029166591968
Donor_301,Micro,49,44,46.36559139784946,0.7765504292054493,0.5713530730724612,1.3591428239451582
Donor_301,OPC,129,138,133.34831460674155,0.4230100689132761,0.31937538968429946,1.3244917503863365
Donor_301,Oligo,1463,1329,1392.7843839541547,0.14736696267252392,0.12873467871505984,1.144733991985987
Donor_301,PC,22,25,23.404255319148938,1.0626245893524802,0.6573384008493512,1.6165563855381886
Donor_301,VLMC,15,14,14.482758620689655,1.2415804311007665,0.8075664429071168,1.5374344018447141
Donor_31,Astro,329,101,154.55348837209303,0.34469991211674444,0.28424374492055193,1.2126912844224256
Donor_31,EN_L2_3_IT,304,122,174.12206572769952,0.16690816458203006,0.12890398117114366,1.29482552102428
Donor_31,EN_L3_5_IT_1,30,13,18.13953488372093,0.4985194192731788,0.38176299237962574,1.3058348483853308
Donor_31,EN_L3_5_IT_2,70,25,36.8421052631579,0.3568035264793028,0.28129420076270595,1.2684354157030595
Donor_31,EN_L3_5_IT_3,63,31,41.5531914893617,0.37975668369901383,0.26834187879673554,1.4151972304951816
Donor_31,EN_L5_6_NP,23,11,14.882352941176471,0.569726819267101,0.4389458113498419,1.2979434010660282
Donor_31,EN_L6_CT,38,13,19.372549019607842,0.532844056227495,0.42752498994823074,1.2463459885514936
Donor_31,EN_L6_IT_1,32,14,19.47826086956522,0.4480868466486392,0.3199570507476106,1.4004593604099078
Donor_31,IN_ADARB2,25,10,14.285714285714285,0.6993834535411585,0.4789383183849165,1.4602787596942142
Donor_31,IN_PVALB,48,14,21.67741935483871,0.5369633813966486,0.4002650722751788,1.3415194544566478
Donor_31,IN_SST,71,31,43.15686274509804,0.5095983625829623,0.327963877550987,1.5538246662659898
Donor_31,IN_VIP,62,26,36.63636363636363,0.46177736585921414,0.3448292984895609,1.339147711293429
Donor_31,Micro,242,91,132.26426426426426,0.5220431240520476,0.4008476892106899,1.3023478445890604
Donor_31,OPC,124,35,54.59119496855345,0.5950348908650069,0.44182133344993035,1.346777183027174
Donor_31,Oligo,1081,384,566.6948805460751,0.2023927574524258,0.170237681452795,1.1888834230190515
Donor_310,Astro,208,221,214.30303030303025,0.3105923114285958,0.2667901715268133,1.1641819848576402
Donor_310,EN_L2_3_IT,386,403,394.3168567807351,0.10881980646467282,0.0968008015062201,1.124162246297934
Donor_310,EN_L3_5_IT_1,50,50,50.0,0.38868670930749616,0.30751377667569413,1.2639651904682225
Donor_310,EN_L3_5_IT_2,215,195,204.51219512195124,0.18521751528762465,0.16531428655529964,1.12039630177799
Donor_310,EN_L3_5_IT_3,139,158,147.8922558922559,0.23858957067534947,0.1935274372421807,1.2328462262267128
Donor_310,EN_L5_6_NP,19,26,21.955555555555556,0.5709695022473578,0.40032197392564406,1.4262756966556371
Donor_310,EN_L6B,16,10,12.307692307692307,0.6225206849867266,0.4811213430646639,1.293895384106995
Donor_310,EN_L6_CT,13,19,15.4375,0.6552415617172587,0.43691534643866525,1.4996991226291072
Donor_310,EN_L6_IT_1,53,42,46.86315789473685,0.3426750151681617,0.24605995178377515,1.3926484691392889
Donor_310,EN_L6_IT_2,11,10,10.476190476190476,0.7060188589368994,0.48412119005490784,1.4583514901647343
Donor_310,Endo,15,15,15.0,1.4558574870791574,0.9284484391808334,1.568054213504473
Donor_310,IN_ADARB2,53,68,59.570247933884296,0.5328690456688805,0.3800532139668642,1.4020906180662898
Donor_310,IN_LAMP5_LHX6,31,24,27.05454545454546,0.5382438198876756,0.3799053911929535,1.4167838424127603
Donor_310,IN_LAMP5_RELN,49,62,54.738738738738746,0.44473141013763895,0.34561854621487254,1.286769518037228
Donor_310,IN_PVALB,134,130,131.96969696969697,0.2715646722902261,0.2172019685364881,1.250286422908757
Donor_310,IN_PVALB_CHC,22,44,29.333333333333336,0.8294094363817006,0.6009984883142128,1.3800524502285778
Donor_310,IN_SST,109,118,113.32158590308372,0.38729199950350246,0.3311758475924469,1.1694451824280176
Donor_310,IN_VIP,195,216,204.96350364963507,0.2754613924917537,0.23501767031905074,1.1720880056286753
Donor_310,Micro,81,86,83.42514970059881,0.6583000151222933,0.5494466545627348,1.198114520591971
Donor_310,OPC,165,148,156.03833865814696,0.3707236779727685,0.3103553226366813,1.194513678139033
Donor_310,Oligo,1862,1931,1895.8723965199051,0.11154215717818164,0.10639873816817297,1.0483409775206076
Donor_310,VLMC,24,16,19.200000000000003,1.2161740524693565,0.7417342625488184,1.6396358020326884
Donor_32,Astro,48,64,54.85714285714286,0.520745976431729,0.37362574143579064,1.393763648164541
Donor_32,EN_L2_3_IT,18,25,20.930232558139533,0.6599852409512041,0.5158538218485091,1.279403608150493
Donor_32,EN_L3_5_IT_2,12,12,12.0,0.8066297382719618,0.6058543649095331,1.3313921380964362
Donor_32,EN_L3_5_IT_3,22,19,20.390243902439025,0.6498232992383675,0.4901395433120648,1.3257924362667355
Donor_32,Micro,15,19,16.764705882352942,1.1987093758409264,0.7455679254479897,1.6077802369524647
Donor_32,OPC,11,19,13.933333333333334,1.0511194171872211,0.7068264827550932,1.4870968233817878
Donor_32,Oligo,400,384,391.83673469387753,0.2999653452839741,0.24981986055449124,1.2007265740128978
Donor_333,Astro,184,214,197.86934673366832,0.35520893888674787,0.30502587437719697,1.1645206807849167
Donor_333,EN_L2_3_IT,60,66,62.85714285714286,0.37935475324819024,0.30781019254589026,1.2324307720629935
Donor_333,EN_L3_5_IT_2,55,64,59.15966386554622,0.3937852313002681,0.3088110472996177,1.2751656222913745
Donor_333,EN_L3_5_IT_3,57,45,50.29411764705882,0.4166184450091801,0.3306036886518182,1.2601748235421233
Donor_333,EN_L5_6_NP,15,13,13.928571428571429,0.8105446537621539,0.49549227972989396,1.6358370996294904
Donor_333,EN_L6B,34,39,36.32876712328767,0.5105385705764904,0.3815165768040052,1.338181881514331
Donor_333,EN_L6_CT,42,36,38.769230769230774,0.5063554968064781,0.36893614163949895,1.3724746362779947
Donor_333,EN_L6_IT_1,44,36,39.6,0.45785640814806794,0.3561255987346823,1.285659918227828
Donor_333,EN_L6_IT_2,17,13,14.73333333333333,0.6302853957988201,0.49183540322972696,1.2814965975607613
Donor_333,Endo,15,15,15.0,1.4857568737758462,0.9526329518381855,1.5596320397157721
Donor_333,IN_ADARB2,20,24,21.818181818181817,0.7585228767479486,0.5127282223368475,1.479385849467871
Donor_333,IN_LAMP5_LHX6,21,19,19.950000000000003,0.6864937775583471,0.5181088715936553,1.3249990787587853
Donor_333,IN_LAMP5_RELN,45,37,40.60975609756097,0.5493491281000509,0.4182285519933975,1.3135141670306703
Donor_333,IN_PVALB,68,60,63.75,0.3754857949637852,0.29839435838131,1.2583542028095658
Donor_333,IN_PVALB_CHC,15,14,14.482758620689655,0.8919736666383624,0.6468290745781937,1.3789943923285002
Donor_333,IN_SST,71,78,74.33557046979867,0.512219423544134,0.3915954429954316,1.3080321354763815
Donor_333,IN_VIP,83,98,89.87845303867402,0.38795770766512616,0.3172659089979568,1.2228156151111231
Donor_333,Micro,76,77,76.49673202614379,0.756252509727777,0.5600134371587617,1.3504185070355414
Donor_333,OPC,73,76,74.46979865771813,0.5773725652769528,0.43704882790967536,1.3210710758301771
Donor_333,Oligo,1493,1441,1466.539195637355,0.1318946987049654,0.12637957799859897,1.0436393347224784
Donor_333,PC,12,14,12.923076923076923,1.4766661336652138,1.065239729091192,1.3862289335800777
Donor_334,Astro,351,373,361.6657458563536,0.37259491353197527,0.3180053438750612,1.1716624286614548
Donor_334,EN_L2_3_IT,515,465,488.7244897959183,0.15253102517398454,0.14668634987521134,1.039844711547771
Donor_334,EN_L3_5_IT_1,54,63,58.15384615384616,0.5137693798197258,0.4341779042505016,1.1833153525088265
Donor_334,EN_L3_5_IT_2,236,221,228.253829321663,0.26609062488105506,0.2394481353069695,1.1112662228082513
Donor_334,EN_L3_5_IT_3,307,298,302.43305785123965,0.2151681912645581,0.19053977239872033,1.129256052716914
Donor_334,EN_L5_6_NP,40,51,44.83516483516483,0.5649703092961325,0.482106279678,1.1718791750098703
Donor_334,EN_L6B,119,100,108.67579908675799,0.3701113625940864,0.2979488730266757,1.2421975583742177
Donor_334,EN_L6_CT,89,76,81.98787878787878,0.4307925843158902,0.35873506589402915,1.2008655558727759
Donor_334,EN_L6_IT_1,177,202,188.67546174142478,0.24438290461462087,0.20989465800932394,1.1643121694110237
Donor_334,EN_L6_IT_2,43,32,36.693333333333335,0.5430194545678981,0.4573954618798597,1.1871990428941523
Donor_334,Endo,12,14,12.923076923076923,2.4313740206794803,1.2471155343247249,1.9495980554808783
Donor_334,IN_ADARB2,16,18,16.941176470588236,0.9558282453967868,0.881138423580405,1.0847651399798097
Donor_334,IN_LAMP5_LHX6,31,24,27.05454545454546,0.7283364583102663,0.6230337435791435,1.1690160698619467
Donor_334,IN_LAMP5_RELN,38,33,35.32394366197183,0.7215914426404515,0.5959035812143965,1.210919795396958
Donor_334,IN_PVALB,130,137,133.40823970037454,0.40905473908420076,0.32271372351877714,1.2675467737286972
Donor_334,IN_PVALB_CHC,22,24,22.956521739130434,0.9355758011861948,0.6471519950362099,1.4456817074848805
Donor_334,IN_SST,84,94,88.71910112359551,0.6482751698118907,0.491698058392968,1.3184415898054764
Donor_334,IN_VIP,122,108,114.57391304347826,0.5298319807316041,0.42489355906284443,1.2469757882426233
Donor_334,Micro,108,108,108.0,0.705596039096819,0.5941402835083567,1.187591649114118
Donor_334,OPC,156,144,149.76000000000002,0.5639443923010701,0.4574723181624445,1.2327399274480653
Donor_334,Oligo,968,930,948.6195995785037,0.2788828503965819,0.2433983073616841,1.1457879613853215
Donor_353,Astro,563,654,605.0977814297453,0.17578911604659422,0.16190432703166469,1.0857592213221947
Donor_353,EN_L2_3_IT,342,412,373.7506631299735,0.2095772016529147,0.18447333006220568,1.1360840159509444
Donor_353,EN_L3_5_IT_1,33,39,35.75,0.5596474105607039,0.4180437122643057,1.3387294059021035
Donor_353,EN_L3_5_IT_2,103,109,105.91509433962264,0.4397842762836013,0.34484418591453947,1.275313008735459
Donor_353,EN_L3_5_IT_3,121,121,121.0,0.37741975439594233,0.2924425561017163,1.2905774023691325
Donor_353,EN_L5_6_NP,17,13,14.73333333333333,1.0032941179620698,0.7397726849733575,1.3562194689551195
Donor_353,EN_L6B,16,13,14.344827586206897,0.9107808602509797,0.7241604810517384,1.257705831900965
Donor_353,EN_L6_CT,24,28,25.846153846153847,0.6431289201208155,0.4275241474547409,1.5043101634133993
Donor_353,EN_L6_IT_1,43,55,48.26530612244898,0.501126672935204,0.3830840973099001,1.3081374989309775
Donor_353,EN_L6_IT_2,18,10,12.857142857142858,0.815400779624162,0.6299576713916599,1.294373918525087
Donor_353,Endo,91,109,99.18999999999998,0.6055910351979321,0.4589983309394676,1.3193752446951643
Donor_353,IN_ADARB2,10,20,13.333333333333332,1.7181925086558874,1.1480710801124645,1.4965907062893475
Donor_353,IN_LAMP5_LHX6,11,11,11.0,1.0655040660882937,0.6772547722630726,1.5732691886804597
Donor_353,IN_LAMP5_RELN,23,30,26.037735849056606,0.7969358453687954,0.6274829647455444,1.270051762587638
Donor_353,IN_PVALB,54,63,58.15384615384616,0.6168377943959398,0.46092263133396916,1.3382675365944436
Donor_353,IN_SST,76,73,74.46979865771813,0.571777153985088,0.44128399013772235,1.2957124363533774
Donor_353,IN_VIP,87,109,96.76530612244898,0.4819691422574427,0.35836325060053187,1.3449178771812584
Donor_353,Micro,116,142,127.68992248062015,0.5337524525214037,0.4308073467976943,1.2389585657926399
Donor_353,OPC,133,139,135.93382352941177,0.4320051084976404,0.34175776051150164,1.2640681746365245
Donor_353,Oligo,907,1048,972.4153452685423,0.18795992180520965,0.1696380081047395,1.1080059469288137
Donor_353,PC,71,68,69.46762589928058,0.6680971152914474,0.5447163496379233,1.2265046124199066
Donor_353,VLMC,37,58,45.17894736842105,0.8426341652014324,0.5041190535423352,1.671498348020026
Donor_389,Astro,92,273,137.62191780821917,0.2903356127046573,0.26946923154192287,1.0774351158510211
Donor_389,EN_L2_3_IT,123,300,174.46808510638294,0.21481289164671208,0.19906498335203598,1.0791093844306447
Donor_389,EN_L3_5_IT_1,24,43,30.805970149253728,0.5248394399487295,0.37025393497431525,1.417512119041052
Donor_389,EN_L3_5_IT_2,80,162,107.10743801652892,0.36310239116605203,0.2478272090775262,1.465143365482783
Donor_389,EN_L3_5_IT_3,60,151,85.87677725118483,0.3415156150202061,0.2642886539136613,1.2922068729131806
Donor_389,EN_L5_6_NP,15,34,20.816326530612248,0.5870828127925845,0.45025469071801716,1.3038904977455508
Donor_389,EN_L6B,23,37,28.366666666666667,0.521244176346225,0.3920920822042877,1.3293922524929909
Donor_389,EN_L6_CT,19,62,29.08641975308642,0.5542632559884262,0.45181941376407897,1.2267362559100639
Donor_389,EN_L6_IT_1,17,57,26.18918918918919,0.7048734142064363,0.4748051902368946,1.484552883372555
Donor_389,Endo,15,33,20.625,0.993733781967475,0.6174635324333195,1.6093805217149229
Donor_389,IN_ADARB2,26,36,30.193548387096772,0.7384266464753564,0.6256813699592003,1.180195994206297
Donor_389,IN_LAMP5_LHX6,10,24,14.117647058823529,0.8649476361023227,0.6439805221205184,1.343127014547268
Donor_389,IN_LAMP5_RELN,12,14,12.923076923076923,0.9949706842117836,0.7616979418945977,1.306253607219889
Donor_389,IN_PVALB,39,110,57.58389261744967,0.4316639414123815,0.3044801709185774,1.4177078924716415
Donor_389,IN_PVALB_CHC,13,28,17.756097560975608,0.8193738880827315,0.5782641436666198,1.4169543400828877
Donor_389,IN_SST,39,71,50.345454545454544,0.5633327597025275,0.4108951619457786,1.3709890304740664
Donor_389,IN_VIP,65,107,80.87209302325581,0.47852063796552047,0.3274650124948728,1.461287831392408
Donor_389,Micro,28,115,45.03496503496504,0.898545886646489,0.6742268683656361,1.3327055458715475
Donor_389,OPC,44,164,69.38461538461539,0.5115276138684679,0.3942829804255068,1.2973616393901448
Donor_389,Oligo,326,907,479.6139497161395,0.2169932417473408,0.1785257015673074,1.2154734015456616
Donor_389,PC,17,34,22.666666666666668,1.0733057378911632,0.6332317684798525,1.6949650843762312
Donor_390,Astro,341,181,236.47892720306513,0.40447388250928107,0.3017329215645659,1.3405029865881914
Donor_390,EN_L2_3_IT,135,78,98.87323943661971,0.4114731954332278,0.3209493410834735,1.282050288821782
Donor_390,EN_L3_5_IT_1,29,16,20.622222222222224,0.7338906128854017,0.4716211034202882,1.5561021497195182
Donor_390,EN_L3_5_IT_2,82,38,51.93333333333334,0.47697476526918603,0.32721577510487254,1.4576765595005796
Donor_390,EN_L3_5_IT_3,89,33,48.147540983606554,0.4659834463676815,0.3684502976623518,1.2647118195429148
Donor_390,EN_L5_6_NP,35,10,15.555555555555554,0.7208238113796339,0.5307032193044714,1.3582427714011809
Donor_390,EN_L6B,19,10,13.10344827586207,0.731120031089469,0.5591775970092372,1.307491635930814
Donor_390,IN_LAMP5_LHX6,19,12,14.709677419354842,0.8130057232316277,0.6266055679071489,1.2974760596958177
Donor_390,IN_LAMP5_RELN,24,20,21.818181818181817,0.8224016809783121,0.6202792806153621,1.3258570883786895
Donor_390,IN_PVALB,98,42,58.800000000000004,0.4483580628914705,0.3788263753294854,1.1835450013255011
Donor_390,IN_PVALB_CHC,35,17,22.884615384615387,0.8504560746685823,0.6047920633427051,1.4061958253355449
Donor_390,IN_SST,134,66,88.44,0.5059371140731221,0.37582707258260806,1.3461965648095122
Donor_390,IN_VIP,101,64,78.35151515151514,0.5366580984614215,0.42015092784746555,1.277298377539829
Donor_390,Micro,176,117,140.55972696245732,0.5940904127697659,0.46027474316506334,1.2907299859308459
Donor_390,OPC,139,89,108.51754385964912,0.5276426346119378,0.4254702976258753,1.240139764294204
Donor_390,Oligo,1632,887,1149.3322747121874,0.19843674689556723,0.1637777427679562,1.211622187129033
Donor_400,Astro,336,295,314.16798732171156,0.27660665845967136,0.242366219194861,1.1412756256979908
Donor_400,EN_L2_3_IT,355,317,334.92559523809524,0.11824275071165424,0.10389995542860943,1.1380442871594865
Donor_400,EN_L3_5_IT_1,20,25,22.22222222222222,0.5482550153486248,0.41254313570370194,1.3289640958718902
Donor_400,EN_L3_5_IT_2,99,106,102.38048780487804,0.2777309008506732,0.20607803860596352,1.3476977106799588
Donor_400,EN_L3_5_IT_3,130,122,125.87301587301586,0.23971457970992516,0.1947903303807299,1.2306287444627666
Donor_400,EN_L5_6_NP,28,31,29.423728813559322,0.510990124368651,0.39100398382293866,1.3068667980632305
Donor_400,EN_L6B,24,17,19.902439024390244,0.6247238827314359,0.48676292750250116,1.2834253543851197
Donor_400,EN_L6_CT,19,24,21.209302325581397,0.6508913866618729,0.48107389140609946,1.3529966981983266
Donor_400,EN_L6_IT_1,39,36,37.440000000000005,0.37651152546495603,0.27267650077410654,1.3807993149247193
Donor_400,EN_L6_IT_2,26,18,21.272727272727273,0.5570371713593048,0.38049408624212977,1.4639837818788877
Donor_400,Endo,43,33,37.3421052631579,0.8214298094751755,0.5230487689200869,1.5704650470187347
Donor_400,IN_ADARB2,42,50,45.65217391304348,0.5022822101722062,0.3946637195238627,1.2726840226869056
Donor_400,IN_LAMP5_LHX6,14,23,17.405405405405407,0.6379896952579194,0.4894121613318665,1.3035836574263295
Donor_400,IN_LAMP5_RELN,31,36,33.3134328358209,0.5603978353081551,0.44128630632782695,1.2699189330652862
Donor_400,IN_PVALB,146,108,124.15748031496064,0.2607380072109944,0.20312854346780362,1.2836108739800125
Donor_400,IN_PVALB_CHC,28,25,26.415094339622645,0.6275941754308798,0.49057953527318565,1.2792913896854579
Donor_400,IN_SST,76,66,70.64788732394366,0.4920302638936698,0.40809541216312795,1.2056745781228988
Donor_400,IN_VIP,116,104,109.67272727272727,0.4138766081053231,0.3156012312523835,1.311390980519812
Donor_400,Micro,167,164,165.48640483383684,0.48292736835194994,0.3761087230932598,1.284010018114372
Donor_400,OPC,71,109,85.98888888888888,0.5483443143776836,0.4480336481509849,1.2238909212303057
Donor_400,Oligo,526,480,501.94831013916496,0.27280395290119897,0.239723951064152,1.1379920599931814
Donor_400,PC,35,19,24.629629629629633,0.9744162079995204,0.8349622268141372,1.1670183113761692
Donor_400,PVM,10,10,10.0,1.680917250047023,0.9164111246606108,1.8342392456983148
Donor_400,SMC,27,20,22.97872340425532,1.2377166501152548,0.7930302457180458,1.5607433093482703
Donor_403,Astro,418,441,429.1920838183935,0.23589321153714737,0.21265551464358068,1.1092738974228533
Donor_403,EN_L2_3_IT,211,217,213.95794392523362,0.19779638125447438,0.16883714129862704,1.1715217382449417
Donor_403,EN_L3_5_IT_1,66,44,52.8,0.4548728864477636,0.3434786649380832,1.3243119089500384
Donor_403,EN_L3_5_IT_2,133,120,126.16600790513836,0.3237601496621543,0.23553073732776453,1.3745982937743269
Donor_403,EN_L3_5_IT_3,158,151,154.42071197411002,0.26892321602939884,0.2288821710450013,1.174941738806405
Donor_403,EN_L5_6_NP,27,33,29.7,0.6412696476319635,0.42595480348150794,1.5054875362141633
Donor_403,EN_L6B,33,20,24.90566037735849,0.5626239234603065,0.4312805282548515,1.3045428360443896
Donor_403,EN_L6_CT,31,38,34.14492753623188,0.585707128683091,0.4459046462937861,1.3135255116790048
Donor_403,EN_L6_IT_1,52,39,44.57142857142857,0.42792963188357014,0.30128136710582865,1.4203654079054109
Donor_403,EN_L6_IT_2,32,20,24.615384615384613,0.575645255481263,0.45264328681179566,1.2717415065090985
Donor_403,Endo,25,35,29.166666666666664,0.9758880637983833,0.6907924463898469,1.412708070127975
Donor_403,IN_LAMP5_LHX6,34,27,30.098360655737704,0.641746203580662,0.44105472104023047,1.455026265373828
Donor_403,IN_LAMP5_RELN,38,51,43.55056179775281,0.5856035014544183,0.44827862661733264,1.3063382161967567
Donor_403,IN_PVALB,96,100,97.95918367346938,0.36782500785064975,0.3127005579893608,1.1762851023219616
Donor_403,IN_PVALB_CHC,18,25,20.930232558139533,0.8260047206682879,0.6149826530069795,1.34313499190507
Donor_403,IN_SST,112,87,97.92964824120604,0.4792290201389906,0.3775196005143564,1.2694149376245867
Donor_403,IN_VIP,108,88,96.9795918367347,0.4274272863287427,0.3351355378786969,1.275386337820882
Donor_403,Micro,121,143,131.08333333333334,0.5730043411500547,0.435665262414056,1.3152399114287696
Donor_403,OPC,95,80,86.85714285714285,0.5714582473967358,0.48245590450774367,1.1844776736224265
Donor_403,Oligo,1804,1804,1804.0,0.14210347610491508,0.13038994687787342,1.0898346038748896
Donor_403,PC,20,19,19.487179487179485,1.1935172688111555,0.7890748549498747,1.5125526574877013
Donor_410,Astro,50,76,60.31746031746031,0.6886511847943115,0.5048730300169346,1.364008659308287
Donor_410,EN_L2_3_IT,27,62,37.61797752808989,0.4313359184186538,0.3171819663460749,1.359900511960464
Donor_410,EN_L3_5_IT_1,11,16,13.037037037037036,0.7577128590493096,0.524398787191608,1.4449172605970422
Donor_410,EN_L3_5_IT_2,30,62,40.434782608695656,0.4958547931476103,0.3279240627135769,1.5121024942311458
Donor_410,EN_L3_5_IT_3,46,64,53.52727272727273,0.42944593856493984,0.3336219672666041,1.2872232068032885
Donor_410,EN_L5_6_NP,14,20,16.47058823529412,0.7791886623751578,0.5495826539724868,1.4177824877532716
Donor_410,EN_L6_CT,14,21,16.8,0.7409694148870205,0.5224098253355065,1.4183680684243425
Donor_410,EN_L6_IT_1,15,32,20.425531914893618,0.547516118276195,0.3973167809195708,1.3780342149380023
Donor_410,Endo,12,13,12.48,1.6594936341243365,0.9508569146741932,1.7452611518242516
Donor_410,IN_ADARB2,19,34,24.377358490566035,0.8639036151425508,0.7162607453473759,1.206130059135895
Donor_410,IN_LAMP5_RELN,18,19,18.486486486486488,0.8806280027846438,0.5950344365577322,1.479961408417078
Donor_410,IN_PVALB,74,120,91.54639175257732,0.392026426863901,0.30987995203753504,1.2650912854679148
Donor_410,IN_PVALB_CHC,21,37,26.79310344827586,0.7830187677506881,0.5585131422817846,1.4019701748676747
Donor_410,IN_SST,23,26,24.408163265306122,0.8420561011750927,0.5898798763996544,1.4275043697279548
Donor_410,IN_VIP,71,99,82.69411764705882,0.48696837906908286,0.3569201772196662,1.3643621463557065
Donor_410,Micro,118,148,131.30827067669173,0.5911941587295844,0.4611615504866118,1.281967584040265
Donor_410,OPC,128,127,127.49803921568628,0.44049895900770264,0.3328518684667787,1.3234084009706197
Donor_410,Oligo,320,380,347.4285714285714,0.3804760099298674,0.263458898730458,1.4441569890532653
Donor_417,Astro,169,168,168.4985163204748,0.475476176441358,0.40121076501614006,1.1851032372529444
Donor_417,EN_L2_3_IT,298,283,290.30636833046475,0.15773705250786213,0.15119873281815033,1.0432432175048423
Donor_417,EN_L3_5_IT_1,36,35,35.49295774647888,0.4923940188720932,0.35228217356604485,1.397726186050628
Donor_417,EN_L3_5_IT_2,91,101,95.73958333333333,0.31272996074990456,0.2545192965241846,1.2287082552115602
Donor_417,EN_L3_5_IT_3,108,104,105.9622641509434,0.31518942181594634,0.24020917754581883,1.312145626724963
Donor_417,EN_L5_6_NP,21,13,16.058823529411764,0.6810167295214438,0.44966587547731796,1.5144950209943062
Donor_417,EN_L6B,18,27,21.6,0.6454137737940981,0.4196286884066973,1.5380592214624125
Donor_417,EN_L6_CT,33,29,30.870967741935484,0.6143689175244966,0.4634160590476153,1.3257393772393442
Donor_417,EN_L6_IT_1,45,34,38.734177215189874,0.48198426134569994,0.32931440989464633,1.463599061759537
Donor_417,EN_L6_IT_2,15,15,15.0,0.7232180640345209,0.5343786700328694,1.3533812343034501
Donor_417,Endo,35,38,36.43835616438356,0.9518239003587108,0.7007401734653032,1.3583121624834886
Donor_417,IN_ADARB2,51,54,52.457142857142856,0.5579238318520883,0.401295764166278,1.3903058085131221
Donor_417,IN_LAMP5_LHX6,14,21,16.8,0.749402458120447,0.5370823005115137,1.3953214570778463
Donor_417,IN_LAMP5_RELN,32,49,38.71604938271605,0.5117117616475859,0.36527618722389366,1.4008900102046222
Donor_417,IN_PVALB,73,78,75.41721854304636,0.38502297071412794,0.2735853259085468,1.4073231794706422
Donor_417,IN_PVALB_CHC,28,21,24.0,0.7093726508111615,0.5343025236303607,1.32766105237773
Donor_417,IN_SST,106,99,102.38048780487804,0.4554383331956844,0.36766560088800837,1.238729791679401
Donor_417,IN_VIP,172,174,172.9942196531792,0.31098264122342956,0.2645323879429853,1.1755938229025313
Donor_417,Micro,100,108,103.84615384615384,0.6653107175832251,0.526128230263275,1.2645409983993885
Donor_417,OPC,65,87,74.40789473684211,0.595762589856978,0.428978603953138,1.3887932506817044
Donor_417,Oligo,1571,1343,1448.0803019903913,0.14867261269641263,0.1466974513160761,1.013464183342087
Donor_417,PC,34,47,39.45679012345679,0.8987543423048558,0.5950202750759921,1.5104600296016346
Donor_417,PVM,18,16,16.941176470588236,1.2227086644367855,0.7135214411100952,1.713625679607466
Donor_428,Astro,107,83,93.48421052631579,0.5582014419464167,0.37069364478118194,1.5058295436273785
Donor_428,EN_L2_3_IT,752,607,671.7645327446653,0.10706957300871611,0.08914155824491754,1.2011184807263648
Donor_428,EN_L3_5_IT_1,119,73,90.48958333333334,0.3059844054387155,0.2553405032070617,1.1983386951759294
Donor_428,EN_L3_5_IT_2,360,245,291.5702479338843,0.17494746779811832,0.1651061469597761,1.0596060232738627
Donor_428,EN_L3_5_IT_3,351,255,295.3960396039604,0.1489786263068766,0.1391738586271527,1.070449779695991
Donor_428,EN_L5_6_NP,71,40,51.17117117117117,0.46914462436238624,0.3473719205481842,1.3505542521169636
Donor_428,EN_L6B,53,39,44.93478260869565,0.38800887036281717,0.2936792414084568,1.3211995117597168
Donor_428,EN_L6_CT,58,37,45.17894736842105,0.4397898140294707,0.3514766159924707,1.2512633672303588
Donor_428,EN_L6_IT_1,131,85,103.10185185185186,0.22384082888540613,0.19636465712065376,1.1399242214339518
Donor_428,EN_L6_IT_2,54,26,35.1,0.4495712245825292,0.33112471363931384,1.3577096666733135
Donor_428,Endo,25,18,20.930232558139533,1.337243272338573,0.863285779003514,1.5490157545304934
Donor_428,IN_ADARB2,55,39,45.63829787234043,0.7956725906018702,0.5183696856259168,1.5349520094739297
Donor_428,IN_LAMP5_LHX6,32,23,26.763636363636365,0.6941919421403648,0.5057064697668894,1.3727171464908483
Donor_428,IN_LAMP5_RELN,50,47,48.45360824742268,0.6457146651304377,0.5154208245894054,1.252791184067557
Donor_428,IN_PVALB,196,143,165.35693215339234,0.2827972552071948,0.23075302266178888,1.225540848588087
Donor_428,IN_PVALB_CHC,35,26,29.836065573770494,0.7625660632899383,0.587027081690835,1.2990304656703267
Donor_428,IN_SST,114,95,103.63636363636365,0.46791483604296147,0.37924372894556146,1.2338103449829971
Donor_428,IN_VIP,187,161,173.02873563218392,0.35925029232958083,0.2629656285891526,1.3661492350046236
Donor_428,Micro,216,219,217.48965517241382,0.5153576575870806,0.39991795654668527,1.2886584589429888
Donor_428,Oligo,971,675,796.3851761846901,0.24848138429067745,0.2104145303989413,1.180913617607882
Donor_428,PC,17,11,13.357142857142858,1.9139790402210801,1.0716747394595068,1.7859700987133325
Donor_428,PVM,15,13,13.928571428571429,1.9191525900971786,0.9845544507601547,1.9492599811167777
Donor_430,Astro,255,241,247.80241935483875,0.3612074601100117,0.3010254664048698,1.199923263715499
Donor_430,EN_L2_3_IT,506,417,457.2091007583966,0.1447589519713377,0.12016625357459843,1.204655613911374
Donor_430,EN_L3_5_IT_1,45,44,44.49438202247191,0.4531427579898897,0.3773429007669111,1.2008779205039317
Donor_430,EN_L3_5_IT_2,256,207,228.9071274298056,0.21646912396205842,0.1798902635212145,1.2033398568929783
Donor_430,EN_L3_5_IT_3,246,177,205.8723404255319,0.2126805609634439,0.17687673289470007,1.2024224864559145
Donor_430,EN_L5_6_NP,54,41,46.61052631578947,0.4430858819586825,0.3419319716723135,1.295830512109317
Donor_430,EN_L6B,110,75,89.1891891891892,0.2950811853655513,0.2591142158349973,1.1388073958607412
Donor_430,EN_L6_CT,82,63,71.2551724137931,0.369839156180531,0.28837825396520333,1.2824793516683022
Donor_430,EN_L6_IT_1,105,85,93.94736842105263,0.27901507275841775,0.2309492944051701,1.2081226464754753
Donor_430,EN_L6_IT_2,41,30,34.647887323943664,0.48378447226568166,0.3924084014246063,1.232859618982015
Donor_430,IN_ADARB2,40,41,40.49382716049382,0.6240985817900837,0.492332606168846,1.267636093913407
Donor_430,IN_LAMP5_LHX6,43,35,38.58974358974359,0.5232387140865322,0.4235393856875804,1.2353956485938098
Donor_430,IN_LAMP5_RELN,56,47,51.10679611650486,0.5270352854148008,0.4296210694341154,1.2267445032642292
Donor_430,IN_PVALB,177,128,148.5639344262295,0.2803627992450415,0.23321857033562843,1.2021461191600955
Donor_430,IN_PVALB_CHC,25,15,18.75,0.9060589596388335,0.6116490412675137,1.4813379871588082
Donor_430,IN_SST,143,131,136.73722627737226,0.40054796310690266,0.32093625389592106,1.2480608165782339
Donor_430,IN_VIP,113,112,112.49777777777778,0.41024316902421853,0.3303410034996781,1.2418778313259506
Donor_430,Micro,112,132,121.18032786885246,0.6636413294440138,0.5730053396955972,1.158176518558389
Donor_430,OPC,130,93,108.4304932735426,0.5224761990611744,0.44765648506897815,1.1671364461092695
Donor_430,Oligo,802,784,792.8978562421186,0.27550457320647315,0.23295320617345183,1.1826605769114786
Donor_430,VLMC,17,14,15.354838709677422,1.452695426760712,0.9368022652416599,1.5506958945983877
Donor_434,Astro,395,432,412.6723095525998,0.24094047020502907,0.20939785470395278,1.1506348550975907
Donor_434,EN_L2_3_IT,345,390,366.12244897959187,0.12345267740660626,0.10723738747064157,1.1512092966681415
Donor_434,EN_L3_5_IT_1,51,38,43.55056179775281,0.44796825819825825,0.31788193852798463,1.4092284081085704
Donor_434,EN_L3_5_IT_2,112,129,119.90041493775934,0.25969747855140873,0.21620613068745054,1.2011568669476338
Donor_434,EN_L3_5_IT_3,111,138,123.03614457831326,0.2621336261813907,0.19634970718643818,1.3350344644644123
Donor_434,EN_L5_6_NP,32,21,25.358490566037737,0.542918317881929,0.4208425562951179,1.290074660370623
Donor_434,EN_L6B,29,22,25.019607843137255,0.5877785617210174,0.37295814869464383,1.575990667527299
Donor_434,EN_L6_CT,27,48,34.56,0.4796116995999613,0.3650821913431854,1.313708833168243
Donor_434,EN_L6_IT_1,44,60,50.76923076923077,0.3544703896437844,0.2783169068233795,1.2736214759268365
Donor_434,EN_L6_IT_2,15,21,17.5,0.7181383616707055,0.5146895448654201,1.3952845338221953
Donor_434,Endo,36,36,36.0,1.1375890981079508,0.6859467588598838,1.6584218576945309
Donor_434,IN_ADARB2,38,47,42.023529411764706,0.5787796314358662,0.41677343645411824,1.3887152606463748
Donor_434,IN_LAMP5_LHX6,22,26,23.833333333333332,0.6037053734589948,0.4539270995309357,1.329961075430024
Donor_434,IN_LAMP5_RELN,32,53,39.90588235294118,0.46943297227903047,0.3890796001260326,1.2065216786667032
Donor_434,IN_PVALB,97,137,113.58119658119658,0.29511390826857253,0.2122761018436501,1.3902361391860107
Donor_434,IN_PVALB_CHC,22,30,25.384615384615383,0.6521045702124304,0.49071855309458057,1.3288769419866309
Donor_434,IN_SST,127,159,141.2097902097902,0.3329404817283135,0.2680208029676576,1.24221880556223
Donor_434,IN_VIP,120,155,135.27272727272725,0.3040715072442661,0.2556639214504455,1.189340699771764
Donor_434,Micro,127,128,127.49803921568628,0.5671354597118703,0.4638713367943277,1.2226137179140433
Donor_434,OPC,113,147,127.77692307692307,0.4349372049050064,0.3706793226508327,1.1733516771171573
Donor_434,Oligo,1404,1990,1646.4113140836769,0.144699574513655,0.12220341766827386,1.1840877880064522
Donor_434,PC,29,29,29.0,0.9857162495353,0.8386460666572155,1.175366210759559
Donor_434,PVM,15,21,17.5,1.370900687660206,0.8728359775309622,1.5706280709671776
Donor_434,VLMC,19,13,15.4375,1.3913517052484874,0.7779341375283377,1.7885212103804928
Donor_443,Astro,169,167,167.9940476190476,0.37590611834684484,0.3082080614753302,1.2196505066981624
Donor_443,EN_L2_3_IT,81,66,72.73469387755102,0.3970041914708746,0.30862403961525153,1.2863683333475995
Donor_443,EN_L3_5_IT_2,18,23,20.195121951219512,0.7548237357147167,0.5532200130378988,1.3644187085166184
Donor_443,EN_L3_5_IT_3,66,58,61.74193548387097,0.3991410831345594,0.3290570274054381,1.212984528188694
Donor_443,EN_L6B,13,10,11.304347826086955,0.7053304489114316,0.4678039050367233,1.5077480998284145
Donor_443,EN_L6_IT_1,14,19,16.12121212121212,0.6220466895033026,0.38680534530150146,1.6081646674723136
Donor_443,Endo,14,22,17.11111111111111,1.4500582384057719,0.9646859719101446,1.5031401726870317
Donor_443,IN_PVALB,18,17,17.485714285714288,0.7626440801266003,0.5609676428056014,1.3595152766964282
Donor_443,IN_SST,10,11,10.476190476190476,1.0586392457705394,0.7066781210954507,1.4980501223520255
Donor_443,IN_VIP,29,36,32.12307692307692,0.6448559729013903,0.437731926758794,1.4731755521610126
Donor_443,Micro,70,78,73.78378378378378,0.6368965030105653,0.4895400211617833,1.3010100818704742
Donor_443,OPC,151,155,152.97385620915034,0.3554981108031958,0.2861722344388289,1.2422522803454776
Donor_443,Oligo,229,194,210.0520094562648,0.3744109316541713,0.30774413952987634,1.2166305822302192
Donor_443,PC,14,12,12.923076923076923,1.253516227421981,0.7355132732450063,1.7042741076467607
Donor_443,SMC,17,14,15.354838709677422,1.6292337359172677,0.8448968488498441,1.9283226563516476
Donor_45,Astro,82,78,79.95,0.6634145708946777,0.5737363455699183,1.1563056376281653
Donor_45,EN_L2_3_IT,131,148,138.9820788530466,0.4015027580149444,0.32346553800875766,1.24125358295224
Donor_45,EN_L3_5_IT_2,15,21,17.5,1.0569142601803536,0.7621229871635884,1.3868027575364141
Donor_45,EN_L3_5_IT_3,18,13,15.096774193548386,0.9455219041757141,0.7343388249873359,1.2875826144586868
Donor_45,Endo,10,11,10.476190476190476,5.023691254355462,1.284430735759484,3.911220056085744
Donor_45,IN_PVALB,19,21,19.950000000000003,0.7968093895969384,0.6201262455736374,1.2849147980502957
Donor_45,Micro,13,13,13.0,4.857641158963276,1.457088684271775,3.333799247360865
Donor_45,OPC,25,24,24.489795918367346,1.0216818231185796,0.8653602763642994,1.1806433124143914
Donor_45,Oligo,108,89,97.58375634517768,0.7145941236591105,0.5856709321134193,1.2201290596418473
Donor_45,VLMC,28,19,22.638297872340427,1.6161574874414564,1.047158624503873,1.543374088340404
Donor_478,Astro,233,211,221.45495495495496,0.4157508670643172,0.3454837912452786,1.2033874746070272
Donor_478,EN_L2_3_IT,138,166,150.71052631578948,0.4009664512193174,0.325685092268307,1.23114769677266
Donor_478,EN_L3_5_IT_1,26,25,25.49019607843137,0.8043243728800986,0.6280461165955158,1.280677249053213
Donor_478,EN_L3_5_IT_2,61,74,66.87407407407407,0.5084265234571221,0.40933058355036156,1.2420926847127913
Donor_478,EN_L3_5_IT_3,89,68,77.09554140127389,0.4772123016344194,0.42438125296664486,1.124489591136409
Donor_478,EN_L6_CT,12,15,13.333333333333334,1.0403284963430286,0.6919105602438496,1.5035592114338974
Donor_478,EN_L6_IT_1,22,12,15.529411764705882,0.7987263161668423,0.5937371879302198,1.34525229748741
Donor_478,IN_PVALB,23,28,25.254901960784316,0.8947440474443908,0.6015294295397036,1.4874484996171478
Donor_478,IN_SST,24,24,24.0,0.9424125254288875,0.7364110592916893,1.279737061981849
Donor_478,IN_VIP,38,54,44.608695652173914,0.7270051242773357,0.527487804679811,1.3782406300722594
Donor_478,Micro,78,102,88.4,0.7269462934586155,0.5117767932215775,1.42043621963116
Donor_478,OPC,123,115,118.86554621848738,0.5931030132253241,0.4834854738404619,1.2267235425175012
Donor_478,Oligo,323,394,354.98465829846583,0.40913390609718725,0.35411181085841115,1.1553805706321845
Donor_501,Astro,190,289,229.26931106471815,0.2682843843703478,0.20814535678136292,1.2889280285610947
Donor_501,EN_L2_3_IT,241,447,313.1598837209302,0.1577578977819289,0.12716079286004606,1.2406174437395825
Donor_501,EN_L3_5_IT_1,15,39,21.666666666666664,0.622694293866227,0.4484703627944411,1.3884848264803675
Donor_501,EN_L3_5_IT_2,77,136,98.32863849765259,0.38003564177980653,0.28752839821525544,1.3217325458589881
Donor_501,EN_L3_5_IT_3,86,135,105.06787330316742,0.3005432301850631,0.22337893560909095,1.3454412313567843
Donor_501,EN_L5_6_NP,13,29,17.952380952380953,0.7275338649577245,0.5124427634301645,1.419736830876084
Donor_501,EN_L6B,39,58,46.63917525773196,0.34965169580387756,0.254513378152772,1.3738047812716496
Donor_501,EN_L6_CT,29,38,32.8955223880597,0.5452130940049247,0.38830481841770936,1.404085316856473
Donor_501,EN_L6_IT_1,52,71,60.032520325203244,0.31461015994027086,0.23507865843006037,1.338318680399788
Donor_501,Endo,34,37,35.436619718309856,0.8651797902622018,0.605084435393159,1.42984968651531
Donor_501,IN_ADARB2,18,28,21.91304347826087,0.8302040939376949,0.5621261882187358,1.476899869348631
Donor_501,IN_LAMP5_LHX6,13,20,15.757575757575758,0.7815003407802843,0.5795919035485309,1.348363108586535
Donor_501,IN_LAMP5_RELN,27,39,31.909090909090914,0.707148632743805,0.5921437518089978,1.1942178408257582
Donor_501,IN_PVALB,56,80,65.88235294117648,0.3791881149003298,0.2800532904773766,1.3539855727242796
Donor_501,IN_SST,26,42,32.11764705882353,0.6861405314081699,0.5161902232071651,1.3292396883169904
Donor_501,IN_VIP,75,89,81.40243902439023,0.44354534605558604,0.3559064134217267,1.2462415099275346
Donor_501,Micro,51,64,56.76521739130435,0.7387525091878444,0.5248237794958612,1.4076201156462085
Donor_501,OPC,46,85,59.69465648854962,0.5098745075067583,0.41034609140874834,1.2425474938881997
Donor_501,Oligo,973,1414,1152.7624633431085,0.14012231538668818,0.1165911039018026,1.2018268178051084
Donor_501,PC,13,21,16.058823529411764,1.2262779246107156,0.7544563981929757,1.6253794487631303
Donor_516,Astro,216,191,202.73218673218673,0.3915347652664978,0.3335438403477484,1.1738629766278663
Donor_516,EN_L2_3_IT,210,212,210.9952606635071,0.20101186416927597,0.18003769661035207,1.1164987552818864
Donor_516,EN_L3_5_IT_1,25,29,26.851851851851855,0.5947797006829187,0.4639753192672651,1.2819209901557416
Donor_516,EN_L3_5_IT_2,83,88,85.42690058479532,0.35300967876750333,0.28292623673769146,1.2477092362939395
Donor_516,EN_L3_5_IT_3,100,108,103.84615384615384,0.31883920610972805,0.2664663555323583,1.196545828356968
Donor_516,EN_L5_6_NP,16,26,19.80952380952381,0.6475246639331349,0.49586932688930174,1.3058373019262972
Donor_516,EN_L6B,36,18,24.0,0.6990174537852978,0.5578578286680362,1.2530387096194382
Donor_516,EN_L6_CT,33,38,35.32394366197183,0.5899223959880322,0.39804018423401377,1.482067437797205
Donor_516,EN_L6_IT_1,38,49,42.80459770114943,0.5108766298899221,0.3890338804227511,1.3131931577135858
Donor_516,EN_L6_IT_2,15,14,14.482758620689655,0.7972515962276505,0.47422690430598546,1.6811606195021778
Donor_516,Endo,12,15,13.333333333333334,1.604069110171256,0.9285580387691237,1.7274839516736888
Donor_516,IN_ADARB2,40,30,34.285714285714285,0.621307991134584,0.5072894373691366,1.224760354476847
Donor_516,IN_LAMP5_LHX6,16,16,16.0,0.7546084509906676,0.5733725396828229,1.3160875325632102
Donor_516,IN_LAMP5_RELN,30,35,32.30769230769231,0.5973450676436585,0.4652846562523374,1.2838271359623363
Donor_516,IN_PVALB,93,82,87.1542857142857,0.37280360075905516,0.2653301676824672,1.405055459826967
Donor_516,IN_PVALB_CHC,26,12,16.42105263157895,0.9393360212679747,0.7051125412931301,1.3321788597679658
Donor_516,IN_SST,102,95,98.37563451776651,0.4836798405746827,0.3567647625309791,1.3557388267365198
Donor_516,IN_VIP,107,120,113.12775330396477,0.37044753569980493,0.2998077627096274,1.2356168911429897
Donor_516,Micro,56,58,56.98245614035088,0.8013832799283267,0.6675696621748242,1.2004489199188013
Donor_516,OPC,124,103,112.52863436123349,0.48639446846063694,0.391319455909094,1.24296009594174
Donor_516,Oligo,1272,1241,1256.308794269797,0.190530885638442,0.1649645694285211,1.154980650078311
Donor_516,PC,24,18,20.571428571428573,1.2665459793901093,0.8097545789557481,1.5641109199078997
Donor_519,Astro,187,191,188.978835978836,0.32382711117887464,0.2721897652739653,1.1897108285939229
Donor_519,EN_L2_3_IT,222,219,220.48979591836738,0.2307391816105997,0.19097341168405846,1.2082267346845577
Donor_519,EN_L3_5_IT_1,41,29,33.97142857142857,0.516779957584121,0.37740411497538906,1.369301332651926
Donor_519,EN_L3_5_IT_2,146,149,147.48474576271187,0.2687907277940731,0.23089613422732502,1.1641196535990488
Donor_519,EN_L3_5_IT_3,160,141,149.90033222591362,0.2832797102574025,0.23046483762371017,1.2291667274637592
Donor_519,EN_L5_6_NP,40,31,34.929577464788736,0.5230196477647571,0.4033224349154416,1.2967779684123213
Donor_519,EN_L6B,31,32,31.492063492063494,0.5459970713275628,0.4326155977517283,1.262083646925977
Donor_519,EN_L6_CT,44,45,44.49438202247191,0.484946610423727,0.38154140877997933,1.2710196043318003
Donor_519,EN_L6_IT_1,77,72,74.41610738255034,0.39071795484982363,0.29348349002960783,1.3313115324150138
Donor_519,EN_L6_IT_2,23,21,21.954545454545457,0.5482399311152033,0.43019972932810324,1.2743846491290411
Donor_519,IN_LAMP5_LHX6,24,32,27.42857142857143,0.6947874185685228,0.45822384555374995,1.516262030686973
Donor_519,IN_LAMP5_RELN,32,23,26.763636363636365,0.7005814168019473,0.5336485115561087,1.312814336835805
Donor_519,IN_PVALB,77,65,70.49295774647887,0.4025452169163406,0.3285897106430582,1.225069452505222
Donor_519,IN_SST,38,27,31.56923076923077,0.7901721193271642,0.5956401056158107,1.326593209351197
Donor_519,IN_VIP,53,47,49.82,0.6667713167232758,0.4808916542189108,1.3865312713864424
Donor_519,Micro,36,52,42.54545454545455,0.8024082691798675,0.6833126417819746,1.1742915616010114
Donor_519,OPC,27,30,28.421052631578952,0.7669023873330998,0.588568209442748,1.3029966196427722
Donor_519,Oligo,627,563,593.2789915966385,0.2591618317882718,0.2102202417687118,1.232811025274181
Donor_522,Astro,456,412,432.88479262672814,0.24865988047004084,0.22195997750449514,1.1202915195150664
Donor_522,EN_L2_3_IT,742,779,760.0499671268902,0.09907297056792075,0.08853505484280645,1.1190253481383652
Donor_522,EN_L3_5_IT_1,74,77,75.47019867549669,0.37680417289615775,0.32450839846883106,1.1611538396974637
Donor_522,EN_L3_5_IT_2,203,192,197.34683544303797,0.26000540097643426,0.21698663471885737,1.1982553732552004
Donor_522,EN_L3_5_IT_3,184,185,184.49864498644988,0.23929678461817594,0.19775152471723523,1.2100881900169733
Donor_522,EN_L5_6_NP,26,42,32.11764705882353,0.5740344171083462,0.5036204467771621,1.1398155511393293
Donor_522,EN_L6B,47,48,47.49473684210526,0.4242321357911363,0.35136868343404126,1.2073703656369619
Donor_522,EN_L6_CT,47,39,42.62790697674419,0.542781373295143,0.41716907883792453,1.3011064358056614
Donor_522,EN_L6_IT_1,83,72,77.10967741935484,0.32498792558147827,0.2661071908254504,1.221266981073991
Donor_522,EN_L6_IT_2,19,10,13.10344827586207,0.7405605524738537,0.554898574944966,1.334587230733655
Donor_522,Endo,33,35,33.97058823529412,1.0354656299927623,0.7093879850602827,1.4596605127231892
Donor_522,IN_ADARB2,105,93,98.63636363636363,0.4976141752588341,0.41648170642075977,1.1948043997786268
Donor_522,IN_LAMP5_LHX6,27,29,27.964285714285715,0.6882116883613865,0.49565397540837797,1.3884922193842122
Donor_522,IN_LAMP5_RELN,79,71,74.78666666666666,0.5120605971485279,0.3967101152455679,1.2907676851939025
Donor_522,IN_PVALB,182,208,194.1333333333333,0.2835019468677453,0.23616815667381452,1.2004240997625528
Donor_522,IN_PVALB_CHC,26,30,27.857142857142858,0.8407613501335769,0.7492983748339423,1.122064825404038
Donor_522,IN_SST,110,139,122.81124497991968,0.4129943965208569,0.3285068931195405,1.2571863944741404
Donor_522,IN_VIP,178,207,191.4077922077922,0.3353219571495982,0.27374516314477937,1.2249420347648368
Donor_522,Micro,249,246,247.49090909090913,0.45711890340303407,0.37362614874985867,1.2234660366586747
Donor_522,OPC,142,131,136.2783882783883,0.48401067848700663,0.38727044143415723,1.2498002085947912
Donor_522,Oligo,1215,1260,1237.090909090909,0.19505622406337358,0.1756811851241542,1.1102852244850636
Donor_522,PC,16,21,18.16216216216216,1.5494332686581913,0.8489305485249448,1.825159044341615
Donor_522,PVM,17,13,14.73333333333333,1.5717852998130901,0.8874507623844163,1.771123950122025
Donor_522,SMC,13,10,11.304347826086955,3.5596532078767904,1.077132515011808,3.3047495626271832
Donor_522,VLMC,16,18,16.941176470588236,1.2503459759643412,0.818947962603219,1.5267709708805208
Donor_540,Astro,132,169,148.22591362126246,0.3183678989461609,0.2549867030880706,1.248566670694977
Donor_540,EN_L2_3_IT,230,236,232.96137339055795,0.13372020520825745,0.12242558789883162,1.0922569987473478
Donor_540,EN_L3_5_IT_1,10,13,11.304347826086955,0.6763512055138756,0.4344800019317221,1.556691222856704
Donor_540,EN_L3_5_IT_2,59,57,57.982758620689665,0.32628566560943106,0.26180596472630935,1.2462881277381457
Donor_540,EN_L3_5_IT_3,47,57,51.51923076923077,0.3629011514764229,0.2663133803297155,1.362684635023312
Donor_540,EN_L5_6_NP,15,13,13.928571428571429,0.6684293467454268,0.43862560235642434,1.523917763018004
Donor_540,EN_L6_IT_1,13,13,13.0,0.5331587685442418,0.42318090740252234,1.25988379725532
Donor_540,Endo,10,15,11.999999999999998,1.4099130368747579,0.8134358915982491,1.7332810752972099
Donor_540,IN_ADARB2,50,83,62.40601503759398,0.3851791587918285,0.30881357856158953,1.2472869897299828
Donor_540,IN_LAMP5_LHX6,14,14,14.0,0.7240524181843353,0.4890209970890811,1.4806162158563518
Donor_540,IN_LAMP5_RELN,40,24,30.0,0.5250737096284284,0.4371464942770964,1.201139015186971
Donor_540,IN_PVALB,57,75,64.77272727272727,0.32540742519184973,0.25023265341118517,1.300419512625063
Donor_540,IN_PVALB_CHC,17,26,20.558139534883722,0.6207476300147263,0.4317387902528713,1.4377851701746598
Donor_540,IN_SST,121,161,138.1631205673759,0.3140039232640275,0.24184898957452527,1.2983470545667415
Donor_540,IN_VIP,124,147,134.5239852398524,0.27571222650164295,0.2014773394585299,1.3684527860186124
Donor_540,Micro,118,119,118.49789029535866,0.5276359293735879,0.39995312055681875,1.3192444370455414
Donor_540,OPC,70,95,80.60606060606061,0.44118544590064346,0.34337462233238103,1.284851637852209
Donor_540,Oligo,1220,1455,1327.177570093458,0.12961392519188308,0.11411118087420413,1.1358564883731168
Donor_541,Astro,102,105,103.47826086956522,0.4856970901947337,0.38030264224570454,1.277133094123854
Donor_541,EN_L2_3_IT,46,89,60.65185185185185,0.37920278585712053,0.286835144627932,1.322023444334212
Donor_541,EN_L3_5_IT_2,25,68,36.55913978494624,0.5244926767040479,0.39739366439404034,1.319831501349707
Donor_541,EN_L3_5_IT_3,41,56,47.34020618556701,0.42108863630811566,0.3362882142400232,1.2521659055454344
Donor_541,EN_L6B,18,34,23.538461538461537,0.5728515535540573,0.4365232465040014,1.3123048042501126
Donor_541,EN_L6_CT,17,30,21.702127659574465,0.572109561799131,0.3845473331625582,1.4877480935676788
Donor_541,EN_L6_IT_1,19,28,22.638297872340427,0.5448957751437025,0.35953750476671287,1.5155464114856667
Donor_541,IN_ADARB2,17,29,21.434782608695652,0.7303191632277413,0.468915477960151,1.5574643993513149
Donor_541,IN_LAMP5_LHX6,11,16,13.037037037037036,0.7448263065258152,0.47962431990795285,1.552936904176916
Donor_541,IN_LAMP5_RELN,40,41,40.49382716049382,0.5846886984565034,0.406128957335647,1.4396626684594789
Donor_541,IN_PVALB,72,128,92.16,0.3169305968728937,0.2573848344351273,1.2313491490998265
Donor_541,IN_PVALB_CHC,11,13,11.916666666666666,0.9344349184049285,0.6411055803368209,1.4575367101219112
Donor_541,IN_SST,81,104,91.07027027027027,0.40145720338751545,0.30602668190573556,1.311837258396884
Donor_541,IN_VIP,41,69,51.43636363636363,0.5050869721704236,0.33802403489097044,1.494233900655435
Donor_541,Micro,114,129,121.03703703703704,0.6060433395368321,0.446545278848304,1.3571822797004898
Donor_541,OPC,63,78,69.70212765957447,0.606750792316979,0.4929679735016794,1.230811786832866
Donor_541,Oligo,1447,1539,1491.5827193569994,0.14960924071438755,0.13516794017893385,1.1068396878456273
Donor_541,VLMC,17,17,17.0,1.2738254444290575,0.7881366738814624,1.6162494230291888
Donor_545,Astro,294,288,290.96907216494844,0.33246528166391975,0.26850059708662033,1.2382292079472133
Donor_545,EN_L2_3_IT,10,39,15.918367346938776,1.257737942305361,0.8860670720148596,1.4194613275102816
Donor_545,EN_L3_5_IT_2,24,47,31.774647887323948,0.8777850760505586,0.6926191474670516,1.2673416252794476
Donor_545,EN_L3_5_IT_3,28,42,33.6,0.7945625316120422,0.6115286306940364,1.2993055299966525
Donor_545,IN_LAMP5_RELN,19,20,19.487179487179485,0.8882398095837072,0.5746287409307955,1.5457629358129876
Donor_545,IN_PVALB,25,23,23.958333333333332,0.8941964546902526,0.5436924356479889,1.6446733411409753
Donor_545,IN_PVALB_CHC,14,13,13.481481481481481,1.070202807397492,0.77825811191226,1.375125798262345
Donor_545,IN_VIP,25,25,25.0,0.8226552588564466,0.6554066825516416,1.25518289751589
Donor_545,Micro,110,107,108.47926267281107,0.6609892886925963,0.45714414912398604,1.4459099825716542
Donor_545,OPC,48,37,41.78823529411765,0.7227085751481876,0.5979315752318541,1.2086810683445677
Donor_545,Oligo,299,223,255.46743295019155,0.4041091166634728,0.32905797493626787,1.22807878077333
Donor_547,Astro,469,223,302.27456647398844,0.31931995815525327,0.23201375774037603,1.376297514704163
Donor_547,EN_L2_3_IT,457,268,337.8648275862069,0.21541756832961179,0.18301835471603933,1.1770271274913449
Donor_547,EN_L3_5_IT_1,46,30,36.31578947368421,0.5877565438737546,0.47840851617529356,1.228566223219979
Donor_547,EN_L3_5_IT_2,219,105,141.94444444444443,0.29962069104854194,0.2239101947916371,1.3381288481632485
Donor_547,EN_L3_5_IT_3,176,115,139.10652920962198,0.3349157248937278,0.25453495803304016,1.315794606296294
Donor_547,EN_L5_6_NP,40,20,26.666666666666664,0.7497478508727276,0.4970120778879292,1.5085103244549067
Donor_547,EN_L6_IT_2,16,11,13.037037037037036,0.8417159582644342,0.6079765623640228,1.3844546161311746
Donor_547,Endo,21,16,18.16216216216216,1.5497362939069212,0.9144735688785204,1.694675873254014
Donor_547,IN_ADARB2,48,34,39.80487804878049,0.7417034381203167,0.5699405200634864,1.3013699009112345
Donor_547,IN_LAMP5_RELN,42,24,30.54545454545455,0.7488723755668674,0.5725225128350018,1.3080225821315237
Donor_547,IN_PVALB,113,88,98.94527363184079,0.4729001591089088,0.36745090203557007,1.2869750937858115
Donor_547,IN_PVALB_CHC,26,12,16.42105263157895,0.9766454536441573,0.714947079262676,1.366038804790098
Donor_547,IN_SST,59,47,52.320754716981135,0.7095541806800967,0.5013595642893449,1.4152600872107794
Donor_547,IN_VIP,207,99,133.94117647058823,0.41225391329200534,0.305044671743935,1.351454234342652
Donor_547,Micro,143,68,92.17061611374407,0.708404905512225,0.47151676274246324,1.5023960153440976
Donor_547,OPC,109,59,76.55952380952381,0.6100883796004983,0.458315672097255,1.331153213261791
Donor_547,Oligo,280,135,182.16867469879517,0.48248405454315435,0.33862465517674767,1.4248343916107296
Donor_547,PC,32,12,17.454545454545457,1.4072411911996845,0.8758630650034402,1.6066908714710524
Donor_548,Astro,435,213,285.97222222222223,0.2722319083741893,0.26774749574141615,1.016748663214778
Donor_548,EN_L2_3_IT,597,267,368.9791666666667,0.16755564953677027,0.13496704653549618,1.2414559986144715
Donor_548,EN_L3_5_IT_1,35,15,21.0,0.7139111028772787,0.5321233596893697,1.3416270680054878
Donor_548,EN_L3_5_IT_2,120,69,87.61904761904762,0.37471576668706685,0.303204884880226,1.2358500320174246
Donor_548,EN_L3_5_IT_3,98,49,65.33333333333333,0.4743357803982843,0.3849520756912095,1.2321943700305547
Donor_548,EN_L5_6_NP,25,15,18.75,0.7417501008300365,0.5753467005033723,1.2892228289152912
Donor_548,IN_ADARB2,66,29,40.294736842105266,0.7504316223454928,0.5723196094780585,1.3112107464391585
Donor_548,IN_LAMP5_LHX6,20,14,16.47058823529412,0.8480251179106459,0.5056955713696776,1.6769478831182327
Donor_548,IN_LAMP5_RELN,51,22,30.73972602739726,0.8279606110523452,0.5978494693057153,1.384898128309554
Donor_548,IN_PVALB,125,72,91.37055837563452,0.4145865959192685,0.34665770846762234,1.1959537774363114
Donor_548,IN_PVALB_CHC,27,12,16.615384615384617,0.8570805715760685,0.7190173563949507,1.1920165263789277
Donor_548,IN_SST,63,25,35.79545454545455,0.881145425491787,0.6298786480428644,1.3989129941610965
Donor_548,IN_VIP,178,73,103.5378486055777,0.4986825006922507,0.3719746145217879,1.3406358424038127
Donor_548,Micro,258,125,168.40731070496082,0.5113768856534587,0.39978934597315874,1.2791158413906103
Donor_548,OPC,157,53,79.24761904761904,0.6351423079656526,0.46381487240122743,1.3693875417953756
Donor_548,Oligo,1025,452,627.3527420446852,0.23503245688064614,0.20605870896634929,1.1406091888066157
Donor_548,PVM,90,38,53.4375,1.0768042611347841,0.7286951797347618,1.477715636223545
Donor_550,Astro,618,417,497.98260869565223,0.2299822839652031,0.18730037715435444,1.2278794493599683
Donor_550,EN_L2_3_IT,76,64,69.48571428571428,0.6612544311834254,0.5058825316512321,1.307130390577136
Donor_550,EN_L3_5_IT_1,13,19,15.4375,1.0535157946760902,0.6990749214965133,1.5070141443792942
Donor_550,EN_L3_5_IT_2,40,39,39.49367088607595,0.725411546450867,0.5610852875261028,1.292872157901876
Donor_550,EN_L3_5_IT_3,64,63,63.496062992125985,0.638830509186544,0.5025323831026736,1.2712225732446443
Donor_550,EN_L5_6_NP,10,14,11.666666666666666,1.2462510952404031,0.8830301300099439,1.4113347357992971
Donor_550,EN_L6_CT,22,22,22.0,0.9053182517866185,0.6309969380345208,1.4347427019322399
Donor_550,EN_L6_IT_1,26,27,26.49056603773585,0.8971825489262302,0.6525361878605125,1.3749161588537275
Donor_550,Endo,112,83,95.34358974358975,0.5822315974261745,0.4323177784862422,1.3467676473191885
Donor_550,IN_LAMP5_RELN,27,15,19.285714285714285,1.005283454627981,0.7227984361178219,1.390821291793874
Donor_550,IN_PVALB,40,44,41.904761904761905,0.8400132070664443,0.5728989642836186,1.4662501757475486
Donor_550,IN_PVALB_CHC,24,19,21.209302325581397,0.9118934452978751,0.7681886607874073,1.1870696507849618
Donor_550,IN_SST,14,15,14.482758620689655,1.3258191550197953,0.8044856843829482,1.6480332475234996
Donor_550,IN_VIP,56,34,42.31111111111111,0.7298676747874087,0.4698276625204789,1.5534795692358687
Donor_550,Micro,105,83,92.7127659574468,0.6203445259521958,0.4678037001409767,1.3260787072980602
Donor_550,OPC,167,86,113.53359683794467,0.5260683800336001,0.43269757152495814,1.2157876878753324
Donor_550,Oligo,446,324,375.33506493506496,0.38550225006334093,0.25067336362120796,1.537866825953924
Donor_550,PC,75,51,60.71428571428571,0.7238218052445657,0.5102102347503867,1.4186736289182547
Donor_572,Astro,77,87,81.6951219512195,0.5374307891005223,0.4084110539355139,1.3159065699171306
Donor_572,EN_L2_3_IT,83,122,98.79024390243903,0.2608942104333887,0.2212687397716251,1.1790830042357616
Donor_572,EN_L3_5_IT_2,20,19,19.487179487179485,0.574179856740483,0.4564172915610154,1.2580151264135984
Donor_572,EN_L3_5_IT_3,27,43,33.17142857142857,0.45495592762177695,0.36349146745918537,1.2516275300818764
Donor_572,EN_L6_CT,13,19,15.4375,0.7151391814455801,0.49781977618110407,1.4365423305027891
Donor_572,IN_ADARB2,21,34,25.96363636363636,0.6300495032903135,0.5207935990904191,1.2097873406868151
Donor_572,IN_PVALB,33,43,37.3421052631579,0.48631149526908857,0.38317933514690417,1.2691485439386896
Donor_572,IN_SST,52,90,65.91549295774647,0.4728926587804152,0.3527818297160361,1.3404677308949262
Donor_572,IN_VIP,31,59,40.644444444444446,0.5070332036862821,0.38111318909493486,1.330400569159995
Donor_572,Micro,69,83,75.35526315789474,0.7332716090283866,0.5720618319754065,1.2818048120712775
Donor_572,OPC,46,76,57.31147540983607,0.5792229445783859,0.44583161119067705,1.2991966698625568
Donor_572,Oligo,2046,2243,2139.9757519235254,0.11843325092086232,0.1135103956194321,1.0433692022176995
Donor_581,Astro,254,329,286.67581475128645,0.26104571903706497,0.21792744075883147,1.1978561218729227
Donor_581,EN_L2_3_IT,219,379,277.5953177257525,0.1394245056129473,0.11506603172070257,1.2116912656844687
Donor_581,EN_L3_5_IT_1,52,58,54.836363636363636,0.3624967185743393,0.2892644571906251,1.2531671609258728
Donor_581,EN_L3_5_IT_2,156,237,188.1526717557252,0.17625222371119142,0.15061299707432085,1.1702324974266247
Donor_581,EN_L3_5_IT_3,129,207,158.94642857142856,0.17724974599026866,0.1571540247620302,1.127872774869548
Donor_581,EN_L5_6_NP,33,54,40.96551724137931,0.42864980712259815,0.2970971501333395,1.4427933991632595
Donor_581,EN_L6B,11,18,13.655172413793103,0.6461674054778186,0.4581118596100979,1.410501369747939
Donor_581,EN_L6_CT,20,34,25.185185185185187,0.5240682174392504,0.3885309778295536,1.3488453877393431
Donor_581,EN_L6_IT_1,13,24,16.864864864864867,0.5574976689103646,0.41543651768085854,1.3419563403394366
Donor_581,Endo,18,32,23.04,1.0897815212978372,0.7217073424603226,1.5100047584145928
Donor_581,IN_ADARB2,129,186,152.34285714285713,0.3247333477040506,0.2655480416804301,1.2228798436964041
Donor_581,IN_LAMP5_LHX6,24,36,28.799999999999997,0.5324634961881443,0.40709562155662793,1.3079568238836423
Donor_581,IN_LAMP5_RELN,63,93,75.11538461538461,0.4261214056252913,0.33295059859027765,1.2798337273742757
Donor_581,IN_PVALB,122,188,147.9741935483871,0.21185493074897022,0.18565115345342376,1.14114524369018
Donor_581,IN_PVALB_CHC,31,51,38.5609756097561,0.5535045199659869,0.4009716712017022,1.3804080430598689
Donor_581,IN_SST,136,176,153.43589743589743,0.3557093193673455,0.26989780582080725,1.3179407601539042
Donor_581,IN_VIP,224,358,275.573883161512,0.18224477958275442,0.16430015969015788,1.1092185176596119
Donor_581,Micro,89,86,87.47428571428571,0.6126648470198952,0.46471549399588596,1.3183654406524243
Donor_581,OPC,154,245,189.12280701754383,0.29609360966925813,0.23184064935738724,1.2771427723738973
Donor_581,Oligo,364,525,429.9212598425197,0.2576255967234049,0.20129081905722046,1.2798675961975707
Donor_581,PC,18,12,14.399999999999999,1.402786573013799,0.8220341016258406,1.7064822131336534
Donor_581,VLMC,30,30,30.0,0.9820120353930699,0.6741709224597661,1.4566217596720445
Donor_586,Astro,365,526,430.95398428731767,0.23978746766824832,0.20609996056025404,1.1634522734328503
Donor_586,EN_L2_3_IT,650,802,718.0440771349862,0.10237990781121287,0.08741587905837464,1.1711820428282318
Donor_586,EN_L3_5_IT_1,64,53,57.98290598290599,0.4130808893944451,0.3229499596187555,1.2790863633551457
Donor_586,EN_L3_5_IT_2,161,250,195.86374695863748,0.20797826042649042,0.1774766674787807,1.1718625517427892
Donor_586,EN_L3_5_IT_3,245,270,256.8932038834951,0.1644125485542609,0.13991720682641587,1.1750702596445801
Donor_586,EN_L5_6_NP,34,40,36.75675675675676,0.48199531291721254,0.3675963391654524,1.3112081420927044
Donor_586,EN_L6B,26,55,35.30864197530864,0.4382883096776271,0.3335111369591748,1.314163939692599
Donor_586,EN_L6_CT,36,40,37.89473684210526,0.5113268963160404,0.3822606323746589,1.337639435009572
Donor_586,EN_L6_IT_1,71,74,72.46896551724137,0.30579238221682004,0.23592479078342876,1.2961434921755528
Donor_586,EN_L6_IT_2,27,28,27.490909090909092,0.5196826127774021,0.39485392815188725,1.3161388952359552
Donor_586,Endo,21,34,25.96363636363636,1.1806496775839488,0.7962952550796771,1.4826782780035694
Donor_586,IN_ADARB2,84,100,91.30434782608695,0.5000284833780506,0.38247335503083324,1.307355079251836
Donor_586,IN_LAMP5_RELN,52,51,51.49514563106796,0.5380124356887177,0.41054726476231096,1.3104762395633145
Donor_586,IN_PVALB,88,150,110.92436974789915,0.3222592446860887,0.265182868426181,1.2152340254807827
Donor_586,IN_PVALB_CHC,34,39,36.32876712328767,0.66517536009182,0.49420326853415686,1.3459549995789766
Donor_586,IN_SST,138,190,159.8780487804878,0.345836164500986,0.269072851335592,1.2852882138958477
Donor_586,IN_VIP,161,227,188.38659793814432,0.3102751447034868,0.26330585743306134,1.1783829943181807
Donor_586,Micro,162,189,174.46153846153848,0.5145588808030883,0.4253965728525908,1.2095980871510081
Donor_586,OPC,87,85,85.98837209302326,0.5562532763961285,0.4533879145898334,1.2268815698348607
Donor_586,Oligo,850,1063,944.6419236800837,0.2297046202936639,0.2025909987081691,1.1338342856217012
Donor_586,PC,43,47,44.91111111111111,0.9135682660803206,0.683384168536437,1.3368297191268788
Donor_586,PVM,23,32,26.763636363636365,1.057831280073886,0.7363209201388039,1.4366443369210184
Donor_586,VLMC,18,27,21.6,1.1439804505902513,0.7777839335173784,1.470820367061093
Donor_592,Astro,137,131,133.93283582089552,0.555791184821615,0.43530496304061694,1.276785775515626
Donor_592,EN_L2_3_IT,133,127,129.93076923076924,0.31578908664757105,0.26194392624170093,1.2055598737425433
Donor_592,EN_L3_5_IT_1,29,22,25.019607843137255,0.5824628805730718,0.4657114304667549,1.2506948347591638
Donor_592,EN_L3_5_IT_2,94,82,87.5909090909091,0.3682273807568377,0.29735750427364116,1.2383322279231233
Donor_592,EN_L3_5_IT_3,95,77,85.05813953488371,0.3953096515029515,0.31069370579233624,1.2723452201737602
Donor_592,EN_L5_6_NP,17,19,17.944444444444446,0.7626533425345805,0.4979551567700429,1.531570327499944
Donor_592,EN_L6B,39,41,39.975,0.5127784780255351,0.4062203872716177,1.2623159597419904
Donor_592,EN_L6_CT,31,39,34.542857142857144,0.5767166096906013,0.44780841379382275,1.2878646133614848
Donor_592,EN_L6_IT_1,33,48,39.111111111111114,0.5278890090109996,0.4456746245127121,1.184471764772738
Donor_592,Endo,21,17,18.789473684210527,1.1612903721661123,0.8248347458148775,1.4079067086569454
Donor_592,IN_ADARB2,17,12,14.068965517241379,1.0965462927532164,0.7736816866317198,1.4173093556435483
Donor_592,IN_LAMP5_LHX6,11,20,14.193548387096772,1.2991284583894736,1.0544619512600395,1.2320297160433977
Donor_592,IN_LAMP5_RELN,17,22,19.17948717948718,1.0259973104777713,0.7017682347037688,1.462017315319019
Donor_592,IN_PVALB,67,59,62.74603174603175,0.5107636950404437,0.42237547182227786,1.2092645740928745
Donor_592,IN_SST,34,32,32.96969696969697,0.7600584466392433,0.4685931706331661,1.6220006911587026
Donor_592,IN_VIP,58,78,66.52941176470588,0.5163235884814137,0.39737230134960466,1.299344686903974
Donor_592,Micro,81,79,79.98750000000001,0.7526153812910883,0.547485391402414,1.3746766454593837
Donor_592,OPC,149,118,131.70037453183522,0.4729019056299639,0.40756106034255346,1.160321609803674
Donor_592,Oligo,777,700,736.4928909952607,0.23743517242580126,0.20833983441628368,1.1396532645378905
Donor_592,PC,13,21,16.058823529411764,1.3399264227229404,0.784130521272945,1.708805340911517
Donor_601,Astro,279,302,290.0447504302926,0.3373281364925982,0.2659614097541576,1.2683348941653176
Donor_601,EN_L2_3_IT,17,15,15.9375,0.9408329850156503,0.6600707967318118,1.4253516284525352
Donor_601,EN_L3_5_IT_3,15,15,15.0,0.8812469210941933,0.5746807664942999,1.5334546977620735
Donor_601,EN_L6_CT,14,19,16.12121212121212,1.0974376488267505,0.8369364247315145,1.311255689676553
Donor_601,EN_L6_IT_1,18,15,16.363636363636363,1.0848189391501566,0.6958128013541662,1.559067233369263
Donor_601,IN_PVALB,15,25,18.75,1.1559224099434857,0.8348104395413412,1.3846525572662567
Donor_601,IN_SST,27,29,27.964285714285715,0.9114825699559752,0.6347966300112047,1.43586548331217
Donor_601,IN_VIP,23,19,20.80952380952381,0.8247897932105981,0.6177713778165055,1.3351052231098712
Donor_601,Micro,30,27,28.421052631578952,1.1643343132872066,0.7516038079913292,1.5491330683899873
Donor_601,OPC,77,87,81.6951219512195,0.6414371044876974,0.4535211754921704,1.4143487430142525
Donor_601,Oligo,161,185,172.16763005780348,0.49578930959502854,0.3933424107216368,1.2604522067311275
Donor_601,PC,23,34,27.43859649122807,1.1651377063769504,0.9603831205319686,1.2132009418611662
Donor_604,Astro,483,490,486.47482014388487,0.3160346698847887,0.2932715160563406,1.077618018055579
Donor_604,EN_L2_3_IT,1433,1403,1417.8413258110015,0.08693869278862021,0.07847534908812737,1.1078471621832298
Donor_604,EN_L3_5_IT_1,38,38,38.0,0.5639086162706537,0.4734903428016266,1.190961177653646
Donor_604,EN_L3_5_IT_2,141,166,152.48208469055373,0.3014093562876692,0.26262152648096837,1.1476947846828986
Donor_604,EN_L3_5_IT_3,150,142,145.8904109589041,0.2825751460874011,0.24096094854973438,1.1727010031630811
Donor_604,EN_L5_6_NP,19,27,22.304347826086957,0.7350683823009048,0.585312022111613,1.2558573111979148
Donor_604,EN_L6_IT_1,11,21,14.4375,0.9622311593902184,0.6817050816884613,1.4115065080737614
Donor_604,Endo,94,96,94.98947368421052,0.7788311277957041,0.6627693468257241,1.1751163983757664
Donor_604,IN_ADARB2,189,182,185.43396226415092,0.3578837126594272,0.30809420601672155,1.1616048133018229
Donor_604,IN_LAMP5_LHX6,31,21,25.03846153846154,0.7006521798376424,0.5001981304333811,1.4007492975445233
Donor_604,IN_LAMP5_RELN,89,59,70.95945945945947,0.4805708411063421,0.4189425255252255,1.1471044638016958
Donor_604,IN_PVALB,125,137,130.72519083969465,0.36296626195693626,0.29045978633704284,1.249626554278872
Donor_604,IN_PVALB_CHC,30,31,30.49180327868853,0.8210593503652639,0.638814485561745,1.2852860555334165
Donor_604,IN_SST,94,121,105.80465116279069,0.5536677115026074,0.41008102186032147,1.3501422450395504
Donor_604,IN_VIP,204,240,220.54054054054058,0.3315388435666897,0.2807859969035953,1.180752769806109
Donor_604,Micro,116,148,130.06060606060606,0.6554636527514353,0.576534464711469,1.1369028095821938
Donor_604,OPC,125,112,118.14345991561181,0.6330369635798858,0.5067098061239754,1.2493086889757217
Donor_604,Oligo,352,373,362.1958620689655,0.4020039568305074,0.3285490754151398,1.2235735447514298
Donor_604,PC,26,33,29.08474576271186,1.345804235604632,0.9416459064192386,1.4292041482156186
Donor_604,PVM,10,11,10.476190476190476,4.996714011177003,1.1633266910076028,4.295194161537851
Donor_604,SMC,20,33,24.90566037735849,1.7169582277321007,1.1184965129504079,1.535059079623816
Donor_604,VLMC,36,64,46.08,1.0316603184062592,0.9112266132098803,1.1321665801354726
Donor_609,Astro,476,479,477.49528795811517,0.29167442737493854,0.249824850458084,1.167515668838061
Donor_609,EN_L2_3_IT,439,458,448.2987736900781,0.15298313280832776,0.1392688100230999,1.0984737557745565
Donor_609,EN_L3_5_IT_1,98,67,79.5878787878788,0.40290752696613374,0.3241691627499317,1.242892826536193
Donor_609,EN_L3_5_IT_2,225,202,212.88056206088993,0.25549457535483405,0.2265868068001553,1.127579222122031
Donor_609,EN_L3_5_IT_3,191,185,187.95212765957444,0.26985085433677014,0.23225785170501123,1.161858909637662
Donor_609,EN_L5_6_NP,41,32,35.945205479452056,0.581781751080308,0.48018893782299,1.2115684166276395
Donor_609,EN_L6B,45,45,45.0,0.5015943576113107,0.40109023008182065,1.2505773514079055
Donor_609,EN_L6_CT,81,60,68.93617021276596,0.4320377145989087,0.3654047745857385,1.1823537749026742
Donor_609,EN_L6_IT_1,88,97,92.28108108108107,0.3068430852952151,0.2433097361296177,1.2611212776612912
Donor_609,EN_L6_IT_2,40,37,38.44155844155844,0.5320821334483479,0.4258450814232928,1.2494734744146423
Donor_609,Endo,27,26,26.49056603773585,1.080748445328084,0.8734598002952456,1.2373190442911866
Donor_609,IN_ADARB2,12,15,13.333333333333334,1.1159541990460777,0.7324344137911183,1.523623382563145
Donor_609,IN_LAMP5_LHX6,16,36,22.153846153846153,0.8244323393641595,0.6665228484094676,1.2369153455601911
Donor_609,IN_LAMP5_RELN,22,33,26.4,0.7214072619840293,0.6032622761798621,1.1958434837867145
Donor_609,IN_PVALB,87,92,89.43016759776536,0.41757764690459753,0.3023845936354266,1.3809488171479225
Donor_609,IN_PVALB_CHC,22,17,19.17948717948718,0.9080422481194312,0.6899955072467723,1.3160118270084271
Donor_609,IN_SST,76,80,77.94871794871794,0.5213346101415337,0.3788295736679912,1.3761718893637245
Donor_609,IN_VIP,80,94,86.4367816091954,0.49537800129201415,0.38832516246634574,1.2756783468414725
Donor_609,Micro,191,178,184.2710027100271,0.5404505607037486,0.4592023849990374,1.1769332615833028
Donor_609,OPC,140,108,121.93548387096776,0.49129802443209725,0.42079809913406585,1.1675386021065894
Donor_609,Oligo,1316,1187,1248.1757890531362,0.20492387757200375,0.18082336497512064,1.1332820711537974
Donor_609,PC,18,15,16.363636363636363,1.7220583099022804,1.0961207831400124,1.5710479505453498
Donor_609,VLMC,16,19,17.37142857142857,1.2904552340366369,0.822414483034013,1.5691056768309208
Donor_616,Adaptive,11,15,12.692307692307692,1.7787472165074858,1.1186475018157767,1.5900873274380378
Donor_616,Astro,463,462,462.49945945945944,0.2282200079862049,0.20429239251162246,1.1171243587703403
Donor_616,EN_L2_3_IT,218,217,217.4988505747126,0.2691507935101116,0.2347609174036951,1.1464889321729803
Donor_616,EN_L3_5_IT_1,33,29,30.870967741935484,0.6070006932114644,0.42710952715677064,1.421182752003246
Donor_616,EN_L3_5_IT_2,128,124,125.96825396825398,0.34034948221398387,0.28106262981037744,1.2109382255606342
Donor_616,EN_L3_5_IT_3,106,91,97.92893401015228,0.3869499729985115,0.3121606554658958,1.2395859831245986
Donor_616,EN_L5_6_NP,33,37,34.885714285714286,0.6189746526632749,0.47023115495222445,1.3163199548659483
Donor_616,EN_L6B,42,45,43.44827586206896,0.5296533360000366,0.4031728421176699,1.3137128314943698
Donor_616,EN_L6_CT,64,62,62.98412698412699,0.5084613406837885,0.3612949520927966,1.4073303203892895
Donor_616,EN_L6_IT_1,89,96,92.36756756756758,0.3700569023911422,0.2924487253761969,1.2653736203333166
Donor_616,EN_L6_IT_2,27,20,22.97872340425532,0.656510460557779,0.494899029622375,1.326554350002907
Donor_616,Endo,96,84,89.60000000000001,0.6451366243251135,0.5288949678774202,1.219782118393371
Donor_616,IN_ADARB2,39,35,36.89189189189189,0.7610490285171367,0.5687807277427637,1.3380358922099909
Donor_616,IN_LAMP5_LHX6,19,21,19.950000000000003,0.7886058717682127,0.5332631664334748,1.4788305688587104
Donor_616,IN_LAMP5_RELN,27,40,32.23880597014925,0.6604570271213195,0.5395732206292707,1.224035963740138
Donor_616,IN_PVALB,100,100,100.0,0.3903740010039042,0.3265468185678597,1.195461045114364
Donor_616,IN_PVALB_CHC,18,17,17.485714285714288,0.9474647041937048,0.754564703637314,1.2556440814505807
Donor_616,IN_SST,80,100,88.88888888888889,0.46618772587453383,0.3648147907332868,1.2778750689835927
Donor_616,IN_VIP,132,105,116.9620253164557,0.41196089596937924,0.33766375160076534,1.220032929256969
Donor_616,Micro,170,162,165.90361445783134,0.49626594224885245,0.40636183088807787,1.2212415254756945
Donor_616,OPC,43,37,39.775,0.7511376506547442,0.5984660964213342,1.2551047672480442
Donor_616,Oligo,1825,1757,1790.35455053043,0.11845978993761053,0.11644191503138464,1.0173294548245966
Donor_616,PC,53,50,51.456310679611654,0.8121981991098997,0.610019844551867,1.3314291434347632
Donor_616,VLMC,14,23,17.405405405405407,1.1766638097838102,0.7575653074439783,1.5532176542691325
Donor_620,Astro,252,265,258.3365570599613,0.37443884554197737,0.3267785350390464,1.1458489631126967
Donor_620,EN_L2_3_IT,180,204,191.24999999999997,0.31535929898978354,0.24737258622493608,1.2748352750091196
Donor_620,EN_L3_5_IT_1,26,33,29.08474576271186,0.6649151792762464,0.4441672213468735,1.49699290564483
Donor_620,EN_L3_5_IT_2,83,74,78.2420382165605,0.4617907592554511,0.3683536969161345,1.2536612585174896
Donor_620,EN_L3_5_IT_3,67,56,61.00813008130081,0.47399065142429153,0.362607974730647,1.3071710620164434
Donor_620,EN_L6_CT,18,22,19.8,0.7580540370009805,0.584020370409462,1.2979924595258585
Donor_620,EN_L6_IT_1,18,12,14.399999999999999,0.7630936077857586,0.5063751144440931,1.5069729653351849
Donor_620,EN_L6_IT_2,14,17,15.354838709677422,0.690264335069263,0.5381074236836407,1.2827630779445944
Donor_620,Endo,80,67,72.92517006802721,0.6730053120088684,0.5289451516723647,1.27235368332809
Donor_620,IN_ADARB2,11,13,11.916666666666666,1.203425821630547,0.8582546248657557,1.4021780795166485
Donor_620,IN_LAMP5_LHX6,15,17,15.9375,0.9902877471043183,0.7307746714047298,1.35512051231981
Donor_620,IN_LAMP5_RELN,25,20,22.22222222222222,0.8033954031649797,0.6274718113797655,1.280368916331669
Donor_620,IN_PVALB,76,61,67.67883211678831,0.5316844007226542,0.3923321785113645,1.3551893773792332
Donor_620,IN_PVALB_CHC,16,16,16.0,0.9732941446044316,0.6759526917481837,1.4398850045071174
Donor_620,IN_SST,43,62,50.780952380952385,0.7370974258827447,0.6011017667924818,1.2262439849677111
Donor_620,IN_VIP,94,90,91.95652173913044,0.5000503694431693,0.38387397643781096,1.3026420130987424
Donor_620,Micro,121,123,121.99180327868851,0.5507879675556093,0.4433430642526792,1.2423516052609158
Donor_620,OPC,81,79,79.98750000000001,0.6665809878381248,0.4941687475116989,1.3488934522763283
Donor_620,Oligo,950,996,972.4563206577595,0.1791599119881572,0.1653796029977581,1.083325323925139
Donor_620,PC,10,25,14.285714285714285,1.8473273921095834,1.2596198388723225,1.4665753389240102
Donor_620,PVM,19,22,20.390243902439025,1.2493120607034656,0.8197875433242876,1.5239461380901573
Donor_620,VLMC,40,56,46.666666666666664,0.7287413088686523,0.5764262770273136,1.2642402643870472
Donor_621,Astro,734,215,332.58166491043204,0.18858334454288433,0.18637561487120036,1.0118455929613415
Donor_621,EN_L2_3_IT,661,237,348.902004454343,0.14852086003703877,0.12737653056017234,1.165998629291272
Donor_621,EN_L3_5_IT_1,58,20,29.743589743589745,0.4629894110507431,0.3468671262267966,1.3347745463432032
Donor_621,EN_L3_5_IT_2,198,63,95.58620689655172,0.2945481607671261,0.22789199659885861,1.2924901495579828
Donor_621,EN_L3_5_IT_3,174,66,95.7,0.32486025215382286,0.24427533720151695,1.329893782464935
Donor_621,EN_L5_6_NP,36,18,24.0,0.6301925469193259,0.4852893982453552,1.298591210106572
Donor_621,EN_L6_IT_1,34,13,18.80851063829787,0.699266481093769,0.4883546413934674,1.4318825333542184
Donor_621,EN_L6_IT_2,10,10,10.0,1.0831132655591982,0.9194068084807725,1.1780566073346077
Donor_621,Endo,194,27,47.4027149321267,0.8638873891029025,0.6418601859162685,1.345912097460424
Donor_621,IN_ADARB2,32,16,21.333333333333332,0.8381557154671437,0.6756799718899567,1.2404625715377107
Donor_621,IN_LAMP5_RELN,50,15,23.076923076923077,0.6096609310374657,0.4818645334952212,1.2652122923745162
Donor_621,IN_PVALB,75,31,43.867924528301884,0.5978054517034084,0.4497930418677978,1.329067806876199
Donor_621,IN_VIP,179,55,84.14529914529915,0.4066709928870822,0.29339033160348305,1.3861090468267303
Donor_621,OPC,298,33,59.41993957703927,0.4206837387355846,0.36182664729727154,1.1626665473036786
Donor_621,Oligo,322,93,144.31807228915662,0.42635576339378983,0.33212836255137246,1.2837077812884548
Donor_621,PC,60,27,37.24137931034483,0.7478652726160915,0.5379261938652937,1.390274876265591
Donor_621,SMC,62,18,27.900000000000002,1.0098192026844233,0.8325552322904999,1.2129155682635497
Donor_626,Micro,45,57,50.29411764705882,0.8626429908685154,0.5746361218969813,1.50119868556256
Donor_629,Astro,53,264,88.27760252365931,0.6334405040108133,0.47356054428928607,1.337612500976983
Donor_629,EN_L2_3_IT,16,463,30.931106471816285,0.5012215645553554,0.4825231562060184,1.0387513181675234
Donor_629,IN_ADARB2,17,72,27.505617977528093,0.8558172238106616,0.6069654182104474,1.409993383698727
Donor_629,IN_SST,14,153,25.652694610778443,0.6472850989594908,0.6363852014824212,1.0171278298924598
Donor_629,IN_VIP,12,133,22.013793103448275,0.7326990548114752,0.7326990548114752,1.0
Donor_629,Micro,12,161,22.33526011560694,1.664798993757866,1.664798993757866,1.0
Donor_629,OPC,16,120,28.235294117647058,1.2163663703110263,0.9271913668188843,1.31188276103592
Donor_629,Oligo,194,1066,328.2603174603175,0.34489511684629415,0.31352457481738205,1.1000576814343324
Donor_63,Astro,123,134,128.26459143968873,0.5289722578163203,0.43044311318252015,1.2289016634632994
Donor_63,EN_L2_3_IT,83,84,83.49700598802396,0.42848572741419766,0.3355015866136202,1.2771496306146013
Donor_63,EN_L3_5_IT_2,59,66,62.30400000000001,0.5064235764619727,0.37832437569087407,1.3385962126737703
Donor_63,EN_L3_5_IT_3,54,56,54.981818181818184,0.5012817198888655,0.3994817698832991,1.2548300264998458
Donor_63,EN_L6B,36,32,33.88235294117647,0.5551596027377528,0.45390680290185825,1.2230695798974112
Donor_63,EN_L6_CT,36,41,38.33766233766234,0.5780292117177526,0.4101784336820491,1.4092140499171477
Donor_63,EN_L6_IT_1,29,35,31.718750000000004,0.6077834117124574,0.4817183356056227,1.2616987288813577
Donor_63,IN_LAMP5_LHX6,10,18,12.857142857142858,0.9144094241869754,0.6130308237407118,1.4916206310920102
Donor_63,IN_LAMP5_RELN,20,16,17.77777777777778,0.8714085807582634,0.6884640906507582,1.2657284418924164
Donor_63,IN_PVALB,46,37,41.01204819277108,0.6292434996249763,0.4366211058908145,1.4411660158781485
Donor_63,IN_SST,36,34,34.971428571428575,0.7526921476139119,0.53692965827174,1.4018449828915476
Donor_63,IN_VIP,27,45,33.75,0.7407532110035673,0.6188625987544989,1.1969590867090387
Donor_63,Micro,53,57,54.92727272727274,0.8615695374153294,0.6674889493750427,1.290762248906144
Donor_63,OPC,72,77,74.41610738255034,0.6161474841512162,0.48970102992487385,1.2582115341798257
Donor_63,Oligo,2074,1946,2007.9621890547262,0.13737392159754688,0.13021598962774572,1.0549696852918282
Donor_63,PC,19,17,17.944444444444446,1.314453618285015,0.8725078519822214,1.5065235405031048
Donor_633,Astro,73,143,96.65740740740742,0.4784642932375469,0.34106716112430924,1.4028447994240065
Donor_633,EN_L2_3_IT,96,233,135.9756838905775,0.22028577967812124,0.16276949305547703,1.3533603597514483
Donor_633,EN_L3_5_IT_1,21,45,28.636363636363637,0.4792375642056612,0.36539097881241744,1.3115747021540172
Donor_633,EN_L3_5_IT_2,31,125,49.67948717948718,0.38236987988719906,0.3204572949242248,1.1932007351482328
Donor_633,EN_L3_5_IT_3,46,146,69.95833333333334,0.24890765381805516,0.24519626628809313,1.015136394962888
Donor_633,EN_L5_6_NP,15,31,20.217391304347828,0.518556869927683,0.4033056302684459,1.2857665031418586
Donor_633,EN_L6B,10,16,12.307692307692307,0.7797663275264459,0.5347739143901415,1.4581233424889373
Donor_633,Endo,21,56,30.54545454545455,0.9845634259985356,0.6909460953450202,1.4249496923589955
Donor_633,IN_ADARB2,15,36,21.176470588235293,0.6876402875269121,0.557189545297224,1.2341227385379265
Donor_633,IN_LAMP5_RELN,15,28,19.53488372093023,0.6114451851187512,0.459442179743907,1.3308425131092028
Donor_633,IN_PVALB,29,92,44.09917355371901,0.4087667803835551,0.32614756678074586,1.2533185037015786
Donor_633,IN_SST,42,143,64.92972972972973,0.45612033298935556,0.37462164171264645,1.2175493409940867
Donor_633,IN_VIP,28,118,45.26027397260275,0.5359481961946877,0.384361494976436,1.394385762360366
Donor_633,Micro,18,40,24.827586206896555,1.0798184928503924,0.717229843317126,1.5055403827820735
Donor_633,OPC,30,115,47.58620689655173,0.6724720999055798,0.5006040925300308,1.3433212191832786
Donor_633,Oligo,450,985,617.7700348432056,0.2140331916248357,0.18384682246545392,1.164193042635012
Donor_633,PC,10,24,14.117647058823529,1.4248312628720408,0.8281549050626182,1.7204888290365277
Donor_633,VLMC,11,17,13.357142857142858,1.322413264969457,0.9181959675358855,1.4402298765462327
Donor_634,Astro,220,462,298.0645161290323,0.30703835246099676,0.23053807837547335,1.3318335722436652
Donor_634,EN_L2_3_IT,526,1121,716.0242865816635,0.10805772271593361,0.07707507538793745,1.4019801105876708
Donor_634,EN_L3_5_IT_2,41,90,56.33587786259542,0.4284738601764049,0.3109084520582517,1.3781351305821887
Donor_634,EN_L3_5_IT_3,25,65,36.11111111111111,0.4573281853926403,0.35498654959536946,1.2882972211592938
Donor_634,Endo,42,96,58.434782608695656,0.7588945462873884,0.6100166562992309,1.244055450700888
Donor_634,IN_ADARB2,21,43,28.21875,0.7005005691747908,0.516353294214797,1.3566303866425815
Donor_634,IN_LAMP5_LHX6,10,21,13.548387096774194,0.8160353989273483,0.6188724768211573,1.3185840855597906
Donor_634,IN_LAMP5_RELN,25,49,33.108108108108105,0.68806948395068,0.5009422637696241,1.373550474206171
Donor_634,IN_PVALB,64,124,84.42553191489361,0.33934753336193424,0.25679703945060117,1.321462015636722
Donor_634,IN_PVALB_CHC,12,23,15.77142857142857,0.9654965953750176,0.5670660252921547,1.702617600618182
Donor_634,IN_SST,30,47,36.62337662337663,0.7567366075160984,0.46610316089660264,1.6235388879586852
Donor_634,IN_VIP,81,189,113.4,0.39373670314935794,0.2890058972064873,1.3623829373559224
Donor_634,Micro,67,160,94.44933920704845,0.6071339939141183,0.5261185220859017,1.153987112080781
Donor_634,OPC,54,108,72.0,0.5383563390539896,0.37276120605916274,1.444239181285792
Donor_634,Oligo,344,724,466.3970037453184,0.2553528902788254,0.20128657522817273,1.2686036810421393
Donor_634,PC,19,33,24.115384615384617,1.087445483006376,0.6703432960265605,1.6222217622704307
Donor_634,PVM,26,62,36.63636363636363,0.9834895757975692,0.6611016468782545,1.4876525878306945
Donor_634,VLMC,71,174,100.84897959183672,0.5352868020520383,0.4356750088033483,1.2286378406746117
Donor_638,Astro,321,479,384.39750000000004,0.29706744124560824,0.24092610819919047,1.2330230354279488
Donor_638,EN_L2_3_IT,30,67,41.44329896907217,0.7670347153062289,0.6163789427520454,1.2444206998401448
Donor_638,EN_L3_5_IT_1,24,25,24.489795918367346,0.7661053878503323,0.6589934190258004,1.162538753395864
Donor_638,EN_L3_5_IT_2,13,27,17.55,1.0577494613874991,0.9490466081549007,1.1145390039841503
Donor_638,EN_L3_5_IT_3,26,27,26.49056603773585,0.8572302209659344,0.6475452729229492,1.323815116580946
Donor_638,Endo,23,23,23.0,1.1089422874210144,0.7914214092231884,1.401203296369611
Donor_638,IN_VIP,11,32,16.372093023255815,1.7326729585652538,1.1836881969997917,1.463791700345525
Donor_638,Micro,115,180,140.33898305084747,0.6023751066309346,0.4920445051761948,1.224228906723045
Donor_638,OPC,73,93,81.79518072289157,0.6120918916238991,0.511321879988917,1.1970774488217995
Donor_638,Oligo,229,362,280.5346869712352,0.40957718232984064,0.327743604901765,1.249687793153443
Donor_638,PC,20,35,25.454545454545457,1.1265101137312055,1.0266098568152446,1.097310829671821
Donor_655,Astro,684,728,705.314447592068,0.19163027877201744,0.16389247504746507,1.169243912611114
Donor_655,EN_L2_3_IT,487,511,498.7114228456914,0.13225955470728662,0.1242464798564138,1.0644933752661097
Donor_655,EN_L3_5_IT_1,35,37,35.97222222222222,0.5860082241093414,0.45595329937915974,1.2852373804669657
Donor_655,EN_L3_5_IT_2,91,104,97.06666666666665,0.35342721819720524,0.27817466669806423,1.2705226625860273
Donor_655,EN_L3_5_IT_3,99,105,101.91176470588233,0.3353047135691791,0.28968714182781863,1.1574718555111922
Donor_655,Endo,38,29,32.8955223880597,1.0993210117128882,0.7122642656079465,1.5434173308899233
Donor_655,IN_ADARB2,128,138,132.81203007518795,0.39853981551829554,0.33466645310727916,1.1908567823812966
Donor_655,IN_LAMP5_LHX6,22,18,19.8,0.7821482712165801,0.5784017959718843,1.3522576808433695
Donor_655,IN_LAMP5_RELN,65,67,65.98484848484848,0.48728050471792383,0.39732161524685994,1.226413278359325
Donor_655,IN_PVALB,147,153,149.94,0.3126082563877981,0.2669398682410786,1.1710811818693019
Donor_655,IN_PVALB_CHC,34,28,30.709677419354843,0.6855131410513011,0.48899656496609945,1.4018772117526541
Donor_655,IN_SST,95,114,103.63636363636365,0.518363866713961,0.4181300327296551,1.2397192885905728
Donor_655,IN_VIP,266,294,279.3,0.2628543024201569,0.22173321932808499,1.1854529655803516
Donor_655,Micro,244,229,236.26215644820294,0.46403908010702155,0.38842116981459673,1.1946801981172117
Donor_655,OPC,114,103,108.22119815668204,0.4848057385556954,0.40447407695485094,1.1986076887933943
Donor_655,Oligo,1107,1147,1126.645075421473,0.22727658043128018,0.19967910490372232,1.138209130799461
Donor_655,PC,40,33,36.16438356164383,1.0304828360945155,0.7208930941590337,1.4294530554445626
Donor_655,PVM,43,38,40.34567901234568,0.9931015537165271,0.6490194082478968,1.5301569430681894
Donor_655,VLMC,77,79,77.98717948717947,0.6608233189472781,0.5229953837277339,1.2635356630438177
Donor_670,Adaptive,10,17,12.592592592592593,4.469244230001696,1.1846083006637764,3.7727611966735553
Donor_670,Astro,193,374,254.61022927689595,0.28648412097811193,0.2354834190874593,1.216578738699691
Donor_670,EN_L2_3_IT,82,294,128.23404255319147,0.19354173631187255,0.15503154329534574,1.2484023070270431
Donor_670,EN_L3_5_IT_1,18,64,28.097560975609756,0.5163614899701796,0.40954077032246206,1.2608304896325941
Donor_670,EN_L3_5_IT_2,27,96,42.146341463414636,0.4099967276963082,0.33621115656097444,1.2194619949262515
Donor_670,EN_L3_5_IT_3,27,53,35.775000000000006,0.4582786154666987,0.3660412434928695,1.2519862819109508
Donor_670,Endo,47,85,60.530303030303024,0.9407407869549296,0.579910325648938,1.6222176866780411
Donor_670,IN_ADARB2,133,323,188.41666666666666,0.2565676569415976,0.23410877671473385,1.0959335251844502
Donor_670,IN_LAMP5_RELN,41,111,59.881578947368425,0.4162503704416298,0.3416250698615182,1.2184421085090795
Donor_670,IN_PVALB,59,177,88.5,0.24244018683330346,0.24214032230139862,1.0012383915617804
Donor_670,IN_PVALB_CHC,16,40,22.857142857142858,0.7321569803072454,0.5541739560533543,1.3211681500181423
Donor_670,IN_SST,130,271,175.71072319201994,0.2670580881745144,0.2307920662483527,1.1571372123647277
Donor_670,IN_VIP,128,358,188.5761316872428,0.21349340322176236,0.19960026935202096,1.0696047851781154
Donor_670,Micro,178,342,234.13846153846154,0.503651640544533,0.3430725274047166,1.4680617079850993
Donor_670,OPC,58,96,72.31168831168831,0.5382127315539922,0.4003844736977573,1.3442397668004449
Donor_670,Oligo,415,695,519.6846846846847,0.31358193571362314,0.22156773938776952,1.4152869753516688
Donor_670,PVM,48,70,56.94915254237288,1.0464903189960184,0.642980923007026,1.6275604478308654
Donor_670,SMC,51,96,66.61224489795919,0.9620166836656416,0.5860638642988394,1.6414878006795184
Donor_670,VLMC,195,320,242.33009708737865,0.4316854972745583,0.28588470285537004,1.5099985867132923
Donor_673,Astro,286,234,257.4,0.32040069825474027,0.25396132069694977,1.2616121910827205
Donor_673,EN_L2_3_IT,60,62,60.98360655737706,0.5661599987952965,0.3983488478002791,1.4212668165646438
Donor_673,EN_L3_5_IT_2,24,34,28.137931034482758,0.6171999069252418,0.4510377780355366,1.3683995819893686
Donor_673,EN_L3_5_IT_3,39,31,34.542857142857144,0.5444821706596059,0.4250045578106576,1.2811207801262603
Donor_673,Endo,45,25,32.142857142857146,1.1702671045170465,0.8803351699229545,1.329342669133015
Donor_673,IN_PVALB,19,21,19.950000000000003,0.8207591866766291,0.5983203440655247,1.3717721531908067
Donor_673,IN_SST,39,29,33.26470588235294,0.7272374837693469,0.5663828128994526,1.2840034464436514
Donor_673,IN_VIP,46,41,43.35632183908046,0.5881858598362291,0.44673514084048427,1.316632174334037
Donor_673,Micro,34,31,32.43076923076923,1.029273961382378,0.8822566314609963,1.1666378292650796
Donor_673,OPC,149,149,149.0,0.473712038907832,0.35959276415731356,1.3173569830248137
Donor_673,Oligo,151,150,150.4983388704319,0.5734958349244388,0.44197301253291865,1.2975811161812152
Donor_673,PC,40,37,38.44155844155844,0.8942479688313023,0.6680914720753428,1.3385112760883364
Donor_674,Astro,193,259,221.18141592920352,0.3578705193934689,0.2808998502017154,1.274014632391155
Donor_674,EN_L2_3_IT,141,273,185.9565217391304,0.19375862559639634,0.17021241926413122,1.138334243964459
Donor_674,EN_L3_5_IT_2,11,28,15.794871794871794,0.7739157609729417,0.5446349088135292,1.420980823023067
Donor_674,Endo,11,12,11.478260869565217,1.5178910859659966,0.9845184089613959,1.5417599835103895
Donor_674,IN_ADARB2,87,186,118.54945054945054,0.33804406884703164,0.2510150619226188,1.346708306098546
Donor_674,IN_LAMP5_RELN,26,45,32.95774647887323,0.5683297559728628,0.3969592308014136,1.4317081248506867
Donor_674,IN_PVALB,20,59,29.873417721518987,0.5481435326715198,0.39434060962115336,1.3900255750938924
Donor_674,IN_PVALB_CHC,15,28,19.53488372093023,0.7043787709118918,0.48162195481405146,1.4625138324183002
Donor_674,IN_SST,44,48,45.91304347826087,0.6455267317141722,0.42557016388670954,1.5168514771303774
Donor_674,IN_VIP,105,177,131.80851063829786,0.311181913376982,0.2190768234505569,1.4204237056012095
Donor_674,Micro,91,123,104.607476635514,0.647657833570475,0.4624047926379822,1.4006295866347733
Donor_674,OPC,105,161,127.10526315789475,0.412755055963292,0.3379415892664195,1.2213798747270865
Donor_674,Oligo,106,164,128.77037037037036,0.5252435542009435,0.40912655379111795,1.283816827174483
Donor_686,Astro,364,382,372.7828418230563,0.30501392438849395,0.23089572728254115,1.321002895888395
Donor_686,EN_L2_3_IT,88,90,88.98876404494382,0.4209237190917343,0.29903224862855393,1.4076198170003702
Donor_686,EN_L3_5_IT_1,30,25,27.272727272727273,0.6354456232385299,0.5017687341895196,1.2664113563491186
Donor_686,EN_L3_5_IT_2,146,118,130.51515151515153,0.34229366040764186,0.27947857521532615,1.2247581416354345
Donor_686,EN_L3_5_IT_3,99,74,84.6936416184971,0.43898429000919315,0.363130739529677,1.2088877151456823
Donor_686,EN_L5_6_NP,19,24,21.209302325581397,0.8983219803568394,0.7546332476531783,1.1904086960792097
Donor_686,EN_L6B,17,29,21.434782608695652,1.068897785231802,0.7315689149676952,1.4611033401808806
Donor_686,EN_L6_CT,16,18,16.941176470588236,0.9648368497314821,0.6818702383898585,1.4149860126023535
Donor_686,EN_L6_IT_1,66,60,62.85714285714286,0.5010589930169282,0.390508420059686,1.28309395464596
Donor_686,EN_L6_IT_2,21,22,21.488372093023255,0.8201989435741694,0.5436065239645878,1.5088099708450147
Donor_686,Endo,49,52,50.45544554455446,0.8175440676136372,0.5895455238207963,1.3867361121075112
Donor_686,IN_LAMP5_LHX6,13,12,12.48,1.1527454594065163,0.7095773434897152,1.624552235190165
Donor_686,IN_LAMP5_RELN,22,30,25.384615384615383,0.8191287048470279,0.6838885123854639,1.1977518118996242
Donor_686,IN_PVALB,58,80,67.2463768115942,0.49489301956446985,0.3729564066904816,1.3269460201958243
Donor_686,IN_PVALB_CHC,25,23,23.958333333333332,0.8059577772755375,0.658828140057877,1.2233202079145182
Donor_686,IN_SST,30,23,26.037735849056606,0.8612115725025027,0.6501221378417252,1.3246919653613887
Donor_686,IN_VIP,84,78,80.88888888888889,0.5098566075802795,0.3895835218714909,1.3087222096330404
Donor_686,Micro,66,82,73.13513513513513,0.6645596496561517,0.4706971589184885,1.41186246201931
Donor_686,OPC,175,139,154.93630573248407,0.45614399265383065,0.36229112165949506,1.2590537426488322
Donor_686,Oligo,808,894,848.8272620446535,0.22854476227862755,0.19084265798265942,1.1975559588956985
Donor_686,PC,39,44,41.34939759036145,0.8366168564162675,0.5963986068647023,1.402781372703744
Donor_69,Astro,103,103,103.00000000000001,0.5357086395881439,0.41767023684266213,1.2826114775086241
Donor_69,IN_ADARB2,25,39,30.46875,0.6837021806903731,0.542202470103422,1.2609720877146886
Donor_69,IN_SST,11,17,13.357142857142858,1.0733299631949977,0.7112907504168664,1.508989063285233
Donor_69,IN_VIP,36,44,39.6,0.7016738070394233,0.47155055011750235,1.4880139719157959
Donor_69,Micro,109,125,116.45299145299145,0.5171030790913833,0.417179242331128,1.2395225519896378
Donor_69,OPC,50,62,55.357142857142854,0.7036370326021051,0.47571179050939305,1.4791246436180387
Donor_69,Oligo,613,736,668.8925129725723,0.2506984825646026,0.20040254412388414,1.2509745505507488
Donor_706,Astro,412,377,393.72370088719896,0.27873925721832804,0.25065892257283207,1.1120260725501878
Donor_706,EN_L2_3_IT,593,555,573.3710801393729,0.09750319840333166,0.08612754085559454,1.1320792099104522
Donor_706,EN_L3_5_IT_1,63,56,59.294117647058826,0.3999815397083837,0.29544331792760214,1.3538351197585672
Donor_706,EN_L3_5_IT_2,249,230,239.12317327766178,0.1824537110627953,0.17238278525504214,1.0584218765977884
Donor_706,EN_L3_5_IT_3,322,236,272.3727598566308,0.15825325258369483,0.13794053764104086,1.1472570376339495
Donor_706,EN_L5_6_NP,38,41,39.44303797468354,0.4885132313186147,0.3912723146750854,1.2485249096253557
Donor_706,EN_L6B,88,86,86.98850574712644,0.29904749126822083,0.2540746925687474,1.177006211223909
Donor_706,EN_L6_CT,71,65,67.86764705882352,0.37113780179042166,0.31072841964567766,1.1944121564858103
Donor_706,EN_L6_IT_1,170,153,161.05263157894734,0.19036637551993194,0.1653112240657238,1.1515635226574017
Donor_706,EN_L6_IT_2,41,27,32.55882352941177,0.46531568809989876,0.3338009046136108,1.3939916928581189
Donor_706,Endo,74,62,67.47058823529412,0.7579963530130156,0.5939793501608017,1.2761324999056134
Donor_706,IN_ADARB2,39,39,39.0,0.6882419603386165,0.5683011941695573,1.2110514061902076
Donor_706,IN_LAMP5_LHX6,33,22,26.4,0.608088577313775,0.41194837892368685,1.4761280986286462
Donor_706,IN_LAMP5_RELN,60,56,57.93103448275862,0.5425627403670246,0.4401191788411971,1.2327632297132658
Donor_706,IN_PVALB,155,153,153.9935064935065,0.25876984155209437,0.22476819920219276,1.1512742570816925
Donor_706,IN_PVALB_CHC,31,21,25.03846153846154,0.8333627179865677,0.567794243441953,1.4677195614642833
Donor_706,IN_SST,128,128,128.0,0.4098033460354351,0.31857092322107095,1.2863802568417515
Donor_706,IN_VIP,160,170,164.84848484848484,0.34351914365255154,0.28897369130855255,1.1887557725307178
Donor_706,Micro,105,102,103.47826086956522,0.6671266915406195,0.545892167233303,1.222085114211766
Donor_706,OPC,110,83,94.61139896373057,0.49659245147664244,0.3951366948238575,1.2567611613444596
Donor_706,Oligo,962,905,932.6298875200855,0.21768002250046325,0.18207899014313433,1.1955252076548895
Donor_706,PC,29,21,24.36,1.1634893249547171,0.7213591762822693,1.6129126282846944
Donor_711,Astro,379,388,383.44719687092567,0.2994769919420235,0.25728806425112216,1.163975456124243
Donor_711,EN_L2_3_IT,482,476,478.9812108559499,0.11133550584222185,0.10275960337442991,1.0834559708891005
Donor_711,EN_L3_5_IT_1,65,55,59.583333333333336,0.40801848768850757,0.3190954952787304,1.2786720393282356
Donor_711,EN_L3_5_IT_2,253,225,238.17991631799165,0.20139688612595397,0.16948301494953077,1.1883012948874352
Donor_711,EN_L3_5_IT_3,269,269,269.0,0.16532427409250072,0.15543080134873777,1.0636519445175163
Donor_711,EN_L5_6_NP,57,55,55.98214285714286,0.42215144768934376,0.3523168453106451,1.1982153374390148
Donor_711,EN_L6B,60,78,67.82608695652173,0.3226096718976894,0.2463234374104064,1.3096994556802175
Donor_711,EN_L6_CT,51,67,57.91525423728813,0.4070543132356548,0.3363183728274115,1.210324341823998
Donor_711,EN_L6_IT_1,141,144,142.4842105263158,0.20581059973710292,0.17924440278451303,1.148212142415
Donor_711,EN_L6_IT_2,30,35,32.30769230769231,0.474748346997075,0.35300133887570606,1.3448910661617541
Donor_711,Endo,23,15,18.157894736842106,1.5713150860570462,0.8834268495638202,1.7786589651795859
Donor_711,IN_ADARB2,26,26,26.0,0.8650380044718902,0.6831046247282604,1.266333110855461
Donor_711,IN_LAMP5_LHX6,21,32,25.358490566037737,0.6532897499037795,0.4972099127055991,1.3139113545602141
Donor_711,IN_LAMP5_RELN,35,40,37.33333333333333,0.7010008664913936,0.502060819516692,1.3962469072297075
Donor_711,IN_PVALB,140,164,151.05263157894737,0.28395966534448025,0.2437182447776392,1.165114518215721
Donor_711,IN_PVALB_CHC,40,32,35.55555555555556,0.6613289431403464,0.4602924980581049,1.4367580308833616
Donor_711,IN_SST,138,134,135.97058823529412,0.3841017679284897,0.3236029554522286,1.1869538317155208
Donor_711,IN_VIP,109,128,117.73839662447257,0.4333653796556698,0.33729198707383734,1.2848374591264773
Donor_711,Micro,96,103,99.37688442211055,0.7132672949059911,0.5584419185833669,1.277245262525025
Donor_711,OPC,148,150,148.993288590604,0.47525599540779373,0.3609389731179564,1.3167211933427816
Donor_711,Oligo,1816,2009,1907.6308496732026,0.1519860560031273,0.1466717621794797,1.0362325627283635
Donor_711,PC,18,22,19.8,1.3444389373715868,0.962860895798384,1.3962961246409393
Donor_711,VLMC,17,17,17.0,1.451943824899673,0.9540739649977148,1.5218357047434479
Donor_721,Astro,98,94,95.95833333333334,0.5470202991264173,0.46446020548015987,1.1777549350237801
Donor_721,EN_L2_3_IT,132,135,133.48314606741573,0.3387611838936593,0.27387359307104653,1.2369253278310042
Donor_721,EN_L3_5_IT_2,33,38,35.32394366197183,0.5459017278203908,0.44364357333204385,1.23049619251852
Donor_721,EN_L3_5_IT_3,40,43,41.44578313253012,0.5478802031015872,0.41268298019451644,1.3276055214182716
Donor_721,EN_L6_CT,15,16,15.483870967741938,0.7886559284297561,0.6063031791469013,1.3007616577888212
Donor_721,IN_ADARB2,39,19,25.55172413793104,0.8016134193072286,0.6818490231105643,1.1756465025795662
Donor_721,IN_LAMP5_RELN,16,31,21.106382978723403,0.7839641368365826,0.5544495318325322,1.4139503991381739
Donor_721,IN_PVALB,47,40,43.2183908045977,0.5532563548200704,0.4071399188952669,1.3588850641845087
Donor_721,IN_PVALB_CHC,19,12,14.709677419354842,1.0791680547025102,0.7571063038335621,1.425385113343011
Donor_721,IN_SST,42,65,51.02803738317757,0.6269386347640284,0.46616356820333005,1.344889814492264
Donor_721,IN_VIP,87,72,78.79245283018868,0.5213360046155096,0.3916525265685791,1.3311187066329895
Donor_721,Micro,57,45,50.29411764705882,1.0076664622232947,0.7232241122516436,1.3932976585723682
Donor_721,OPC,142,139,140.48398576512454,0.5152653772143125,0.3975529888320777,1.2960923240145865
Donor_721,Oligo,3193,3102,3146.8422557585386,0.12343705984165121,0.11035975487026572,1.1184970461991204
Donor_730,Astro,237,243,239.96250000000003,0.4569331702919026,0.3750265696608315,1.2184021273616594
Donor_730,EN_L2_3_IT,459,442,450.3396226415094,0.2733773578733314,0.2184631457491557,1.2513660230235328
Donor_730,EN_L3_5_IT_1,16,12,13.714285714285715,1.0853807412446614,0.7493450373757722,1.4484392197293998
Donor_730,EN_L3_5_IT_2,130,115,122.04081632653062,0.5101132888212141,0.40100084609457953,1.2721002805587582
Donor_730,EN_L3_5_IT_3,68,86,75.94805194805195,0.5865470511428983,0.4673133427385352,1.2551472374095578
Donor_730,EN_L5_6_NP,15,19,16.764705882352942,1.1337258469572178,0.7314819794999607,1.5499026342825697
Donor_730,EN_L6B,23,10,13.93939393939394,1.150624463057301,0.7439161628663076,1.5467125470482415
Donor_730,EN_L6_CT,20,15,17.142857142857142,1.1167801537283037,0.7647935524092504,1.4602374068272754
Donor_730,EN_L6_IT_1,29,29,29.0,0.8349085469412953,0.5870045165135656,1.422320482132101
Donor_730,IN_ADARB2,24,41,30.276923076923076,1.0626056581280743,0.9606249393542883,1.1061608069871007
Donor_730,IN_LAMP5_LHX6,14,25,17.94871794871795,1.3176789582278765,1.220667837276515,1.0794738076885906
Donor_730,IN_LAMP5_RELN,42,42,42.0,0.8139100795017562,0.679730696711442,1.1974007992275149
Donor_730,IN_PVALB,84,83,83.49700598802396,0.5673220310094491,0.4528922498948518,1.2526644718278235
Donor_730,IN_PVALB_CHC,18,13,15.096774193548386,1.4752937003787343,0.9892775765620914,1.4912838775802764
Donor_730,IN_SST,36,50,41.860465116279066,0.9803391135845332,0.6848899531907993,1.4313819454020031
Donor_730,IN_VIP,79,81,79.98750000000001,0.6532377067869932,0.5586091916668652,1.1694002113315765
Donor_730,Micro,86,101,92.89839572192513,0.8792905251849552,0.6410370679056712,1.3716687680131832
Donor_730,OPC,187,180,183.43324250681198,0.5069993318486001,0.42919019642181544,1.1812929001535546
Donor_730,Oligo,669,610,638.1391712275215,0.36809267929156486,0.29462604999056485,1.2493555111754466
Donor_730,PC,15,11,12.692307692307692,4.945650964943489,1.3470138881291653,3.6715664244652912
Donor_735,Astro,219,217,217.99541284403668,0.4005065621961661,0.3190514974545593,1.2553038158149
Donor_735,EN_L2_3_IT,638,647,642.4684824902724,0.09419908736199822,0.07607275470056152,1.238276275557337
Donor_735,EN_L3_5_IT_1,65,64,64.49612403100775,0.3245168838813341,0.26444459540708154,1.2271639863986568
Donor_735,EN_L3_5_IT_2,153,176,163.69604863221886,0.21374674704101132,0.17533869489320275,1.2190506332398707
Donor_735,EN_L3_5_IT_3,142,163,151.77704918032788,0.19372517102066403,0.16412071858112665,1.1803821765800007
Donor_735,EN_L5_6_NP,28,16,20.363636363636363,0.5913165016554434,0.47991475636180336,1.2321281932194958
Donor_735,EN_L6B,32,34,32.96969696969697,0.3985214470187439,0.31982118081495914,1.2460758415163218
Donor_735,EN_L6_CT,32,38,34.74285714285714,0.4704265960747416,0.36439867574683227,1.2909668102130336
Donor_735,EN_L6_IT_1,45,50,47.368421052631575,0.34928799643170816,0.2777096286048587,1.257745358655516
Donor_735,EN_L6_IT_2,13,11,11.916666666666666,0.763210600952001,0.5125636096934691,1.489006606240399
Donor_735,Endo,25,24,24.489795918367346,1.0218410425204758,0.7835465682712339,1.3041229250419657
Donor_735,IN_ADARB2,38,48,42.418604651162795,0.6355232075430179,0.43715928184196695,1.4537566373182018
Donor_735,IN_LAMP5_LHX6,19,25,21.59090909090909,0.5938335653832212,0.48094611685469424,1.2347195342105923
Donor_735,IN_LAMP5_RELN,47,34,39.45679012345679,0.5590010786146651,0.4392495436931525,1.2726275681806232
Donor_735,IN_PVALB,114,132,122.34146341463415,0.2771499459597342,0.23448108977741122,1.181971417067482
Donor_735,IN_PVALB_CHC,12,14,12.923076923076923,1.0575881767448925,0.6421508891828376,1.6469465269926127
Donor_735,IN_SST,138,133,135.4538745387454,0.35987176631866014,0.2845353849029344,1.2647698156818905
Donor_735,IN_VIP,130,118,123.70967741935485,0.34449022392880235,0.2778701740229561,1.2397524316530009
Donor_735,Micro,206,179,191.55324675324678,0.44915699729690406,0.35409092579202106,1.268479265014323
Donor_735,OPC,89,85,86.95402298850576,0.48560948599454856,0.4006830521591298,1.2119541452471778
Donor_735,Oligo,350,333,341.28843338213767,0.32845507491321424,0.27807673178321024,1.1811670570455322
Donor_735,PC,12,12,12.0,1.474342778818504,0.899743993198121,1.638624753223396
Donor_745,Astro,453,426,439.0853242320819,0.2348122922038245,0.1870370072290397,1.2554322574049779
Donor_745,EN_L2_3_IT,217,222,219.47152619589977,0.18107530227420465,0.15819958703450876,1.144600347374522
Donor_745,EN_L3_5_IT_1,37,28,31.876923076923077,0.4764367185371601,0.3671604597062559,1.297625345927309
Donor_745,EN_L3_5_IT_2,103,106,104.47846889952153,0.2721995254382609,0.22275093886411013,1.2219904743221623
Donor_745,EN_L3_5_IT_3,115,112,113.48017621145374,0.24883358247272233,0.18590486550010832,1.3384995696768214
Donor_745,EN_L6_CT,15,13,13.928571428571429,0.7552223273182195,0.5127003875140232,1.473028586890941
Donor_745,EN_L6_IT_1,11,15,12.692307692307692,0.6543109810816636,0.5265004751063693,1.2427547780454948
Donor_745,Endo,21,22,21.488372093023255,1.153119538068509,0.7722968740137386,1.4931039822491836
Donor_745,IN_ADARB2,24,35,28.47457627118644,0.7609376241577119,0.4795377339881406,1.5868149057411416
Donor_745,IN_LAMP5_LHX6,10,12,10.909090909090908,0.9621070990502689,0.6270125236318709,1.5344304344631199
Donor_745,IN_LAMP5_RELN,25,38,30.158730158730155,0.59163616359564,0.4362635375881556,1.35614396487602
Donor_745,IN_PVALB,85,104,93.54497354497354,0.3224667313073297,0.25109993099388567,1.2842167261096613
Donor_745,IN_PVALB_CHC,15,15,15.0,0.8743601903387712,0.59569713880237,1.4677931676768574
Donor_745,IN_SST,103,100,101.47783251231529,0.4782641917181909,0.3695257169226279,1.2942649721408452
Donor_745,IN_VIP,125,131,127.92968750000001,0.37001579369981186,0.29420161694864255,1.2576946297491078
Donor_745,Micro,65,97,77.8395061728395,0.7472247549461173,0.48892078156792573,1.5283145718409301
Donor_745,OPC,113,121,116.86324786324786,0.4975663175918079,0.4039251285815557,1.2318280849203105
Donor_745,Oligo,327,335,330.95166163141994,0.3789276685021845,0.3028568351421246,1.2511775351689238
Donor_745,PC,16,11,13.037037037037036,2.4665452625278252,1.0261587431807033,2.403668320246894
Donor_748,Astro,376,325,348.6447931526391,0.2759475801435478,0.23234359257328818,1.187670282134015
Donor_748,EN_L2_3_IT,197,219,207.41826923076925,0.19561990496200657,0.18544433240506297,1.0548713051780805
Donor_748,EN_L3_5_IT_1,41,56,47.34020618556701,0.4943229100138913,0.3810564177983853,1.297243365877214
Donor_748,EN_L3_5_IT_2,123,130,126.40316205533594,0.30850850370830285,0.2331232264256604,1.3233709417910862
Donor_748,EN_L3_5_IT_3,128,116,121.70491803278689,0.29009539944797513,0.25521083302366554,1.136689207158674
Donor_748,EN_L5_6_NP,29,26,27.418181818181818,0.5992815190497889,0.4559449604206407,1.314372503419953
Donor_748,EN_L6B,37,39,37.973684210526315,0.551363773185586,0.42935569843213983,1.2841654954131922
Donor_748,EN_L6_CT,58,65,61.30081300813008,0.4303739824555368,0.3208366625397252,1.3414114803735966
Donor_748,EN_L6_IT_1,67,62,64.40310077519379,0.44799874479504476,0.33799894455400104,1.325444212218448
Donor_748,EN_L6_IT_2,29,31,29.96666666666667,0.5928728716325162,0.3868086629281353,1.5327290426860614
Donor_748,Endo,37,33,34.885714285714286,1.0475863602808073,0.761699162362151,1.3753282293656126
Donor_748,IN_ADARB2,16,18,16.941176470588236,0.8928030662210737,0.6779601841550678,1.3168960170334512
Donor_748,IN_LAMP5_LHX6,28,29,28.49122807017544,0.6218856550630223,0.5092322428996052,1.2212220725104923
Donor_748,IN_LAMP5_RELN,28,29,28.49122807017544,0.6071433333107397,0.4872242654880976,1.2461270431646256
Donor_748,IN_PVALB,114,87,98.68656716417911,0.3585754297414889,0.299583670967996,1.1969124638298292
Donor_748,IN_PVALB_CHC,29,25,26.851851851851855,0.6081454835527231,0.4901688948343037,1.2406855880936716
Donor_748,IN_SST,114,127,120.149377593361,0.4147617934915713,0.33450474005357567,1.2399280004975155
Donor_748,IN_VIP,97,100,98.4771573604061,0.3825055313046235,0.3290820197115809,1.162341022581133
Donor_748,Micro,47,35,40.1219512195122,0.9861160482132894,0.6867625506548425,1.4358908290398291
Donor_748,OPC,105,108,106.47887323943662,0.5276512245484892,0.41413582305152863,1.2741018650850606
Donor_748,Oligo,1375,1363,1368.973703433163,0.16204785913150865,0.15868981299127172,1.0211610693650615
Donor_748,PC,29,32,30.426229508196723,1.0686638512345148,0.7679069298471553,1.3916580378395886
Donor_772,Astro,381,324,350.1957446808511,0.2554396433621059,0.20070247607202774,1.27272791228761
Donor_772,EN_L2_3_IT,207,212,209.47016706443915,0.2836744534094485,0.2313526142470626,1.226156247823987
Donor_772,EN_L3_5_IT_2,82,73,77.23870967741935,0.5217099737345268,0.417376057474256,1.2499758057317558
Donor_772,EN_L3_5_IT_3,73,82,77.23870967741935,0.506633601942899,0.38189246422083545,1.3266394323244095
Donor_772,EN_L5_6_NP,14,14,14.0,1.157444017623272,0.7478955329029464,1.5476011912127203
Donor_772,EN_L6B,20,21,20.48780487804878,0.9644254890318242,0.6711953004436273,1.4368775949330785
Donor_772,EN_L6_CT,33,23,27.107142857142858,0.7787526017734763,0.4882889515701847,1.5948601729964424
Donor_772,EN_L6_IT_1,35,35,35.0,0.6757582233234753,0.5137484656744817,1.3153484019388688
Donor_772,Endo,65,67,65.98484848484848,0.7526792523142776,0.5629768037887639,1.3369631701498885
Donor_772,IN_ADARB2,13,10,11.304347826086955,1.2504595801193537,0.7757437288442119,1.611949325046334
Donor_772,IN_LAMP5_RELN,15,18,16.363636363636363,0.972633538823855,0.7400427440704629,1.3142937304865272
Donor_772,IN_PVALB,54,38,44.608695652173914,0.5833058982835175,0.4556024944257131,1.280295664357094
Donor_772,IN_PVALB_CHC,22,13,16.34285714285714,0.9561624817235272,0.792912349020559,1.2058867325053295
Donor_772,IN_SST,49,65,55.877192982456144,0.6199792086438762,0.46878030169808826,1.3225368182026676
Donor_772,IN_VIP,74,56,63.753846153846155,0.5320511683841724,0.41084749187501,1.2950089240073432
Donor_772,Micro,102,102,102.0,0.5942834727256763,0.48742743711371794,1.2192244988191516
Donor_772,OPC,138,112,123.648,0.4405872919746261,0.3349412680237339,1.3154165641464226
Donor_772,Oligo,730,698,713.641456582633,0.26966364660490805,0.197365530512972,1.3663158197078602
Donor_772,PC,51,65,57.1551724137931,0.778750910094105,0.5739244371119891,1.3568875268890987
Donor_773,Adaptive,17,24,19.902439024390244,1.5046753614310409,0.963421418673212,1.5618039336339684
Donor_773,Astro,327,331,328.9878419452887,0.3450428340458791,0.29145390322209863,1.1838676038692257
Donor_773,EN_L2_3_IT,133,95,110.83333333333334,0.2900485710048299,0.22108477342052812,1.3119337280325718
Donor_773,EN_L3_5_IT_1,23,27,24.84,0.544604129695375,0.37617792015852647,1.447730184339026
Donor_773,EN_L3_5_IT_2,62,71,66.19548872180451,0.35486335552139203,0.2721335922807344,1.304004230228634
Donor_773,EN_L3_5_IT_3,57,61,58.932203389830505,0.3912573424810901,0.27963742663135527,1.3991594301033348
Donor_773,EN_L5_6_NP,17,26,20.558139534883722,0.6090957204160823,0.48631889716341226,1.2524615513992965
Donor_773,EN_L6_CT,10,12,10.909090909090908,0.8170445925163294,0.5764866824118289,1.4172826839608612
Donor_773,Endo,94,112,102.21359223300972,0.6823239653723974,0.44144156526427913,1.545672222695904
Donor_773,IN_ADARB2,81,89,84.81176470588235,0.41057495136964617,0.29864460423420736,1.3747944732584527
Donor_773,IN_LAMP5_LHX6,21,16,18.16216216216216,0.6807974197455344,0.5181642514897482,1.3138641227915815
Donor_773,IN_LAMP5_RELN,34,48,39.80487804878049,0.5247989646257949,0.43674203186326566,1.2016222995227945
Donor_773,IN_PVALB,118,112,114.92173913043477,0.3233850111852119,0.23089912886909225,1.4005466922681822
Donor_773,IN_PVALB_CHC,30,34,31.875,0.6383865103612845,0.4926498035216822,1.295822115015191
Donor_773,IN_SST,135,149,141.65492957746477,0.3796675469391082,0.2836972340633386,1.338284274052327
Donor_773,IN_VIP,235,229,231.96120689655174,0.24090066156852669,0.19126667456370594,1.2595014898337085
Donor_773,Micro,94,102,97.83673469387755,0.6938269010296523,0.4977912021174271,1.3938110960546488
Donor_773,OPC,196,219,206.86265060240967,0.37816127723007,0.3067936801652893,1.2326240782610984
Donor_773,Oligo,377,345,360.2908587257618,0.3217006898665007,0.28008146707039905,1.1485968465940681
Donor_773,PC,44,54,48.48979591836735,0.8659273022459919,0.49371929201577025,1.7538858947774978
Donor_773,PVM,39,43,40.90243902439025,0.9845387803593817,0.6110258000020545,1.61128839462437
Donor_773,SMC,60,75,66.66666666666667,0.8037972374340074,0.5650746923183223,1.4224619300083714
Donor_773,VLMC,40,57,47.01030927835051,0.7436752118970071,0.589611153993131,1.2612977330236717
Donor_778,Astro,36,29,32.12307692307692,0.6908007835954333,0.5392239116828295,1.2811019107805461
Donor_778,EN_L3_5_IT_2,17,30,21.702127659574465,0.5662770937220198,0.41946903174587535,1.3499854598684282
Donor_778,EN_L3_5_IT_3,28,21,24.0,0.5510131573417205,0.4162563610148068,1.3237351040075043
Donor_778,IN_PVALB,21,30,24.70588235294118,0.5734282727226407,0.42362194676811527,1.3536321172626293
Donor_778,IN_SST,24,26,24.96,0.6621499641316237,0.4913805532696658,1.3475298518137349
Donor_778,IN_VIP,17,11,13.357142857142858,1.0897066428444857,0.706478568561641,1.5424482657175007
Donor_778,OPC,15,17,15.9375,1.0393260498012484,0.6812669860182883,1.5255781817282252
Donor_778,Oligo,214,230,221.71171171171173,0.3970145890954764,0.2957587805140003,1.3423594336083724
Donor_785,Astro,206,188,196.58883248730967,0.4849499866726661,0.41670887658731903,1.1637620744828254
Donor_785,EN_L3_5_IT_2,39,26,31.200000000000003,0.7004546792846789,0.5459734317780343,1.282946455844117
Donor_785,EN_L3_5_IT_3,29,31,29.96666666666667,0.695040877839785,0.5785303580796597,1.2013905029061285
Donor_785,EN_L6B,49,49,49.00000000000001,0.6171222050611114,0.47000105165088923,1.3130230302537744
Donor_785,EN_L6_CT,44,32,37.05263157894737,0.7235233388959958,0.657524127240178,1.100375345818618
Donor_785,EN_L6_IT_1,28,30,28.96551724137931,0.6598054221984455,0.5430512687917695,1.2149965576297086
Donor_785,Endo,33,22,26.4,1.2599491676115653,0.963159183543326,1.3081421940830082
Donor_785,IN_LAMP5_LHX6,12,15,13.333333333333334,1.0957898412265825,0.8255214361717602,1.3273911411775738
Donor_785,IN_PVALB,20,25,22.22222222222222,0.8243260802518559,0.6717448486616533,1.2271416474487253
Donor_785,IN_SST,34,31,32.43076923076923,0.810382390174337,0.5964596367701462,1.3586541992390153
Donor_785,IN_VIP,18,22,19.8,1.0412840314046807,0.7188571261738206,1.4485271043315733
Donor_785,Micro,113,87,98.31,0.7294246156631856,0.5033092031828863,1.4492574565502954
Donor_785,OPC,84,90,86.89655172413792,0.7757969361368606,0.6159939563628605,1.2594229669355161
Donor_785,Oligo,1750,2205,1951.3274336283187,0.18213979220716237,0.15349119550397772,1.18664651486438
Donor_785,PC,19,11,13.933333333333334,2.2912436120689907,1.2006393100766815,1.9083529856461683
Donor_787,Astro,34,18,23.538461538461537,0.8719479903503995,0.6034703365481944,1.4448895621578972
Donor_787,Micro,45,25,32.142857142857146,0.9241128065922153,0.6155484016831183,1.5012837399388532
Donor_787,OPC,83,28,41.873873873873876,0.6194350027572528,0.4565926432840135,1.3566469190173676
Donor_787,Oligo,659,304,416.06645898234683,0.27014337780195896,0.21029122796911692,1.2846155325206043
Donor_794,Astro,528,530,528.9981096408318,0.22833675694936328,0.20542901173681738,1.1115117335125666
Donor_794,EN_L2_3_IT,486,521,502.89175769612706,0.1709807275605847,0.15839381074152747,1.0794659637275663
Donor_794,EN_L3_5_IT_1,60,71,65.0381679389313,0.48902289765033213,0.35656152469142266,1.3714965406700705
Donor_794,EN_L3_5_IT_2,202,190,195.81632653061226,0.2847782407064474,0.2449772976372393,1.1624678835675013
Donor_794,EN_L3_5_IT_3,129,137,132.87969924812032,0.34581845435408987,0.2922935834664695,1.1831202390857838
Donor_794,EN_L5_6_NP,32,21,25.358490566037737,0.6604000890193689,0.45032815224514344,1.4664863516235809
Donor_794,EN_L6B,18,11,13.655172413793103,0.9146814906104637,0.7525696802780655,1.215411030474281
Donor_794,EN_L6_CT,39,29,33.26470588235294,0.644032709317067,0.4348668504691471,1.4809882809468362
Donor_794,EN_L6_IT_1,33,18,23.294117647058822,0.7214438538002406,0.5461032213929773,1.3210759899200222
Donor_794,EN_L6_IT_2,13,13,13.0,0.9226407812792208,0.7207911999419867,1.2800389091230304
Donor_794,Endo,91,44,59.318518518518516,0.8038469602654312,0.6683347759796407,1.202760935321909
Donor_794,IN_ADARB2,103,89,95.48958333333334,0.4751445787242856,0.39875167716250903,1.1915801385598763
Donor_794,IN_LAMP5_LHX6,24,19,21.209302325581397,0.6978411997053335,0.5786787573948868,1.205921577019512
Donor_794,IN_LAMP5_RELN,59,42,49.069306930693074,0.5789984890466808,0.5101563540268539,1.1349432080506894
Donor_794,IN_PVALB,154,155,154.49838187702264,0.3551913904054853,0.3037777220679643,1.169247659069674
Donor_794,IN_PVALB_CHC,35,44,38.98734177215189,0.6945706052988749,0.5489567165041702,1.26525568303817
Donor_794,IN_SST,109,88,97.38071065989847,0.5457109066478827,0.37843910635091804,1.4420045325386042
Donor_794,IN_VIP,206,184,194.3794871794872,0.34345699490454473,0.2906355228323103,1.1817447212146575
Donor_794,Micro,42,33,36.96,1.0072480111029387,0.6576581907178651,1.5315676521925161
Donor_794,OPC,133,148,140.09964412811388,0.49284302099590693,0.3726464101167215,1.3225486885585107
Donor_794,Oligo,467,341,394.17574257425747,0.3508360562446886,0.26765433630285296,1.3107803934389275
Donor_794,PC,42,37,39.34177215189873,1.0220157299851529,0.7465159363067273,1.3690474379440825
Donor_8,EN_L2_3_IT,12,12,12.0,1.2589080650596287,0.8792170772533909,1.4318512431450539
Donor_8,Endo,33,43,37.3421052631579,0.8812388587282696,0.5502190706083963,1.601614531015534
Donor_8,Micro,16,14,14.933333333333334,1.2822510771134255,0.8121077555448304,1.5789174138020432
Donor_8,OPC,35,41,37.76315789473684,0.8272857048649254,0.6714847885689474,1.2320244910208868
Donor_8,Oligo,62,58,59.93333333333334,0.6838253086460429,0.5354743229821683,1.2770459372125949
Donor_802,Astro,89,65,75.12987012987013,0.6325352168241274,0.49102782622238283,1.2881860926098654
Donor_802,EN_L2_3_IT,231,264,246.40000000000003,0.2499562334894061,0.21426707234108033,1.166563909042982
Donor_802,EN_L3_5_IT_1,29,22,25.019607843137255,0.7029170331034218,0.5584187348654455,1.2587633423022495
Donor_802,EN_L3_5_IT_2,48,64,54.85714285714286,0.5810521121794174,0.4874018744712103,1.1921417265984249
Donor_802,EN_L3_5_IT_3,72,75,73.46938775510203,0.45491972240875667,0.3399058896303053,1.3383696378534211
Donor_802,EN_L5_6_NP,18,22,19.8,0.9676945509252315,0.6888089029730367,1.4048810152546936
Donor_802,EN_L6B,47,55,50.68627450980393,0.47724458571249473,0.3767745037701089,1.2666583883385278
Donor_802,EN_L6_CT,33,34,33.492537313432834,0.6134208412271125,0.5086621585846904,1.2059494320039537
Donor_802,EN_L6_IT_1,81,67,73.33783783783784,0.39486689965053134,0.3255820172625228,1.212803160845775
Donor_802,EN_L6_IT_2,12,18,14.399999999999999,0.995780410899382,0.6986654190647741,1.425260766780647
Donor_802,Endo,21,13,16.058823529411764,1.447339562325305,0.9915553337491376,1.4596659541458128
Donor_802,IN_LAMP5_LHX6,14,13,13.481481481481481,1.0630684330146831,0.6801379884187,1.563018756658902
Donor_802,IN_LAMP5_RELN,19,20,19.487179487179485,0.9104669217135353,0.7293194192545593,1.2483788278174843
Donor_802,IN_PVALB,44,50,46.808510638297875,0.5513543196397683,0.4212599826067467,1.3088219683911133
Donor_802,IN_SST,12,19,14.709677419354842,1.2155054808395769,0.9475606242333736,1.2827733126025416
Donor_802,IN_VIP,41,58,48.04040404040404,0.6664642321078764,0.5799457783853672,1.1491836943160205
Donor_802,Micro,68,72,69.94285714285715,0.7310850491605665,0.5402730865502727,1.3531768791754142
Donor_802,OPC,90,73,80.61349693251533,0.609513731140809,0.4794895171932718,1.2711721722481937
Donor_802,Oligo,343,343,343.0,0.3663324464789275,0.3026029006468063,1.2106045437631328
Donor_806,Astro,158,145,151.22112211221122,0.43801302241485196,0.33860505115226425,1.293580887007754
Donor_806,Micro,13,14,13.481481481481481,1.958848006893434,1.1282776356241762,1.7361400643289155
Donor_806,OPC,62,55,58.29059829059829,0.7317872260108764,0.5276104471670173,1.3869839574636513
Donor_806,Oligo,890,833,860.5571677307023,0.22182804813453788,0.19420075287995564,1.1422615249677222
Donor_845,Astro,476,428,450.7256637168142,0.24477133275062873,0.22075393393370246,1.1087971497900428
Donor_845,EN_L2_3_IT,348,371,359.13212795549373,0.24787526315364694,0.21268891749009272,1.1654357268765225
Donor_845,EN_L3_5_IT_1,21,24,22.400000000000002,0.7379653988003856,0.550833204064556,1.339725698006212
Donor_845,EN_L3_5_IT_2,63,76,68.89208633093526,0.5416613949840321,0.455699664725846,1.188636808214247
Donor_845,EN_L3_5_IT_3,79,84,81.42331288343559,0.5092179928035905,0.38666725819875847,1.316941070148322
Donor_845,Endo,66,89,75.79354838709678,0.7482245252560116,0.5273373261277494,1.4188726801310314
Donor_845,IN_ADARB2,19,18,18.486486486486488,1.1091552125598563,0.7828829283967376,1.4167574388565225
Donor_845,IN_PVALB,53,50,51.456310679611654,0.5884259199808382,0.4814316994076253,1.2222417441661262
Donor_845,IN_SST,26,32,28.689655172413794,0.848651314676526,0.6503219199821206,1.304971105233325
Donor_845,IN_VIP,64,93,75.82165605095541,0.5947954076601762,0.4584198487212934,1.2974905194862
Donor_845,Micro,172,203,186.21866666666665,0.49307401251628846,0.41118174677483044,1.1991631836378756
Donor_845,OPC,168,130,146.5771812080537,0.4384005495404253,0.35585935183785167,1.2319489350955255
Donor_845,Oligo,525,529,526.9924098671727,0.30964429432006235,0.2737319850908415,1.1311951514080565
Donor_845,PC,47,56,51.10679611650486,0.8237568994845521,0.595447538709573,1.3834248123180772
Donor_845,PVM,20,19,19.487179487179485,1.4243268117202268,0.8838410712408677,1.6115191498405304
Donor_845,SMC,29,19,22.958333333333336,1.6518550922597588,0.9418454563815928,1.7538494039201507
Donor_845,VLMC,24,24,24.0,1.2220058538233638,0.8056938795747168,1.5167123454734397
Donor_862,Astro,75,210,110.52631578947368,0.4104528407762512,0.32962979672723236,1.2451933801236412
Donor_862,Oligo,76,159,102.84255319148937,0.5405902616376144,0.40574192741014936,1.3323500114671458
Donor_865,Astro,426,439,432.4023121387283,0.24330081435041984,0.21405310321243043,1.1366376413097987
Donor_865,EN_L2_3_IT,315,337,325.6288343558282,0.118348538655946,0.11619614745549378,1.0185237742178728
Donor_865,EN_L3_5_IT_1,54,34,41.72727272727273,0.48112765168467897,0.4021492324133531,1.1963908243647898
Donor_865,EN_L3_5_IT_2,119,101,109.26363636363637,0.2938349223935919,0.22224628923658785,1.3221139637602488
Donor_865,EN_L3_5_IT_3,107,93,99.51,0.2920098081993765,0.22739329982481493,1.28416188350467
Donor_865,EN_L5_6_NP,15,14,14.482758620689655,0.7107423039553376,0.4390005956197389,1.6190007736822767
Donor_865,EN_L6B,32,29,30.426229508196723,0.4966478163162884,0.37438428115620326,1.3265722983414292
Donor_865,EN_L6_CT,36,36,36.0,0.43941034513233035,0.31820124300725894,1.380919637458193
Donor_865,EN_L6_IT_1,58,46,51.30769230769231,0.3593020559527904,0.25069168828882127,1.4332427947863968
Donor_865,EN_L6_IT_2,17,19,17.944444444444446,0.6082975200234704,0.4710208247312453,1.2914450658748524
Donor_865,Endo,47,55,50.68627450980393,0.8246613548362598,0.6048670398864404,1.3633762471023123
Donor_865,IN_ADARB2,55,57,55.98214285714286,0.48723333565969984,0.3851019581280548,1.2652060717325257
Donor_865,IN_LAMP5_LHX6,17,22,19.17948717948718,0.6900009099892834,0.5242041869789347,1.316282714119205
Donor_865,IN_LAMP5_RELN,40,28,32.94117647058824,0.5523797677730227,0.4264474665939062,1.2953055441622268
Donor_865,IN_PVALB,106,118,111.67857142857143,0.2776345084209746,0.23603955579756275,1.176220263094739
Donor_865,IN_PVALB_CHC,20,20,20.0,0.7307860334444827,0.5326045930418859,1.372098631877572
Donor_865,IN_SST,188,192,189.97894736842105,0.2934280865018808,0.2414714104261413,1.2151669880258205
Donor_865,IN_VIP,137,123,129.62307692307692,0.3287677138270071,0.2599603261791237,1.2646841872342944
Donor_865,Micro,210,189,198.94736842105263,0.4556201457834388,0.37553790738572435,1.21324675038853
Donor_865,OPC,99,100,99.49748743718592,0.5325337005482931,0.4254306985734857,1.2517519359414708
Donor_865,Oligo,1481,1455,1467.884877384196,0.1313324083362423,0.13003290795549385,1.0099936270070435
Donor_865,PC,23,23,23.0,1.0773702611965472,0.8123828348545388,1.3261854078803323
Donor_865,PVM,25,15,18.75,1.3649015073147979,0.9587750015974668,1.4235889599130784
Donor_865,VLMC,46,43,44.449438202247194,0.7857902852162808,0.5987161031585062,1.3124589117795082
Donor_880,Astro,271,279,274.9418181818182,0.270325897474621,0.2254509551902854,1.199045252420688
Donor_880,EN_L2_3_IT,238,242,239.98333333333335,0.1624590879754475,0.1601641060456891,1.0143289404000653
Donor_880,Endo,23,17,19.55,1.1114587664573818,0.824374388547628,1.3482451443154795
Donor_880,IN_ADARB2,31,42,35.67123287671233,0.6327423605266476,0.46248385007092985,1.36813936406559
Donor_880,IN_LAMP5_RELN,31,23,26.40740740740741,0.617874195707167,0.4951879754011679,1.2477568648685522
Donor_880,IN_PVALB,32,36,33.88235294117647,0.5040288172761738,0.38713583194253465,1.3019430796346187
Donor_880,IN_PVALB_CHC,14,12,12.923076923076923,0.8840130862784537,0.6061929794922682,1.4583030753983335
Donor_880,IN_SST,91,66,76.50955414012738,0.475064151470721,0.3573399203606282,1.3294460663428962
Donor_880,IN_VIP,131,143,136.73722627737226,0.29229301824003595,0.24061837441449896,1.2147576798790942
Donor_880,Micro,161,166,163.4617737003058,0.4598365535360318,0.3841566853645144,1.1970026061103352
Donor_880,OPC,82,79,80.472049689441,0.4963620253550729,0.3873580126976153,1.2814037894771777
Donor_880,Oligo,446,493,468.32374866879667,0.2673984118862861,0.23167222502818774,1.1542100562713185
Donor_880,PC,12,13,12.48,1.4869674566135487,0.9982343128665754,1.489597619965101
Donor_91,Astro,213,339,261.6195652173913,0.35752505453330574,0.29293571748181524,1.2204897975799078
Donor_91,EN_L2_3_IT,86,161,112.11336032388665,0.47334356827905877,0.4163359297340583,1.1369270208829083
Donor_91,EN_L3_5_IT_1,31,55,39.651162790697676,0.6879550701333672,0.5832976365537244,1.1794237230206974
Donor_91,EN_L3_5_IT_2,69,116,86.52972972972974,0.47719737387887173,0.3604320394761409,1.323959364357397
Donor_91,EN_L3_5_IT_3,72,94,81.54216867469879,0.5003638276547018,0.4050394604326497,1.235345877461494
Donor_91,EN_L6B,17,26,20.558139534883722,0.9548374630049818,0.6584299844928352,1.4501731171013705
Donor_91,EN_L6_IT_1,15,31,20.217391304347828,0.8499727063413212,0.6241141626005997,1.3618865862610765
Donor_91,Endo,12,15,13.333333333333334,1.4436953780386705,0.8803805812659755,1.6398537277624363
Donor_91,IN_ADARB2,10,19,13.10344827586207,1.413382879725554,0.8386714584029136,1.685264075180365
Donor_91,IN_LAMP5_RELN,24,29,26.264150943396224,0.8452284596386255,0.6778218523618067,1.2469772945406026
Donor_91,IN_PVALB,24,49,32.21917808219178,0.8009563581288088,0.7038462892697384,1.1379705630895989
Donor_91,IN_VIP,24,52,32.8421052631579,0.9281723107612765,0.6936581266977724,1.3380832358728816
Donor_91,OPC,79,109,91.60638297872342,0.5357101202429311,0.3934706012352205,1.361499737365838
Donor_91,Oligo,230,355,279.14529914529913,0.3798006621279839,0.32354750038681424,1.173863688249536
Donor_91,PC,26,34,29.46666666666666,1.092920984632932,0.6826113262651967,1.6010882658696592
Donor_91,SMC,10,41,16.07843137254902,2.6653225373095,1.4109552474817901,1.8890198977369754
Donor_917,Adaptive,32,34,32.96969696969697,1.035883195327894,0.8088699853221342,1.2806547580268433
Donor_917,Astro,339,315,326.5596330275229,0.27091848237315874,0.23054023156008407,1.175146223025074
Donor_917,EN_L2_3_IT,308,317,312.43519999999995,0.24120708964002124,0.2105744136519191,1.1454719757108676
Donor_917,EN_L3_5_IT_1,21,36,26.526315789473685,0.6220040483642979,0.49881766572335007,1.2469567361098002
Donor_917,EN_L3_5_IT_2,61,69,64.75384615384615,0.4913321412299203,0.3968695255684036,1.2380193226633505
Donor_917,EN_L3_5_IT_3,85,75,79.68749999999999,0.41729104245812754,0.3454751955925923,1.2078755516509652
Donor_917,EN_L6_CT,26,27,26.49056603773585,0.694743886537009,0.5517769188647206,1.2591028417180672
Donor_917,EN_L6_IT_1,11,22,14.666666666666668,0.8367144250821248,0.49261297254006786,1.6985229210829778
Donor_917,Endo,76,64,69.48571428571428,0.6880929456216069,0.5395683346242555,1.2752656178401964
Donor_917,IN_ADARB2,31,48,37.67088607594937,0.6797432593403991,0.5561825235842788,1.222158608939817
Donor_917,IN_LAMP5_LHX6,16,27,20.093023255813954,0.8215691083953276,0.652672749865089,1.2587764826479277
Donor_917,IN_LAMP5_RELN,30,24,26.666666666666668,0.7464588087232085,0.5903293271831127,1.264478612785684
Donor_917,IN_PVALB,54,46,49.68,0.5483346147803134,0.4407109983954127,1.2442045167394238
Donor_917,IN_PVALB_CHC,13,13,13.0,1.0364116487594988,0.8547971903815412,1.2124649687920632
Donor_917,IN_SST,60,50,54.54545454545455,0.6377760680444062,0.5158849989772496,1.2362756608717207
Donor_917,IN_VIP,105,105,104.99999999999999,0.45079269895219465,0.3533815885445897,1.2756541754447221
Donor_917,Micro,63,65,63.984375,0.8031992087450082,0.5790745901617531,1.3870392906044284
Donor_917,OPC,99,93,95.90625,0.5006794702157642,0.41782210735540515,1.1983077520354362
Donor_917,Oligo,883,938,909.6694124107632,0.20805794604251515,0.17912140593284798,1.1615470800877667
Donor_917,PC,22,29,25.019607843137255,1.0645195494939772,0.6485790919572585,1.6413103084798937
Donor_917,PVM,33,23,27.107142857142858,1.080129760847854,0.7260150034759905,1.4877512939490847
Donor_917,SMC,12,27,16.615384615384617,1.5284752249161846,0.8886042863715451,1.7200853612325422
Donor_917,VLMC,175,172,173.48703170028818,0.4514577936270414,0.35437746467772646,1.273946112904218
Donor_941,Astro,73,129,93.23762376237624,0.49889103187611106,0.3894369250402485,1.2810573415054323
Donor_941,EN_L2_3_IT,59,156,85.61860465116278,0.26972084034166416,0.2223762713714159,1.2129029715188124
Donor_941,EN_L3_5_IT_1,10,20,13.333333333333332,0.6578585046719891,0.46916831112671975,1.4021801751531877
Donor_941,EN_L3_5_IT_2,19,44,26.539682539682538,0.5183772116360248,0.3662915115007612,1.415203998345857
Donor_941,EN_L3_5_IT_3,14,51,21.96923076923077,0.5374500497021071,0.4305630197173791,1.2482494433797136
Donor_941,IN_LAMP5_RELN,10,17,12.592592592592593,0.8604184199293705,0.6051597002015638,1.4218038967941624
Donor_941,IN_PVALB,24,46,31.54285714285714,0.4982168327621519,0.3657402123448632,1.3622150803925657
Donor_941,IN_SST,26,46,33.22222222222222,0.6569928611569438,0.4696050609862612,1.3990327527074178
Donor_941,IN_VIP,22,46,29.764705882352942,0.620742888195251,0.473172153338572,1.3118753582928766
Donor_941,Micro,34,49,40.144578313253014,0.9148562101418927,0.7286676046788712,1.2555192577074648
Donor_941,OPC,54,87,66.63829787234043,0.5988903209070453,0.47688033487320114,1.2558503194858845
Donor_941,Oligo,1453,2366,1800.3655407174651,0.16624792018079693,0.11314972482323071,1.4692737471568702
Donor_972,Astro,22,29,25.019607843137255,1.3583739803260722,0.9031152529303705,1.504098149066254
Donor_972,EN_L2_3_IT,16,10,12.307692307692307,1.8038885801096272,1.0898912876919065,1.6551087255039656
Donor_972,EN_L3_5_IT_1,10,19,13.10344827586207,1.710716013557363,1.1379205912107206,1.5033702938244589
Donor_972,IN_ADARB2,15,26,19.024390243902438,1.387771620657658,1.0236192167909293,1.3557498705508433
Donor_972,IN_VIP,16,29,20.622222222222224,1.6843556662412027,1.235489954265507,1.3633098840067417
Donor_972,OPC,40,36,37.89473684210526,1.1250608184508688,0.7377946359940672,1.5248969883537018
Donor_972,Oligo,929,1205,1049.1518275538895,0.2510314870494832,0.21465434997520316,1.1694684364816381
