donor,ct,z,n_eff
H19.33.004,Astrocyte,0.07583668139343991,6214.497484628284
H19.33.004,Chandelier,0.05675849328146734,6214.497484628284
H19.33.004,Endothelial,0.05419648376014569,6214.497484628284
H19.33.004,Immune,0.03359864939393643,6214.497484628284
H19.33.004,L2/3 IT,0.11658740329045089,6214.497484628284
H19.33.004,L4 IT,0.012676259099510773,6214.497484628284
H19.33.004,L5 ET,0.0037309210615078417,6214.497484628284
H19.33.004,L5 IT,0.04744201578040693,6214.497484628284
H19.33.004,L5/6 NP,0.027024452087773085,6214.497484628284
H19.33.004,L6 CT,0.035886888978417394,6214.497484628284
H19.33.004,L6 IT,0.0325819111007852,6214.497484628284
H19.33.004,L6 IT Car3,0.04385322145716685,6214.497484628284
H19.33.004,L6b,0.09970689253617981,6214.497484628284
H19.33.004,Lamp5,0.008215514040881184,6214.497484628284
H19.33.004,Lamp5 Lhx6,0.021600215802928306,6214.497484628284
H19.33.004,OPC,0.07773415680981444,6214.497484628284
H19.33.004,Oligodendrocyte,0.07368746949914312,6214.497484628284
H19.33.004,Pax6,0.009647176202974145,6214.497484628284
H19.33.004,Pvalb,0.00689617700151732,6214.497484628284
H19.33.004,Sncg,0.03066943970576685,6214.497484628284
H19.33.004,Sst,0.0354776862803095,6214.497484628284
H19.33.004,Sst Chodl,0.04163704272361145,6214.497484628284
H19.33.004,VLMC & Perivascular,0.0459885311084378,6214.497484628284
H19.33.004,Vip,0.01580610961398556,6214.497484628284
H19.33.004,Astrocyte,0.009705094660714073,5218.764213728846
H19.33.004,Chandelier,0.03865000967721174,5218.764213728846
H19.33.004,Endothelial,0.028898284358961468,5218.764213728846
H19.33.004,Immune,0.011096038871767818,5218.764213728846
H19.33.004,L2/3 IT,0.086295305526264,5218.764213728846
H19.33.004,L4 IT,0.01563829359948821,5218.764213728846
H19.33.004,L5 ET,0.006038083335234101,5218.764213728846
H19.33.004,L5 IT,0.07431616345834058,5218.764213728846
H19.33.004,L5/6 NP,0.015216484374959548,5218.764213728846
H19.33.004,L6 CT,0.006160264038696844,5218.764213728846
H19.33.004,L6 IT,0.037679933969430465,5218.764213728846
H19.33.004,L6 IT Car3,0.016085566314119816,5218.764213728846
H19.33.004,L6b,0.056856147092543594,5218.764213728846
H19.33.004,Lamp5,0.002004890439002248,5218.764213728846
H19.33.004,Lamp5 Lhx6,0.0007409886314826725,5218.764213728846
H19.33.004,OPC,0.04493524992034809,5218.764213728846
H19.33.004,Oligodendrocyte,0.022808431391250786,5218.764213728846
H19.33.004,Pax6,0.0022000723679501807,5218.764213728846
H19.33.004,Pvalb,0.01204656645687276,5218.764213728846
H19.33.004,Sncg,0.002988298894636471,5218.764213728846
H19.33.004,Sst,0.04029890230282915,5218.764213728846
H19.33.004,Sst Chodl,0.01197942346481533,5218.764213728846
H19.33.004,VLMC & Perivascular,0.02754071055093114,5218.764213728846
H19.33.004,Vip,0.060540474625950476,5218.764213728846
H19.33.004,Astrocyte,0.10922274645290568,7305.202299722012
H19.33.004,Chandelier,0.02162070681541388,7305.202299722012
H19.33.004,Endothelial,0.01075730356236171,7305.202299722012
H19.33.004,Immune,0.09996134946692589,7305.202299722012
H19.33.004,L2/3 IT,0.17407373561704748,7305.202299722012
H19.33.004,L4 IT,0.007586994274948436,7305.202299722012
H19.33.004,L5 ET,0.020543970621373597,7305.202299722012
H19.33.004,L5 IT,0.023005112996138628,7305.202299722012
H19.33.004,L5/6 NP,0.013132029788862193,7305.202299722012
H19.33.004,L6 CT,0.03409423557147867,7305.202299722012
H19.33.004,L6 IT,0.07305671658613856,7305.202299722012
H19.33.004,L6 IT Car3,0.034130123883324794,7305.202299722012
H19.33.004,L6b,0.057127279786196444,7305.202299722012
H19.33.004,Lamp5,0.04521176960208031,7305.202299722012
H19.33.004,Lamp5 Lhx6,0.005379746467199475,7305.202299722012
H19.33.004,OPC,0.06407207421942857,7305.202299722012
H19.33.004,Oligodendrocyte,0.05592321026780831,7305.202299722012
H19.33.004,Pax6,0.007783705459171541,7305.202299722012
H19.33.004,Pvalb,0.006368055730222959,7305.202299722012
H19.33.004,Sncg,0.07151882738836605,7305.202299722012
H19.33.004,Sst,0.04046590388186833,7305.202299722012
H19.33.004,Sst Chodl,0.026265802117523822,7305.202299722012
H19.33.004,VLMC & Perivascular,0.004947856677024718,7305.202299722012
H19.33.004,Vip,0.01605520076850269,7305.202299722012
H19.33.004,Astrocyte,0.06599595554394506,5628.2678617598895
H19.33.004,Chandelier,0.017639198579994908,5628.2678617598895
H19.33.004,Endothelial,0.026685861192053857,5628.2678617598895
H19.33.004,Immune,0.02250907166090044,5628.2678617598895
H19.33.004,L2/3 IT,0.029898850176143604,5628.2678617598895
H19.33.004,L4 IT,0.002983322600599909,5628.2678617598895
H19.33.004,L5 ET,0.0023300578618430036,5628.2678617598895
H19.33.004,L5 IT,0.02654733998727863,5628.2678617598895
H19.33.004,L5/6 NP,0.011721721931564916,5628.2678617598895
H19.33.004,L6 CT,0.041482238222010866,5628.2678617598895
H19.33.004,L6 IT,0.004822372578595127,5628.2678617598895
H19.33.004,L6 IT Car3,0.027761898643936248,5628.2678617598895
H19.33.004,L6b,0.048390889327796865,5628.2678617598895
H19.33.004,Lamp5,0.006211741914757736,5628.2678617598895
H19.33.004,Lamp5 Lhx6,0.022421456942807384,5628.2678617598895
H19.33.004,OPC,0.03365040291822727,5628.2678617598895
H19.33.004,Oligodendrocyte,0.05137324975914004,5628.2678617598895
H19.33.004,Pax6,0.007446108992057562,5628.2678617598895
H19.33.004,Pvalb,0.005160222730093368,5628.2678617598895
H19.33.004,Sncg,0.02782479383071997,5628.2678617598895
H19.33.004,Sst,0.005070791399211039,5628.2678617598895
H19.33.004,Sst Chodl,0.031103202939161804,5628.2678617598895
H19.33.004,VLMC & Perivascular,0.01996367782619236,5628.2678617598895
H19.33.004,Vip,0.04477122573104925,5628.2678617598895
H19.33.004,Astrocyte,0.03566469112532564,8133.581978359842
H19.33.004,Chandelier,0.034538074366022214,8133.581978359842
H19.33.004,Endothelial,0.0458567954684245,8133.581978359842
H19.33.004,Immune,0.1307131416444439,8133.581978359842
H19.33.004,L2/3 IT,0.05574765018331286,8133.581978359842
H19.33.004,L4 IT,0.005087668123379803,8133.581978359842
H19.33.004,L5 ET,0.0241905845494228,8133.581978359842
H19.33.004,L5 IT,0.02458145409597226,8133.581978359842
H19.33.004,L5/6 NP,0.03945723736294548,8133.581978359842
H19.33.004,L6 CT,0.001272948764667997,8133.581978359842
H19.33.004,L6 IT,0.04212916196287168,8133.581978359842
H19.33.004,L6 IT Car3,0.07605450722023559,8133.581978359842
H19.33.004,L6b,0.046088950465526655,8133.581978359842
H19.33.004,Lamp5,0.03657507028717606,8133.581978359842
H19.33.004,Lamp5 Lhx6,0.026661640080051913,8133.581978359842
H19.33.004,OPC,0.01309130747123793,8133.581978359842
H19.33.004,Oligodendrocyte,0.13187998074193655,8133.581978359842
H19.33.004,Pax6,0.0018422920287661675,8133.581978359842
H19.33.004,Pvalb,0.013242839471035238,8133.581978359842
H19.33.004,Sncg,0.03911990227845412,8133.581978359842
H19.33.004,Sst,0.00466979329294403,8133.581978359842
H19.33.004,Sst Chodl,0.01654695549161281,8133.581978359842
H19.33.004,VLMC & Perivascular,0.053655941131196025,8133.581978359842
H19.33.004,Vip,0.0002867048340086678,8133.581978359842
H19.33.004,Astrocyte,0.09949970431889986,6508.32988999195
H19.33.004,Chandelier,0.017448614196819486,6508.32988999195
H19.33.004,Endothelial,0.01827214549825972,6508.32988999195
H19.33.004,Immune,0.10850836249756358,6508.32988999195
H19.33.004,L2/3 IT,0.08624057544740515,6508.32988999195
H19.33.004,L4 IT,0.008060571188428853,6508.32988999195
H19.33.004,L5 ET,0.025794597100413565,6508.32988999195
H19.33.004,L5 IT,0.05159811328606948,6508.32988999195
H19.33.004,L5/6 NP,0.027921355393792733,6508.32988999195
H19.33.004,L6 CT,0.03955225399215518,6508.32988999195
H19.33.004,L6 IT,0.03715400112595786,6508.32988999195
H19.33.004,L6 IT Car3,0.049351407550111165,6508.32988999195
H19.33.004,L6b,0.00434124271547765,6508.32988999195
H19.33.004,Lamp5,0.04338884729830026,6508.32988999195
H19.33.004,Lamp5 Lhx6,0.0046395485398460865,6508.32988999195
H19.33.004,OPC,0.020656270189347316,6508.32988999195
H19.33.004,Oligodendrocyte,0.0807816332050075,6508.32988999195
H19.33.004,Pax6,0.005601899560189342,6508.32988999195
H19.33.004,Pvalb,0.01833946797306785,6508.32988999195
H19.33.004,Sncg,0.06940775024379611,6508.32988999195
H19.33.004,Sst,0.0004097716252779445,6508.32988999195
H19.33.004,Sst Chodl,0.015878176402433587,6508.32988999195
H19.33.004,VLMC & Perivascular,0.03388030589861841,6508.32988999195
H19.33.004,Vip,0.044742332263765804,6508.32988999195
H20.33.001,Astrocyte,0.0473329638747824,6921.239415460257
H20.33.001,Chandelier,0.009465537119997041,6921.239415460257
H20.33.001,Endothelial,0.011408207435112373,6921.239415460257
H20.33.001,Immune,0.01766693940086345,6921.239415460257
H20.33.001,L2/3 IT,0.035371271804751275,6921.239415460257
H20.33.001,L4 IT,0.021964165099091795,6921.239415460257
H20.33.001,L5 ET,0.0067453942478860945,6921.239415460257
H20.33.001,L5 IT,0.03100788286148946,6921.239415460257
H20.33.001,L5/6 NP,0.015077249677919555,6921.239415460257
H20.33.001,L6 CT,0.04236788080486908,6921.239415460257
H20.33.001,L6 IT,0.023960150648457537,6921.239415460257
H20.33.001,L6 IT Car3,0.008691323501154265,6921.239415460257
H20.33.001,L6b,0.0011671253855840605,6921.239415460257
H20.33.001,Lamp5,0.03678605833520214,6921.239415460257
H20.33.001,Lamp5 Lhx6,0.001180912534973848,6921.239415460257
H20.33.001,OPC,0.007395312672816516,6921.239415460257
H20.33.001,Oligodendrocyte,0.025889178749526332,6921.239415460257
H20.33.001,Pax6,0.021285066783294254,6921.239415460257
H20.33.001,Pvalb,0.03876275010186713,6921.239415460257
H20.33.001,Sncg,0.009465537119997041,6921.239415460257
H20.33.001,Sst,0.03696528798582951,6921.239415460257
H20.33.001,Sst Chodl,0.004214974395786656,6921.239415460257
H20.33.001,VLMC & Perivascular,0.030156980296444303,6921.239415460257
H20.33.001,Vip,0.009611327737652026,6921.239415460257
H20.33.001,Astrocyte,0.2222279218898977,5086.469888910543
H20.33.001,Chandelier,0.010401988344387889,5086.469888910543
H20.33.001,Endothelial,0.002821823867221365,5086.469888910543
H20.33.001,Immune,0.06380323147004098,5086.469888910543
H20.33.001,L2/3 IT,0.030710025130767857,5086.469888910543
H20.33.001,L4 IT,0.055000165720768074,5086.469888910543
H20.33.001,L5 ET,0.017368786670251976,5086.469888910543
H20.33.001,L5 IT,0.0038304383048354826,5086.469888910543
H20.33.001,L5/6 NP,0.040539665065479964,5086.469888910543
H20.33.001,L6 CT,0.03784318888572931,5086.469888910543
H20.33.001,L6 IT,0.04592032461422364,5086.469888910543
H20.33.001,L6 IT Car3,0.043854862366644126,5086.469888910543
H20.33.001,L6b,0.07447192276587838,5086.469888910543
H20.33.001,Lamp5,0.10601514288391904,5086.469888910543
H20.33.001,Lamp5 Lhx6,0.023502999378205738,5086.469888910543
H20.33.001,OPC,0.04641869476363234,5086.469888910543
H20.33.001,Oligodendrocyte,0.20276447180619167,5086.469888910543
H20.33.001,Pax6,0.018207502224086576,5086.469888910543
H20.33.001,Pvalb,0.05680947041351294,5086.469888910543
H20.33.001,Sncg,0.02810093989947689,5086.469888910543
H20.33.001,Sst,0.04844478153633757,5086.469888910543
H20.33.001,Sst Chodl,0.004545985367476801,5086.469888910543
H20.33.001,VLMC & Perivascular,0.13306621859679263,5086.469888910543
H20.33.001,Vip,0.05110954141863929,5086.469888910543
H20.33.001,Astrocyte,0.24868006266715414,6142.585476329632
H20.33.001,Chandelier,0.0010290464708627872,6142.585476329632
H20.33.001,Endothelial,0.008645880832764241,6142.585476329632
H20.33.001,Immune,0.07934636823372777,6142.585476329632
H20.33.001,L2/3 IT,0.0663242643487965,6142.585476329632
H20.33.001,L4 IT,0.03307771219715494,6142.585476329632
H20.33.001,L5 ET,0.010644838451794819,6142.585476329632
H20.33.001,L5 IT,0.02718773655600814,6142.585476329632
H20.33.001,L5/6 NP,0.054095898397131574,6142.585476329632
H20.33.001,L6 CT,0.005637729448572498,6142.585476329632
H20.33.001,L6 IT,0.021802423999921616,6142.585476329632
H20.33.001,L6 IT Car3,0.034898845845813105,6142.585476329632
H20.33.001,L6b,0.0781396969856271,6142.585476329632
H20.33.001,Lamp5,0.14896560289806024,6142.585476329632
H20.33.001,Lamp5 Lhx6,0.024967467361500285,6142.585476329632
H20.33.001,OPC,0.03938747987121871,6142.585476329632
H20.33.001,Oligodendrocyte,0.2058634113724261,6142.585476329632
H20.33.001,Pax6,0.0036179027419717983,6142.585476329632
H20.33.001,Pvalb,0.01759141427977767,6142.585476329632
H20.33.001,Sncg,0.038464578096536056,6142.585476329632
H20.33.001,Sst,0.08788630265674628,6142.585476329632
H20.33.001,Sst Chodl,0.00893576975091832,6142.585476329632
H20.33.001,VLMC & Perivascular,0.11659547843585946,6142.585476329632
H20.33.001,Vip,0.061462822168009905,6142.585476329632
H20.33.002,Astrocyte,0.03689266279668936,6999.815495595478
H20.33.002,Chandelier,0.031939583090427374,6999.815495595478
H20.33.002,Endothelial,0.011317809913348782,6999.815495595478
H20.33.002,Immune,0.10205256852817596,6999.815495595478
H20.33.002,L2/3 IT,0.028528327022671822,6999.815495595478
H20.33.002,L4 IT,0.0014066565119077376,6999.815495595478
H20.33.002,L5 ET,0.0053848351185508195,6999.815495595478
H20.33.002,L5 IT,0.013871319578917617,6999.815495595478
H20.33.002,L5/6 NP,0.012832759710280571,6999.815495595478
H20.33.002,L6 CT,0.02065699005647796,6999.815495595478
H20.33.002,L6 IT,0.024923589247485136,6999.815495595478
H20.33.002,L6 IT Car3,0.015181050134117751,6999.815495595478
H20.33.002,L6b,0.007798126782745697,6999.815495595478
H20.33.002,Lamp5,0.06290217256235277,6999.815495595478
H20.33.002,Lamp5 Lhx6,0.010756251080779702,6999.815495595478
H20.33.002,OPC,0.001929866855262304,6999.815495595478
H20.33.002,Oligodendrocyte,0.004582101349909423,6999.815495595478
H20.33.002,Pax6,0.01935427628418902,6999.815495595478
H20.33.002,Pvalb,0.037955485709601805,6999.815495595478
H20.33.002,Sncg,0.020396282188518532,6999.815495595478
H20.33.002,Sst,0.043355953620475354,6999.815495595478
H20.33.002,Sst Chodl,0.009232603338051955,6999.815495595478
H20.33.002,VLMC & Perivascular,0.0025626842454177373,6999.815495595478
H20.33.002,Vip,0.024007120136651173,6999.815495595478
H20.33.002,Astrocyte,0.023395770114101006,5796.947177940543
H20.33.002,Chandelier,0.02927915159064786,5796.947177940543
H20.33.002,Endothelial,0.04510318665132566,5796.947177940543
H20.33.002,Immune,0.0577098500519404,5796.947177940543
H20.33.002,L2/3 IT,0.18173797840138012,5796.947177940543
H20.33.002,L4 IT,0.019219546841488595,5796.947177940543
H20.33.002,L5 ET,0.03021145135740209,5796.947177940543
H20.33.002,L5 IT,0.04110999137130258,5796.947177940543
H20.33.002,L5/6 NP,0.0513918201549936,5796.947177940543
H20.33.002,L6 CT,0.05313045667802263,5796.947177940543
H20.33.002,L6 IT,0.07067496981001269,5796.947177940543
H20.33.002,L6 IT Car3,0.00016633139998245493,5796.947177940543
H20.33.002,L6b,0.050651882625721456,5796.947177940543
H20.33.002,Lamp5,0.015708660677925496,5796.947177940543
H20.33.002,Lamp5 Lhx6,0.018470105640612824,5796.947177940543
H20.33.002,OPC,0.07981426850285878,5796.947177940543
H20.33.002,Oligodendrocyte,0.05529809044611851,5796.947177940543
H20.33.002,Pax6,0.0094854931156412,5796.947177940543
H20.33.002,Pvalb,0.032817100900116566,5796.947177940543
H20.33.002,Sncg,0.0173654203249467,5796.947177940543
H20.33.002,Sst,0.0025073518858909,5796.947177940543
H20.33.002,Sst Chodl,0.0018186943977547758,5796.947177940543
H20.33.002,VLMC & Perivascular,0.016295058458141182,5796.947177940543
H20.33.002,Vip,0.002123466980470803,5796.947177940543
H20.33.002,Astrocyte,0.059469082875174446,6747.75999430929
H20.33.002,Chandelier,0.06207361819087491,6747.75999430929
H20.33.002,Endothelial,0.038161650799330045,6747.75999430929
H20.33.002,Immune,0.15185107776753623,6747.75999430929
H20.33.002,L2/3 IT,0.15391455784942162,6747.75999430929
H20.33.002,L4 IT,0.02057890946201619,6747.75999430929
H20.33.002,L5 ET,0.024430061291106208,6747.75999430929
H20.33.002,L5 IT,0.02720478965897194,6747.75999430929
H20.33.002,L5/6 NP,0.0624636595259683,6747.75999430929
H20.33.002,L6 CT,0.07036364891735031,6747.75999430929
H20.33.002,L6 IT,0.09194004132937614,6747.75999430929
H20.33.002,L6 IT Car3,0.015332652539971757,6747.75999430929
H20.33.002,L6b,0.05602405058192128,6747.75999430929
H20.33.002,Lamp5,0.047016877636950644,6747.75999430929
H20.33.002,Lamp5 Lhx6,0.00775704204666276,6747.75999430929
H20.33.002,OPC,0.07920935216453355,6747.75999430929
H20.33.002,Oligodendrocyte,0.05041412521210885,6747.75999430929
H20.33.002,Pax6,0.02905920006414498,6747.75999430929
H20.33.002,Pvalb,0.004909587251154313,6747.75999430929
H20.33.002,Sncg,0.0029085164183441105,6747.75999430929
H20.33.002,Sst,0.04598501288174685,6747.75999430929
H20.33.002,Sst Chodl,0.011118557335345421,6747.75999430929
H20.33.002,VLMC & Perivascular,0.018416380771289452,6747.75999430929
H20.33.002,Vip,0.026161386430312603,6747.75999430929
H20.33.004,Astrocyte,0.16556571277083884,7004.700447729372
H20.33.004,Chandelier,0.012429580840384397,7004.700447729372
H20.33.004,Endothelial,0.052464726784913596,7004.700447729372
H20.33.004,Immune,0.11779237574812029,7004.700447729372
H20.33.004,L2/3 IT,0.05873893879985628,7004.700447729372
H20.33.004,L4 IT,0.0220689780708029,7004.700447729372
H20.33.004,L5 ET,0.0007257521500515851,7004.700447729372
H20.33.004,L5 IT,0.07790166863679572,7004.700447729372
H20.33.004,L5/6 NP,0.029164255798470717,7004.700447729372
H20.33.004,L6 CT,0.03789938475769694,7004.700447729372
H20.33.004,L6 IT,0.06261073955787448,7004.700447729372
H20.33.004,L6 IT Car3,0.055090203105377815,7004.700447729372
H20.33.004,L6b,0.06652885401623104,7004.700447729372
H20.33.004,Lamp5,0.05675694470720731,7004.700447729372
H20.33.004,Lamp5 Lhx6,0.028466148237966102,7004.700447729372
H20.33.004,OPC,0.001145750023494192,7004.700447729372
H20.33.004,Oligodendrocyte,0.00988286846821031,7004.700447729372
H20.33.004,Pax6,0.0024465304863372545,7004.700447729372
H20.33.004,Pvalb,0.018016557855192104,7004.700447729372
H20.33.004,Sncg,0.025992954312047886,7004.700447729372
H20.33.004,Sst,0.014416098367617008,7004.700447729372
H20.33.004,Sst Chodl,0.032364789775137535,7004.700447729372
H20.33.004,VLMC & Perivascular,0.06177465900130961,7004.700447729372
H20.33.004,Vip,0.07043405980309618,7004.700447729372
H20.33.004,Astrocyte,0.20404163495703773,6871.8069503648585
H20.33.004,Chandelier,0.034687700150550484,6871.8069503648585
H20.33.004,Endothelial,0.028281851131997802,6871.8069503648585
H20.33.004,Immune,0.044068982027580694,6871.8069503648585
H20.33.004,L2/3 IT,0.0359279257213174,6871.8069503648585
H20.33.004,L4 IT,0.037360997903500136,6871.8069503648585
H20.33.004,L5 ET,0.03493112511731272,6871.8069503648585
H20.33.004,L5 IT,0.006423726217403611,6871.8069503648585
H20.33.004,L5/6 NP,0.018295140018698416,6871.8069503648585
H20.33.004,L6 CT,0.021048628814707142,6871.8069503648585
H20.33.004,L6 IT,0.010910697418963883,6871.8069503648585
H20.33.004,L6 IT Car3,0.014740437536222064,6871.8069503648585
H20.33.004,L6b,0.11240814644439419,6871.8069503648585
H20.33.004,Lamp5,0.003640067054134284,6871.8069503648585
H20.33.004,Lamp5 Lhx6,0.030139656004869033,6871.8069503648585
H20.33.004,OPC,0.05868384706704035,6871.8069503648585
H20.33.004,Oligodendrocyte,0.19463177668940893,6871.8069503648585
H20.33.004,Pax6,0.04596131877362313,6871.8069503648585
H20.33.004,Pvalb,0.01602504364849603,6871.8069503648585
H20.33.004,Sncg,0.047143183314673306,6871.8069503648585
H20.33.004,Sst,0.022475450333285272,6871.8069503648585
H20.33.004,Sst Chodl,0.05657704933068888,6871.8069503648585
H20.33.004,VLMC & Perivascular,0.00611347527676611,6871.8069503648585
H20.33.004,Vip,0.019852672582971805,6871.8069503648585
H20.33.004,Astrocyte,0.039150027740685246,6452.951200619674
H20.33.004,Chandelier,0.046744157000175215,6452.951200619674
H20.33.004,Endothelial,0.02692898384148333,6452.951200619674
H20.33.004,Immune,0.15825309979271499,6452.951200619674
H20.33.004,L2/3 IT,0.09469704463509582,6452.951200619674
H20.33.004,L4 IT,0.01534494067737325,6452.951200619674
H20.33.004,L5 ET,0.036099340896582836,6452.951200619674
H20.33.004,L5 IT,0.08466611673693868,6452.951200619674
H20.33.004,L5/6 NP,0.047461401432385864,6452.951200619674
H20.33.004,L6 CT,0.01709812765930776,6452.951200619674
H20.33.004,L6 IT,0.052154281358348,6452.951200619674
H20.33.004,L6 IT Car3,0.04093925412940069,6452.951200619674
H20.33.004,L6b,0.05080276525143162,6452.951200619674
H20.33.004,Lamp5,0.05998600162949661,6452.951200619674
H20.33.004,Lamp5 Lhx6,0.0017232708421914351,6452.951200619674
H20.33.004,OPC,0.059504022020089434,6452.951200619674
H20.33.004,Oligodendrocyte,0.18932384217253245,6452.951200619674
H20.33.004,Pax6,0.048788054289188684,6452.951200619674
H20.33.004,Pvalb,0.0019921813051617015,6452.951200619674
H20.33.004,Sncg,0.07266815750606888,6452.951200619674
H20.33.004,Sst,0.00802861427629503,6452.951200619674
H20.33.004,Sst Chodl,0.03459354253316193,6452.951200619674
H20.33.004,VLMC & Perivascular,0.06584496197795753,6452.951200619674
H20.33.004,Vip,0.05039007228538899,6452.951200619674
H20.33.005,Astrocyte,0.04008320794754844,4377.883196721312
H20.33.005,Chandelier,0.0020491612502358926,4377.883196721312
H20.33.005,Endothelial,0.014537171212713574,4377.883196721312
H20.33.005,Immune,0.05702319183229877,4377.883196721312
H20.33.005,L2/3 IT,0.02915979265893261,4377.883196721312
H20.33.005,L4 IT,0.02599102757194508,4377.883196721312
H20.33.005,L5 ET,0.0029740140055790694,4377.883196721312
H20.33.005,L5 IT,0.03589609191719166,4377.883196721312
H20.33.005,L5/6 NP,0.0036450868378766045,4377.883196721312
H20.33.005,L6 CT,0.017716831830218546,4377.883196721312
H20.33.005,L6 IT,0.00793509964592017,4377.883196721312
H20.33.005,L6 IT Car3,0.014422599375467358,4377.883196721312
H20.33.005,L6b,0.004510191228610145,4377.883196721312
H20.33.005,Lamp5,0.0027773018679035826,4377.883196721312
H20.33.005,Lamp5 Lhx6,0.0012138057349052119,4377.883196721312
H20.33.005,OPC,0.012866513877767691,4377.883196721312
H20.33.005,Oligodendrocyte,0.0088350162833866,4377.883196721312
H20.33.005,Pax6,0.018351252270196045,4377.883196721312
H20.33.005,Pvalb,0.01662155061205761,4377.883196721312
H20.33.005,Sncg,0.006745412685752006,4377.883196721312
H20.33.005,Sst,0.008308664797609423,4377.883196721312
H20.33.005,VLMC & Perivascular,0.014507279870641106,4377.883196721312
H20.33.005,Vip,0.019126626205292575,4377.883196721312
H20.33.005,Astrocyte,0.00030222938083161174,4727.362444491436
H20.33.005,Chandelier,0.025819329651995435,4727.362444491436
H20.33.005,Endothelial,0.006036521262960443,4727.362444491436
H20.33.005,Immune,0.001313917101877651,4727.362444491436
H20.33.005,L2/3 IT,0.006362768152216419,4727.362444491436
H20.33.005,L4 IT,0.025805227544014285,4727.362444491436
H20.33.005,L5 ET,0.010058837587979525,4727.362444491436
H20.33.005,L5 IT,0.03657435953675961,4727.362444491436
H20.33.005,L5/6 NP,0.008010458652896697,4727.362444491436
H20.33.005,L6 CT,0.011526290819549449,4727.362444491436
H20.33.005,L6 IT,0.0005684166625391984,4727.362444491436
H20.33.005,L6 IT Car3,0.012311099620369376,4727.362444491436
H20.33.005,L6b,0.005494298201441479,4727.362444491436
H20.33.005,Lamp5,0.0038105873135892542,4727.362444491436
H20.33.005,Lamp5 Lhx6,0.02155501674242088,4727.362444491436
H20.33.005,OPC,0.0024368002364254272,4727.362444491436
H20.33.005,Oligodendrocyte,0.025593634011701668,4727.362444491436
H20.33.005,Pax6,0.017333758596677105,4727.362444491436
H20.33.005,Pvalb,0.0009675242857522267,4727.362444491436
H20.33.005,Sncg,0.014309337242050595,4727.362444491436
H20.33.005,Sst,0.022863850914040112,4727.362444491436
H20.33.005,Sst Chodl,0.02019044862119622,4727.362444491436
H20.33.005,VLMC & Perivascular,0.0007632529542768015,4727.362444491436
H20.33.005,Vip,0.011348307359005614,4727.362444491436
H20.33.005,Astrocyte,0.13227186148932804,5264.301622831562
H20.33.005,Chandelier,0.054711683778219874,5264.301622831562
H20.33.005,Endothelial,0.022044661647228445,5264.301622831562
H20.33.005,Immune,0.18443238676620777,5264.301622831562
H20.33.005,L2/3 IT,0.10284488145129006,5264.301622831562
H20.33.005,L4 IT,0.08010426849341282,5264.301622831562
H20.33.005,L5 ET,0.035501763407459745,5264.301622831562
H20.33.005,L5 IT,0.1824765489132603,5264.301622831562
H20.33.005,L5/6 NP,0.05318980189045301,5264.301622831562
H20.33.005,L6 CT,0.09833351007415028,5264.301622831562
H20.33.005,L6 IT,0.24338836296670224,5264.301622831562
H20.33.005,L6 IT Car3,0.10350505467096763,5264.301622831562
H20.33.005,L6b,0.11882363041007754,5264.301622831562
H20.33.005,Lamp5,0.08560206926878149,5264.301622831562
H20.33.005,Lamp5 Lhx6,0.021113482451808354,5264.301622831562
H20.33.005,OPC,0.015230504665953508,5264.301622831562
H20.33.005,Oligodendrocyte,0.0508150252010269,5264.301622831562
H20.33.005,Pax6,0.08672848123185006,5264.301622831562
H20.33.005,Pvalb,0.016283127842187845,5264.301622831562
H20.33.005,Sncg,0.14443914786162426,5264.301622831562
H20.33.005,Sst,0.014911597295757764,5264.301622831562
H20.33.005,Sst Chodl,0.024083433589873447,5264.301622831562
H20.33.005,VLMC & Perivascular,0.006813251595383652,5264.301622831562
H20.33.005,Vip,0.2068827293371822,5264.301622831562
H20.33.005,Astrocyte,0.12455574481626078,5304.734558212538
H20.33.005,Chandelier,0.07577308045395988,5304.734558212538
H20.33.005,Endothelial,0.054435402497915765,5304.734558212538
H20.33.005,Immune,0.16885222161971236,5304.734558212538
H20.33.005,L2/3 IT,0.19888992804946648,5304.734558212538
H20.33.005,L4 IT,0.22582606941186073,5304.734558212538
H20.33.005,L5 ET,0.015051144719222162,5304.734558212538
H20.33.005,L5 IT,0.1265340810179379,5304.734558212538
H20.33.005,L5/6 NP,0.09573027709113409,5304.734558212538
H20.33.005,L6 CT,0.10174474049527804,5304.734558212538
H20.33.005,L6 IT,0.19434590429989526,5304.734558212538
H20.33.005,L6 IT Car3,0.1120669971872329,5304.734558212538
H20.33.005,L6b,0.13236482105055078,5304.734558212538
H20.33.005,Lamp5,0.12671940812134058,5304.734558212538
H20.33.005,Lamp5 Lhx6,0.004920836640707144,5304.734558212538
H20.33.005,OPC,0.06833322320726667,5304.734558212538
H20.33.005,Oligodendrocyte,0.2195765805249996,5304.734558212538
H20.33.005,Pax6,0.09990497812231498,5304.734558212538
H20.33.005,Pvalb,0.051710982342499545,5304.734558212538
H20.33.005,Sncg,0.1868192610176079,5304.734558212538
H20.33.005,Sst,0.0746173742122245,5304.734558212538
H20.33.005,Sst Chodl,0.0291248978360962,5304.734558212538
H20.33.005,VLMC & Perivascular,0.0177781640705519,5304.734558212538
H20.33.005,Vip,0.21437174774689546,5304.734558212538
H20.33.005,Astrocyte,0.04036120689896377,4454.6497767857145
H20.33.005,Chandelier,0.02383954949577414,4454.6497767857145
H20.33.005,Endothelial,0.020604900635447832,4454.6497767857145
H20.33.005,Immune,0.0556611878704832,4454.6497767857145
H20.33.005,L2/3 IT,0.02279483828729451,4454.6497767857145
H20.33.005,L4 IT,0.00016101943283385132,4454.6497767857145
H20.33.005,L5 ET,0.013080721935839899,4454.6497767857145
H20.33.005,L5 IT,0.000611575512781137,4454.6497767857145
H20.33.005,L5/6 NP,0.011670817199591767,4454.6497767857145
H20.33.005,L6 CT,0.02929184639367798,4454.6497767857145
H20.33.005,L6 IT,0.00736593501801708,4454.6497767857145
H20.33.005,L6 IT Car3,0.0021509916027129482,4454.6497767857145
H20.33.005,L6b,0.00998651603510362,4454.6497767857145
H20.33.005,Lamp5,0.006584815300928275,4454.6497767857145
H20.33.005,Lamp5 Lhx6,0.020302239505314346,4454.6497767857145
H20.33.005,OPC,0.015313304845632794,4454.6497767857145
H20.33.005,Oligodendrocyte,0.03415179195455065,4454.6497767857145
H20.33.005,Pax6,0.0009601485132514832,4454.6497767857145
H20.33.005,Pvalb,0.015656651490468736,4454.6497767857145
H20.33.005,Sncg,0.007563730678725643,4454.6497767857145
H20.33.005,Sst,0.031036388347752214,4454.6497767857145
H20.33.005,Sst Chodl,0.01965176649073628,4454.6497767857145
H20.33.005,VLMC & Perivascular,0.013755077541352644,4454.6497767857145
H20.33.005,Vip,0.03049857772866714,4454.6497767857145
H20.33.005,Astrocyte,0.09211026127452028,4928.322183098591
H20.33.005,Chandelier,0.05298127637287644,4928.322183098591
H20.33.005,Endothelial,0.007858871430593732,4928.322183098591
H20.33.005,Immune,0.1292707342156263,4928.322183098591
H20.33.005,L2/3 IT,0.13256764480047203,4928.322183098591
H20.33.005,L4 IT,0.05433019261585852,4928.322183098591
H20.33.005,L5 ET,0.03263862198689505,4928.322183098591
H20.33.005,L5 IT,0.21497807416869177,4928.322183098591
H20.33.005,L5/6 NP,0.049450017513585146,4928.322183098591
H20.33.005,L6 CT,0.08230527703076222,4928.322183098591
H20.33.005,L6 IT,0.24596048643713042,4928.322183098591
H20.33.005,L6 IT Car3,0.11466041336279212,4928.322183098591
H20.33.005,L6b,0.12108052405415975,4928.322183098591
H20.33.005,Lamp5,0.08329771825883674,4928.322183098591
H20.33.005,Lamp5 Lhx6,0.022395186457277196,4928.322183098591
H20.33.005,OPC,0.0024205789935111068,4928.322183098591
H20.33.005,Oligodendrocyte,0.05860598629508902,4928.322183098591
H20.33.005,Pax6,0.10615764045394391,4928.322183098591
H20.33.005,Pvalb,0.0002950440044286244,4928.322183098591
H20.33.005,Sncg,0.14038672068602323,4928.322183098591
H20.33.005,Sst,0.023081131894353693,4928.322183098591
H20.33.005,Sst Chodl,0.02351759445190772,4928.322183098591
H20.33.005,VLMC & Perivascular,0.007682037734068069,4928.322183098591
H20.33.005,Vip,0.2281150228685297,4928.322183098591
H20.33.005,Astrocyte,0.08425330390742437,4963.741411013259
H20.33.005,Chandelier,0.07441580972057382,4963.741411013259
H20.33.005,Endothelial,0.0694272207702808,4963.741411013259
H20.33.005,Immune,0.11265077353654332,4963.741411013259
H20.33.005,L2/3 IT,0.229484950135142,4963.741411013259
H20.33.005,L4 IT,0.20015253730486698,4963.741411013259
H20.33.005,L5 ET,0.018234329494697984,4963.741411013259
H20.33.005,L5 IT,0.1602321122163513,4963.741411013259
H20.33.005,L5/6 NP,0.09165776550288743,4963.741411013259
H20.33.005,L6 CT,0.08584091792954121,4963.741411013259
H20.33.005,L6 IT,0.19829402029571486,4963.741411013259
H20.33.005,L6 IT Car3,0.1228317152897609,4963.741411013259
H20.33.005,L6b,0.13424216106060663,4963.741411013259
H20.33.005,Lamp5,0.12513333211031538,4963.741411013259
H20.33.005,Lamp5 Lhx6,0.006142207896466525,4963.741411013259
H20.33.005,OPC,0.08192720907543581,4963.741411013259
H20.33.005,Oligodendrocyte,0.22148421121170106,4963.741411013259
H20.33.005,Pax6,0.11948496352676612,4963.741411013259
H20.33.005,Pvalb,0.06873058609294085,4963.741411013259
H20.33.005,Sncg,0.18536555138694147,4963.741411013259
H20.33.005,Sst,0.08181289185763478,4963.741411013259
H20.33.005,Sst Chodl,0.02844764023360651,4963.741411013259
H20.33.005,VLMC & Perivascular,0.03267815688956991,4963.741411013259
H20.33.005,Vip,0.23578351760222027,4963.741411013259
H20.33.005,Astrocyte,0.13230526082426555,5375.697742705083
H20.33.005,Chandelier,0.028554791244327252,5375.697742705083
H20.33.005,Endothelial,0.02784986272840421,5375.697742705083
H20.33.005,Immune,0.1823029566559136,5375.697742705083
H20.33.005,L2/3 IT,0.10916546502541478,5375.697742705083
H20.33.005,L4 IT,0.054587496584221455,5375.697742705083
H20.33.005,L5 ET,0.04350122992535432,5375.697742705083
H20.33.005,L5 IT,0.217410822398127,5375.697742705083
H20.33.005,L5/6 NP,0.06093420838580164,5375.697742705083
H20.33.005,L6 CT,0.10823234729561035,5375.697742705083
H20.33.005,L6 IT,0.24497615249668436,5375.697742705083
H20.33.005,L6 IT Car3,0.11461065306458058,5375.697742705083
H20.33.005,L6b,0.11461065306458058,5375.697742705083
H20.33.005,Lamp5,0.08926156873737857,5375.697742705083
H20.33.005,Lamp5 Lhx6,0.04286415436044533,5375.697742705083
H20.33.005,OPC,0.017657905991893322,5375.697742705083
H20.33.005,Oligodendrocyte,0.02616529528673366,5375.697742705083
H20.33.005,Pax6,0.10273388215733055,5375.697742705083
H20.33.005,Pvalb,0.015323018176492127,5375.697742705083
H20.33.005,Sncg,0.1300617580502204,5375.697742705083
H20.33.005,Sst,0.007941273794320854,5375.697742705083
H20.33.005,Sst Chodl,0.007311662165769795,5375.697742705083
H20.33.005,VLMC & Perivascular,0.006057967418637463,5375.697742705083
H20.33.005,Vip,0.19497981999797628,5375.697742705083
H20.33.005,Astrocyte,0.12462288409908728,5417.866812028708
H20.33.005,Chandelier,0.04959356241759183,5417.866812028708
H20.33.005,Endothelial,0.04842621325436699,5417.866812028708
H20.33.005,Immune,0.16685831903249893,5417.866812028708
H20.33.005,L2/3 IT,0.20496677100779023,5417.866812028708
H20.33.005,L4 IT,0.2014075163383684,5417.866812028708
H20.33.005,L5 ET,0.004831885695063122,5417.866812028708
H20.33.005,L5 IT,0.161920677019732,5417.866812028708
H20.33.005,L5/6 NP,0.10325255741101175,5417.866812028708
H20.33.005,L6 CT,0.11153636808170896,5417.866812028708
H20.33.005,L6 IT,0.19561826098251503,5417.866812028708
H20.33.005,L6 IT Car3,0.12302301350094488,5417.866812028708
H20.33.005,L6b,0.1283800213835094,5417.866812028708
H20.33.005,Lamp5,0.13011289575274668,5417.866812028708
H20.33.005,Lamp5 Lhx6,0.02663738119360417,5417.866812028708
H20.33.005,OPC,0.06573714396866814,5417.866812028708
H20.33.005,Oligodendrocyte,0.20265789310149077,5417.866812028708
H20.33.005,Pax6,0.11531406659173976,5417.866812028708
H20.33.005,Pvalb,0.05264114730915739,5417.866812028708
H20.33.005,Sncg,0.17282664026873026,5417.866812028708
H20.33.005,Sst,0.05285799423269097,5417.866812028708
H20.33.005,Sst Chodl,0.014536128087005261,5417.866812028708
H20.33.005,VLMC & Perivascular,0.018525532087382588,5417.866812028708
H20.33.005,Vip,0.20241100376249402,5417.866812028708
H20.33.005,Astrocyte,0.00774977403411874,6135.0158911254175
H20.33.005,Chandelier,0.020791125395246583,6135.0158911254175
H20.33.005,Endothelial,0.07135974548019564,6135.0158911254175
H20.33.005,Immune,0.01645785757952035,6135.0158911254175
H20.33.005,L2/3 IT,0.0949853795643206,6135.0158911254175
H20.33.005,L4 IT,0.149138444760387,6135.0158911254175
H20.33.005,L5 ET,0.04888500423922208,6135.0158911254175
H20.33.005,L5 IT,0.05781485643361763,6135.0158911254175
H20.33.005,L5/6 NP,0.04509767536001943,6135.0158911254175
H20.33.005,L6 CT,0.004127961276688558,6135.0158911254175
H20.33.005,L6 IT,0.05635453772504256,6135.0158911254175
H20.33.005,L6 IT Car3,0.009702493074457265,6135.0158911254175
H20.33.005,L6b,0.015768818834211742,6135.0158911254175
H20.33.005,Lamp5,0.04061640940029113,6135.0158911254175
H20.33.005,Lamp5 Lhx6,0.01608220341456391,6135.0158911254175
H20.33.005,OPC,0.0823458486952364,6135.0158911254175
H20.33.005,Oligodendrocyte,0.18780676052931197,6135.0158911254175
H20.33.005,Pax6,0.01408202465479991,6135.0158911254175
H20.33.005,Pvalb,0.06763727068376138,6135.0158911254175
H20.33.005,Sncg,0.04928679649046689,6135.0158911254175
H20.33.005,Sst,0.06117039328910571,6135.0158911254175
H20.33.005,Sst Chodl,0.0077178745580400426,6135.0158911254175
H20.33.005,VLMC & Perivascular,0.02438645505461822,6135.0158911254175
H20.33.005,Vip,0.007192575715888469,6135.0158911254175
H20.33.008,Astrocyte,0.19574299752357677,2818.2235410484673
H20.33.008,Chandelier,0.07690540169674233,2818.2235410484673
H20.33.008,Endothelial,0.03865741923232179,2818.2235410484673
H20.33.008,Immune,0.10346190784379884,2818.2235410484673
H20.33.008,L2/3 IT,0.016105774486590018,2818.2235410484673
H20.33.008,L4 IT,0.09013286065366326,2818.2235410484673
H20.33.008,L5 ET,0.046788298760920374,2818.2235410484673
H20.33.008,L5 IT,0.009951901231059832,2818.2235410484673
H20.33.008,L5/6 NP,0.0673450094090156,2818.2235410484673
H20.33.008,L6 CT,0.010065381528511566,2818.2235410484673
H20.33.008,L6 IT,0.010063747827452863,2818.2235410484673
H20.33.008,L6 IT Car3,0.03262788410412448,2818.2235410484673
H20.33.008,L6b,0.03522164952868955,2818.2235410484673
H20.33.008,Lamp5,0.04435633653948588,2818.2235410484673
H20.33.008,Lamp5 Lhx6,0.07898089245846977,2818.2235410484673
H20.33.008,OPC,0.11587837492071737,2818.2235410484673
H20.33.008,Oligodendrocyte,0.05276487326985075,2818.2235410484673
H20.33.008,Pax6,0.03921145261156214,2818.2235410484673
H20.33.008,Pvalb,0.15623709743453654,2818.2235410484673
H20.33.008,Sncg,0.05936624171258504,2818.2235410484673
H20.33.008,Sst,0.23556308840986784,2818.2235410484673
H20.33.008,Sst Chodl,0.03432189441456818,2818.2235410484673
H20.33.008,VLMC & Perivascular,0.004215413670409368,2818.2235410484673
H20.33.008,Vip,0.13954685950830814,2818.2235410484673
H20.33.011,Astrocyte,0.0033871662606952298,7637.238026975957
H20.33.011,Chandelier,0.01876320360889018,7637.238026975957
H20.33.011,Endothelial,0.012848538525238993,7637.238026975957
H20.33.011,Immune,0.005472420520453533,7637.238026975957
H20.33.011,L2/3 IT,0.00236207642883721,7637.238026975957
H20.33.011,L4 IT,0.023767163051619022,7637.238026975957
H20.33.011,L5 ET,0.0070449115916817765,7637.238026975957
H20.33.011,L5 IT,0.010948767921976202,7637.238026975957
H20.33.011,L5/6 NP,0.016481074257028067,7637.238026975957
H20.33.011,L6 CT,0.013254348279351654,7637.238026975957
H20.33.011,L6 IT,0.007968879881456037,7637.238026975957
H20.33.011,L6 IT Car3,0.007970880121170976,7637.238026975957
H20.33.011,L6b,0.009398413954654194,7637.238026975957
H20.33.011,Lamp5,0.010659582592419085,7637.238026975957
H20.33.011,Lamp5 Lhx6,0.02767815357475192,7637.238026975957
H20.33.011,OPC,0.03977834214357402,7637.238026975957
H20.33.011,Oligodendrocyte,0.05639415015944748,7637.238026975957
H20.33.011,Pax6,0.014174348694790872,7637.238026975957
H20.33.011,Pvalb,0.00922120861237012,7637.238026975957
H20.33.011,Sncg,0.012480469701184837,7637.238026975957
H20.33.011,Sst,0.040610622277141184,7637.238026975957
H20.33.011,Sst Chodl,0.003652059901028376,7637.238026975957
H20.33.011,VLMC & Perivascular,0.015081532059896643,7637.238026975957
H20.33.011,Vip,0.01779240385052358,7637.238026975957
H20.33.011,Astrocyte,0.21794475145842332,2660.780059250179
H20.33.011,Chandelier,0.008163783227930982,2660.780059250179
H20.33.011,Endothelial,0.02956045503573085,2660.780059250179
H20.33.011,Immune,0.10314079060886733,2660.780059250179
H20.33.011,L2/3 IT,0.26329483759390776,2660.780059250179
H20.33.011,L4 IT,0.014282267343998824,2660.780059250179
H20.33.011,L5 ET,0.04676069730151085,2660.780059250179
H20.33.011,L5 IT,0.04147280306714393,2660.780059250179
H20.33.011,L5/6 NP,0.012050663215345599,2660.780059250179
H20.33.011,L6 CT,0.03612843440795152,2660.780059250179
H20.33.011,L6 IT,0.06678479674339367,2660.780059250179
H20.33.011,L6 IT Car3,0.02468777063590799,2660.780059250179
H20.33.011,L6b,0.051937933873815366,2660.780059250179
H20.33.011,Lamp5,0.09454191576012767,2660.780059250179
H20.33.011,Lamp5 Lhx6,0.04916779317649049,2660.780059250179
H20.33.011,OPC,0.10573120856713107,2660.780059250179
H20.33.011,Oligodendrocyte,0.32535812492664473,2660.780059250179
H20.33.011,Pax6,0.0248615003232541,2660.780059250179
H20.33.011,Pvalb,0.018794175801113037,2660.780059250179
H20.33.011,Sncg,0.1465570267595346,2660.780059250179
H20.33.011,Sst,0.21787417919773322,2660.780059250179
H20.33.011,Sst Chodl,0.03903211525712051,2660.780059250179
H20.33.011,VLMC & Perivascular,0.040035277464027366,2660.780059250179
H20.33.011,Vip,0.1341512529117515,2660.780059250179
H20.33.011,Astrocyte,0.21723923888705585,2598.5454545454545
H20.33.011,Chandelier,0.025809226207804785,2598.5454545454545
H20.33.011,Endothelial,0.03700731398733575,2598.5454545454545
H20.33.011,Immune,0.0996163255666663,2598.5454545454545
H20.33.011,L2/3 IT,0.2617665305324708,2598.5454545454545
H20.33.011,L4 IT,0.03861046382256571,2598.5454545454545
H20.33.011,L5 ET,0.04340238370284881,2598.5454545454545
H20.33.011,L5 IT,0.030989563443136088,2598.5454545454545
H20.33.011,L5/6 NP,0.004276406874561327,2598.5454545454545
H20.33.011,L6 CT,0.021597544214313823,2598.5454545454545
H20.33.011,L6 IT,0.07388024326713917,2598.5454545454545
H20.33.011,L6 IT Car3,0.032056600514064566,2598.5454545454545
H20.33.011,L6b,0.06277719767505184,2598.5454545454545
H20.33.011,Lamp5,0.08175075987354254,2598.5454545454545
H20.33.011,Lamp5 Lhx6,0.0810267330761512,2598.5454545454545
H20.33.011,OPC,0.07547856033452238,2598.5454545454545
H20.33.011,Oligodendrocyte,0.2551926204404493,2598.5454545454545
H20.33.011,Pax6,0.011667901022314433,2598.5454545454545
H20.33.011,Pvalb,0.009418070560014974,2598.5454545454545
H20.33.011,Sncg,0.16115602172356547,2598.5454545454545
H20.33.011,Sst,0.16354262809085368,2598.5454545454545
H20.33.011,Sst Chodl,0.04340238370284881,2598.5454545454545
H20.33.011,VLMC & Perivascular,0.03204560182182826,2598.5454545454545
H20.33.011,Vip,0.15377473124513463,2598.5454545454545
H20.33.012,Astrocyte,0.035586871530876175,5990.262925651486
H20.33.012,Chandelier,0.010575650801447973,5990.262925651486
H20.33.012,Endothelial,0.02863048172206909,5990.262925651486
H20.33.012,Immune,0.016216837768277197,5990.262925651486
H20.33.012,L2/3 IT,0.010705613661377419,5990.262925651486
H20.33.012,L4 IT,0.011001870366205863,5990.262925651486
H20.33.012,L5 ET,0.019071817370662356,5990.262925651486
H20.33.012,L5 IT,0.029940149009567374,5990.262925651486
H20.33.012,L5/6 NP,0.021731603291826152,5990.262925651486
H20.33.012,L6 CT,0.012625488160874627,5990.262925651486
H20.33.012,L6 IT,0.030987203162228957,5990.262925651486
H20.33.012,L6 IT Car3,0.00961012957151877,5990.262925651486
H20.33.012,L6b,0.007701730748797886,5990.262925651486
H20.33.012,Lamp5,0.010108498488507676,5990.262925651486
H20.33.012,Lamp5 Lhx6,0.004030859946965748,5990.262925651486
H20.33.012,OPC,0.07005005852892508,5990.262925651486
H20.33.012,Oligodendrocyte,0.0066039190122042495,5990.262925651486
H20.33.012,Pax6,0.052135847842547954,5990.262925651486
H20.33.012,Pvalb,0.02319714212962412,5990.262925651486
H20.33.012,Sncg,0.05280401247737548,5990.262925651486
H20.33.012,Sst,0.016079893226024156,5990.262925651486
H20.33.012,Sst Chodl,0.017374646552063784,5990.262925651486
H20.33.012,VLMC & Perivascular,0.012387102059262148,5990.262925651486
H20.33.012,Vip,0.01454921000392231,5990.262925651486
H20.33.012,Astrocyte,0.29402648468744935,5391.805374001452
H20.33.012,Chandelier,0.003407734902620285,5391.805374001452
H20.33.012,Endothelial,0.05442638414230585,5391.805374001452
H20.33.012,Immune,0.06752961781331604,5391.805374001452
H20.33.012,L2/3 IT,0.10756680356712654,5391.805374001452
H20.33.012,L4 IT,0.07849901013231358,5391.805374001452
H20.33.012,L5 ET,0.05521201047732115,5391.805374001452
H20.33.012,L5 IT,0.04131840099719663,5391.805374001452
H20.33.012,L5/6 NP,0.03342620500926319,5391.805374001452
H20.33.012,L6 CT,0.006095584464836942,5391.805374001452
H20.33.012,L6 IT,0.15490595128540516,5391.805374001452
H20.33.012,L6 IT Car3,0.06640628213851793,5391.805374001452
H20.33.012,L6b,0.022295822068478813,5391.805374001452
H20.33.012,Lamp5,0.14858484099289915,5391.805374001452
H20.33.012,Lamp5 Lhx6,0.040576221530236586,5391.805374001452
H20.33.012,OPC,0.15646357344149492,5391.805374001452
H20.33.012,Oligodendrocyte,0.22382996503484714,5391.805374001452
H20.33.012,Pax6,0.03531337290702196,5391.805374001452
H20.33.012,Pvalb,0.11737155656913534,5391.805374001452
H20.33.012,Sncg,0.10253009447980362,5391.805374001452
H20.33.012,Sst,0.06284248905242164,5391.805374001452
H20.33.012,Sst Chodl,0.016639489264610556,5391.805374001452
H20.33.012,VLMC & Perivascular,0.0004938797657531763,5391.805374001452
H20.33.012,Vip,0.11864491261615905,5391.805374001452
H20.33.012,Astrocyte,0.3275663320260926,5157.952934396311
H20.33.012,Chandelier,0.014030746979176256,5157.952934396311
H20.33.012,Endothelial,0.03239318628911229,5157.952934396311
H20.33.012,Immune,0.052060033522273653,5157.952934396311
H20.33.012,L2/3 IT,0.09710416760128762,5157.952934396311
H20.33.012,L4 IT,0.08940509625238409,5157.952934396311
H20.33.012,L5 ET,0.06934283112081613,5157.952934396311
H20.33.012,L5 IT,0.07101998055663386,5157.952934396311
H20.33.012,L5/6 NP,0.05525000384126193,5157.952934396311
H20.33.012,L6 CT,0.018628514699362626,5157.952934396311
H20.33.012,L6 IT,0.1290650045907392,5157.952934396311
H20.33.012,L6 IT Car3,0.07591991108521655,5157.952934396311
H20.33.012,L6b,0.01470840659950382,5157.952934396311
H20.33.012,Lamp5,0.15723595182442168,5157.952934396311
H20.33.012,Lamp5 Lhx6,0.04446483135409102,5157.952934396311
H20.33.012,OPC,0.09773286132031657,5157.952934396311
H20.33.012,Oligodendrocyte,0.22655619835445379,5157.952934396311
H20.33.012,Pax6,0.01729365882448552,5157.952934396311
H20.33.012,Pvalb,0.09350261190746718,5157.952934396311
H20.33.012,Sncg,0.04894028498577329,5157.952934396311
H20.33.012,Sst,0.04635076387616287,5157.952934396311
H20.33.012,VLMC & Perivascular,0.011980236302962157,5157.952934396311
H20.33.012,Vip,0.1327990679638152,5157.952934396311
H20.33.013,Astrocyte,0.06283571784081157,6031.258727569331
H20.33.013,Chandelier,0.005349476352164239,6031.258727569331
H20.33.013,Endothelial,0.023616167943711856,6031.258727569331
H20.33.013,Immune,0.08060195589541588,6031.258727569331
H20.33.013,L2/3 IT,0.010107638696698222,6031.258727569331
H20.33.013,L4 IT,0.03380391458746429,6031.258727569331
H20.33.013,L5 ET,0.04831034355499252,6031.258727569331
H20.33.013,L5 IT,0.01873424000651129,6031.258727569331
H20.33.013,L5/6 NP,0.016208020603474864,6031.258727569331
H20.33.013,L6 CT,0.012819350745588135,6031.258727569331
H20.33.013,L6 IT,0.04398840072537673,6031.258727569331
H20.33.013,L6 IT Car3,0.01917436545690161,6031.258727569331
H20.33.013,L6b,0.005311982205614041,6031.258727569331
H20.33.013,Lamp5,0.005201835042337369,6031.258727569331
H20.33.013,Lamp5 Lhx6,0.03091964965287825,6031.258727569331
H20.33.013,OPC,0.0484975983440639,6031.258727569331
H20.33.013,Oligodendrocyte,0.07994840624704501,6031.258727569331
H20.33.013,Pax6,0.009659444872778698,6031.258727569331
H20.33.013,Pvalb,0.03258587823764953,6031.258727569331
H20.33.013,Sncg,0.01583643231476994,6031.258727569331
H20.33.013,Sst,0.04929557870217175,6031.258727569331
H20.33.013,Sst Chodl,0.013700733560877894,6031.258727569331
H20.33.013,VLMC & Perivascular,0.03180834510008251,6031.258727569331
H20.33.013,Vip,0.006287057881509296,6031.258727569331
H20.33.013,Astrocyte,0.08865085910922609,5657.9497930062535
H20.33.013,Chandelier,0.0784459691931548,5657.9497930062535
H20.33.013,Endothelial,0.012742649223353593,5657.9497930062535
H20.33.013,Immune,0.07566499423330952,5657.9497930062535
H20.33.013,L2/3 IT,0.09449087556373799,5657.9497930062535
H20.33.013,L4 IT,0.1202461117380858,5657.9497930062535
H20.33.013,L5 ET,0.03234111722287952,5657.9497930062535
H20.33.013,L5 IT,0.11539270824056265,5657.9497930062535
H20.33.013,L5/6 NP,0.025670213848274833,5657.9497930062535
H20.33.013,L6 CT,0.06845185562841001,5657.9497930062535
H20.33.013,L6 IT,0.11809930907328052,5657.9497930062535
H20.33.013,L6 IT Car3,0.09541772474788639,5657.9497930062535
H20.33.013,L6b,0.03835791276376926,5657.9497930062535
H20.33.013,Lamp5,0.05741726534795287,5657.9497930062535
H20.33.013,Lamp5 Lhx6,0.03355487144875593,5657.9497930062535
H20.33.013,OPC,0.04493185063371173,5657.9497930062535
H20.33.013,Oligodendrocyte,0.006060598564306845,5657.9497930062535
H20.33.013,Pax6,0.038755714848414016,5657.9497930062535
H20.33.013,Pvalb,0.023679387476593206,5657.9497930062535
H20.33.013,Sncg,0.06906547662832392,5657.9497930062535
H20.33.013,Sst,0.10514312068971061,5657.9497930062535
H20.33.013,Sst Chodl,0.022863584714923613,5657.9497930062535
H20.33.013,VLMC & Perivascular,0.02548802853764309,5657.9497930062535
H20.33.013,Vip,0.1104077360888468,5657.9497930062535
H20.33.013,Astrocyte,0.026010903951852786,6422.636610116972
H20.33.013,Chandelier,0.0813247484261888,6422.636610116972
H20.33.013,Endothelial,0.01188411839034782,6422.636610116972
H20.33.013,Immune,0.004238966573740412,6422.636610116972
H20.33.013,L2/3 IT,0.10438779263290965,6422.636610116972
H20.33.013,L4 IT,0.08762403996194877,6422.636610116972
H20.33.013,L5 ET,0.019877463747104685,6422.636610116972
H20.33.013,L5 IT,0.09799980656517869,6422.636610116972
H20.33.013,L5/6 NP,0.04202151417759763,6422.636610116972
H20.33.013,L6 CT,0.05701369287485185,6422.636610116972
H20.33.013,L6 IT,0.07702555964725248,6422.636610116972
H20.33.013,L6 IT Car3,0.07896696115733702,6422.636610116972
H20.33.013,L6b,0.033872256323526695,6422.636610116972
H20.33.013,Lamp5,0.05168612175722592,6422.636610116972
H20.33.013,Lamp5 Lhx6,0.002517676404291241,6422.636610116972
H20.33.013,OPC,0.0032996761296171756,6422.636610116972
H20.33.013,Oligodendrocyte,0.08571829662955537,6422.636610116972
H20.33.013,Pax6,0.047302585636959764,6422.636610116972
H20.33.013,Pvalb,0.0090072279774299,6422.636610116972
H20.33.013,Sncg,0.08294369377378896,6422.636610116972
H20.33.013,Sst,0.057387595477334616,6422.636610116972
H20.33.013,Sst Chodl,0.009977466839420253,6422.636610116972
H20.33.013,VLMC & Perivascular,0.05398434411579979,6422.636610116972
H20.33.013,Vip,0.1152872585613593,6422.636610116972
H20.33.014,Astrocyte,0.006598014604314737,6947.133996728462
H20.33.014,Chandelier,0.00944870663038972,6947.133996728462
H20.33.014,Endothelial,0.009408375866658106,6947.133996728462
H20.33.014,Immune,0.022921915273840826,6947.133996728462
H20.33.014,L2/3 IT,0.044997776432021325,6947.133996728462
H20.33.014,L4 IT,0.0400991732490735,6947.133996728462
H20.33.014,L5 ET,0.0340528485490762,6947.133996728462
H20.33.014,L5 IT,0.05356637442562226,6947.133996728462
H20.33.014,L5/6 NP,0.022913503532486935,6947.133996728462
H20.33.014,L6 CT,0.01640233855614735,6947.133996728462
H20.33.014,L6 IT,0.023726805122791805,6947.133996728462
H20.33.014,L6 IT Car3,0.005822516966895211,6947.133996728462
H20.33.014,L6b,0.02942516105077827,6947.133996728462
H20.33.014,Lamp5,0.004708280190646252,6947.133996728462
H20.33.014,Lamp5 Lhx6,0.0280907534190752,6947.133996728462
H20.33.014,OPC,0.02572728096539064,6947.133996728462
H20.33.014,Oligodendrocyte,0.1280154247914116,6947.133996728462
H20.33.014,Pax6,0.007748055537239854,6947.133996728462
H20.33.014,Pvalb,0.002933682008882628,6947.133996728462
H20.33.014,Sncg,0.0014117313023302694,6947.133996728462
H20.33.014,Sst,0.02453054177349575,6947.133996728462
H20.33.014,Sst Chodl,0.0038672810061298963,6947.133996728462
H20.33.014,VLMC & Perivascular,0.009709498154443195,6947.133996728462
H20.33.014,Vip,0.04094083545485457,6947.133996728462
H20.33.014,Astrocyte,0.06245346609422864,6028.812350367374
H20.33.014,Chandelier,0.008268258510358159,6028.812350367374
H20.33.014,Endothelial,0.015789490837969954,6028.812350367374
H20.33.014,Immune,0.10146050448764148,6028.812350367374
H20.33.014,L2/3 IT,0.08764041885085357,6028.812350367374
H20.33.014,L4 IT,0.08229613680366617,6028.812350367374
H20.33.014,L5 ET,0.019650443046103448,6028.812350367374
H20.33.014,L5 IT,0.15567446625124065,6028.812350367374
H20.33.014,L5/6 NP,0.011421662344240528,6028.812350367374
H20.33.014,L6 CT,0.08917936502351063,6028.812350367374
H20.33.014,L6 IT,0.08925488796284954,6028.812350367374
H20.33.014,L6 IT Car3,0.009594076401699743,6028.812350367374
H20.33.014,L6b,0.15418829226372235,6028.812350367374
H20.33.014,Lamp5,0.03850250187445239,6028.812350367374
H20.33.014,Lamp5 Lhx6,0.025208636690496295,6028.812350367374
H20.33.014,OPC,0.04582979835767519,6028.812350367374
H20.33.014,Oligodendrocyte,0.042703569731875224,6028.812350367374
H20.33.014,Pax6,0.021641802701642652,6028.812350367374
H20.33.014,Pvalb,0.055802622823639465,6028.812350367374
H20.33.014,Sncg,0.01801481456189669,6028.812350367374
H20.33.014,Sst,0.09539534817677268,6028.812350367374
H20.33.014,Sst Chodl,0.014822965975867654,6028.812350367374
H20.33.014,VLMC & Perivascular,0.007645708999562471,6028.812350367374
H20.33.014,Vip,0.09398205703070829,6028.812350367374
H20.33.014,Astrocyte,0.05403851035209588,7534.1359499063965
H20.33.014,Chandelier,0.017805600696380725,7534.1359499063965
H20.33.014,Endothelial,0.006685853461965429,7534.1359499063965
H20.33.014,Immune,0.08339840786929531,7534.1359499063965
H20.33.014,L2/3 IT,0.1331510715583456,7534.1359499063965
H20.33.014,L4 IT,0.042034528195149634,7534.1359499063965
H20.33.014,L5 ET,0.013697477258133455,7534.1359499063965
H20.33.014,L5 IT,0.1008478446484392,7534.1359499063965
H20.33.014,L5/6 NP,0.03410912086922035,7534.1359499063965
H20.33.014,L6 CT,0.07048379840680843,7534.1359499063965
H20.33.014,L6 IT,0.06426555897745012,7534.1359499063965
H20.33.014,L6 IT Car3,0.01534489085310308,7534.1359499063965
H20.33.014,L6b,0.11912631335478428,7534.1359499063965
H20.33.014,Lamp5,0.03421029259844772,7534.1359499063965
H20.33.014,Lamp5 Lhx6,0.00262760793479445,7534.1359499063965
H20.33.014,OPC,0.020259906896099907,7534.1359499063965
H20.33.014,Oligodendrocyte,0.16902122165294337,7534.1359499063965
H20.33.014,Pax6,0.013749749609855071,7534.1359499063965
H20.33.014,Pvalb,0.059336182478967964,7534.1359499063965
H20.33.014,Sncg,0.01959551088848371,7534.1359499063965
H20.33.014,Sst,0.07232141165513664,7534.1359499063965
H20.33.014,Sst Chodl,0.01076304035430541,7534.1359499063965
H20.33.014,VLMC & Perivascular,0.002228089848620996,7534.1359499063965
H20.33.014,Vip,0.05381583860541374,7534.1359499063965
H20.33.015,Astrocyte,0.033848210912399056,4993.65731962878
H20.33.015,Chandelier,0.02763273386000292,4993.65731962878
H20.33.015,Endothelial,0.04242581777498404,4993.65731962878
H20.33.015,Immune,0.06568457088441197,4993.65731962878
H20.33.015,L2/3 IT,0.015553445924035332,4993.65731962878
H20.33.015,L4 IT,0.007754119512689224,4993.65731962878
H20.33.015,L5 ET,0.022789596428227595,4993.65731962878
H20.33.015,L5 IT,0.029228840380310595,4993.65731962878
H20.33.015,L5/6 NP,0.034042565970588336,4993.65731962878
H20.33.015,L6 CT,0.029912894699355243,4993.65731962878
H20.33.015,L6 IT,0.012852130882865496,4993.65731962878
H20.33.015,L6 IT Car3,0.006893091340776071,4993.65731962878
H20.33.015,L6b,0.0025344472446869647,4993.65731962878
H20.33.015,Lamp5,0.004591887743877809,4993.65731962878
H20.33.015,Lamp5 Lhx6,0.01746623645717846,4993.65731962878
H20.33.015,OPC,0.06165077332731386,4993.65731962878
H20.33.015,Oligodendrocyte,0.10894499282219604,4993.65731962878
H20.33.015,Pax6,0.043515509639513866,4993.65731962878
H20.33.015,Pvalb,0.030719298808283647,4993.65731962878
H20.33.015,Sncg,0.012590968884307075,4993.65731962878
H20.33.015,Sst,0.01253045193480019,4993.65731962878
H20.33.015,Sst Chodl,0.050351550850027724,4993.65731962878
H20.33.015,VLMC & Perivascular,0.01507455964582783,4993.65731962878
H20.33.015,Vip,0.06312297723067799,4993.65731962878
H20.33.015,Astrocyte,0.0022622479395000023,5354.0944520861985
H20.33.015,Chandelier,0.07615610519977574,5354.0944520861985
H20.33.015,Endothelial,0.022349429757617383,5354.0944520861985
H20.33.015,Immune,0.09594182699642079,5354.0944520861985
H20.33.015,L2/3 IT,0.0576418047040993,5354.0944520861985
H20.33.015,L4 IT,0.04184745558183537,5354.0944520861985
H20.33.015,L5 ET,0.05421457156069289,5354.0944520861985
H20.33.015,L5 IT,0.05077220002072523,5354.0944520861985
H20.33.015,L5/6 NP,0.023229127100616708,5354.0944520861985
H20.33.015,L6 CT,0.014953765944023532,5354.0944520861985
H20.33.015,L6 IT,0.051180377959430236,5354.0944520861985
H20.33.015,L6 IT Car3,0.014257204919123904,5354.0944520861985
H20.33.015,L6b,0.013208113019520943,5354.0944520861985
H20.33.015,Lamp5,0.016609960286140063,5354.0944520861985
H20.33.015,Lamp5 Lhx6,0.04880726011860129,5354.0944520861985
H20.33.015,OPC,0.07861537260478921,5354.0944520861985
H20.33.015,Oligodendrocyte,0.1332769205496966,5354.0944520861985
H20.33.015,Pax6,0.1245719177180318,5354.0944520861985
H20.33.015,Pvalb,0.14461415213888953,5354.0944520861985
H20.33.015,Sncg,0.0786366560115968,5354.0944520861985
H20.33.015,Sst,0.04326412202178186,5354.0944520861985
H20.33.015,Sst Chodl,0.025014320430636356,5354.0944520861985
H20.33.015,VLMC & Perivascular,0.0019239263834502306,5354.0944520861985
H20.33.015,Vip,0.17802445404748757,5354.0944520861985
H20.33.015,Astrocyte,0.031748595249554104,5708.98223924778
H20.33.015,Chandelier,0.04811386794603355,5708.98223924778
H20.33.015,Endothelial,0.02450741550038209,5708.98223924778
H20.33.015,Immune,0.032729295450612685,5708.98223924778
H20.33.015,L2/3 IT,0.04215256078694172,5708.98223924778
H20.33.015,L4 IT,0.0496141562452886,5708.98223924778
H20.33.015,L5 ET,0.031219951471317887,5708.98223924778
H20.33.015,L5 IT,0.07979641281175867,5708.98223924778
H20.33.015,L5/6 NP,0.05657383177939615,5708.98223924778
H20.33.015,L6 CT,0.045089213002488124,5708.98223924778
H20.33.015,L6 IT,0.038139069941982844,5708.98223924778
H20.33.015,L6 IT Car3,0.007397213139438974,5708.98223924778
H20.33.015,L6b,0.010644613529618112,5708.98223924778
H20.33.015,Lamp5,0.012063311739730239,5708.98223924778
H20.33.015,Lamp5 Lhx6,0.06600690085544311,5708.98223924778
H20.33.015,OPC,0.0183861164391893,5708.98223924778
H20.33.015,Oligodendrocyte,0.027901899975423996,5708.98223924778
H20.33.015,Pax6,0.0833256961899297,5708.98223924778
H20.33.015,Pvalb,0.11295105844383926,5708.98223924778
H20.33.015,Sncg,0.06541250249193167,5708.98223924778
H20.33.015,Sst,0.055625493450667675,5708.98223924778
H20.33.015,Sst Chodl,0.026963911142185413,5708.98223924778
H20.33.015,VLMC & Perivascular,0.01300249596862254,5708.98223924778
H20.33.015,Vip,0.11397580150692632,5708.98223924778
H20.33.016,Astrocyte,0.04630035779749544,4975.875375075015
H20.33.016,Chandelier,0.011475128404645644,4975.875375075015
H20.33.016,Endothelial,0.003867244830004001,4975.875375075015
H20.33.016,Immune,0.0778100905231643,4975.875375075015
H20.33.016,L2/3 IT,0.07442305571270563,4975.875375075015
H20.33.016,L4 IT,0.017733971222166276,4975.875375075015
H20.33.016,L5 ET,0.03067831511012361,4975.875375075015
H20.33.016,L5 IT,0.08529740597799783,4975.875375075015
H20.33.016,L5/6 NP,0.029642575980280576,4975.875375075015
H20.33.016,L6 CT,0.05182144847878963,4975.875375075015
H20.33.016,L6 IT,0.022896040787821995,4975.875375075015
H20.33.016,L6 IT Car3,0.010083494692243318,4975.875375075015
H20.33.016,L6b,0.03751103058536116,4975.875375075015
H20.33.016,Lamp5,0.0036676092945743546,4975.875375075015
H20.33.016,Lamp5 Lhx6,0.034992997921268636,4975.875375075015
H20.33.016,OPC,0.024154585540588448,4975.875375075015
H20.33.016,Oligodendrocyte,0.05718216998954102,4975.875375075015
H20.33.016,Pax6,0.028829241458207304,4975.875375075015
H20.33.016,Pvalb,0.01674753711046697,4975.875375075015
H20.33.016,Sncg,0.013313677388955333,4975.875375075015
H20.33.016,Sst,0.02342338115328165,4975.875375075015
H20.33.016,Sst Chodl,0.003980544652328065,4975.875375075015
H20.33.016,VLMC & Perivascular,0.018480257900320568,4975.875375075015
H20.33.016,Vip,0.014336504342683805,4975.875375075015
H20.33.016,Astrocyte,0.0003911314751323334,5807.077072381723
H20.33.016,Chandelier,0.024405777680678385,5807.077072381723
H20.33.016,Endothelial,0.027199740191583926,5807.077072381723
H20.33.016,Immune,0.016299999060457586,5807.077072381723
H20.33.016,L2/3 IT,0.3308892147726435,5807.077072381723
H20.33.016,L4 IT,0.038465091301294906,5807.077072381723
H20.33.016,L5 ET,0.02969002968676658,5807.077072381723
H20.33.016,L5 IT,0.12565305391735623,5807.077072381723
H20.33.016,L5/6 NP,0.040292044595554494,5807.077072381723
H20.33.016,L6 CT,0.1410914899288077,5807.077072381723
H20.33.016,L6 IT,0.21614521272524354,5807.077072381723
H20.33.016,L6 IT Car3,0.07558799799721566,5807.077072381723
H20.33.016,L6b,0.1598762615434975,5807.077072381723
H20.33.016,Lamp5,0.0074884974604229335,5807.077072381723
H20.33.016,Lamp5 Lhx6,0.018209353474760947,5807.077072381723
H20.33.016,OPC,0.02642186013573115,5807.077072381723
H20.33.016,Oligodendrocyte,0.01505072756868225,5807.077072381723
H20.33.016,Pax6,0.0200842854006294,5807.077072381723
H20.33.016,Pvalb,0.06763537777884461,5807.077072381723
H20.33.016,Sncg,0.01987554627742252,5807.077072381723
H20.33.016,Sst,0.08520772775477291,5807.077072381723
H20.33.016,Sst Chodl,0.005248330095493848,5807.077072381723
H20.33.016,VLMC & Perivascular,0.005767938095134705,5807.077072381723
H20.33.016,Vip,0.05769347633508729,5807.077072381723
H20.33.016,Astrocyte,0.04606467638635614,6307.755308547336
H20.33.016,Chandelier,0.01265288981874697,6307.755308547336
H20.33.016,Endothelial,0.022837376913958075,6307.755308547336
H20.33.016,Immune,0.08945075427289374,6307.755308547336
H20.33.016,L2/3 IT,0.4016614209545898,6307.755308547336
H20.33.016,L4 IT,0.05629619700564511,6307.755308547336
H20.33.016,L5 ET,0.06064252390120961,6307.755308547336
H20.33.016,L5 IT,0.21210227845579938,6307.755308547336
H20.33.016,L5/6 NP,0.07048304043489798,6307.755308547336
H20.33.016,L6 CT,0.18789560644549075,6307.755308547336
H20.33.016,L6 IT,0.2351113638254432,6307.755308547336
H20.33.016,L6 IT Car3,0.0850560772827105,6307.755308547336
H20.33.016,L6b,0.1902388345736653,6307.755308547336
H20.33.016,Lamp5,0.011169757212885755,6307.755308547336
H20.33.016,Lamp5 Lhx6,0.05399282708262429,6307.755308547336
H20.33.016,OPC,0.05102230112217623,6307.755308547336
H20.33.016,Oligodendrocyte,0.04180561532676083,6307.755308547336
H20.33.016,Pax6,0.008715433866442936,6307.755308547336
H20.33.016,Pvalb,0.05038498597873661,6307.755308547336
H20.33.016,Sncg,0.03283447581573177,6307.755308547336
H20.33.016,Sst,0.060673587747521684,6307.755308547336
H20.33.016,Sst Chodl,0.009295646096115055,6307.755308547336
H20.33.016,VLMC & Perivascular,0.013150064089513249,6307.755308547336
H20.33.016,Vip,0.04383814355417477,6307.755308547336
H20.33.017,Astrocyte,0.35288613772939686,3880.94874251497
H20.33.017,Chandelier,0.10125023779738453,3880.94874251497
H20.33.017,Endothelial,0.02698429053666615,3880.94874251497
H20.33.017,Immune,0.1766833513055808,3880.94874251497
H20.33.017,L2/3 IT,0.33168985860213074,3880.94874251497
H20.33.017,L4 IT,0.11571375997136367,3880.94874251497
H20.33.017,L5 ET,0.024929035130210712,3880.94874251497
H20.33.017,L5 IT,0.046386103181522274,3880.94874251497
H20.33.017,L5/6 NP,0.022050173923781453,3880.94874251497
H20.33.017,L6 CT,0.1896960984340247,3880.94874251497
H20.33.017,L6 IT,0.01152191040660694,3880.94874251497
H20.33.017,L6 IT Car3,0.023468914326950634,3880.94874251497
H20.33.017,L6b,0.3088331895389605,3880.94874251497
H20.33.017,Lamp5,0.20000941542184103,3880.94874251497
H20.33.017,Lamp5 Lhx6,0.20327362620203018,3880.94874251497
H20.33.017,OPC,0.18470278478761604,3880.94874251497
H20.33.017,Oligodendrocyte,0.25832338516520215,3880.94874251497
H20.33.017,Pax6,0.003317116695858107,3880.94874251497
H20.33.017,Pvalb,0.07444036938275092,3880.94874251497
H20.33.017,Sncg,0.0190365492809463,3880.94874251497
H20.33.017,Sst,0.14210253135962755,3880.94874251497
H20.33.017,Sst Chodl,0.07425590027629221,3880.94874251497
H20.33.017,VLMC & Perivascular,0.027856687911435644,3880.94874251497
H20.33.017,Vip,0.15963647244463378,3880.94874251497
H20.33.017,Astrocyte,0.0008430182037722728,5765.0902210372415
H20.33.017,Chandelier,0.04437263011561183,5765.0902210372415
H20.33.017,Endothelial,0.04640431216714349,5765.0902210372415
H20.33.017,Immune,0.07231941770855477,5765.0902210372415
H20.33.017,L2/3 IT,0.1282749290192144,5765.0902210372415
H20.33.017,L4 IT,0.2115323152459917,5765.0902210372415
H20.33.017,L5 ET,0.027523820163094074,5765.0902210372415
H20.33.017,L5 IT,0.03193415963793099,5765.0902210372415
H20.33.017,L5/6 NP,0.029327060912490356,5765.0902210372415
H20.33.017,L6 CT,0.07693152656179358,5765.0902210372415
H20.33.017,L6 IT,0.18456329718851658,5765.0902210372415
H20.33.017,L6 IT Car3,0.06703103891032727,5765.0902210372415
H20.33.017,L6b,0.05282068869616686,5765.0902210372415
H20.33.017,Lamp5,0.058747509412474135,5765.0902210372415
H20.33.017,Lamp5 Lhx6,0.01540247599445106,5765.0902210372415
H20.33.017,OPC,0.02452455828345693,5765.0902210372415
H20.33.017,Oligodendrocyte,0.024285636392183643,5765.0902210372415
H20.33.017,Pax6,0.036328484057190025,5765.0902210372415
H20.33.017,Pvalb,0.08088027539392532,5765.0902210372415
H20.33.017,Sncg,0.03208179995048732,5765.0902210372415
H20.33.017,Sst,0.05346726612186731,5765.0902210372415
H20.33.017,Sst Chodl,0.04451935551869844,5765.0902210372415
H20.33.017,VLMC & Perivascular,0.020090026605221196,5765.0902210372415
H20.33.017,Vip,0.028338035648874,5765.0902210372415
H20.33.017,Astrocyte,0.34340951384017715,4134.958665391563
H20.33.017,Chandelier,0.1511639816481239,4134.958665391563
H20.33.017,Endothelial,0.020017115454160402,4134.958665391563
H20.33.017,Immune,0.2265215466591418,4134.958665391563
H20.33.017,L2/3 IT,0.21500038286749212,4134.958665391563
H20.33.017,L4 IT,0.09898732894326534,4134.958665391563
H20.33.017,L5 ET,0.0008551712430828366,4134.958665391563
H20.33.017,L5 IT,0.07918755358393446,4134.958665391563
H20.33.017,L5/6 NP,0.006966611889347517,4134.958665391563
H20.33.017,L6 CT,0.276380918843735,4134.958665391563
H20.33.017,L6 IT,0.1845335278145771,4134.958665391563
H20.33.017,L6 IT Car3,0.04399258841377486,4134.958665391563
H20.33.017,L6b,0.3696281011889991,4134.958665391563
H20.33.017,Lamp5,0.1397446871754946,4134.958665391563
H20.33.017,Lamp5 Lhx6,0.19114113997627058,4134.958665391563
H20.33.017,OPC,0.16366286651301687,4134.958665391563
H20.33.017,Oligodendrocyte,0.23444966799980196,4134.958665391563
H20.33.017,Pax6,0.04127476957661724,4134.958665391563
H20.33.017,Pvalb,0.008200064894555478,4134.958665391563
H20.33.017,Sncg,0.012780264212839659,4134.958665391563
H20.33.017,Sst,0.08633988695649861,4134.958665391563
H20.33.017,Sst Chodl,0.11914270445079028,4134.958665391563
H20.33.017,VLMC & Perivascular,0.008710096049174654,4134.958665391563
H20.33.017,Vip,0.13110923040886477,4134.958665391563
H20.33.018,Astrocyte,0.03100874225031111,5209.781710350106
H20.33.018,Chandelier,0.004593204433773116,5209.781710350106
H20.33.018,Endothelial,0.013458024973374835,5209.781710350106
H20.33.018,Immune,0.0506299848710203,5209.781710350106
H20.33.018,L2/3 IT,0.05288163975160709,5209.781710350106
H20.33.018,L4 IT,0.037804469931052825,5209.781710350106
H20.33.018,L5 ET,0.0063362495767436905,5209.781710350106
H20.33.018,L5 IT,0.03486309200399603,5209.781710350106
H20.33.018,L5/6 NP,0.00911613057299394,5209.781710350106
H20.33.018,L6 CT,0.009459628075548326,5209.781710350106
H20.33.018,L6 IT,0.02402372312408327,5209.781710350106
H20.33.018,L6 IT Car3,0.007303416327479357,5209.781710350106
H20.33.018,L6b,0.02301893059957981,5209.781710350106
H20.33.018,Lamp5,0.03692439624285703,5209.781710350106
H20.33.018,Lamp5 Lhx6,0.016991026020361153,5209.781710350106
H20.33.018,OPC,0.02909782955357999,5209.781710350106
H20.33.018,Oligodendrocyte,0.11725793188182168,5209.781710350106
H20.33.018,Pax6,0.016407751490493568,5209.781710350106
H20.33.018,Pvalb,0.0030074341676082665,5209.781710350106
H20.33.018,Sncg,0.02310368513024411,5209.781710350106
H20.33.018,Sst,0.015841182438336335,5209.781710350106
H20.33.018,Sst Chodl,0.0027598836067982287,5209.781710350106
H20.33.018,VLMC & Perivascular,0.0034301713531795746,5209.781710350106
H20.33.018,Vip,0.017769965671324186,5209.781710350106
H20.33.018,Astrocyte,0.07307399256471042,4427.526545210686
H20.33.018,Chandelier,0.00239351447512837,4427.526545210686
H20.33.018,Endothelial,0.01190201017031446,4427.526545210686
H20.33.018,Immune,0.003906835994791243,4427.526545210686
H20.33.018,L2/3 IT,0.05463075956616429,4427.526545210686
H20.33.018,L4 IT,0.20448150577265703,4427.526545210686
H20.33.018,L5 ET,0.019107240841735113,4427.526545210686
H20.33.018,L5 IT,0.04654753485965553,4427.526545210686
H20.33.018,L5/6 NP,0.028810584955516326,4427.526545210686
H20.33.018,L6 CT,0.04549093878978676,4427.526545210686
H20.33.018,L6 IT,0.14696387751340295,4427.526545210686
H20.33.018,L6 IT Car3,0.12085626937330408,4427.526545210686
H20.33.018,L6b,0.05415882990988363,4427.526545210686
H20.33.018,Lamp5,0.06762433587322104,4427.526545210686
H20.33.018,Lamp5 Lhx6,0.007731784173008382,4427.526545210686
H20.33.018,OPC,0.028850056820617344,4427.526545210686
H20.33.018,Oligodendrocyte,0.12600030101923024,4427.526545210686
H20.33.018,Pax6,0.025805412334316824,4427.526545210686
H20.33.018,Pvalb,0.017277613506661293,4427.526545210686
H20.33.018,Sncg,0.021042791070005302,4427.526545210686
H20.33.018,Sst,0.012730803224818706,4427.526545210686
H20.33.018,Sst Chodl,0.017036070748214296,4427.526545210686
H20.33.018,VLMC & Perivascular,0.018930451186361736,4427.526545210686
H20.33.018,Vip,0.06551472039044323,4427.526545210686
H20.33.018,Astrocyte,0.06745364616335756,4302.815687171278
H20.33.018,Chandelier,0.030125735171287603,4302.815687171278
H20.33.018,Endothelial,0.0007276817477058915,4302.815687171278
H20.33.018,Immune,0.06966583558836578,4302.815687171278
H20.33.018,L2/3 IT,0.08517477773503887,4302.815687171278
H20.33.018,L4 IT,0.12047806583011618,4302.815687171278
H20.33.018,L5 ET,0.022033479961229497,4302.815687171278
H20.33.018,L5 IT,0.03919660175712352,4302.815687171278
H20.33.018,L5/6 NP,0.00982277974426507,4302.815687171278
H20.33.018,L6 CT,0.007934558769167299,4302.815687171278
H20.33.018,L6 IT,0.10539187817063306,4302.815687171278
H20.33.018,L6 IT Car3,0.0890330910318344,4302.815687171278
H20.33.018,L6b,0.0356216584673986,4302.815687171278
H20.33.018,Lamp5,0.06564584953014109,4302.815687171278
H20.33.018,Lamp5 Lhx6,0.031271558514166825,4302.815687171278
H20.33.018,OPC,0.015144923936134409,4302.815687171278
H20.33.018,Oligodendrocyte,0.142261409085475,4302.815687171278
H20.33.018,Pax6,0.005137817780812664,4302.815687171278
H20.33.018,Pvalb,0.0072686445380351905,4302.815687171278
H20.33.018,Sncg,0.014777664726755433,4302.815687171278
H20.33.018,Sst,0.02600232242368984,4302.815687171278
H20.33.018,Sst Chodl,0.023167317037359785,4302.815687171278
H20.33.018,VLMC & Perivascular,0.04468426674368035,4302.815687171278
H20.33.018,Vip,0.08352147636738666,4302.815687171278
H20.33.018,Astrocyte,0.06153029435574096,3334.507855512287
H20.33.018,Chandelier,0.10385018889455665,3334.507855512287
H20.33.018,Endothelial,0.044227528544179474,3334.507855512287
H20.33.018,Immune,0.03695920546939698,3334.507855512287
H20.33.018,L2/3 IT,0.5678130015711552,3334.507855512287
H20.33.018,L4 IT,0.21621846267481318,3334.507855512287
H20.33.018,L5 ET,0.07013505667038923,3334.507855512287
H20.33.018,L5 IT,0.18009273690167474,3334.507855512287
H20.33.018,L5/6 NP,0.12259723814210313,3334.507855512287
H20.33.018,L6 CT,0.08946804936446594,3334.507855512287
H20.33.018,L6 IT,0.08495441964738884,3334.507855512287
H20.33.018,L6 IT Car3,0.027780572564383845,3334.507855512287
H20.33.018,L6b,0.0870992929131852,3334.507855512287
H20.33.018,Lamp5,0.013697419734180876,3334.507855512287
H20.33.018,Lamp5 Lhx6,0.014995095148869885,3334.507855512287
H20.33.018,OPC,0.06789416034719696,3334.507855512287
H20.33.018,Oligodendrocyte,0.8659357605639287,3334.507855512287
H20.33.018,Pax6,0.10083921836264341,3334.507855512287
H20.33.018,Pvalb,0.2103470186737627,3334.507855512287
H20.33.018,Sncg,0.07331933435654708,3334.507855512287
H20.33.018,Sst,0.06939987309175913,3334.507855512287
H20.33.018,Sst Chodl,0.05922697972095164,3334.507855512287
H20.33.018,VLMC & Perivascular,0.013619933009089856,3334.507855512287
H20.33.018,Vip,0.2051273330811341,3334.507855512287
H20.33.018,Astrocyte,0.042353525694694125,4654.559547501834
H20.33.018,Chandelier,0.002197247428471547,4654.559547501834
H20.33.018,Endothelial,0.0014439277054575494,4654.559547501834
H20.33.018,Immune,0.054008609518340245,4654.559547501834
H20.33.018,L2/3 IT,0.0019358537350671677,4654.559547501834
H20.33.018,L4 IT,0.16725254841783666,4654.559547501834
H20.33.018,L5 ET,0.025073167940301132,4654.559547501834
H20.33.018,L5 IT,0.011856793773505429,4654.559547501834
H20.33.018,L5/6 NP,0.019784374919942435,4654.559547501834
H20.33.018,L6 CT,0.036130688075070375,4654.559547501834
H20.33.018,L6 IT,0.12332235935688589,4654.559547501834
H20.33.018,L6 IT Car3,0.1262324007878859,4654.559547501834
H20.33.018,L6b,0.031654143446286954,4654.559547501834
H20.33.018,Lamp5,0.030343981559595428,4654.559547501834
H20.33.018,Lamp5 Lhx6,0.02484006301486322,4654.559547501834
H20.33.018,OPC,0.00047929686887887454,4654.559547501834
H20.33.018,Oligodendrocyte,0.0061535716963147195,4654.559547501834
H20.33.018,Pax6,0.04257094527360907,4654.559547501834
H20.33.018,Pvalb,0.014269825001979207,4654.559547501834
H20.33.018,Sncg,0.0023353270417617714,4654.559547501834
H20.33.018,Sst,0.02870766577687832,4654.559547501834
H20.33.018,Sst Chodl,0.014367844051237772,4654.559547501834
H20.33.018,VLMC & Perivascular,0.01550705742234882,4654.559547501834
H20.33.018,Vip,0.04772696276754751,4654.559547501834
H20.33.018,Astrocyte,0.036765644155563694,4516.92980954419
H20.33.018,Chandelier,0.025560171503094264,4516.92980954419
H20.33.018,Endothelial,0.014313231053531801,4516.92980954419
H20.33.018,Immune,0.018196925194377118,4516.92980954419
H20.33.018,L2/3 IT,0.03270729982370564,4516.92980954419
H20.33.018,L4 IT,0.08249863136891838,4516.92980954419
H20.33.018,L5 ET,0.02788151307983203,4516.92980954419
H20.33.018,L5 IT,0.004492646412021488,4516.92980954419
H20.33.018,L5/6 NP,0.01902631739279799,4516.92980954419
H20.33.018,L6 CT,0.001502306354086027,4516.92980954419
H20.33.018,L6 IT,0.08181671816539099,4516.92980954419
H20.33.018,L6 IT Car3,0.09521066547551456,4516.92980954419
H20.33.018,L6b,0.012944470021012778,4516.92980954419
H20.33.018,Lamp5,0.02820569897151826,4516.92980954419
H20.33.018,Lamp5 Lhx6,0.04864455427114862,4516.92980954419
H20.33.018,OPC,0.043661631349384264,4516.92980954419
H20.33.018,Oligodendrocyte,0.021985303431946802,4516.92980954419
H20.33.018,Pax6,0.011300185045755607,4516.92980954419
H20.33.018,Pvalb,0.004264775471414778,4516.92980954419
H20.33.018,Sncg,0.008534769156928483,4516.92980954419
H20.33.018,Sst,0.04212834602735289,4516.92980954419
H20.33.018,Sst Chodl,0.02620834255352552,4516.92980954419
H20.33.018,VLMC & Perivascular,0.041156739797276916,4516.92980954419
H20.33.018,Vip,0.06576249378690659,4516.92980954419
H20.33.018,Astrocyte,0.03118740676370725,3461.672673045856
H20.33.018,Chandelier,0.0991066786173912,3461.672673045856
H20.33.018,Endothelial,0.03305411507949486,3461.672673045856
H20.33.018,Immune,0.014567788647496228,3461.672673045856
H20.33.018,L2/3 IT,0.5229662350069707,3461.672673045856
H20.33.018,L4 IT,0.1772892426033464,3461.672673045856
H20.33.018,L5 ET,0.07267464233532073,3461.672673045856
H20.33.018,L5 IT,0.14744869538981592,3461.672673045856
H20.33.018,L5/6 NP,0.11432362393522241,3461.672673045856
H20.33.018,L6 CT,0.10041356981390598,3461.672673045856
H20.33.018,L6 IT,0.06191378209628046,3461.672673045856
H20.33.018,L6 IT Car3,0.03480176795155082,3461.672673045856
H20.33.018,L6b,0.11271027557957065,3461.672673045856
H20.33.018,Lamp5,0.04916502694686238,3461.672673045856
H20.33.018,Lamp5 Lhx6,0.0018386724713484398,3461.672673045856
H20.33.018,OPC,0.03743524860008876,3461.672673045856
H20.33.018,Oligodendrocyte,0.7734326084823415,3461.672673045856
H20.33.018,Pax6,0.08906339015221935,3461.672673045856
H20.33.018,Pvalb,0.2056805851070624,3461.672673045856
H20.33.018,Sncg,0.08744989360346914,3461.672673045856
H20.33.018,Sst,0.0867225488142951,3461.672673045856
H20.33.018,Sst Chodl,0.06343985493988422,3461.672673045856
H20.33.018,VLMC & Perivascular,0.01716299340314771,3461.672673045856
H20.33.018,Vip,0.2167465437235614,3461.672673045856
H20.33.018,Astrocyte,0.005623278845874189,3916.9230769230767
H20.33.018,Chandelier,0.028024439448781906,3916.9230769230767
H20.33.018,Endothelial,0.012717053139673912,3916.9230769230767
H20.33.018,Immune,0.07279806550985381,3916.9230769230767
H20.33.018,L2/3 IT,0.030846419754860032,3916.9230769230767
H20.33.018,L4 IT,0.08379450353836596,3916.9230769230767
H20.33.018,L5 ET,0.003095924272073912,3916.9230769230767
H20.33.018,L5 IT,0.007376823372073219,3916.9230769230767
H20.33.018,L5/6 NP,0.03879783477999961,3916.9230769230767
H20.33.018,L6 CT,0.038113514896205805,3916.9230769230767
H20.33.018,L6 IT,0.04357222860056564,3916.9230769230767
H20.33.018,L6 IT Car3,0.0341929039476844,3916.9230769230767
H20.33.018,L6b,0.019029553089838776,3916.9230769230767
H20.33.018,Lamp5,0.0021450885833945413,3916.9230769230767
H20.33.018,Lamp5 Lhx6,0.023392810916743327,3916.9230769230767
H20.33.018,OPC,0.04372208933351489,3916.9230769230767
H20.33.018,Oligodendrocyte,0.015760787088082807,3916.9230769230767
H20.33.018,Pax6,0.03064599080206866,3916.9230769230767
H20.33.018,Pvalb,0.01003426367539686,3916.9230769230767
H20.33.018,Sncg,0.006238742396286589,3916.9230769230767
H20.33.018,Sst,0.013189247386252755,3916.9230769230767
H20.33.018,Sst Chodl,0.03834655386863688,3916.9230769230767
H20.33.018,VLMC & Perivascular,0.026592802231722317,3916.9230769230767
H20.33.018,Vip,0.01775455699749982,3916.9230769230767
H20.33.018,Astrocyte,0.011145955702865248,3097.981651376147
H20.33.018,Chandelier,0.10549967553110577,3097.981651376147
H20.33.018,Endothelial,0.03526732778467291,3097.981651376147
H20.33.018,Immune,0.040756000323215164,3097.981651376147
H20.33.018,L2/3 IT,0.5461162596966675,3097.981651376147
H20.33.018,L4 IT,0.006862533278666499,3097.981651376147
H20.33.018,L5 ET,0.060392513919975285,3097.981651376147
H20.33.018,L5 IT,0.13844965493624745,3097.981651376147
H20.33.018,L5/6 NP,0.10384726492001849,3097.981651376147
H20.33.018,L6 CT,0.13600146287027232,3097.981651376147
H20.33.018,L6 IT,0.06433499291265571,3097.981651376147
H20.33.018,L6 IT Car3,0.09980740574117053,3097.981651376147
H20.33.018,L6b,0.14297868572154254,3097.981651376147
H20.33.018,Lamp5,0.07808010369720576,3097.981651376147
H20.33.018,Lamp5 Lhx6,0.02262544386451414,3097.981651376147
H20.33.018,OPC,0.03761122195956899,3097.981651376147
H20.33.018,Oligodendrocyte,0.7266207101903043,3097.981651376147
H20.33.018,Pax6,0.12103547511970583,3097.981651376147
H20.33.018,Pvalb,0.2002902770019598,3097.981651376147
H20.33.018,Sncg,0.09031602474908658,3097.981651376147
H20.33.018,Sst,0.05565489362781641,3097.981651376147
H20.33.018,Sst Chodl,0.07235394215524055,3097.981651376147
H20.33.018,VLMC & Perivascular,0.03304843580684674,3097.981651376147
H20.33.018,Vip,0.2626234458248984,3097.981651376147
H20.33.018,Astrocyte,0.005507153060849251,3036.403218173213
H20.33.018,Chandelier,0.08591029902954621,3036.403218173213
H20.33.018,Endothelial,0.04612551683123472,3036.403218173213
H20.33.018,Immune,0.03246519662972537,3036.403218173213
H20.33.018,L2/3 IT,0.5286538754675071,3036.403218173213
H20.33.018,L4 IT,0.09141349479915269,3036.403218173213
H20.33.018,L5 ET,0.05900379291938447,3036.403218173213
H20.33.018,L5 IT,0.14575579845452666,3036.403218173213
H20.33.018,L5/6 NP,0.1344815003324516,3036.403218173213
H20.33.018,L6 CT,0.09616921404215618,3036.403218173213
H20.33.018,L6 IT,0.019975074076839447,3036.403218173213
H20.33.018,L6 IT Car3,0.06420011132306708,3036.403218173213
H20.33.018,L6b,0.12276953867494608,3036.403218173213
H20.33.018,Lamp5,0.07631673824574371,3036.403218173213
H20.33.018,Lamp5 Lhx6,0.04537276275219396,3036.403218173213
H20.33.018,OPC,0.08265177628889786,3036.403218173213
H20.33.018,Oligodendrocyte,0.706775759713488,3036.403218173213
H20.33.018,Pax6,0.1023269517087699,3036.403218173213
H20.33.018,Pvalb,0.20987449370794875,3036.403218173213
H20.33.018,Sncg,0.0867549194503769,3036.403218173213
H20.33.018,Sst,0.04207822377627747,3036.403218173213
H20.33.018,Sst Chodl,0.03378433472692152,3036.403218173213
H20.33.018,VLMC & Perivascular,0.06048316563372882,3036.403218173213
H20.33.018,Vip,0.27859597371784856,3036.403218173213
H20.33.019,Astrocyte,0.05240670234304521,6252.370091963215
H20.33.019,Chandelier,0.020445259051942524,6252.370091963215
H20.33.019,Endothelial,0.0003052077746577272,6252.370091963215
H20.33.019,Immune,0.07439185385468187,6252.370091963215
H20.33.019,L2/3 IT,0.051877455608833056,6252.370091963215
H20.33.019,L4 IT,0.005212883736049969,6252.370091963215
H20.33.019,L5 ET,0.007870563353005854,6252.370091963215
H20.33.019,L5 IT,0.034830912875042315,6252.370091963215
H20.33.019,L5/6 NP,0.023643181187024756,6252.370091963215
H20.33.019,L6 CT,0.02390018776787224,6252.370091963215
H20.33.019,L6 IT,0.010992819383788556,6252.370091963215
H20.33.019,L6 IT Car3,0.034253814559343294,6252.370091963215
H20.33.019,L6b,0.027605855614460544,6252.370091963215
H20.33.019,Lamp5,0.043703767125758686,6252.370091963215
H20.33.019,Lamp5 Lhx6,0.02463288230113177,6252.370091963215
H20.33.019,OPC,0.0621549104924435,6252.370091963215
H20.33.019,Oligodendrocyte,0.06201893933818152,6252.370091963215
H20.33.019,Pax6,0.0054159960091683486,6252.370091963215
H20.33.019,Pvalb,0.008520632845845848,6252.370091963215
H20.33.019,Sncg,0.009011914694448894,6252.370091963215
H20.33.019,Sst,0.003576886524888152,6252.370091963215
H20.33.019,Sst Chodl,0.008182497076710314,6252.370091963215
H20.33.019,VLMC & Perivascular,0.01564882364935121,6252.370091963215
H20.33.019,Vip,0.011448534390753806,6252.370091963215
H20.33.019,Astrocyte,0.013930857532352913,5791.046425813096
H20.33.019,Chandelier,0.02496997190249487,5791.046425813096
H20.33.019,Endothelial,0.03544227243887459,5791.046425813096
H20.33.019,Immune,0.059234002490376206,5791.046425813096
H20.33.019,L2/3 IT,0.12855745177835678,5791.046425813096
H20.33.019,L4 IT,0.03562698093419225,5791.046425813096
H20.33.019,L5 ET,0.03136043698764796,5791.046425813096
H20.33.019,L5 IT,0.06808780678934942,5791.046425813096
H20.33.019,L5/6 NP,0.011561169395087277,5791.046425813096
H20.33.019,L6 CT,0.021727667591555942,5791.046425813096
H20.33.019,L6 IT,0.01187128531216265,5791.046425813096
H20.33.019,L6 IT Car3,0.018026467165288742,5791.046425813096
H20.33.019,L6b,0.0873222079192565,5791.046425813096
H20.33.019,Lamp5,0.10594481837726671,5791.046425813096
H20.33.019,Lamp5 Lhx6,0.018347004231545384,5791.046425813096
H20.33.019,OPC,0.006002515991547041,5791.046425813096
H20.33.019,Oligodendrocyte,0.010617828063809806,5791.046425813096
H20.33.019,Pax6,0.06895191728243456,5791.046425813096
H20.33.019,Pvalb,0.03941394438304734,5791.046425813096
H20.33.019,Sncg,0.07458375649050052,5791.046425813096
H20.33.019,Sst,0.01105871004693847,5791.046425813096
H20.33.019,Sst Chodl,0.00824472635500803,5791.046425813096
H20.33.019,VLMC & Perivascular,0.022738537003993045,5791.046425813096
H20.33.019,Vip,0.10262089068833766,5791.046425813096
H20.33.019,Astrocyte,0.03841992758276414,5766.700241462573
H20.33.019,Chandelier,0.00471634236807256,5766.700241462573
H20.33.019,Endothelial,0.03574426088346952,5766.700241462573
H20.33.019,Immune,0.12910369762906695,5766.700241462573
H20.33.019,L2/3 IT,0.18046061655912368,5766.700241462573
H20.33.019,L4 IT,0.03043388514289358,5766.700241462573
H20.33.019,L5 ET,0.02384963574304373,5766.700241462573
H20.33.019,L5 IT,0.10301545822862838,5766.700241462573
H20.33.019,L5/6 NP,0.012108568907005651,5766.700241462573
H20.33.019,L6 CT,0.04525479399472128,5766.700241462573
H20.33.019,L6 IT,0.022887569519551253,5766.700241462573
H20.33.019,L6 IT Car3,0.016275568876641323,5766.700241462573
H20.33.019,L6b,0.06258581403549751,5766.700241462573
H20.33.019,Lamp5,0.06422595460594227,5766.700241462573
H20.33.019,Lamp5 Lhx6,0.006263065608662647,5766.700241462573
H20.33.019,OPC,0.0558819156408162,5766.700241462573
H20.33.019,Oligodendrocyte,0.05126081689925929,5766.700241462573
H20.33.019,Pax6,0.06426736636925476,5766.700241462573
H20.33.019,Pvalb,0.04786024863218265,5766.700241462573
H20.33.019,Sncg,0.08272771776437106,5766.700241462573
H20.33.019,Sst,0.014642938571896493,5766.700241462573
H20.33.019,Sst Chodl,0.0159322658480952,5766.700241462573
H20.33.019,VLMC & Perivascular,0.00700377542934025,5766.700241462573
H20.33.019,Vip,0.09153582354847858,5766.700241462573
H20.33.020,Astrocyte,0.0179042782251758,4286.330613196549
H20.33.020,Chandelier,0.024233712131437227,4286.330613196549
H20.33.020,Endothelial,0.020311831247002633,4286.330613196549
H20.33.020,Immune,0.009879664040659588,4286.330613196549
H20.33.020,L2/3 IT,0.01893844882440048,4286.330613196549
H20.33.020,L4 IT,0.01674772791069285,4286.330613196549
H20.33.020,L5 ET,0.0026445336971356076,4286.330613196549
H20.33.020,L5 IT,0.01543403165026316,4286.330613196549
H20.33.020,L5/6 NP,0.005845485552614519,4286.330613196549
H20.33.020,L6 CT,0.032993669881642144,4286.330613196549
H20.33.020,L6 IT,0.014045995945054018,4286.330613196549
H20.33.020,L6 IT Car3,0.0004524699919541368,4286.330613196549
H20.33.020,L6b,0.07481032714594381,4286.330613196549
H20.33.020,Lamp5,0.0230122653065362,4286.330613196549
H20.33.020,Lamp5 Lhx6,0.04998678777806113,4286.330613196549
H20.33.020,OPC,0.00021166803811110068,4286.330613196549
H20.33.020,Oligodendrocyte,0.05357785371813694,4286.330613196549
H20.33.020,Pax6,0.020762957424071075,4286.330613196549
H20.33.020,Pvalb,0.036637043503134126,4286.330613196549
H20.33.020,Sncg,0.009700177707289018,4286.330613196549
H20.33.020,Sst,0.017339894448280928,4286.330613196549
H20.33.020,Sst Chodl,0.029798950571212075,4286.330613196549
H20.33.020,VLMC & Perivascular,0.019624038450794076,4286.330613196549
H20.33.020,Vip,0.0017304055501432111,4286.330613196549
H20.33.020,Astrocyte,0.13309439868753686,3908.172229299363
H20.33.020,Chandelier,0.020380954623207385,3908.172229299363
H20.33.020,Endothelial,0.04038723025779485,3908.172229299363
H20.33.020,Immune,0.09620066836550045,3908.172229299363
H20.33.020,L2/3 IT,0.012098684271151326,3908.172229299363
H20.33.020,L4 IT,0.03190555297693425,3908.172229299363
H20.33.020,L5 ET,0.002395377470412012,3908.172229299363
H20.33.020,L5 IT,0.002165925981738838,3908.172229299363
H20.33.020,L5/6 NP,0.021566484601261975,3908.172229299363
H20.33.020,L6 CT,0.009288121292402472,3908.172229299363
H20.33.020,L6 IT,0.009346007519172146,3908.172229299363
H20.33.020,L6 IT Car3,0.0143719274672961,3908.172229299363
H20.33.020,L6b,0.07530569566033476,3908.172229299363
H20.33.020,Lamp5,0.07141102431155288,3908.172229299363
H20.33.020,Lamp5 Lhx6,0.05700014780106167,3908.172229299363
H20.33.020,OPC,0.03130376416753958,3908.172229299363
H20.33.020,Oligodendrocyte,0.07200307923395914,3908.172229299363
H20.33.020,Pax6,0.04606923508405921,3908.172229299363
H20.33.020,Pvalb,0.10996761728032499,3908.172229299363
H20.33.020,Sncg,0.02125538941709123,3908.172229299363
H20.33.020,Sst,0.011053320208722437,3908.172229299363
H20.33.020,VLMC & Perivascular,0.03865636459716915,3908.172229299363
H20.33.020,Vip,0.03681651303974621,3908.172229299363
H20.33.020,Astrocyte,0.13678579689258416,4468.438356164384
H20.33.020,Chandelier,0.011470443810974763,4468.438356164384
H20.33.020,Endothelial,0.07686926766697062,4468.438356164384
H20.33.020,Immune,0.04569131703638475,4468.438356164384
H20.33.020,L2/3 IT,0.09271704828344528,4468.438356164384
H20.33.020,L4 IT,0.3447158699389313,4468.438356164384
H20.33.020,L5 ET,0.07854363222774292,4468.438356164384
H20.33.020,L5 IT,0.06537090872485751,4468.438356164384
H20.33.020,L5/6 NP,0.008222749935897151,4468.438356164384
H20.33.020,L6 CT,0.10355690667880539,4468.438356164384
H20.33.020,L6 IT,0.10533122052914629,4468.438356164384
H20.33.020,L6 IT Car3,0.05724165833731409,4468.438356164384
H20.33.020,L6b,0.12296365741115939,4468.438356164384
H20.33.020,Lamp5,0.0037332593616340934,4468.438356164384
H20.33.020,Lamp5 Lhx6,0.004091763805631626,4468.438356164384
H20.33.020,OPC,0.12686677366617874,4468.438356164384
H20.33.020,Oligodendrocyte,0.07897662479889316,4468.438356164384
H20.33.020,Pax6,0.015548675598945379,4468.438356164384
H20.33.020,Pvalb,0.019340300267544287,4468.438356164384
H20.33.020,Sncg,0.02978984149854929,4468.438356164384
H20.33.020,Sst,0.10243655048469939,4468.438356164384
H20.33.020,Sst Chodl,0.034219799334154186,4468.438356164384
H20.33.020,VLMC & Perivascular,0.03655152113255864,4468.438356164384
H20.33.020,Vip,0.0249775967523688,4468.438356164384
H20.33.020,Astrocyte,0.15010630349021026,3999.1388888888887
H20.33.020,Chandelier,0.0039873219639721715,3999.1388888888887
H20.33.020,Endothelial,0.021157495144357504,3999.1388888888887
H20.33.020,Immune,0.10530403433752632,3999.1388888888887
H20.33.020,L2/3 IT,0.006835076956219981,3999.1388888888887
H20.33.020,L4 IT,0.04871838166962591,3999.1388888888887
H20.33.020,L5 ET,0.00504701143596531,3999.1388888888887
H20.33.020,L5 IT,0.01761362777597689,3999.1388888888887
H20.33.020,L5/6 NP,0.01575395595113834,3999.1388888888887
H20.33.020,L6 CT,0.02370904608642234,3999.1388888888887
H20.33.020,L6 IT,0.004709604847344448,3999.1388888888887
H20.33.020,L6 IT Car3,0.013925446658801922,3999.1388888888887
H20.33.020,L6b,0.00023919624053491886,3999.1388888888887
H20.33.020,Lamp5,0.04842681330560861,3999.1388888888887
H20.33.020,Lamp5 Lhx6,0.0066014674861264435,3999.1388888888887
H20.33.020,OPC,0.03147170267545534,3999.1388888888887
H20.33.020,Oligodendrocyte,0.12587362084051762,3999.1388888888887
H20.33.020,Pax6,0.025319389097563618,3999.1388888888887
H20.33.020,Pvalb,0.07435531128805967,3999.1388888888887
H20.33.020,Sncg,0.031031353099652128,3999.1388888888887
H20.33.020,Sst,0.028470003511147087,3999.1388888888887
H20.33.020,Sst Chodl,0.028892587438768606,3999.1388888888887
H20.33.020,VLMC & Perivascular,0.01899351818389165,3999.1388888888887
H20.33.020,Vip,0.03859046749962459,3999.1388888888887
H20.33.020,Astrocyte,0.1541988249708472,4587.754160774502
H20.33.020,Chandelier,0.012838548310011234,4587.754160774502
H20.33.020,Endothelial,0.05977124474512654,4587.754160774502
H20.33.020,Immune,0.05550167361500138,4587.754160774502
H20.33.020,L2/3 IT,0.0736898580534774,4587.754160774502
H20.33.020,L4 IT,0.36146070488842574,4587.754160774502
H20.33.020,L5 ET,0.07560407524913866,4587.754160774502
H20.33.020,L5 IT,0.08074636306802686,4587.754160774502
H20.33.020,L5/6 NP,0.002370571784219971,4587.754160774502
H20.33.020,L6 CT,0.1340777006367165,4587.754160774502
H20.33.020,L6 IT,0.1188747788381766,4587.754160774502
H20.33.020,L6 IT Car3,0.05755980467908473,4587.754160774502
H20.33.020,L6b,0.19103296065875758,4587.754160774502
H20.33.020,Lamp5,0.026799158109992248,4587.754160774502
H20.33.020,Lamp5 Lhx6,0.05437334064374249,4587.754160774502
H20.33.020,OPC,0.12626225562962723,4587.754160774502
H20.33.020,Oligodendrocyte,0.02525013888182436,4587.754160774502
H20.33.020,Pax6,0.00522140799542381,4587.754160774502
H20.33.020,Pvalb,0.055752250862281,4587.754160774502
H20.33.020,Sncg,0.02004294546500408,4587.754160774502
H20.33.020,Sst,0.11905381112774377,4587.754160774502
H20.33.020,Sst Chodl,0.00730991682203433,4587.754160774502
H20.33.020,VLMC & Perivascular,0.05562484533309175,4587.754160774502
H20.33.020,Vip,0.02671804701792187,4587.754160774502
H20.33.020,Astrocyte,0.0019697221225040995,4157.21110454814
H20.33.020,Chandelier,0.00886141841630791,4157.21110454814
H20.33.020,Endothelial,0.04338627452498779,4157.21110454814
H20.33.020,Immune,0.051651526424494235,4157.21110454814
H20.33.020,L2/3 IT,0.08076191276577165,4157.21110454814
H20.33.020,L4 IT,0.31254608572387177,4157.21110454814
H20.33.020,L5 ET,0.08324590063352753,4157.21110454814
H20.33.020,L5 IT,0.06306964776781789,4157.21110454814
H20.33.020,L5/6 NP,0.013383989603866046,4157.21110454814
H20.33.020,L6 CT,0.11422772431936434,4157.21110454814
H20.33.020,L6 IT,0.11559495467935212,4157.21110454814
H20.33.020,L6 IT Car3,0.07210178312119792,4157.21110454814
H20.33.020,L6b,0.19667305438714647,4157.21110454814
H20.33.020,Lamp5,0.0756399909638999,4157.21110454814
H20.33.020,Lamp5 Lhx6,0.06155437165008606,4157.21110454814
H20.33.020,OPC,0.0981571242227377,4157.21110454814
H20.33.020,Oligodendrocyte,0.15188862701762848,4157.21110454814
H20.33.020,Pax6,0.030671678137788493,4157.21110454814
H20.33.020,Pvalb,0.12720554888635638,4157.21110454814
H20.33.020,Sncg,0.05138838701038027,4157.21110454814
H20.33.020,Sst,0.09123208141513732,4157.21110454814
H20.33.020,Sst Chodl,0.033226252477926196,4157.21110454814
H20.33.020,VLMC & Perivascular,0.07532518496468249,4157.21110454814
H20.33.020,Vip,0.011737971761778505,4157.21110454814
H20.33.024,Astrocyte,0.026030328291712923,7393.489156626507
H20.33.024,Chandelier,0.07804679921463462,7393.489156626507
H20.33.024,Endothelial,0.01485939504043204,7393.489156626507
H20.33.024,Immune,0.017122487440133425,7393.489156626507
H20.33.024,L2/3 IT,0.04078828563366487,7393.489156626507
H20.33.024,L4 IT,0.08630921770600755,7393.489156626507
H20.33.024,L5 ET,0.0050634339897516235,7393.489156626507
H20.33.024,L5 IT,0.015949703292927393,7393.489156626507
H20.33.024,L5/6 NP,0.03314925626791441,7393.489156626507
H20.33.024,L6 CT,0.01628367833241434,7393.489156626507
H20.33.024,L6 IT,0.09494755154352938,7393.489156626507
H20.33.024,L6 IT Car3,0.022549699227758898,7393.489156626507
H20.33.024,L6b,0.05822597962006453,7393.489156626507
H20.33.024,Lamp5,0.05511197281011729,7393.489156626507
H20.33.024,Lamp5 Lhx6,0.03222106533224369,7393.489156626507
H20.33.024,OPC,0.04274567147741654,7393.489156626507
H20.33.024,Oligodendrocyte,0.2923946293226185,7393.489156626507
H20.33.024,Pax6,0.003554591325424136,7393.489156626507
H20.33.024,Pvalb,0.06031902689496884,7393.489156626507
H20.33.024,Sncg,0.05886076499281795,7393.489156626507
H20.33.024,Sst,0.09827634450997917,7393.489156626507
H20.33.024,Sst Chodl,0.0175357837189322,7393.489156626507
H20.33.024,VLMC & Perivascular,0.03667044207980878,7393.489156626507
H20.33.024,Vip,0.10188103618657683,7393.489156626507
H20.33.025,Astrocyte,0.00545918022515839,7428.825418150063
H20.33.025,Chandelier,0.0006860496707130372,7428.825418150063
H20.33.025,Endothelial,0.016302211262904334,7428.825418150063
H20.33.025,Immune,0.033964966429335205,7428.825418150063
H20.33.025,L2/3 IT,0.0007001627552664524,7428.825418150063
H20.33.025,L4 IT,0.020559833528217407,7428.825418150063
H20.33.025,L5 ET,0.0009772209460896556,7428.825418150063
H20.33.025,L5 IT,0.028773262237681924,7428.825418150063
H20.33.025,L5/6 NP,0.03368532541679345,7428.825418150063
H20.33.025,L6 CT,0.021607616748937932,7428.825418150063
H20.33.025,L6 IT,0.012865625660559944,7428.825418150063
H20.33.025,L6 IT Car3,0.0011546840305675132,7428.825418150063
H20.33.025,L6b,0.012040108856310244,7428.825418150063
H20.33.025,Lamp5,0.03453280959603527,7428.825418150063
H20.33.025,Lamp5 Lhx6,0.037435523237756375,7428.825418150063
H20.33.025,OPC,0.033028708756389885,7428.825418150063
H20.33.025,Oligodendrocyte,0.011259640252056613,7428.825418150063
H20.33.025,Pax6,0.040137671292443104,7428.825418150063
H20.33.025,Pvalb,0.007768707913281204,7428.825418150063
H20.33.025,Sncg,0.01329733703794191,7428.825418150063
H20.33.025,Sst,0.02546911997378821,7428.825418150063
H20.33.025,Sst Chodl,0.0184752232845425,7428.825418150063
H20.33.025,VLMC & Perivascular,0.0040865435359279745,7428.825418150063
H20.33.025,Vip,0.022478465784659285,7428.825418150063
H20.33.025,Astrocyte,0.022261896618133586,7864.67869491419
H20.33.025,Chandelier,0.07124562872426293,7864.67869491419
H20.33.025,Endothelial,0.0298071207681724,7864.67869491419
H20.33.025,Immune,0.12278443662871992,7864.67869491419
H20.33.025,L2/3 IT,0.16150236860198366,7864.67869491419
H20.33.025,L4 IT,0.20930176620969806,7864.67869491419
H20.33.025,L5 ET,0.05342482743223303,7864.67869491419
H20.33.025,L5 IT,0.2605269494229447,7864.67869491419
H20.33.025,L5/6 NP,0.082786799785182,7864.67869491419
H20.33.025,L6 CT,0.10911531919408704,7864.67869491419
H20.33.025,L6 IT,0.2292716429156199,7864.67869491419
H20.33.025,L6 IT Car3,0.12483184915510041,7864.67869491419
H20.33.025,L6b,0.12631453085540176,7864.67869491419
H20.33.025,Lamp5,0.09116454004846386,7864.67869491419
H20.33.025,Lamp5 Lhx6,0.022526242503719568,7864.67869491419
H20.33.025,OPC,0.01979440647952053,7864.67869491419
H20.33.025,Oligodendrocyte,0.1660263071686164,7864.67869491419
H20.33.025,Pax6,0.04441655310474521,7864.67869491419
H20.33.025,Pvalb,0.0707607472531011,7864.67869491419
H20.33.025,Sncg,0.1267920930360146,7864.67869491419
H20.33.025,Sst,0.026290329565919042,7864.67869491419
H20.33.025,Sst Chodl,0.01493049772317487,7864.67869491419
H20.33.025,VLMC & Perivascular,0.0037101827642430064,7864.67869491419
H20.33.025,Vip,0.1919841055631575,7864.67869491419
H20.33.025,Astrocyte,0.016762786633346415,8252.6021245775
H20.33.025,Chandelier,0.06984786417526766,8252.6021245775
H20.33.025,Endothelial,0.013748075868629172,8252.6021245775
H20.33.025,Immune,0.1547287731365584,8252.6021245775
H20.33.025,L2/3 IT,0.16198192276225865,8252.6021245775
H20.33.025,L4 IT,0.2298096797532689,8252.6021245775
H20.33.025,L5 ET,0.0532359186823628,8252.6021245775
H20.33.025,L5 IT,0.2884581878157029,8252.6021245775
H20.33.025,L5/6 NP,0.11353810099604009,8252.6021245775
H20.33.025,L6 CT,0.09134697636308155,8252.6021245775
H20.33.025,L6 IT,0.221742358013432,8252.6021245775
H20.33.025,L6 IT Car3,0.12516079394747273,8252.6021245775
H20.33.025,L6b,0.13705991156907027,8252.6021245775
H20.33.025,Lamp5,0.056288002307711985,8252.6021245775
H20.33.025,Lamp5 Lhx6,0.014953802448639192,8252.6021245775
H20.33.025,OPC,0.013301348999362557,8252.6021245775
H20.33.025,Oligodendrocyte,0.17623597492668136,8252.6021245775
H20.33.025,Pax6,0.003923191371925922,8252.6021245775
H20.33.025,Pvalb,0.0627722522523883,8252.6021245775
H20.33.025,Sncg,0.13748765458322745,8252.6021245775
H20.33.025,Sst,0.05182094465788209,8252.6021245775
H20.33.025,Sst Chodl,0.0035943619388632236,8252.6021245775
H20.33.025,VLMC & Perivascular,0.007808834907141947,8252.6021245775
H20.33.025,Vip,0.21214410972331316,8252.6021245775
H20.33.027,Astrocyte,0.11903409383069193,5605.180621460279
H20.33.027,Chandelier,0.020963048820191784,5605.180621460279
H20.33.027,Endothelial,0.039226206536052965,5605.180621460279
H20.33.027,Immune,0.03887783087869527,5605.180621460279
H20.33.027,L2/3 IT,0.04305969986841129,5605.180621460279
H20.33.027,L4 IT,0.05107644318357915,5605.180621460279
H20.33.027,L5 ET,0.007014664688070808,5605.180621460279
H20.33.027,L5 IT,0.018245038588540603,5605.180621460279
H20.33.027,L5/6 NP,0.02490893346297966,5605.180621460279
H20.33.027,L6 CT,0.010816267297680399,5605.180621460279
H20.33.027,L6 IT,0.01381720943866371,5605.180621460279
H20.33.027,L6 IT Car3,0.010790536923819974,5605.180621460279
H20.33.027,L6b,0.022845317897947266,5605.180621460279
H20.33.027,Lamp5,0.041598339287368294,5605.180621460279
H20.33.027,Lamp5 Lhx6,0.02433107900823033,5605.180621460279
H20.33.027,OPC,0.23595669779602058,5605.180621460279
H20.33.027,Oligodendrocyte,0.13895988695013758,5605.180621460279
H20.33.027,Pax6,0.02401513010682974,5605.180621460279
H20.33.027,Pvalb,0.07304774481682347,5605.180621460279
H20.33.027,Sncg,0.04856558585193927,5605.180621460279
H20.33.027,Sst,0.0846340007358233,5605.180621460279
H20.33.027,Sst Chodl,0.003076004589308713,5605.180621460279
H20.33.027,VLMC & Perivascular,0.008391159616362939,5605.180621460279
H20.33.027,Vip,0.02351518944224459,5605.180621460279
H20.33.027,Astrocyte,0.20340402815917008,4857.608204518431
H20.33.027,Chandelier,0.12753784581668787,4857.608204518431
H20.33.027,Endothelial,0.05599946049951154,4857.608204518431
H20.33.027,Immune,0.04303045017421111,4857.608204518431
H20.33.027,L2/3 IT,0.17217063652720527,4857.608204518431
H20.33.027,L4 IT,0.25763976368895164,4857.608204518431
H20.33.027,L5 ET,0.02266512299889285,4857.608204518431
H20.33.027,L5 IT,0.2614804433098011,4857.608204518431
H20.33.027,L5/6 NP,0.09492162835164433,4857.608204518431
H20.33.027,L6 CT,0.12564435159116313,4857.608204518431
H20.33.027,L6 IT,0.26079943368398695,4857.608204518431
H20.33.027,L6 IT Car3,0.05669071674364545,4857.608204518431
H20.33.027,L6b,0.11250747400650438,4857.608204518431
H20.33.027,Lamp5,0.12400875135673033,4857.608204518431
H20.33.027,Lamp5 Lhx6,0.03020426419410337,4857.608204518431
H20.33.027,OPC,0.11427061672501226,4857.608204518431
H20.33.027,Oligodendrocyte,0.13697475535708611,4857.608204518431
H20.33.027,Pax6,0.08023656925619732,4857.608204518431
H20.33.027,Pvalb,0.0657169943723094,4857.608204518431
H20.33.027,Sncg,0.1785271079127489,4857.608204518431
H20.33.027,Sst,0.05290018294784519,4857.608204518431
H20.33.027,Sst Chodl,0.021918137804540248,4857.608204518431
H20.33.027,VLMC & Perivascular,0.03044514245838189,4857.608204518431
H20.33.027,Vip,0.27162684118376385,4857.608204518431
H20.33.027,Astrocyte,0.2900223128223717,7213.491608950452
H20.33.027,Chandelier,0.09527546191950709,7213.491608950452
H20.33.027,Endothelial,0.01776845580894248,7213.491608950452
H20.33.027,Immune,0.07808106006202331,7213.491608950452
H20.33.027,L2/3 IT,0.12762416988815606,7213.491608950452
H20.33.027,L4 IT,0.32647017582424076,7213.491608950452
H20.33.027,L5 ET,0.030864854987514984,7213.491608950452
H20.33.027,L5 IT,0.3001930577223839,7213.491608950452
H20.33.027,L5/6 NP,0.08123447625633672,7213.491608950452
H20.33.027,L6 CT,0.13268388955012844,7213.491608950452
H20.33.027,L6 IT,0.3097659366032757,7213.491608950452
H20.33.027,L6 IT Car3,0.04761513464213291,7213.491608950452
H20.33.027,L6b,0.14659312455473908,7213.491608950452
H20.33.027,Lamp5,0.0789624517184816,7213.491608950452
H20.33.027,Lamp5 Lhx6,0.005965659122212035,7213.491608950452
H20.33.027,OPC,0.1625717194934621,7213.491608950452
H20.33.027,Oligodendrocyte,0.008085510777698772,7213.491608950452
H20.33.027,Pax6,0.05241774652302441,7213.491608950452
H20.33.027,Pvalb,0.006548394623486027,7213.491608950452
H20.33.027,Sncg,0.11971003346172561,7213.491608950452
H20.33.027,Sst,0.029763742979660206,7213.491608950452
H20.33.027,Sst Chodl,0.026373787756774535,7213.491608950452
H20.33.027,VLMC & Perivascular,0.036873600162431706,7213.491608950452
H20.33.027,Vip,0.2292260594019627,7213.491608950452
H20.33.028,Astrocyte,0.15560247985740813,1717.8240089963451
H20.33.028,Chandelier,0.0011881431130017497,1717.8240089963451
H20.33.028,Endothelial,0.0449788389863118,1717.8240089963451
H20.33.028,Immune,0.06409983989491176,1717.8240089963451
H20.33.028,L2/3 IT,0.025207348943023407,1717.8240089963451
H20.33.028,L4 IT,0.17013558298322998,1717.8240089963451
H20.33.028,L5 ET,0.03226332732584891,1717.8240089963451
H20.33.028,L5 IT,0.0655436405972452,1717.8240089963451
H20.33.028,L5/6 NP,0.021948216282301425,1717.8240089963451
H20.33.028,L6 CT,0.006419024719827231,1717.8240089963451
H20.33.028,L6 IT,0.029357696260095843,1717.8240089963451
H20.33.028,L6 IT Car3,0.03178816360605688,1717.8240089963451
H20.33.028,L6b,0.03230908055651021,1717.8240089963451
H20.33.028,Lamp5,0.05933326368308521,1717.8240089963451
H20.33.028,Lamp5 Lhx6,0.12275380669994139,1717.8240089963451
H20.33.028,OPC,0.11326354902471623,1717.8240089963451
H20.33.028,Oligodendrocyte,0.1617630061936618,1717.8240089963451
H20.33.028,Pax6,0.03111983467571756,1717.8240089963451
H20.33.028,Pvalb,0.09520536072359666,1717.8240089963451
H20.33.028,Sncg,0.021905491474760612,1717.8240089963451
H20.33.028,Sst,0.05019605025749416,1717.8240089963451
H20.33.028,VLMC & Perivascular,0.08208488085655302,1717.8240089963451
H20.33.028,Vip,0.016143374311172586,1717.8240089963451
H20.33.028,Astrocyte,0.16809081939196524,1843.467336683417
H20.33.028,Chandelier,0.018582113836195697,1843.467336683417
H20.33.028,Endothelial,0.010948390973198554,1843.467336683417
H20.33.028,Immune,0.21844540482676375,1843.467336683417
H20.33.028,L2/3 IT,0.0074361078409939455,1843.467336683417
H20.33.028,L4 IT,0.03798193127288464,1843.467336683417
H20.33.028,L5 ET,0.003675004285640517,1843.467336683417
H20.33.028,L5 IT,0.13548884680605763,1843.467336683417
H20.33.028,L5/6 NP,0.041174737958971294,1843.467336683417
H20.33.028,L6 CT,0.05282137914548223,1843.467336683417
H20.33.028,L6 IT,0.09482183899172188,1843.467336683417
H20.33.028,L6 IT Car3,0.03126243233723989,1843.467336683417
H20.33.028,L6b,0.29999330803295515,1843.467336683417
H20.33.028,Lamp5,0.0706394539284922,1843.467336683417
H20.33.028,Lamp5 Lhx6,0.10762295279052497,1843.467336683417
H20.33.028,OPC,0.17031204040479736,1843.467336683417
H20.33.028,Oligodendrocyte,0.0012527485737357025,1843.467336683417
H20.33.028,Pax6,0.020821021338647522,1843.467336683417
H20.33.028,Pvalb,0.09998011178007908,1843.467336683417
H20.33.028,Sncg,0.04013944933197695,1843.467336683417
H20.33.028,Sst,0.057852772928930034,1843.467336683417
H20.33.028,VLMC & Perivascular,0.04155052284470846,1843.467336683417
H20.33.028,Vip,0.038393884391362515,1843.467336683417
H20.33.028,Astrocyte,0.4639388766779585,1572.2450268392802
H20.33.028,Chandelier,0.02590434222882218,1572.2450268392802
H20.33.028,Endothelial,0.09270282296978749,1572.2450268392802
H20.33.028,Immune,0.4126785528766737,1572.2450268392802
H20.33.028,L2/3 IT,0.011267664251043908,1572.2450268392802
H20.33.028,L4 IT,0.48565988514376485,1572.2450268392802
H20.33.028,L5 ET,0.03881723580947888,1572.2450268392802
H20.33.028,L5 IT,0.34030510704268574,1572.2450268392802
H20.33.028,L5/6 NP,0.09515759088167793,1572.2450268392802
H20.33.028,L6 CT,0.06725467077654389,1572.2450268392802
H20.33.028,L6 IT,0.40445677767301963,1572.2450268392802
H20.33.028,L6 IT Car3,0.2846300526791157,1572.2450268392802
H20.33.028,L6b,0.35608969293608805,1572.2450268392802
H20.33.028,Lamp5,0.037690983694720105,1572.2450268392802
H20.33.028,Lamp5 Lhx6,0.17619106451940275,1572.2450268392802
H20.33.028,OPC,0.24751938883809818,1572.2450268392802
H20.33.028,Oligodendrocyte,0.23016852918406705,1572.2450268392802
H20.33.028,Pax6,0.06725467077654389,1572.2450268392802
H20.33.028,Pvalb,0.1939631587725123,1572.2450268392802
H20.33.028,Sncg,0.04130695779650076,1572.2450268392802
H20.33.028,Sst,0.06416785110058118,1572.2450268392802
H20.33.028,VLMC & Perivascular,0.12148428585221198,1572.2450268392802
H20.33.028,Vip,0.07921470784888977,1572.2450268392802
H20.33.028,Astrocyte,0.013859335404995506,2299.2063834375676
H20.33.028,Chandelier,0.019296795728944178,2299.2063834375676
H20.33.028,Endothelial,0.0573663633956643,2299.2063834375676
H20.33.028,Immune,0.1626101655884735,2299.2063834375676
H20.33.028,L2/3 IT,0.03244126162913283,2299.2063834375676
H20.33.028,L4 IT,0.1302631535068322,2299.2063834375676
H20.33.028,L5 ET,0.030819988054334828,2299.2063834375676
H20.33.028,L5 IT,0.06714796210154451,2299.2063834375676
H20.33.028,L5/6 NP,0.061534657353188485,2299.2063834375676
H20.33.028,L6 CT,0.05501780122872538,2299.2063834375676
H20.33.028,L6 IT,0.06397390459307264,2299.2063834375676
H20.33.028,L6 IT Car3,0.06322228139901648,2299.2063834375676
H20.33.028,L6b,0.25010450620862235,2299.2063834375676
H20.33.028,Lamp5,0.010563760670459985,2299.2063834375676
H20.33.028,Lamp5 Lhx6,0.017965334540225666,2299.2063834375676
H20.33.028,OPC,0.06665291412573955,2299.2063834375676
H20.33.028,Oligodendrocyte,0.17352360273946135,2299.2063834375676
H20.33.028,Pax6,0.010825660866183478,2299.2063834375676
H20.33.028,Pvalb,0.003071269725419025,2299.2063834375676
H20.33.028,Sncg,0.021532648506119512,2299.2063834375676
H20.33.028,Sst,0.006890679934970402,2299.2063834375676
H20.33.028,VLMC & Perivascular,0.04459869619182287,2299.2063834375676
H20.33.028,Vip,0.021951513025569226,2299.2063834375676
H20.33.028,Astrocyte,0.32024078823394236,1892.1124476987445
H20.33.028,Chandelier,0.026029511865720875,1892.1124476987445
H20.33.028,Endothelial,0.12056214632055652,1892.1124476987445
H20.33.028,Immune,0.3680255249272822,1892.1124476987445
H20.33.028,L2/3 IT,0.013861111786249566,1892.1124476987445
H20.33.028,L4 IT,0.3133686105733893,1892.1124476987445
H20.33.028,L5 ET,0.05872887236983278,1892.1124476987445
H20.33.028,L5 IT,0.26604119951766514,1892.1124476987445
H20.33.028,L5/6 NP,0.10182807295397693,1892.1124476987445
H20.33.028,L6 CT,0.06566947147359209,1892.1124476987445
H20.33.028,L6 IT,0.34984612086872635,1892.1124476987445
H20.33.028,L6 IT Car3,0.2871743003347271,1892.1124476987445
H20.33.028,L6b,0.30345796961335775,1892.1124476987445
H20.33.028,Lamp5,0.021168486804638682,1892.1124476987445
H20.33.028,Lamp5 Lhx6,0.07223435995427166,1892.1124476987445
H20.33.028,OPC,0.14750559423478582,1892.1124476987445
H20.33.028,Oligodendrocyte,0.07420678987753464,1892.1124476987445
H20.33.028,Pax6,0.08309868636921165,1892.1124476987445
H20.33.028,Pvalb,0.10627959346972991,1892.1124476987445
H20.33.028,Sncg,0.02119089961872247,1892.1124476987445
H20.33.028,Sst,0.014463757687603515,1892.1124476987445
H20.33.028,VLMC & Perivascular,0.04287670637735915,1892.1124476987445
H20.33.028,Vip,0.09648301259144315,1892.1124476987445
H20.33.028,Astrocyte,0.3085271219392206,2045.6840122439366
H20.33.028,Chandelier,0.00783270121185978,2045.6840122439366
H20.33.028,Endothelial,0.07531797232033641,2045.6840122439366
H20.33.028,Immune,0.20670407700996885,2045.6840122439366
H20.33.028,L2/3 IT,0.018641973198569983,2045.6840122439366
H20.33.028,L4 IT,0.4266715683974615,2045.6840122439366
H20.33.028,L5 ET,0.036436603807766976,2045.6840122439366
H20.33.028,L5 IT,0.207484074094486,2045.6840122439366
H20.33.028,L5/6 NP,0.0576316972734445,2045.6840122439366
H20.33.028,L6 CT,0.025761535475869568,2045.6840122439366
H20.33.028,L6 IT,0.29472365353810853,2045.6840122439366
H20.33.028,L6 IT Car3,0.23243815837626589,2045.6840122439366
H20.33.028,L6b,0.12113223309194349,2045.6840122439366
H20.33.028,Lamp5,0.03189358719417433,2045.6840122439366
H20.33.028,Lamp5 Lhx6,0.08345896861790472,2045.6840122439366
H20.33.028,OPC,0.08060722724327586,2045.6840122439366
H20.33.028,Oligodendrocyte,0.2509992895391542,2045.6840122439366
H20.33.028,Pax6,0.07292476277416901,2045.6840122439366
H20.33.028,Pvalb,0.10104110893119354,2045.6840122439366
H20.33.028,Sncg,0.000864437503924609,2045.6840122439366
H20.33.028,Sst,0.007613784123688251,2045.6840122439366
H20.33.028,VLMC & Perivascular,0.08869783171493273,2045.6840122439366
H20.33.028,Vip,0.11970375292203898,2045.6840122439366
H20.33.029,Astrocyte,0.002182894396111119,5486.237787683071
H20.33.029,Chandelier,0.006589132080569225,5486.237787683071
H20.33.029,Endothelial,0.009604772132774357,5486.237787683071
H20.33.029,Immune,0.023906212031698043,5486.237787683071
H20.33.029,L2/3 IT,0.019963451071723096,5486.237787683071
H20.33.029,L4 IT,0.0035126489789161024,5486.237787683071
H20.33.029,L5 ET,0.012250820499155124,5486.237787683071
H20.33.029,L5 IT,0.007356443838654801,5486.237787683071
H20.33.029,L5/6 NP,0.03045166539453963,5486.237787683071
H20.33.029,L6 CT,0.048797450023952235,5486.237787683071
H20.33.029,L6 IT,0.02547937657781196,5486.237787683071
H20.33.029,L6 IT Car3,0.017992122457336612,5486.237787683071
H20.33.029,L6b,0.030485936640425784,5486.237787683071
H20.33.029,Lamp5,0.019234478786225622,5486.237787683071
H20.33.029,Lamp5 Lhx6,0.013552534577619464,5486.237787683071
H20.33.029,OPC,0.04708729503551933,5486.237787683071
H20.33.029,Oligodendrocyte,0.013659664235041535,5486.237787683071
H20.33.029,Pax6,0.04566278885966781,5486.237787683071
H20.33.029,Pvalb,0.011497675754668632,5486.237787683071
H20.33.029,Sncg,0.006777580654319299,5486.237787683071
H20.33.029,Sst,0.021806358979506946,5486.237787683071
H20.33.029,Sst Chodl,0.002023275606156979,5486.237787683071
H20.33.029,VLMC & Perivascular,0.02807346605538115,5486.237787683071
H20.33.029,Vip,0.00844169498761682,5486.237787683071
H20.33.030,Astrocyte,0.0010449095675228955,7156.915554934692
H20.33.030,Chandelier,0.02917820527086955,7156.915554934692
H20.33.030,Endothelial,0.02125009282493874,7156.915554934692
H20.33.030,Immune,0.030764742084278932,7156.915554934692
H20.33.030,L2/3 IT,0.004892964767227397,7156.915554934692
H20.33.030,L4 IT,0.00017117706422109744,7156.915554934692
H20.33.030,L5 ET,0.013101100784657642,7156.915554934692
H20.33.030,L5 IT,0.013323488754062933,7156.915554934692
H20.33.030,L5/6 NP,0.01198175656868012,7156.915554934692
H20.33.030,L6 CT,0.005856305084698172,7156.915554934692
H20.33.030,L6 IT,0.01000798015444651,7156.915554934692
H20.33.030,L6 IT Car3,0.0065369748367545555,7156.915554934692
H20.33.030,L6b,0.023892684408811996,7156.915554934692
H20.33.030,Lamp5,0.017684913670335842,7156.915554934692
H20.33.030,Lamp5 Lhx6,0.04469684536062491,7156.915554934692
H20.33.030,OPC,0.01971774401015377,7156.915554934692
H20.33.030,Oligodendrocyte,0.016009047579343946,7156.915554934692
H20.33.030,Pax6,0.016199008356528648,7156.915554934692
H20.33.030,Pvalb,0.0023204397216938003,7156.915554934692
H20.33.030,Sncg,0.016692421333414486,7156.915554934692
H20.33.030,Sst,0.016994442476808015,7156.915554934692
H20.33.030,Sst Chodl,0.019619993771859526,7156.915554934692
H20.33.030,VLMC & Perivascular,0.008245125536294648,7156.915554934692
H20.33.030,Vip,0.013405999426748237,7156.915554934692
H20.33.030,Astrocyte,0.0014148999628700927,7728.424613402061
H20.33.030,Chandelier,0.018596285319283642,7728.424613402061
H20.33.030,Endothelial,0.020523168804217343,7728.424613402061
H20.33.030,Immune,0.03024763583148039,7728.424613402061
H20.33.030,L2/3 IT,0.022635594074929006,7728.424613402061
H20.33.030,L4 IT,0.032475046039531615,7728.424613402061
H20.33.030,L5 ET,0.0034459464128988745,7728.424613402061
H20.33.030,L5 IT,0.009180527904267571,7728.424613402061
H20.33.030,L5/6 NP,0.013308213595534482,7728.424613402061
H20.33.030,L6 CT,0.024324731600031273,7728.424613402061
H20.33.030,L6 IT,0.02149692957668459,7728.424613402061
H20.33.030,L6 IT Car3,0.02186082028568218,7728.424613402061
H20.33.030,L6b,0.034633571468457885,7728.424613402061
H20.33.030,Lamp5,0.03474752319376428,7728.424613402061
H20.33.030,Lamp5 Lhx6,0.005061099672868382,7728.424613402061
H20.33.030,OPC,0.011403373624817803,7728.424613402061
H20.33.030,Oligodendrocyte,0.1718007045057108,7728.424613402061
H20.33.030,Pax6,0.003127602773925634,7728.424613402061
H20.33.030,Pvalb,0.021788904056068523,7728.424613402061
H20.33.030,Sncg,0.028757501612578753,7728.424613402061
H20.33.030,Sst,0.004809369126166284,7728.424613402061
H20.33.030,Sst Chodl,0.010644989263839359,7728.424613402061
H20.33.030,VLMC & Perivascular,0.002296644577139575,7728.424613402061
H20.33.030,Vip,0.03284088810718805,7728.424613402061
H20.33.030,Astrocyte,0.00037017747193287897,7606.227216306264
H20.33.030,Chandelier,0.04725759642483097,7606.227216306264
H20.33.030,Endothelial,0.0009404276533067356,7606.227216306264
H20.33.030,Immune,0.0006232203238337522,7606.227216306264
H20.33.030,L2/3 IT,0.017745426738868128,7606.227216306264
H20.33.030,L4 IT,0.032294851959041804,7606.227216306264
H20.33.030,L5 ET,0.016393757324164888,7606.227216306264
H20.33.030,L5 IT,0.004138189093021367,7606.227216306264
H20.33.030,L5/6 NP,0.02519072668690698,7606.227216306264
H20.33.030,L6 CT,0.018511753825602346,7606.227216306264
H20.33.030,L6 IT,0.01146929205125333,7606.227216306264
H20.33.030,L6 IT Car3,0.028314149366854446,7606.227216306264
H20.33.030,L6b,0.011027203766561775,7606.227216306264
H20.33.030,Lamp5,0.017175597482487846,7606.227216306264
H20.33.030,Lamp5 Lhx6,0.03950204520343186,7606.227216306264
H20.33.030,OPC,0.030987309125901925,7606.227216306264
H20.33.030,Oligodendrocyte,0.1880088834390965,7606.227216306264
H20.33.030,Pax6,0.01924805974566381,7606.227216306264
H20.33.030,Pvalb,0.019470228582614907,7606.227216306264
H20.33.030,Sncg,0.0451738425944334,7606.227216306264
H20.33.030,Sst,0.021838983951290653,7606.227216306264
H20.33.030,Sst Chodl,0.009259723296109556,7606.227216306264
H20.33.030,VLMC & Perivascular,0.01056507427212328,7606.227216306264
H20.33.030,Vip,0.019475388421809892,7606.227216306264
H20.33.031,Astrocyte,0.047623581259488644,6192.944055381147
H20.33.031,Chandelier,0.02819707406970374,6192.944055381147
H20.33.031,Endothelial,0.019968261818613137,6192.944055381147
H20.33.031,Immune,0.031305532550976435,6192.944055381147
H20.33.031,L2/3 IT,0.006538881203448924,6192.944055381147
H20.33.031,L4 IT,0.026329561367297222,6192.944055381147
H20.33.031,L5 ET,0.038052050128762095,6192.944055381147
H20.33.031,L5 IT,0.011107785423764763,6192.944055381147
H20.33.031,L5/6 NP,0.026331906278958542,6192.944055381147
H20.33.031,L6 CT,0.013124036028746339,6192.944055381147
H20.33.031,L6 IT,0.015522466691658821,6192.944055381147
H20.33.031,L6 IT Car3,0.012351701154669254,6192.944055381147
H20.33.031,L6b,0.00985794639700095,6192.944055381147
H20.33.031,Lamp5,0.009565303163452553,6192.944055381147
H20.33.031,Lamp5 Lhx6,0.035420125183303404,6192.944055381147
H20.33.031,OPC,0.008174448817163858,6192.944055381147
H20.33.031,Oligodendrocyte,0.0025065683035357233,6192.944055381147
H20.33.031,Pax6,0.0023977685106768678,6192.944055381147
H20.33.031,Pvalb,0.016663784811708906,6192.944055381147
H20.33.031,Sncg,0.013737601817376068,6192.944055381147
H20.33.031,Sst,0.0055048692744926655,6192.944055381147
H20.33.031,Sst Chodl,0.009947169377968188,6192.944055381147
H20.33.031,VLMC & Perivascular,0.008275343151412838,6192.944055381147
H20.33.031,Vip,0.017772859032543057,6192.944055381147
H20.33.032,Astrocyte,0.027010383344223222,6812.352207716004
H20.33.032,Chandelier,0.014457727373300724,6812.352207716004
H20.33.032,Endothelial,0.018249412684042045,6812.352207716004
H20.33.032,Immune,0.004152147248043045,6812.352207716004
H20.33.032,L2/3 IT,0.0007006516632042238,6812.352207716004
H20.33.032,L4 IT,0.0031185939409204867,6812.352207716004
H20.33.032,L5 ET,0.01447397080918871,6812.352207716004
H20.33.032,L5 IT,0.008828794571988065,6812.352207716004
H20.33.032,L5/6 NP,0.00979307644225517,6812.352207716004
H20.33.032,L6 CT,0.032878026379591904,6812.352207716004
H20.33.032,L6 IT,0.01976723155134477,6812.352207716004
H20.33.032,L6 IT Car3,0.006337618310102598,6812.352207716004
H20.33.032,L6b,0.043771442984136544,6812.352207716004
H20.33.032,Lamp5,0.0123122321403664,6812.352207716004
H20.33.032,Lamp5 Lhx6,0.016043143001525893,6812.352207716004
H20.33.032,OPC,0.00044291020851223236,6812.352207716004
H20.33.032,Oligodendrocyte,0.03023606965991214,6812.352207716004
H20.33.032,Pax6,0.005578016281066885,6812.352207716004
H20.33.032,Pvalb,0.01606851708117221,6812.352207716004
H20.33.032,Sncg,0.012169276879147182,6812.352207716004
H20.33.032,Sst,0.0014389774867881377,6812.352207716004
H20.33.032,Sst Chodl,0.025819942182724865,6812.352207716004
H20.33.032,VLMC & Perivascular,0.014668862349626737,6812.352207716004
H20.33.032,Vip,0.026281632920896112,6812.352207716004
H20.33.033,Astrocyte,0.05066365969787118,980.9373408048907
H20.33.033,Chandelier,0.015911255607368568,980.9373408048907
H20.33.033,Endothelial,0.0026529972719349323,980.9373408048907
H20.33.033,Immune,0.07793461071905244,980.9373408048907
H20.33.033,L2/3 IT,0.014080872624864862,980.9373408048907
H20.33.033,L4 IT,0.05567182900567718,980.9373408048907
H20.33.033,L5 IT,0.006544514568728683,980.9373408048907
H20.33.033,L5/6 NP,0.01544177209291683,980.9373408048907
H20.33.033,L6 CT,0.05384949716649185,980.9373408048907
H20.33.033,L6 IT,0.013222449525936278,980.9373408048907
H20.33.033,L6 IT Car3,0.004060828882382679,980.9373408048907
H20.33.033,L6b,0.09454236167035832,980.9373408048907
H20.33.033,Lamp5,0.001077028662128545,980.9373408048907
H20.33.033,Lamp5 Lhx6,0.0306002693432143,980.9373408048907
H20.33.033,OPC,0.07353783435137665,980.9373408048907
H20.33.033,Oligodendrocyte,0.09312580727065954,980.9373408048907
H20.33.033,Pax6,0.055922324355554054,980.9373408048907
H20.33.033,Pvalb,0.07410811328386879,980.9373408048907
H20.33.033,Sncg,0.02694999314715884,980.9373408048907
H20.33.033,Sst,0.01853283056106072,980.9373408048907
H20.33.033,Sst Chodl,0.04409656254999949,980.9373408048907
H20.33.033,VLMC & Perivascular,0.1168473406423778,980.9373408048907
H20.33.033,Vip,0.06279508552416771,980.9373408048907
H20.33.033,Astrocyte,0.2117909540736964,1391.68044077135
H20.33.033,Chandelier,0.06850358882089541,1391.68044077135
H20.33.033,Endothelial,0.006344764003243638,1391.68044077135
H20.33.033,Immune,0.12792518573835152,1391.68044077135
H20.33.033,L2/3 IT,0.351781267994906,1391.68044077135
H20.33.033,L4 IT,0.17459782935418205,1391.68044077135
H20.33.033,L5 ET,0.025272513877028946,1391.68044077135
H20.33.033,L5 IT,0.012296719229731114,1391.68044077135
H20.33.033,L5/6 NP,0.021697761967740852,1391.68044077135
H20.33.033,L6 CT,0.05608948160742193,1391.68044077135
H20.33.033,L6 IT,0.2205448427429195,1391.68044077135
H20.33.033,L6 IT Car3,0.1337402727723319,1391.68044077135
H20.33.033,L6b,0.11014228992886485,1391.68044077135
H20.33.033,Lamp5,0.2159743214655455,1391.68044077135
H20.33.033,Lamp5 Lhx6,0.0018368821616315356,1391.68044077135
H20.33.033,OPC,0.18494847500201037,1391.68044077135
H20.33.033,Oligodendrocyte,0.19387340577860948,1391.68044077135
H20.33.033,Pax6,0.08988021978014085,1391.68044077135
H20.33.033,Pvalb,0.022923403879381764,1391.68044077135
H20.33.033,Sncg,0.23338710485711717,1391.68044077135
H20.33.033,Sst,0.05204144055820961,1391.68044077135
H20.33.033,Sst Chodl,0.05688201630829799,1391.68044077135
H20.33.033,VLMC & Perivascular,0.037596749407089215,1391.68044077135
H20.33.033,Vip,0.11846573023860059,1391.68044077135
H20.33.033,Astrocyte,0.15781958704593588,1345.960248447205
H20.33.033,Chandelier,0.08660612470149799,1345.960248447205
H20.33.033,Endothelial,0.00907305843665149,1345.960248447205
H20.33.033,Immune,0.21414856431278426,1345.960248447205
H20.33.033,L2/3 IT,0.36230164999004927,1345.960248447205
H20.33.033,L4 IT,0.12283363358213607,1345.960248447205
H20.33.033,L5 ET,0.02509012256035261,1345.960248447205
H20.33.033,L5 IT,0.005799118501992739,1345.960248447205
H20.33.033,L5/6 NP,0.005851836440400356,1345.960248447205
H20.33.033,L6 CT,0.09767876963911247,1345.960248447205
H20.33.033,L6 IT,0.22753517821372984,1345.960248447205
H20.33.033,L6 IT Car3,0.13036468721423597,1345.960248447205
H20.33.033,L6b,0.17508383324265187,1345.960248447205
H20.33.033,Lamp5,0.21546038654371247,1345.960248447205
H20.33.033,Lamp5 Lhx6,0.029395769401780594,1345.960248447205
H20.33.033,OPC,0.10401419005516921,1345.960248447205
H20.33.033,Oligodendrocyte,0.09216460477744756,1345.960248447205
H20.33.033,Pax6,0.15243120948413172,1345.960248447205
H20.33.033,Pvalb,0.052880391895807885,1345.960248447205
H20.33.033,Sncg,0.2051348835704961,1345.960248447205
H20.33.033,Sst,0.03280775974353583,1345.960248447205
H20.33.033,VLMC & Perivascular,0.12335748505575891,1345.960248447205
H20.33.033,Vip,0.18479113300080752,1345.960248447205
H20.33.034,Astrocyte,0.01423492889614471,8245.861601742075
H20.33.034,Chandelier,0.004437708804168727,8245.861601742075
H20.33.034,Endothelial,0.00984622078850547,8245.861601742075
H20.33.034,Immune,0.005114780152794741,8245.861601742075
H20.33.034,L2/3 IT,0.014250693375194311,8245.861601742075
H20.33.034,L4 IT,0.03272228351487439,8245.861601742075
H20.33.034,L5 ET,0.010265627127797609,8245.861601742075
H20.33.034,L5 IT,0.0035437682402619914,8245.861601742075
H20.33.034,L5/6 NP,0.008587363261425732,8245.861601742075
H20.33.034,L6 CT,0.010479538490385243,8245.861601742075
H20.33.034,L6 IT,0.0019634636828586385,8245.861601742075
H20.33.034,L6 IT Car3,0.019691980971769055,8245.861601742075
H20.33.034,L6b,0.009853887594851686,8245.861601742075
H20.33.034,Lamp5,0.0036403050653014235,8245.861601742075
H20.33.034,Lamp5 Lhx6,0.015128487406905606,8245.861601742075
H20.33.034,OPC,0.01758428893531175,8245.861601742075
H20.33.034,Oligodendrocyte,0.019259218483259788,8245.861601742075
H20.33.034,Pax6,0.012160986578562167,8245.861601742075
H20.33.034,Pvalb,0.005766964803848968,8245.861601742075
H20.33.034,Sncg,0.00974982380558354,8245.861601742075
H20.33.034,Sst,0.0460538331612653,8245.861601742075
H20.33.034,Sst Chodl,0.0032671135574855507,8245.861601742075
H20.33.034,VLMC & Perivascular,0.012473541419755938,8245.861601742075
H20.33.034,Vip,0.0053577846531133394,8245.861601742075
H20.33.035,Astrocyte,0.04284414158569251,1138.2029415399827
H20.33.035,Chandelier,0.06852401877683603,1138.2029415399827
H20.33.035,Endothelial,0.02185637840074968,1138.2029415399827
H20.33.035,Immune,0.03904675463295887,1138.2029415399827
H20.33.035,L2/3 IT,0.08121277065845249,1138.2029415399827
H20.33.035,L4 IT,0.010852352791095317,1138.2029415399827
H20.33.035,L5 ET,0.026915914362083387,1138.2029415399827
H20.33.035,L5 IT,0.09713951837425973,1138.2029415399827
H20.33.035,L5/6 NP,0.04836769444595747,1138.2029415399827
H20.33.035,L6 CT,0.050006099297868006,1138.2029415399827
H20.33.035,L6 IT,0.06229700008435738,1138.2029415399827
H20.33.035,L6 IT Car3,0.037192248280639904,1138.2029415399827
H20.33.035,L6b,0.06115358796346246,1138.2029415399827
H20.33.035,Lamp5,0.05186230454122801,1138.2029415399827
H20.33.035,Lamp5 Lhx6,0.029821815167648903,1138.2029415399827
H20.33.035,OPC,0.0877078252220627,1138.2029415399827
H20.33.035,Oligodendrocyte,0.19485665432334764,1138.2029415399827
H20.33.035,Pax6,0.015987241771069992,1138.2029415399827
H20.33.035,Pvalb,0.01019964870535243,1138.2029415399827
H20.33.035,Sncg,0.01254155077222908,1138.2029415399827
H20.33.035,Sst,0.045628819912274646,1138.2029415399827
H20.33.035,Sst Chodl,0.016594285556117864,1138.2029415399827
H20.33.035,VLMC & Perivascular,0.007750576761638018,1138.2029415399827
H20.33.035,Vip,0.05730948403467975,1138.2029415399827
H20.33.036,Astrocyte,0.11992235716318041,1754.7172686230251
H20.33.036,Chandelier,0.1104461493643195,1754.7172686230251
H20.33.036,Endothelial,0.08153790470982683,1754.7172686230251
H20.33.036,Immune,0.027786774932437846,1754.7172686230251
H20.33.036,L2/3 IT,0.2818627367459846,1754.7172686230251
H20.33.036,L4 IT,0.42704284924427743,1754.7172686230251
H20.33.036,L5 IT,0.03770158500749853,1754.7172686230251
H20.33.036,L5/6 NP,0.014332547194294496,1754.7172686230251
H20.33.036,L6 CT,0.1756814366701259,1754.7172686230251
H20.33.036,L6 IT,0.34399687507021065,1754.7172686230251
H20.33.036,L6 IT Car3,0.23779999567691137,1754.7172686230251
H20.33.036,L6b,0.36289745077664365,1754.7172686230251
H20.33.036,Lamp5,0.07736399671803394,1754.7172686230251
H20.33.036,Lamp5 Lhx6,0.023016849697006937,1754.7172686230251
H20.33.036,OPC,0.002696877799720496,1754.7172686230251
H20.33.036,Oligodendrocyte,0.21650043752678766,1754.7172686230251
H20.33.036,Pax6,0.01132512702523594,1754.7172686230251
H20.33.036,Pvalb,0.008333674293153414,1754.7172686230251
H20.33.036,Sncg,0.1104461493643195,1754.7172686230251
H20.33.036,Sst,0.038457314255568295,1754.7172686230251
H20.33.036,VLMC & Perivascular,0.13184031576691818,1754.7172686230251
H20.33.036,Vip,0.0650308360868469,1754.7172686230251
H20.33.036,Astrocyte,0.05376780111483495,1626.9284178187404
H20.33.036,Chandelier,0.10898308970336042,1626.9284178187404
H20.33.036,Endothelial,0.02256451368782582,1626.9284178187404
H20.33.036,Immune,0.10669704522262975,1626.9284178187404
H20.33.036,L2/3 IT,0.3250877717348901,1626.9284178187404
H20.33.036,L4 IT,0.4172593630442945,1626.9284178187404
H20.33.036,L5 IT,0.07470792063061019,1626.9284178187404
H20.33.036,L5/6 NP,0.028391098890700267,1626.9284178187404
H20.33.036,L6 CT,0.1657120258101056,1626.9284178187404
H20.33.036,L6 IT,0.3488325537085611,1626.9284178187404
H20.33.036,L6 IT Car3,0.27714967310236527,1626.9284178187404
H20.33.036,L6b,0.33155289686190836,1626.9284178187404
H20.33.036,Lamp5,0.11544343520979217,1626.9284178187404
H20.33.036,Lamp5 Lhx6,0.028131147588113924,1626.9284178187404
H20.33.036,OPC,0.181529608283973,1626.9284178187404
H20.33.036,Oligodendrocyte,0.32431208482844714,1626.9284178187404
H20.33.036,Pax6,0.004655850730048838,1626.9284178187404
H20.33.036,Pvalb,0.04573850524151013,1626.9284178187404
H20.33.036,Sncg,0.08436595679384636,1626.9284178187404
H20.33.036,Sst,0.00905247700660468,1626.9284178187404
H20.33.036,VLMC & Perivascular,0.11063924687888259,1626.9284178187404
H20.33.036,Vip,0.10433757365450279,1626.9284178187404
H20.33.036,Astrocyte,0.06582108894145543,1790.9159500693484
H20.33.036,Chandelier,0.008108225102628855,1790.9159500693484
H20.33.036,Endothelial,0.06138161709157447,1790.9159500693484
H20.33.036,Immune,0.08057165795398208,1790.9159500693484
H20.33.036,L2/3 IT,0.04201610288904567,1790.9159500693484
H20.33.036,L4 IT,0.01385013071489964,1790.9159500693484
H20.33.036,L5 IT,0.03704832313199794,1790.9159500693484
H20.33.036,L5/6 NP,0.014120343476844658,1790.9159500693484
H20.33.036,L6 CT,0.00658881540403554,1790.9159500693484
H20.33.036,L6 IT,0.022347845028662935,1790.9159500693484
H20.33.036,L6 IT Car3,0.05753422450798089,1790.9159500693484
H20.33.036,L6b,0.039298980706154715,1790.9159500693484
H20.33.036,Lamp5,0.03861836622757365,1790.9159500693484
H20.33.036,Lamp5 Lhx6,0.005193956916785663,1790.9159500693484
H20.33.036,OPC,0.1744638594842747,1790.9159500693484
H20.33.036,Oligodendrocyte,0.1178603615795712,1790.9159500693484
H20.33.036,Pax6,0.006700507946439272,1790.9159500693484
H20.33.036,Pvalb,0.03759348978622986,1790.9159500693484
H20.33.036,Sncg,0.04223553452674212,1790.9159500693484
H20.33.036,Sst,0.047480534713988706,1790.9159500693484
H20.33.036,VLMC & Perivascular,0.02049426077374724,1790.9159500693484
H20.33.036,Vip,0.039454549790880804,1790.9159500693484
H20.33.037,Astrocyte,0.22016486956135783,1598.1879278158058
H20.33.037,Chandelier,0.02846197220706832,1598.1879278158058
H20.33.037,Endothelial,0.011402033629084542,1598.1879278158058
H20.33.037,Immune,0.00638115278378941,1598.1879278158058
H20.33.037,L2/3 IT,0.21039710952108168,1598.1879278158058
H20.33.037,L4 IT,0.2511366006549958,1598.1879278158058
H20.33.037,L5 IT,0.17302640034840355,1598.1879278158058
H20.33.037,L5/6 NP,0.12259564122074426,1598.1879278158058
H20.33.037,L6 CT,0.06362704320939147,1598.1879278158058
H20.33.037,L6 IT,0.3068449016206393,1598.1879278158058
H20.33.037,L6 IT Car3,0.20606312387155923,1598.1879278158058
H20.33.037,L6b,0.07853282851855005,1598.1879278158058
H20.33.037,Lamp5,0.15352782449404176,1598.1879278158058
H20.33.037,Lamp5 Lhx6,0.04195264634610459,1598.1879278158058
H20.33.037,OPC,0.06169608315263961,1598.1879278158058
H20.33.037,Oligodendrocyte,0.06699295991093836,1598.1879278158058
H20.33.037,Pax6,0.05878192484020673,1598.1879278158058
H20.33.037,Pvalb,0.15854391947208601,1598.1879278158058
H20.33.037,Sncg,0.06304151326235423,1598.1879278158058
H20.33.037,Sst,0.011055778955554395,1598.1879278158058
H20.33.037,VLMC & Perivascular,0.0051758687344273715,1598.1879278158058
H20.33.037,Vip,0.19717434788517132,1598.1879278158058
H20.33.037,Astrocyte,0.10755518596964572,1665.447676161919
H20.33.037,Chandelier,0.05084785085478441,1665.447676161919
H20.33.037,Endothelial,0.05211824347272082,1665.447676161919
H20.33.037,Immune,0.12081789929549532,1665.447676161919
H20.33.037,L2/3 IT,0.1943756816811787,1665.447676161919
H20.33.037,L4 IT,0.26573024946906076,1665.447676161919
H20.33.037,L5 IT,0.13661813448159377,1665.447676161919
H20.33.037,L5/6 NP,0.1099161958085258,1665.447676161919
H20.33.037,L6 CT,0.04068842749222331,1665.447676161919
H20.33.037,L6 IT,0.2946649874729819,1665.447676161919
H20.33.037,L6 IT Car3,0.15950310675624146,1665.447676161919
H20.33.037,L6b,0.13939222979646784,1665.447676161919
H20.33.037,Lamp5,0.1775770297043553,1665.447676161919
H20.33.037,Lamp5 Lhx6,0.045068725923400346,1665.447676161919
H20.33.037,OPC,0.07028748093576107,1665.447676161919
H20.33.037,Oligodendrocyte,0.14016770891548583,1665.447676161919
H20.33.037,Pax6,0.052574293471398734,1665.447676161919
H20.33.037,Pvalb,0.12599422914429592,1665.447676161919
H20.33.037,Sncg,0.10276597020302619,1665.447676161919
H20.33.037,Sst,0.013875547557803323,1665.447676161919
H20.33.037,VLMC & Perivascular,0.030860686867389044,1665.447676161919
H20.33.037,Vip,0.15485443642468133,1665.447676161919
H20.33.037,Astrocyte,0.11784434664958372,1546.1362608976428
H20.33.037,Chandelier,0.02300066311649582,1546.1362608976428
H20.33.037,Endothelial,0.062084207490034925,1546.1362608976428
H20.33.037,Immune,0.129168508559369,1546.1362608976428
H20.33.037,L2/3 IT,0.015231920444830587,1546.1362608976428
H20.33.037,L4 IT,0.015952632343529553,1546.1362608976428
H20.33.037,L5 IT,0.03792564476018466,1546.1362608976428
H20.33.037,L5/6 NP,0.015830109867580284,1546.1362608976428
H20.33.037,L6 CT,0.02418536238831936,1546.1362608976428
H20.33.037,L6 IT,0.01794776451670962,1546.1362608976428
H20.33.037,L6 IT Car3,0.058938352161161243,1546.1362608976428
H20.33.037,L6b,0.06357828967466951,1546.1362608976428
H20.33.037,Lamp5,0.02527992039965302,1546.1362608976428
H20.33.037,Lamp5 Lhx6,0.0030377500746357634,1546.1362608976428
H20.33.037,OPC,0.009253302182845731,1546.1362608976428
H20.33.037,Oligodendrocyte,0.07434275477927019,1546.1362608976428
H20.33.037,Pax6,0.005983688995189665,1546.1362608976428
H20.33.037,Pvalb,0.03254565364829521,1546.1362608976428
H20.33.037,Sncg,0.041864569697773746,1546.1362608976428
H20.33.037,Sst,0.024951961332038503,1546.1362608976428
H20.33.037,VLMC & Perivascular,0.03616723192062927,1546.1362608976428
H20.33.037,Vip,0.0421848433087169,1546.1362608976428
H20.33.038,Astrocyte,0.12245893085649596,1018.1473612063057
H20.33.038,Chandelier,0.03379916437339011,1018.1473612063057
H20.33.038,Endothelial,0.12599696197928464,1018.1473612063057
H20.33.038,Immune,0.03446700643826114,1018.1473612063057
H20.33.038,L2/3 IT,0.09161454306569691,1018.1473612063057
H20.33.038,L4 IT,0.2516563519550359,1018.1473612063057
H20.33.038,L5 IT,0.25006885261241174,1018.1473612063057
H20.33.038,L5/6 NP,0.023895521366461357,1018.1473612063057
H20.33.038,L6 IT,0.041258645095066764,1018.1473612063057
H20.33.038,L6 IT Car3,0.05717685468888455,1018.1473612063057
H20.33.038,L6b,0.14248241442108284,1018.1473612063057
H20.33.038,Lamp5,0.03398642524672781,1018.1473612063057
H20.33.038,Lamp5 Lhx6,0.023895521366461357,1018.1473612063057
H20.33.038,OPC,0.07330073437823119,1018.1473612063057
H20.33.038,Oligodendrocyte,0.08337868194859996,1018.1473612063057
H20.33.038,Pax6,0.01989250279474649,1018.1473612063057
H20.33.038,Pvalb,0.02395520027713515,1018.1473612063057
H20.33.038,Sncg,0.03984656585158537,1018.1473612063057
H20.33.038,Sst,0.008714319702773237,1018.1473612063057
H20.33.038,VLMC & Perivascular,0.029164179914452245,1018.1473612063057
H20.33.038,Vip,0.06156199409018014,1018.1473612063057
H20.33.039,Astrocyte,0.2665651215638378,8958.03470883147
H20.33.039,Chandelier,0.01802268246725869,8958.03470883147
H20.33.039,Endothelial,0.03395581653089023,8958.03470883147
H20.33.039,Immune,0.149053773442698,8958.03470883147
H20.33.039,L2/3 IT,0.12181892787254021,8958.03470883147
H20.33.039,L4 IT,0.07732098401929881,8958.03470883147
H20.33.039,L5 ET,0.006145193842686069,8958.03470883147
H20.33.039,L5 IT,0.10878027169184923,8958.03470883147
H20.33.039,L5/6 NP,0.040361068720516716,8958.03470883147
H20.33.039,L6 CT,0.04720904405680737,8958.03470883147
H20.33.039,L6 IT,0.09815940095206442,8958.03470883147
H20.33.039,L6 IT Car3,0.04859947591093906,8958.03470883147
H20.33.039,L6b,0.0660961976966622,8958.03470883147
H20.33.039,Lamp5,0.0758343527620502,8958.03470883147
H20.33.039,Lamp5 Lhx6,0.016007412577457223,8958.03470883147
H20.33.039,OPC,0.21881782287227655,8958.03470883147
H20.33.039,Oligodendrocyte,0.4948835852099075,8958.03470883147
H20.33.039,Pax6,0.01688453302994619,8958.03470883147
H20.33.039,Pvalb,0.041412353963209796,8958.03470883147
H20.33.039,Sncg,0.01875451140014096,8958.03470883147
H20.33.039,Sst,0.05675867521563632,8958.03470883147
H20.33.039,Sst Chodl,0.020863930109967375,8958.03470883147
H20.33.039,VLMC & Perivascular,0.03395581653089023,8958.03470883147
H20.33.039,Vip,0.022314984344574147,8958.03470883147
H20.33.039,Astrocyte,0.027086484099559854,7066.221834913553
H20.33.039,Chandelier,0.03600511955925215,7066.221834913553
H20.33.039,Endothelial,0.00823811951372781,7066.221834913553
H20.33.039,Immune,0.05522556111370889,7066.221834913553
H20.33.039,L2/3 IT,0.4864136166368062,7066.221834913553
H20.33.039,L4 IT,0.10128378773237715,7066.221834913553
H20.33.039,L5 ET,0.04479822698724332,7066.221834913553
H20.33.039,L5 IT,0.09173341727306016,7066.221834913553
H20.33.039,L5/6 NP,0.060119463383775,7066.221834913553
H20.33.039,L6 CT,0.19505807886867685,7066.221834913553
H20.33.039,L6 IT,0.2304182189354006,7066.221834913553
H20.33.039,L6 IT Car3,0.17423104602793807,7066.221834913553
H20.33.039,L6b,0.22122615442371413,7066.221834913553
H20.33.039,Lamp5,0.10956957755854747,7066.221834913553
H20.33.039,Lamp5 Lhx6,0.07129284158857319,7066.221834913553
H20.33.039,OPC,0.0282621310557613,7066.221834913553
H20.33.039,Oligodendrocyte,0.29436891994456604,7066.221834913553
H20.33.039,Pax6,0.04783591708284059,7066.221834913553
H20.33.039,Pvalb,0.0035292865525103586,7066.221834913553
H20.33.039,Sncg,0.15079610661606052,7066.221834913553
H20.33.039,Sst,0.08089495945086106,7066.221834913553
H20.33.039,Sst Chodl,0.028526937409539925,7066.221834913553
H20.33.039,VLMC & Perivascular,0.02065115976505466,7066.221834913553
H20.33.039,Vip,0.20584158596588634,7066.221834913553
H20.33.039,Astrocyte,0.2570721822646238,7762.875007617771
H20.33.039,Chandelier,0.05515875134982274,7762.875007617771
H20.33.039,Endothelial,0.04342878983380639,7762.875007617771
H20.33.039,Immune,0.20867316995810942,7762.875007617771
H20.33.039,L2/3 IT,0.3696755271324874,7762.875007617771
H20.33.039,L4 IT,0.17483389333699115,7762.875007617771
H20.33.039,L5 ET,0.04858851079507697,7762.875007617771
H20.33.039,L5 IT,0.19541842906475404,7762.875007617771
H20.33.039,L5/6 NP,0.09695186303872746,7762.875007617771
H20.33.039,L6 CT,0.22557129416393956,7762.875007617771
H20.33.039,L6 IT,0.304173959279292,7762.875007617771
H20.33.039,L6 IT Car3,0.20840606448753016,7762.875007617771
H20.33.039,L6b,0.26035398383292907,7762.875007617771
H20.33.039,Lamp5,0.03165787067233285,7762.875007617771
H20.33.039,Lamp5 Lhx6,0.08487454096086097,7762.875007617771
H20.33.039,OPC,0.25710396618918485,7762.875007617771
H20.33.039,Oligodendrocyte,0.21847401695567595,7762.875007617771
H20.33.039,Pax6,0.03116494470821455,7762.875007617771
H20.33.039,Pvalb,0.044688245985104506,7762.875007617771
H20.33.039,Sncg,0.1397789404874706,7762.875007617771
H20.33.039,Sst,0.023071896907098648,7762.875007617771
H20.33.039,Sst Chodl,0.009083247221149313,7762.875007617771
H20.33.039,VLMC & Perivascular,0.055015113997925046,7762.875007617771
H20.33.039,Vip,0.187812289704129,7762.875007617771
H20.33.040,Astrocyte,0.01706761517619559,5742.226293469042
H20.33.040,Chandelier,0.004919143209902563,5742.226293469042
H20.33.040,Endothelial,0.022088893393825117,5742.226293469042
H20.33.040,Immune,0.012826735904729094,5742.226293469042
H20.33.040,L2/3 IT,0.03799013025593596,5742.226293469042
H20.33.040,L4 IT,0.04797390518317074,5742.226293469042
H20.33.040,L5 ET,0.021845660596552845,5742.226293469042
H20.33.040,L5 IT,0.0006322699603756174,5742.226293469042
H20.33.040,L5/6 NP,0.020235119895544697,5742.226293469042
H20.33.040,L6 CT,0.021389809844276058,5742.226293469042
H20.33.040,L6 IT,0.0017116983204794336,5742.226293469042
H20.33.040,L6 IT Car3,0.008445906140412273,5742.226293469042
H20.33.040,L6b,0.006225187350473979,5742.226293469042
H20.33.040,Lamp5,0.020990849826870533,5742.226293469042
H20.33.040,Lamp5 Lhx6,0.030523249006355082,5742.226293469042
H20.33.040,OPC,0.0057112931160164665,5742.226293469042
H20.33.040,Oligodendrocyte,0.016503149900363338,5742.226293469042
H20.33.040,Pax6,0.02750412651476746,5742.226293469042
H20.33.040,Pvalb,0.012574757837129252,5742.226293469042
H20.33.040,Sncg,0.014386657051158647,5742.226293469042
H20.33.040,Sst,0.0336446589497019,5742.226293469042
H20.33.040,Sst Chodl,0.006089234256036274,5742.226293469042
H20.33.040,VLMC & Perivascular,0.014834914522908622,5742.226293469042
H20.33.040,Vip,0.00830397232115794,5742.226293469042
H20.33.041,Astrocyte,0.023067091015842183,7047.164221218962
H20.33.041,Chandelier,0.0017389713307918422,7047.164221218962
H20.33.041,Endothelial,0.0006046923863760515,7047.164221218962
H20.33.041,Immune,0.0008556957328368594,7047.164221218962
H20.33.041,L2/3 IT,0.00294721042855516,7047.164221218962
H20.33.041,L4 IT,0.014633315368044611,7047.164221218962
H20.33.041,L5 ET,0.014801652631555183,7047.164221218962
H20.33.041,L5 IT,0.0017955360925185656,7047.164221218962
H20.33.041,L5/6 NP,0.021544440589980632,7047.164221218962
H20.33.041,L6 CT,0.0011743602752621017,7047.164221218962
H20.33.041,L6 IT,0.014738709774262435,7047.164221218962
H20.33.041,L6 IT Car3,0.0010587104669936489,7047.164221218962
H20.33.041,L6b,0.0012244492064613526,7047.164221218962
H20.33.041,Lamp5,0.013993771510584235,7047.164221218962
H20.33.041,Lamp5 Lhx6,0.017561537281428813,7047.164221218962
H20.33.041,OPC,0.0016334630090251844,7047.164221218962
H20.33.041,Oligodendrocyte,0.0234720293813704,7047.164221218962
H20.33.041,Pax6,0.048565996073732194,7047.164221218962
H20.33.041,Pvalb,0.0010701933166402291,7047.164221218962
H20.33.041,Sncg,0.015216059708091444,7047.164221218962
H20.33.041,Sst,0.00797102489685451,7047.164221218962
H20.33.041,Sst Chodl,0.03201595250794445,7047.164221218962
H20.33.041,VLMC & Perivascular,0.03190657121739092,7047.164221218962
H20.33.041,Vip,0.030922306501246572,7047.164221218962
H20.33.043,Astrocyte,0.005944729902690158,8235.281605027798
H20.33.043,Chandelier,0.009310629485572604,8235.281605027798
H20.33.043,Endothelial,0.004597031934661773,8235.281605027798
H20.33.043,Immune,0.008135066595605565,8235.281605027798
H20.33.043,L2/3 IT,0.007116539319065963,8235.281605027798
H20.33.043,L4 IT,0.015353690929216603,8235.281605027798
H20.33.043,L5 ET,0.022588593345080725,8235.281605027798
H20.33.043,L5 IT,0.01190929471581842,8235.281605027798
H20.33.043,L5/6 NP,0.0016171568814485593,8235.281605027798
H20.33.043,L6 CT,0.019575975218495377,8235.281605027798
H20.33.043,L6 IT,0.014920206260366458,8235.281605027798
H20.33.043,L6 IT Car3,0.013752244063275671,8235.281605027798
H20.33.043,L6b,0.008263975492074744,8235.281605027798
H20.33.043,Lamp5,0.007116174925397902,8235.281605027798
H20.33.043,Lamp5 Lhx6,0.005947012333428731,8235.281605027798
H20.33.043,OPC,0.012333820439595551,8235.281605027798
H20.33.043,Oligodendrocyte,0.02170500317890435,8235.281605027798
H20.33.043,Pax6,0.033856218967601444,8235.281605027798
H20.33.043,Pvalb,0.025703170036047874,8235.281605027798
H20.33.043,Sncg,0.007217471321838821,8235.281605027798
H20.33.043,Sst,0.004544248281550404,8235.281605027798
H20.33.043,Sst Chodl,0.0004798143573707026,8235.281605027798
H20.33.043,VLMC & Perivascular,0.006963396190073386,8235.281605027798
H20.33.043,Vip,0.002104126861325784,8235.281605027798
H20.33.043,Astrocyte,0.03682306347881711,8552.440577001693
H20.33.043,Chandelier,0.029175306968662853,8552.440577001693
H20.33.043,Endothelial,0.0057304271726934435,8552.440577001693
H20.33.043,Immune,0.044232515423091895,8552.440577001693
H20.33.043,L2/3 IT,0.050689941281956155,8552.440577001693
H20.33.043,L4 IT,0.0366115022340827,8552.440577001693
H20.33.043,L5 ET,0.01319125660621495,8552.440577001693
H20.33.043,L5 IT,0.03547974888720406,8552.440577001693
H20.33.043,L5/6 NP,0.014125695424225395,8552.440577001693
H20.33.043,L6 CT,0.0111416259292662,8552.440577001693
H20.33.043,L6 IT,0.03128904619396806,8552.440577001693
H20.33.043,L6 IT Car3,0.005470781322473568,8552.440577001693
H20.33.043,L6b,0.023151666457242866,8552.440577001693
H20.33.043,Lamp5,0.005722987754338338,8552.440577001693
H20.33.043,Lamp5 Lhx6,0.017783005695970574,8552.440577001693
H20.33.043,OPC,0.010047904462571162,8552.440577001693
H20.33.043,Oligodendrocyte,0.0072889996606357015,8552.440577001693
H20.33.043,Pax6,0.03224439636010627,8552.440577001693
H20.33.043,Pvalb,0.010540256658124443,8552.440577001693
H20.33.043,Sncg,0.004040155004026494,8552.440577001693
H20.33.043,Sst,0.003673852404979548,8552.440577001693
H20.33.043,Sst Chodl,0.005880713444368558,8552.440577001693
H20.33.043,VLMC & Perivascular,0.009085006933173455,8552.440577001693
H20.33.043,Vip,0.0020390806587387723,8552.440577001693
H20.33.043,Astrocyte,0.030795145195290814,7985.162153711462
H20.33.043,Chandelier,0.020052487161536733,7985.162153711462
H20.33.043,Endothelial,0.0011390180677118065,7985.162153711462
H20.33.043,Immune,0.035993220969950966,7985.162153711462
H20.33.043,L2/3 IT,0.043531628082706324,7985.162153711462
H20.33.043,L4 IT,0.05202493860045421,7985.162153711462
H20.33.043,L5 ET,0.009430015526786151,7985.162153711462
H20.33.043,L5 IT,0.023618117150392928,7985.162153711462
H20.33.043,L5/6 NP,0.01253740541923023,7985.162153711462
H20.33.043,L6 CT,0.008402267248120742,7985.162153711462
H20.33.043,L6 IT,0.016425989176369418,7985.162153711462
H20.33.043,L6 IT Car3,0.019216806344313962,7985.162153711462
H20.33.043,L6b,0.03148328708939312,7985.162153711462
H20.33.043,Lamp5,0.0013967852572458988,7985.162153711462
H20.33.043,Lamp5 Lhx6,0.023773750749826388,7985.162153711462
H20.33.043,OPC,0.022343302763076302,7985.162153711462
H20.33.043,Oligodendrocyte,0.01442742776909206,7985.162153711462
H20.33.043,Pax6,0.0018145527761339805,7985.162153711462
H20.33.043,Pvalb,0.015137097518713087,7985.162153711462
H20.33.043,Sncg,0.011253011410676823,7985.162153711462
H20.33.043,Sst,0.008216487960760868,7985.162153711462
H20.33.043,Sst Chodl,0.006336998714199004,7985.162153711462
H20.33.043,VLMC & Perivascular,0.0021315744463188202,7985.162153711462
H20.33.043,Vip,0.004143543262889179,7985.162153711462
H20.33.044,Astrocyte,0.003658514967933417,7140.402684563758
H20.33.044,Chandelier,0.0409398706098652,7140.402684563758
H20.33.044,Endothelial,0.01538999069255437,7140.402684563758
H20.33.044,Immune,0.0031206639019653076,7140.402684563758
H20.33.044,L2/3 IT,0.019163673733890763,7140.402684563758
H20.33.044,L4 IT,0.030911619872935045,7140.402684563758
H20.33.044,L5 ET,0.02138195041042184,7140.402684563758
H20.33.044,L5 IT,0.00500248619883066,7140.402684563758
H20.33.044,L5/6 NP,0.012181196860115437,7140.402684563758
H20.33.044,L6 CT,0.01003538835228051,7140.402684563758
H20.33.044,L6 IT,0.0024147250170980595,7140.402684563758
H20.33.044,L6 IT Car3,0.01736468423557621,7140.402684563758
H20.33.044,L6b,0.007710424669050343,7140.402684563758
H20.33.044,Lamp5,0.00416191028578593,7140.402684563758
H20.33.044,Lamp5 Lhx6,0.004932196022332465,7140.402684563758
H20.33.044,OPC,0.03315629849136594,7140.402684563758
H20.33.044,Oligodendrocyte,0.018723094932285522,7140.402684563758
H20.33.044,Pax6,0.01184238032934359,7140.402684563758
H20.33.044,Pvalb,0.017766254710594315,7140.402684563758
H20.33.044,Sncg,0.0029523304271375774,7140.402684563758
H20.33.044,Sst,0.021428859340511773,7140.402684563758
H20.33.044,Sst Chodl,0.015594672780907167,7140.402684563758
H20.33.044,VLMC & Perivascular,0.009709141760112222,7140.402684563758
H20.33.044,Vip,0.011460219027935866,7140.402684563758
H20.33.044,Astrocyte,0.10788281305119504,732.6901117087299
H20.33.044,Chandelier,0.037343693946176995,732.6901117087299
H20.33.044,Endothelial,0.027749583405781073,732.6901117087299
H20.33.044,Immune,0.09811615884950811,732.6901117087299
H20.33.044,L2/3 IT,0.056630886623779596,732.6901117087299
H20.33.044,L4 IT,0.025282336088802856,732.6901117087299
H20.33.044,L5 ET,0.04476957968339378,732.6901117087299
H20.33.044,L5 IT,0.007630247351937478,732.6901117087299
H20.33.044,L5/6 NP,0.005689825178317186,732.6901117087299
H20.33.044,L6 CT,0.0030102239906582146,732.6901117087299
H20.33.044,L6 IT,0.05896592409241365,732.6901117087299
H20.33.044,L6 IT Car3,0.04229917311151334,732.6901117087299
H20.33.044,L6b,0.023710850826225247,732.6901117087299
H20.33.044,Lamp5,0.00034445511448934804,732.6901117087299
H20.33.044,Lamp5 Lhx6,0.0075604227970590705,732.6901117087299
H20.33.044,OPC,0.025973485120655764,732.6901117087299
H20.33.044,Oligodendrocyte,0.010627550519186202,732.6901117087299
H20.33.044,Pax6,0.07667511967420129,732.6901117087299
H20.33.044,Pvalb,0.13260672955561,732.6901117087299
H20.33.044,Sncg,0.07005149296696249,732.6901117087299
H20.33.044,Sst,0.01697430435173035,732.6901117087299
H20.33.044,Sst Chodl,0.03724025316889645,732.6901117087299
H20.33.044,VLMC & Perivascular,0.041176335114083626,732.6901117087299
H20.33.044,Vip,0.08665798664136166,732.6901117087299
H20.33.044,Astrocyte,0.11067439168651105,735.730164814105
H20.33.044,Chandelier,0.0020142286413669898,735.730164814105
H20.33.044,Endothelial,0.035694049365466975,735.730164814105
H20.33.044,Immune,0.10017339518012347,735.730164814105
H20.33.044,L2/3 IT,0.07641147403652779,735.730164814105
H20.33.044,L4 IT,0.006031683344439987,735.730164814105
H20.33.044,L5 ET,0.033650520423037865,735.730164814105
H20.33.044,L5 IT,0.012696626785215298,735.730164814105
H20.33.044,L5/6 NP,0.017308429430467887,735.730164814105
H20.33.044,L6 CT,0.007092252010984591,735.730164814105
H20.33.044,L6 IT,0.056255276988464976,735.730164814105
H20.33.044,L6 IT Car3,0.05632147480672844,735.730164814105
H20.33.044,L6b,0.015369511728318058,735.730164814105
H20.33.044,Lamp5,0.004484036786810764,735.730164814105
H20.33.044,Lamp5 Lhx6,0.012693954526686068,735.730164814105
H20.33.044,OPC,0.06279933560728276,735.730164814105
H20.33.044,Oligodendrocyte,0.02891185808921763,735.730164814105
H20.33.044,Pax6,0.08263825371120935,735.730164814105
H20.33.044,Pvalb,0.15466738651786957,735.730164814105
H20.33.044,Sncg,0.06783534508645235,735.730164814105
H20.33.044,Sst,0.004676400953525549,735.730164814105
H20.33.044,Sst Chodl,0.02913847915041367,735.730164814105
H20.33.044,VLMC & Perivascular,0.04609851235441719,735.730164814105
H20.33.044,Vip,0.07663838438662036,735.730164814105
H20.33.045,Astrocyte,0.010114100449804295,3759.9617021276595
H20.33.045,Chandelier,0.0070468757585109565,3759.9617021276595
H20.33.045,Endothelial,0.008343245020879164,3759.9617021276595
H20.33.045,Immune,0.023726796562255077,3759.9617021276595
H20.33.045,L2/3 IT,0.009684250328880569,3759.9617021276595
H20.33.045,L4 IT,0.03670019764812308,3759.9617021276595
H20.33.045,L5 ET,0.03982763411746344,3759.9617021276595
H20.33.045,L5 IT,0.03264514340506655,3759.9617021276595
H20.33.045,L5/6 NP,0.017678058790403677,3759.9617021276595
H20.33.045,L6 CT,0.014095792000238286,3759.9617021276595
H20.33.045,L6 IT,0.006739950222171761,3759.9617021276595
H20.33.045,L6 IT Car3,0.03808398235444799,3759.9617021276595
H20.33.045,L6b,0.03378546065889618,3759.9617021276595
H20.33.045,Lamp5,0.011594854376031461,3759.9617021276595
H20.33.045,Lamp5 Lhx6,0.02770675112798994,3759.9617021276595
H20.33.045,OPC,0.019566455102093212,3759.9617021276595
H20.33.045,Oligodendrocyte,0.03688639051925917,3759.9617021276595
H20.33.045,Pax6,0.008960891402909623,3759.9617021276595
H20.33.045,Pvalb,0.019044681359071666,3759.9617021276595
H20.33.045,Sncg,0.02954137798447166,3759.9617021276595
H20.33.045,Sst,0.019875214644597152,3759.9617021276595
H20.33.045,Sst Chodl,0.01319086708052596,3759.9617021276595
H20.33.045,VLMC & Perivascular,0.030470336369742963,3759.9617021276595
H20.33.045,Vip,0.007148213655989088,3759.9617021276595
H20.33.046,Astrocyte,0.010253580450457255,5752.587101814078
H20.33.046,Chandelier,0.04626378546860597,5752.587101814078
H20.33.046,Endothelial,0.0003883752210667322,5752.587101814078
H20.33.046,Immune,0.012916651104908628,5752.587101814078
H20.33.046,L2/3 IT,0.020088854740383917,5752.587101814078
H20.33.046,L4 IT,0.010428664395244525,5752.587101814078
H20.33.046,L5 ET,0.0035301800639777445,5752.587101814078
H20.33.046,L5 IT,0.026535728510753955,5752.587101814078
H20.33.046,L5/6 NP,0.03231319343219068,5752.587101814078
H20.33.046,L6 CT,0.012524114227825846,5752.587101814078
H20.33.046,L6 IT,0.028358586180571754,5752.587101814078
H20.33.046,L6 IT Car3,0.022106020782670384,5752.587101814078
H20.33.046,L6b,0.03424803990831894,5752.587101814078
H20.33.046,Lamp5,0.012212551972242587,5752.587101814078
H20.33.046,Lamp5 Lhx6,0.012254393930189764,5752.587101814078
H20.33.046,OPC,0.02725887680538946,5752.587101814078
H20.33.046,Oligodendrocyte,0.01581722215825745,5752.587101814078
H20.33.046,Pax6,0.019634518826315155,5752.587101814078
H20.33.046,Pvalb,0.011298850208102063,5752.587101814078
H20.33.046,Sncg,0.014726950588955841,5752.587101814078
H20.33.046,Sst,0.009560291888872805,5752.587101814078
H20.33.046,Sst Chodl,0.017967957795429555,5752.587101814078
H20.33.046,VLMC & Perivascular,0.0105353937820932,5752.587101814078
H20.33.046,Vip,0.00962145403960597,5752.587101814078
H21.33.001,Astrocyte,0.015775783848057764,4855.824043386562
H21.33.001,Chandelier,0.06121793108382846,4855.824043386562
H21.33.001,Endothelial,0.04450518790736475,4855.824043386562
H21.33.001,Immune,0.019097920164958305,4855.824043386562
H21.33.001,L2/3 IT,0.04322560310118757,4855.824043386562
H21.33.001,L4 IT,0.003869463819749577,4855.824043386562
H21.33.001,L5 ET,0.024433156558418153,4855.824043386562
H21.33.001,L5 IT,0.009325139964449586,4855.824043386562
H21.33.001,L5/6 NP,0.019270864231683383,4855.824043386562
H21.33.001,L6 CT,0.014408003381617908,4855.824043386562
H21.33.001,L6 IT,0.051219935188520825,4855.824043386562
H21.33.001,L6 IT Car3,0.0003554396514577787,4855.824043386562
H21.33.001,L6b,0.022676802723293123,4855.824043386562
H21.33.001,Lamp5,0.012602436383848595,4855.824043386562
H21.33.001,Lamp5 Lhx6,0.016634711537142126,4855.824043386562
H21.33.001,OPC,0.014292273134565447,4855.824043386562
H21.33.001,Oligodendrocyte,0.057379998307493234,4855.824043386562
H21.33.001,Pax6,0.023579679258643783,4855.824043386562
H21.33.001,Pvalb,0.014418050912190292,4855.824043386562
H21.33.001,Sncg,0.03462690449658062,4855.824043386562
H21.33.001,Sst,0.011771798575422994,4855.824043386562
H21.33.001,Sst Chodl,0.014771585494570777,4855.824043386562
H21.33.001,VLMC & Perivascular,0.005241277997667399,4855.824043386562
H21.33.001,Vip,0.007970302574609244,4855.824043386562
H21.33.001,Astrocyte,0.02546876714995557,4284.151889874009
H21.33.001,Chandelier,0.09078414326618686,4284.151889874009
H21.33.001,Endothelial,0.03624948444681791,4284.151889874009
H21.33.001,Immune,0.16178371995614174,4284.151889874009
H21.33.001,L2/3 IT,0.021302742879686393,4284.151889874009
H21.33.001,L4 IT,0.10820540019133158,4284.151889874009
H21.33.001,L5 ET,0.014018590802471432,4284.151889874009
H21.33.001,L5 IT,0.03751896235616452,4284.151889874009
H21.33.001,L5/6 NP,0.018080910588832055,4284.151889874009
H21.33.001,L6 CT,0.09069119393097413,4284.151889874009
H21.33.001,L6 IT,0.11172920532820464,4284.151889874009
H21.33.001,L6 IT Car3,0.04660771451430052,4284.151889874009
H21.33.001,L6b,0.0876850078026312,4284.151889874009
H21.33.001,Lamp5,0.004388788089563636,4284.151889874009
H21.33.001,Lamp5 Lhx6,0.035157241483966296,4284.151889874009
H21.33.001,OPC,0.06579838212686258,4284.151889874009
H21.33.001,Oligodendrocyte,0.10349194564883166,4284.151889874009
H21.33.001,Pax6,0.002111276215658827,4284.151889874009
H21.33.001,Pvalb,0.08279496044535191,4284.151889874009
H21.33.001,Sncg,0.0207672829056654,4284.151889874009
H21.33.001,Sst,0.04483075968128058,4284.151889874009
H21.33.001,Sst Chodl,0.03469038221931623,4284.151889874009
H21.33.001,VLMC & Perivascular,0.0070987809784871375,4284.151889874009
H21.33.001,Vip,0.0015699587102975842,4284.151889874009
H21.33.001,Astrocyte,0.04148416778817418,4972.866304884064
H21.33.001,Chandelier,0.032187596658209444,4972.866304884064
H21.33.001,Endothelial,0.007421480027867125,4972.866304884064
H21.33.001,Immune,0.1751953875693392,4972.866304884064
H21.33.001,L2/3 IT,0.06460568267714231,4972.866304884064
H21.33.001,L4 IT,0.10347360978469747,4972.866304884064
H21.33.001,L5 ET,0.011298683882942173,4972.866304884064
H21.33.001,L5 IT,0.028285836487231226,4972.866304884064
H21.33.001,L5/6 NP,0.0012884573267190798,4972.866304884064
H21.33.001,L6 CT,0.08009917952270558,4972.866304884064
H21.33.001,L6 IT,0.06291740108447555,4972.866304884064
H21.33.001,L6 IT Car3,0.04785933322558834,4972.866304884064
H21.33.001,L6b,0.06920260603080099,4972.866304884064
H21.33.001,Lamp5,0.008233498390848637,4972.866304884064
H21.33.001,Lamp5 Lhx6,0.01865023507193392,4972.866304884064
H21.33.001,OPC,0.0774868655379314,4972.866304884064
H21.33.001,Oligodendrocyte,0.1548413821558162,4972.866304884064
H21.33.001,Pax6,0.021548740495412107,4972.866304884064
H21.33.001,Pvalb,0.0981661035160745,4972.866304884064
H21.33.001,Sncg,0.055605061753369385,4972.866304884064
H21.33.001,Sst,0.056944416045041205,4972.866304884064
H21.33.001,Sst Chodl,0.021284165653800886,4972.866304884064
H21.33.001,VLMC & Perivascular,0.0018760107116178317,4972.866304884064
H21.33.001,Vip,0.006403486990162239,4972.866304884064
H21.33.002,Astrocyte,0.04366661103151059,7632.988275365166
H21.33.002,Chandelier,0.025061509253234113,7632.988275365166
H21.33.002,Endothelial,0.00900303531482063,7632.988275365166
H21.33.002,Immune,0.009115235329624579,7632.988275365166
H21.33.002,L2/3 IT,0.03781462700977425,7632.988275365166
H21.33.002,L4 IT,0.045714567642079054,7632.988275365166
H21.33.002,L5 ET,0.009822029400493369,7632.988275365166
H21.33.002,L5 IT,0.009717743892589434,7632.988275365166
H21.33.002,L5/6 NP,0.006461139000453043,7632.988275365166
H21.33.002,L6 CT,0.016025374477290244,7632.988275365166
H21.33.002,L6 IT,0.000430686112511559,7632.988275365166
H21.33.002,L6 IT Car3,0.023173163359050637,7632.988275365166
H21.33.002,L6b,0.0039034028959772774,7632.988275365166
H21.33.002,Lamp5,0.02283216645435602,7632.988275365166
H21.33.002,Lamp5 Lhx6,0.032579335529701596,7632.988275365166
H21.33.002,OPC,0.01706623631765918,7632.988275365166
H21.33.002,Oligodendrocyte,0.012561543046500295,7632.988275365166
H21.33.002,Pax6,0.01681307113552421,7632.988275365166
H21.33.002,Pvalb,0.03169957903401336,7632.988275365166
H21.33.002,Sncg,0.007656186603559889,7632.988275365166
H21.33.002,Sst,0.04941669673833107,7632.988275365166
H21.33.002,Sst Chodl,0.027385005807541583,7632.988275365166
H21.33.002,VLMC & Perivascular,0.028570731197117262,7632.988275365166
H21.33.002,Vip,0.014128068063075462,7632.988275365166
H21.33.003,Astrocyte,0.0040345061238249175,7817.456727087057
H21.33.003,Chandelier,0.006582936813362048,7817.456727087057
H21.33.003,Endothelial,0.00442886123075875,7817.456727087057
H21.33.003,Immune,0.018616737525581614,7817.456727087057
H21.33.003,L2/3 IT,0.05437741664610289,7817.456727087057
H21.33.003,L4 IT,0.06429774534944088,7817.456727087057
H21.33.003,L5 ET,0.025446830184147506,7817.456727087057
H21.33.003,L5 IT,0.009651674411925718,7817.456727087057
H21.33.003,L5/6 NP,0.006213819295721173,7817.456727087057
H21.33.003,L6 CT,0.010629323909212689,7817.456727087057
H21.33.003,L6 IT,0.028278322994599616,7817.456727087057
H21.33.003,L6 IT Car3,0.02334633661225004,7817.456727087057
H21.33.003,L6b,0.004143360655577245,7817.456727087057
H21.33.003,Lamp5,0.019311407805231846,7817.456727087057
H21.33.003,Lamp5 Lhx6,0.006244413058582204,7817.456727087057
H21.33.003,OPC,0.012969286223416398,7817.456727087057
H21.33.003,Oligodendrocyte,0.02832019773951717,7817.456727087057
H21.33.003,Pax6,0.006315816520406274,7817.456727087057
H21.33.003,Pvalb,0.04632231406359605,7817.456727087057
H21.33.003,Sncg,0.03355391784308572,7817.456727087057
H21.33.003,Sst,0.004981343240458259,7817.456727087057
H21.33.003,Sst Chodl,0.013808406195183254,7817.456727087057
H21.33.003,VLMC & Perivascular,0.016011619894519175,7817.456727087057
H21.33.003,Vip,0.042350784890331124,7817.456727087057
H21.33.003,Astrocyte,0.15789246331069515,4525.2598190129675
H21.33.003,Chandelier,0.012506784356425495,4525.2598190129675
H21.33.003,Endothelial,0.039195044445005156,4525.2598190129675
H21.33.003,Immune,0.01514923919900745,4525.2598190129675
H21.33.003,L2/3 IT,0.13267620546024056,4525.2598190129675
H21.33.003,L4 IT,0.0011870713295340733,4525.2598190129675
H21.33.003,L5 ET,0.013113208863047482,4525.2598190129675
H21.33.003,L5 IT,0.09658380566648524,4525.2598190129675
H21.33.003,L5/6 NP,0.0022275503058817718,4525.2598190129675
H21.33.003,L6 CT,0.0038508623221120367,4525.2598190129675
H21.33.003,L6 IT,0.06280053458575086,4525.2598190129675
H21.33.003,L6 IT Car3,0.05065639420029047,4525.2598190129675
H21.33.003,L6b,0.01817514104131532,4525.2598190129675
H21.33.003,Lamp5,0.027317336961183228,4525.2598190129675
H21.33.003,Lamp5 Lhx6,0.046692877198258674,4525.2598190129675
H21.33.003,OPC,0.05420427440412925,4525.2598190129675
H21.33.003,Oligodendrocyte,0.004261839685492142,4525.2598190129675
H21.33.003,Pax6,0.009389576073016692,4525.2598190129675
H21.33.003,Pvalb,0.01622071746364872,4525.2598190129675
H21.33.003,Sncg,0.08825241957734054,4525.2598190129675
H21.33.003,Sst,0.024379320858376238,4525.2598190129675
H21.33.003,Sst Chodl,0.02211638993969323,4525.2598190129675
H21.33.003,VLMC & Perivascular,0.03723153878599052,4525.2598190129675
H21.33.003,Vip,0.100715357918063,4525.2598190129675
H21.33.003,Astrocyte,0.16036970624711455,4648.925605385086
H21.33.003,Chandelier,0.006049443015519734,4648.925605385086
H21.33.003,Endothelial,0.04129409799022205,4648.925605385086
H21.33.003,Immune,0.03314161695925122,4648.925605385086
H21.33.003,L2/3 IT,0.07713385984575392,4648.925605385086
H21.33.003,L4 IT,0.06428643607630509,4648.925605385086
H21.33.003,L5 ET,0.012704609334068787,4648.925605385086
H21.33.003,L5 IT,0.10704049889981562,4648.925605385086
H21.33.003,L5/6 NP,0.003994137002840199,4648.925605385086
H21.33.003,L6 CT,0.014633186034211994,4648.925605385086
H21.33.003,L6 IT,0.0331731618312534,4648.925605385086
H21.33.003,L6 IT Car3,0.025953502362555107,4648.925605385086
H21.33.003,L6b,0.014135538041587294,4648.925605385086
H21.33.003,Lamp5,0.008386476150257857,4648.925605385086
H21.33.003,Lamp5 Lhx6,0.04082086554882252,4648.925605385086
H21.33.003,OPC,0.0657042210111056,4648.925605385086
H21.33.003,Oligodendrocyte,0.024243755352745425,4648.925605385086
H21.33.003,Pax6,0.01546572170769896,4648.925605385086
H21.33.003,Pvalb,0.061399176883447495,4648.925605385086
H21.33.003,Sncg,0.058948119512016506,4648.925605385086
H21.33.003,Sst,0.019334047137416634,4648.925605385086
H21.33.003,Sst Chodl,0.006856837771850331,4648.925605385086
H21.33.003,VLMC & Perivascular,0.024258857304542396,4648.925605385086
H21.33.003,Vip,0.06042527455219679,4648.925605385086
H21.33.004,Astrocyte,0.030464994868679346,7578.427129379164
H21.33.004,Chandelier,0.021498517731867856,7578.427129379164
H21.33.004,Endothelial,0.022719541590740397,7578.427129379164
H21.33.004,Immune,0.037519962058612,7578.427129379164
H21.33.004,L2/3 IT,0.002456151325500123,7578.427129379164
H21.33.004,L4 IT,0.015590621817578192,7578.427129379164
H21.33.004,L5 ET,0.010411624156596131,7578.427129379164
H21.33.004,L5 IT,0.03573115867963416,7578.427129379164
H21.33.004,L5/6 NP,0.042162304706651964,7578.427129379164
H21.33.004,L6 CT,0.013055078214026518,7578.427129379164
H21.33.004,L6 IT,0.024124294908225815,7578.427129379164
H21.33.004,L6 IT Car3,9.389426738238193e-05,7578.427129379164
H21.33.004,L6b,0.014336805547316948,7578.427129379164
H21.33.004,Lamp5,0.0303395258440673,7578.427129379164
H21.33.004,Lamp5 Lhx6,0.029060055957074383,7578.427129379164
H21.33.004,OPC,0.0633655056195558,7578.427129379164
H21.33.004,Oligodendrocyte,0.0336664369640172,7578.427129379164
H21.33.004,Pax6,0.0016123079410849488,7578.427129379164
H21.33.004,Pvalb,0.025228879895406023,7578.427129379164
H21.33.004,Sncg,0.035457524866000296,7578.427129379164
H21.33.004,Sst,0.00012579513076681095,7578.427129379164
H21.33.004,Sst Chodl,0.022356128848922966,7578.427129379164
H21.33.004,VLMC & Perivascular,0.003509548110081246,7578.427129379164
H21.33.004,Vip,0.006764911819257424,7578.427129379164
H21.33.005,Astrocyte,0.1894244037326144,4538.778958785249
H21.33.005,Chandelier,0.07002801088742247,4538.778958785249
H21.33.005,Endothelial,0.02755159959135578,4538.778958785249
H21.33.005,Immune,0.0875019804822899,4538.778958785249
H21.33.005,L2/3 IT,0.297259384199565,4538.778958785249
H21.33.005,L4 IT,0.027430420936246962,4538.778958785249
H21.33.005,L5 ET,0.025876912447035525,4538.778958785249
H21.33.005,L5 IT,0.11451059544279012,4538.778958785249
H21.33.005,L5/6 NP,0.07145613769497958,4538.778958785249
H21.33.005,L6 CT,0.10740394264626589,4538.778958785249
H21.33.005,L6 IT,0.14204942657208813,4538.778958785249
H21.33.005,L6 IT Car3,0.14238546389832615,4538.778958785249
H21.33.005,L6b,0.05705818282077463,4538.778958785249
H21.33.005,Lamp5,0.06438763890739271,4538.778958785249
H21.33.005,Lamp5 Lhx6,0.03022636762848908,4538.778958785249
H21.33.005,OPC,0.031051975577600702,4538.778958785249
H21.33.005,Oligodendrocyte,0.0314202157395229,4538.778958785249
H21.33.005,Pax6,0.09257488316626057,4538.778958785249
H21.33.005,Pvalb,0.05709312770059423,4538.778958785249
H21.33.005,Sncg,0.06146547078370309,4538.778958785249
H21.33.005,Sst,0.09084302734050005,4538.778958785249
H21.33.005,Sst Chodl,0.02620271892072209,4538.778958785249
H21.33.005,VLMC & Perivascular,0.05248633698989279,4538.778958785249
H21.33.005,Vip,0.18114927455814897,4538.778958785249
H21.33.005,Astrocyte,0.13945725874686496,4729.921001333743
H21.33.005,Chandelier,0.08021907900054359,4729.921001333743
H21.33.005,Endothelial,0.001590226907746817,4729.921001333743
H21.33.005,Immune,0.07530811829899765,4729.921001333743
H21.33.005,L2/3 IT,0.2760120279311387,4729.921001333743
H21.33.005,L4 IT,0.024346179763269655,4729.921001333743
H21.33.005,L5 ET,0.022116289900078877,4729.921001333743
H21.33.005,L5 IT,0.1082915359774829,4729.921001333743
H21.33.005,L5/6 NP,0.08879872155800234,4729.921001333743
H21.33.005,L6 CT,0.08830348949831836,4729.921001333743
H21.33.005,L6 IT,0.1242399937986138,4729.921001333743
H21.33.005,L6 IT Car3,0.13363393612961588,4729.921001333743
H21.33.005,L6b,0.07354553878006335,4729.921001333743
H21.33.005,Lamp5,0.046093528472511865,4729.921001333743
H21.33.005,Lamp5 Lhx6,0.03212293566161078,4729.921001333743
H21.33.005,OPC,0.04903331988112677,4729.921001333743
H21.33.005,Oligodendrocyte,0.052315427180867034,4729.921001333743
H21.33.005,Pax6,0.11278371126114174,4729.921001333743
H21.33.005,Pvalb,0.028451636570067867,4729.921001333743
H21.33.005,Sncg,0.06729316899722586,4729.921001333743
H21.33.005,Sst,0.07685261680938742,4729.921001333743
H21.33.005,Sst Chodl,0.017291061453099794,4729.921001333743
H21.33.005,VLMC & Perivascular,0.013299848371818886,4729.921001333743
H21.33.005,Vip,0.17606350294049597,4729.921001333743
H21.33.005,Astrocyte,0.051873714368956464,5433.751950794088
H21.33.005,Chandelier,0.013211845066143273,5433.751950794088
H21.33.005,Endothelial,0.030004602843656192,5433.751950794088
H21.33.005,Immune,0.012356727848526696,5433.751950794088
H21.33.005,L2/3 IT,0.022706979238326958,5433.751950794088
H21.33.005,L4 IT,0.051701111924207184,5433.751950794088
H21.33.005,L5 ET,0.003835425201876338,5433.751950794088
H21.33.005,L5 IT,0.0060251261377068524,5433.751950794088
H21.33.005,L5/6 NP,0.019160184266978627,5433.751950794088
H21.33.005,L6 CT,0.019941903548761474,5433.751950794088
H21.33.005,L6 IT,0.01808440926505301,5433.751950794088
H21.33.005,L6 IT Car3,0.0083590681098202,5433.751950794088
H21.33.005,L6b,0.018005062945565857,5433.751950794088
H21.33.005,Lamp5,0.018235621747570364,5433.751950794088
H21.33.005,Lamp5 Lhx6,0.0020290134381894917,5433.751950794088
H21.33.005,OPC,0.017636850418885096,5433.751950794088
H21.33.005,Oligodendrocyte,0.020580266117122825,5433.751950794088
H21.33.005,Pax6,0.019532007347399055,5433.751950794088
H21.33.005,Pvalb,0.02843358819572953,5433.751950794088
H21.33.005,Sncg,0.005275981869162903,5433.751950794088
H21.33.005,Sst,0.014604429292237825,5433.751950794088
H21.33.005,Sst Chodl,0.012700808367883882,5433.751950794088
H21.33.005,VLMC & Perivascular,0.04166833115399016,5433.751950794088
H21.33.005,Vip,0.006341716721583123,5433.751950794088
H21.33.006,Astrocyte,0.0057114383931385695,7426.683420453021
H21.33.006,Chandelier,0.025685539425757582,7426.683420453021
H21.33.006,Endothelial,0.017564303633887703,7426.683420453021
H21.33.006,Immune,0.08910117420591351,7426.683420453021
H21.33.006,L2/3 IT,0.01858980078061344,7426.683420453021
H21.33.006,L4 IT,0.012471473126170496,7426.683420453021
H21.33.006,L5 ET,0.006877524320832478,7426.683420453021
H21.33.006,L5 IT,0.012042420894896188,7426.683420453021
H21.33.006,L5/6 NP,0.035295871668846214,7426.683420453021
H21.33.006,L6 CT,0.0045692400863700765,7426.683420453021
H21.33.006,L6 IT,0.010646348409591737,7426.683420453021
H21.33.006,L6 IT Car3,0.03496481515116628,7426.683420453021
H21.33.006,L6b,0.0373168850282518,7426.683420453021
H21.33.006,Lamp5,0.041830984176764535,7426.683420453021
H21.33.006,Lamp5 Lhx6,0.005414194766997432,7426.683420453021
H21.33.006,OPC,0.020540425075176387,7426.683420453021
H21.33.006,Oligodendrocyte,0.025256406530217084,7426.683420453021
H21.33.006,Pax6,0.005940705954983248,7426.683420453021
H21.33.006,Pvalb,0.01587209970149347,7426.683420453021
H21.33.006,Sncg,0.05241950436245015,7426.683420453021
H21.33.006,Sst,0.008296210231030245,7426.683420453021
H21.33.006,Sst Chodl,0.009170342330514794,7426.683420453021
H21.33.006,VLMC & Perivascular,0.008587669551163003,7426.683420453021
H21.33.006,Vip,0.00875112752637339,7426.683420453021
H21.33.006,Astrocyte,0.08082867863652346,6903.115810820598
H21.33.006,Chandelier,0.009643687525004463,6903.115810820598
H21.33.006,Endothelial,0.016895391355966925,6903.115810820598
H21.33.006,Immune,0.01455245569299535,6903.115810820598
H21.33.006,L2/3 IT,0.1153875542070985,6903.115810820598
H21.33.006,L4 IT,0.14615068711655751,6903.115810820598
H21.33.006,L5 ET,0.006056841112192527,6903.115810820598
H21.33.006,L5 IT,0.049591009370110004,6903.115810820598
H21.33.006,L5/6 NP,0.04620375875309524,6903.115810820598
H21.33.006,L6 CT,0.017664470654947487,6903.115810820598
H21.33.006,L6 IT,0.034760083148795376,6903.115810820598
H21.33.006,L6 IT Car3,0.0057475310230147075,6903.115810820598
H21.33.006,L6b,0.010555389680973665,6903.115810820598
H21.33.006,Lamp5,0.020648110961369644,6903.115810820598
H21.33.006,Lamp5 Lhx6,0.041714638603328,6903.115810820598
H21.33.006,OPC,0.1026450917029216,6903.115810820598
H21.33.006,Oligodendrocyte,0.1265679314588625,6903.115810820598
H21.33.006,Pax6,0.016853030989495553,6903.115810820598
H21.33.006,Pvalb,0.05694577557076227,6903.115810820598
H21.33.006,Sncg,0.013736434677012351,6903.115810820598
H21.33.006,Sst,0.026813517483614623,6903.115810820598
H21.33.006,Sst Chodl,0.011171106018586683,6903.115810820598
H21.33.006,VLMC & Perivascular,0.004889456070246431,6903.115810820598
H21.33.006,Vip,0.04216816243216204,6903.115810820598
H21.33.006,Astrocyte,0.07573684270634833,7367.553006275726
H21.33.006,Chandelier,0.016158321760731346,7367.553006275726
H21.33.006,Immune,0.10299079725826402,7367.553006275726
H21.33.006,L2/3 IT,0.13417160871636755,7367.553006275726
H21.33.006,L4 IT,0.13307005739118855,7367.553006275726
H21.33.006,L5 ET,0.0008589207178322375,7367.553006275726
H21.33.006,L5 IT,0.03750898204381702,7367.553006275726
H21.33.006,L5/6 NP,0.07985662767617019,7367.553006275726
H21.33.006,L6 CT,0.022311915657194238,7367.553006275726
H21.33.006,L6 IT,0.024106557285007373,7367.553006275726
H21.33.006,L6 IT Car3,0.029304743473924727,7367.553006275726
H21.33.006,L6b,0.04726201480458871,7367.553006275726
H21.33.006,Lamp5,0.02111656847930952,7367.553006275726
H21.33.006,Lamp5 Lhx6,0.03618395465058885,7367.553006275726
H21.33.006,OPC,0.12027807292314895,7367.553006275726
H21.33.006,Oligodendrocyte,0.15243815219058918,7367.553006275726
H21.33.006,Pax6,0.022673229888917783,7367.553006275726
H21.33.006,Pvalb,0.07242752271057849,7367.553006275726
H21.33.006,Sncg,0.0661591782989655,7367.553006275726
H21.33.006,Sst,0.018544733274114867,7367.553006275726
H21.33.006,Sst Chodl,0.02025865902595198,7367.553006275726
H21.33.006,VLMC & Perivascular,0.013489874054563271,7367.553006275726
H21.33.006,Vip,0.033376616018475073,7367.553006275726
H21.33.007,Astrocyte,0.019878776719014096,8157.9018743109145
H21.33.007,Chandelier,0.017478077208536058,8157.9018743109145
H21.33.007,Endothelial,0.0016251791768148876,8157.9018743109145
H21.33.007,Immune,0.0006724405261167132,8157.9018743109145
H21.33.007,L2/3 IT,0.029156083325328132,8157.9018743109145
H21.33.007,L4 IT,0.03968788124206798,8157.9018743109145
H21.33.007,L5 ET,0.00525723095929904,8157.9018743109145
H21.33.007,L5 IT,0.02760759881812891,8157.9018743109145
H21.33.007,L5/6 NP,0.007868211118483162,8157.9018743109145
H21.33.007,L6 CT,0.01457984147440453,8157.9018743109145
H21.33.007,L6 IT,0.0021363625892548586,8157.9018743109145
H21.33.007,L6 IT Car3,0.009916303160357,8157.9018743109145
H21.33.007,L6b,0.007105537691385533,8157.9018743109145
H21.33.007,Lamp5,0.004292109091018728,8157.9018743109145
H21.33.007,Lamp5 Lhx6,0.009010565026298325,8157.9018743109145
H21.33.007,OPC,0.03184362967923735,8157.9018743109145
H21.33.007,Oligodendrocyte,0.060626576356204366,8157.9018743109145
H21.33.007,Pax6,0.0060475946305957266,8157.9018743109145
H21.33.007,Pvalb,0.01309268492797164,8157.9018743109145
H21.33.007,Sncg,0.0036175950056322264,8157.9018743109145
H21.33.007,Sst,0.0062973816922396696,8157.9018743109145
H21.33.007,Sst Chodl,0.006130187864737174,8157.9018743109145
H21.33.007,VLMC & Perivascular,0.007127327515074387,8157.9018743109145
H21.33.007,Vip,0.0032154904518527077,8157.9018743109145
H21.33.008,Astrocyte,0.022956592505020586,5863.924753459849
H21.33.008,Chandelier,0.0060602127917963365,5863.924753459849
H21.33.008,Endothelial,0.005376650180904493,5863.924753459849
H21.33.008,Immune,0.020077791855942568,5863.924753459849
H21.33.008,L2/3 IT,0.0410173970301035,5863.924753459849
H21.33.008,L4 IT,0.052611210818638295,5863.924753459849
H21.33.008,L5 IT,0.04564137208397933,5863.924753459849
H21.33.008,L5/6 NP,0.025220746397281852,5863.924753459849
H21.33.008,L6 CT,0.03264876918261358,5863.924753459849
H21.33.008,L6 IT,0.03209581303501947,5863.924753459849
H21.33.008,L6 IT Car3,0.04258510155721254,5863.924753459849
H21.33.008,L6b,0.0032113245057635207,5863.924753459849
H21.33.008,Lamp5,0.08704594080522063,5863.924753459849
H21.33.008,Lamp5 Lhx6,0.016361566110626332,5863.924753459849
H21.33.008,OPC,0.07357929982293232,5863.924753459849
H21.33.008,Oligodendrocyte,0.09825110690807204,5863.924753459849
H21.33.008,Pax6,0.037251219355527866,5863.924753459849
H21.33.008,Pvalb,0.0482146173341563,5863.924753459849
H21.33.008,Sncg,0.005101521295241806,5863.924753459849
H21.33.008,Sst,0.050932386575677065,5863.924753459849
H21.33.008,Sst Chodl,0.004441798250680311,5863.924753459849
H21.33.008,VLMC & Perivascular,0.007447127917882206,5863.924753459849
H21.33.008,Vip,0.011226342887064047,5863.924753459849
H21.33.008,Astrocyte,0.1248054444487912,6252.951997473551
H21.33.008,Chandelier,0.001001407626718441,6252.951997473551
H21.33.008,Endothelial,0.02259373513029531,6252.951997473551
H21.33.008,Immune,0.01898352729808706,6252.951997473551
H21.33.008,L2/3 IT,0.2131251341127528,6252.951997473551
H21.33.008,L4 IT,0.11682554677407814,6252.951997473551
H21.33.008,L5 IT,0.025998245359413478,6252.951997473551
H21.33.008,L5/6 NP,0.09804146294209366,6252.951997473551
H21.33.008,L6 CT,0.001032762682900125,6252.951997473551
H21.33.008,L6 IT,0.03429039476909059,6252.951997473551
H21.33.008,L6 IT Car3,0.018846022585613225,6252.951997473551
H21.33.008,L6b,0.0025384481207424334,6252.951997473551
H21.33.008,Lamp5,0.10080960957930662,6252.951997473551
H21.33.008,Lamp5 Lhx6,0.03938005206416712,6252.951997473551
H21.33.008,OPC,0.01271693933882824,6252.951997473551
H21.33.008,Oligodendrocyte,0.06463476688555941,6252.951997473551
H21.33.008,Pax6,0.04549062014188531,6252.951997473551
H21.33.008,Pvalb,0.03515833096770841,6252.951997473551
H21.33.008,Sncg,0.03179922817425941,6252.951997473551
H21.33.008,Sst,0.0947754129393512,6252.951997473551
H21.33.008,Sst Chodl,0.022048930970685717,6252.951997473551
H21.33.008,VLMC & Perivascular,0.016521938601962792,6252.951997473551
H21.33.008,Vip,0.008299623475598605,6252.951997473551
H21.33.008,Astrocyte,0.09970833907653469,5304.64380343888
H21.33.008,Chandelier,0.005069409814335003,5304.64380343888
H21.33.008,Endothelial,0.020543561025016487,5304.64380343888
H21.33.008,Immune,0.03896413586816659,5304.64380343888
H21.33.008,L2/3 IT,0.1695800300133099,5304.64380343888
H21.33.008,L4 IT,0.17016406746237223,5304.64380343888
H21.33.008,L5 IT,0.07157901069955797,5304.64380343888
H21.33.008,L5/6 NP,0.07617255949912992,5304.64380343888
H21.33.008,L6 CT,0.034013139048308626,5304.64380343888
H21.33.008,L6 IT,0.00212450115330934,5304.64380343888
H21.33.008,L6 IT Car3,0.024698907086688184,5304.64380343888
H21.33.008,L6b,0.005747052219446073,5304.64380343888
H21.33.008,Lamp5,0.014020178079455797,5304.64380343888
H21.33.008,Lamp5 Lhx6,0.023334952923057473,5304.64380343888
H21.33.008,OPC,0.05984295230676909,5304.64380343888
H21.33.008,Oligodendrocyte,0.03439080637539509,5304.64380343888
H21.33.008,Pax6,0.008350009598246751,5304.64380343888
H21.33.008,Pvalb,0.013301543236303951,5304.64380343888
H21.33.008,Sncg,0.026486549923220828,5304.64380343888
H21.33.008,Sst,0.045110685562851346,5304.64380343888
H21.33.008,Sst Chodl,0.01726216766875373,5304.64380343888
H21.33.008,VLMC & Perivascular,0.009268951242259262,5304.64380343888
H21.33.008,Vip,0.002935846785198797,5304.64380343888
H21.33.009,Astrocyte,0.09657376007793161,5033.323768531803
H21.33.009,Chandelier,0.011330882151936287,5033.323768531803
H21.33.009,Endothelial,0.008572524034996799,5033.323768531803
H21.33.009,Immune,0.009892256762709765,5033.323768531803
H21.33.009,L2/3 IT,0.029724847616581666,5033.323768531803
H21.33.009,L4 IT,0.04526573289812277,5033.323768531803
H21.33.009,L5 ET,0.004947928261432783,5033.323768531803
H21.33.009,L5 IT,0.043875658905305315,5033.323768531803
H21.33.009,L5/6 NP,0.05490623234402185,5033.323768531803
H21.33.009,L6 CT,0.030403998169940827,5033.323768531803
H21.33.009,L6 IT,0.08032945325785533,5033.323768531803
H21.33.009,L6 IT Car3,0.06840059417744399,5033.323768531803
H21.33.009,L6b,0.04002972961717934,5033.323768531803
H21.33.009,Lamp5,0.019085507798092864,5033.323768531803
H21.33.009,Lamp5 Lhx6,0.05225788840189538,5033.323768531803
H21.33.009,OPC,0.09712885125295805,5033.323768531803
H21.33.009,Oligodendrocyte,0.17520708161851722,5033.323768531803
H21.33.009,Pax6,0.03464059508803487,5033.323768531803
H21.33.009,Pvalb,0.0040459063547837355,5033.323768531803
H21.33.009,Sncg,0.009742518527784313,5033.323768531803
H21.33.009,Sst,0.0061919919352070325,5033.323768531803
H21.33.009,Sst Chodl,0.03280489493220228,5033.323768531803
H21.33.009,VLMC & Perivascular,0.04322963062313361,5033.323768531803
H21.33.009,Vip,0.02528143823069267,5033.323768531803
H21.33.010,Astrocyte,0.24383485495933868,5434.206921742307
H21.33.010,Chandelier,0.06749777493225734,5434.206921742307
H21.33.010,Endothelial,0.003028996508223301,5434.206921742307
H21.33.010,Immune,0.12398373162506611,5434.206921742307
H21.33.010,L2/3 IT,0.1795307979200709,5434.206921742307
H21.33.010,L4 IT,0.09513394033064067,5434.206921742307
H21.33.010,L5 ET,0.04653983149457406,5434.206921742307
H21.33.010,L5 IT,0.11693275421560756,5434.206921742307
H21.33.010,L5/6 NP,0.021489322888741478,5434.206921742307
H21.33.010,L6 CT,0.12081896450760532,5434.206921742307
H21.33.010,L6 IT,0.19679827602755526,5434.206921742307
H21.33.010,L6 IT Car3,0.09766748479184428,5434.206921742307
H21.33.010,L6b,0.14190937335329343,5434.206921742307
H21.33.010,Lamp5,0.02307736733355107,5434.206921742307
H21.33.010,Lamp5 Lhx6,0.00021717849070963224,5434.206921742307
H21.33.010,OPC,0.01213052921555191,5434.206921742307
H21.33.010,Oligodendrocyte,0.21286730495849202,5434.206921742307
H21.33.010,Pax6,0.0564756156225948,5434.206921742307
H21.33.010,Pvalb,0.0022543293609506303,5434.206921742307
H21.33.010,Sncg,0.0736422338460108,5434.206921742307
H21.33.010,Sst,0.09725603253051898,5434.206921742307
H21.33.010,Sst Chodl,0.01591537433636923,5434.206921742307
H21.33.010,VLMC & Perivascular,0.009692287614045957,5434.206921742307
H21.33.010,Vip,0.04764903155535952,5434.206921742307
H21.33.010,Astrocyte,0.23957216829694028,5431.286549707603
H21.33.010,Chandelier,0.06908206022311131,5431.286549707603
H21.33.010,Endothelial,0.030323873566351203,5431.286549707603
H21.33.010,Immune,0.1481319768481266,5431.286549707603
H21.33.010,L2/3 IT,0.1312549674483289,5431.286549707603
H21.33.010,L4 IT,0.09347055555726755,5431.286549707603
H21.33.010,L5 ET,0.04657975474999229,5431.286549707603
H21.33.010,L5 IT,0.15116944483694778,5431.286549707603
H21.33.010,L5/6 NP,0.022874424124047058,5431.286549707603
H21.33.010,L6 CT,0.12215534213665555,5431.286549707603
H21.33.010,L6 IT,0.20375253329512638,5431.286549707603
H21.33.010,L6 IT Car3,0.08388781983447272,5431.286549707603
H21.33.010,L6b,0.13268205293176186,5431.286549707603
H21.33.010,Lamp5,0.009673660371046564,5431.286549707603
H21.33.010,Lamp5 Lhx6,0.01070404835769733,5431.286549707603
H21.33.010,OPC,0.02125832364769004,5431.286549707603
H21.33.010,Oligodendrocyte,0.15249275704383705,5431.286549707603
H21.33.010,Pax6,0.06432661868224644,5431.286549707603
H21.33.010,Pvalb,0.004023785964580107,5431.286549707603
H21.33.010,Sncg,0.08016430048765898,5431.286549707603
H21.33.010,Sst,0.10350008191710618,5431.286549707603
H21.33.010,Sst Chodl,0.03617336094326359,5431.286549707603
H21.33.010,VLMC & Perivascular,0.007672018572466048,5431.286549707603
H21.33.010,Vip,0.06585518526949308,5431.286549707603
H21.33.010,Astrocyte,0.004331221449706961,5947.497940311055
H21.33.010,Chandelier,0.0017028523136820143,5947.497940311055
H21.33.010,Endothelial,0.02707431439164612,5947.497940311055
H21.33.010,Immune,0.024282480034209183,5947.497940311055
H21.33.010,L2/3 IT,0.04815588702978424,5947.497940311055
H21.33.010,L4 IT,0.0016847695901185166,5947.497940311055
H21.33.010,L5 ET,4.040185071652271e-05,5947.497940311055
H21.33.010,L5 IT,0.03526774804220912,5947.497940311055
H21.33.010,L5/6 NP,0.0013976763235398878,5947.497940311055
H21.33.010,L6 CT,0.0016353323970586173,5947.497940311055
H21.33.010,L6 IT,0.007953922829241507,5947.497940311055
H21.33.010,L6 IT Car3,0.014801299291273154,5947.497940311055
H21.33.010,L6b,0.011252088389026962,5947.497940311055
H21.33.010,Lamp5,0.013356105681924316,5947.497940311055
H21.33.010,Lamp5 Lhx6,0.010468041684039902,5947.497940311055
H21.33.010,OPC,0.009094648926389434,5947.497940311055
H21.33.010,Oligodendrocyte,0.07017787623761443,5947.497940311055
H21.33.010,Pax6,0.007932437356124094,5947.497940311055
H21.33.010,Pvalb,0.00627721666092629,5947.497940311055
H21.33.010,Sncg,0.0066112461454986785,5947.497940311055
H21.33.010,Sst,0.006581337864065577,5947.497940311055
H21.33.010,Sst Chodl,0.023239619420722547,5947.497940311055
H21.33.010,VLMC & Perivascular,0.0020135003223189668,5947.497940311055
H21.33.010,Vip,0.018129628870683916,5947.497940311055
H21.33.011,Astrocyte,0.0018749085503753562,9221.209098207119
H21.33.011,Chandelier,0.011967243116922372,9221.209098207119
H21.33.011,Endothelial,0.016243464680219113,9221.209098207119
H21.33.011,Immune,0.0007627524925144018,9221.209098207119
H21.33.011,L2/3 IT,0.022735339992186732,9221.209098207119
H21.33.011,L4 IT,0.012027556026112373,9221.209098207119
H21.33.011,L5 ET,0.011857696599357918,9221.209098207119
H21.33.011,L5 IT,0.0016199576137392658,9221.209098207119
H21.33.011,L5/6 NP,0.0027218929615881564,9221.209098207119
H21.33.011,L6 CT,0.018791477534529036,9221.209098207119
H21.33.011,L6 IT,0.011959397123006086,9221.209098207119
H21.33.011,L6 IT Car3,0.02323040582792522,9221.209098207119
H21.33.011,L6b,0.028181627119754183,9221.209098207119
H21.33.011,Lamp5,0.007240897071922231,9221.209098207119
H21.33.011,Lamp5 Lhx6,0.012138571356711857,9221.209098207119
H21.33.011,OPC,0.01446747639079372,9221.209098207119
H21.33.011,Oligodendrocyte,0.024503597632812346,9221.209098207119
H21.33.011,Pax6,0.01887113183033635,9221.209098207119
H21.33.011,Pvalb,0.00687609386051225,9221.209098207119
H21.33.011,Sncg,0.005149248433667802,9221.209098207119
H21.33.011,Sst,0.007615156568263215,9221.209098207119
H21.33.011,Sst Chodl,0.0011327272897035817,9221.209098207119
H21.33.011,VLMC & Perivascular,0.016451633038687203,9221.209098207119
H21.33.011,Vip,0.029149868681864106,9221.209098207119
H21.33.012,Astrocyte,0.07045076167207304,7956.692750719921
H21.33.012,Chandelier,0.004656214629294192,7956.692750719921
H21.33.012,Endothelial,0.028766926107178015,7956.692750719921
H21.33.012,Immune,0.002350922030141637,7956.692750719921
H21.33.012,L2/3 IT,0.05031536478655294,7956.692750719921
H21.33.012,L4 IT,0.04886706366466867,7956.692750719921
H21.33.012,L5 ET,0.013020280928054127,7956.692750719921
H21.33.012,L5 IT,0.004706680317336004,7956.692750719921
H21.33.012,L5/6 NP,0.019216320669056715,7956.692750719921
H21.33.012,L6 CT,0.020959013896816966,7956.692750719921
H21.33.012,L6 IT,0.010247619301049058,7956.692750719921
H21.33.012,L6 IT Car3,0.006498913423164136,7956.692750719921
H21.33.012,L6b,0.0322221800175922,7956.692750719921
H21.33.012,Lamp5,0.004460610625794089,7956.692750719921
H21.33.012,Lamp5 Lhx6,0.004412090942109432,7956.692750719921
H21.33.012,OPC,0.006995943278080851,7956.692750719921
H21.33.012,Oligodendrocyte,0.0343079343502936,7956.692750719921
H21.33.012,Pax6,0.00227614236218851,7956.692750719921
H21.33.012,Pvalb,0.042028387305501874,7956.692750719921
H21.33.012,Sncg,0.004646615872109815,7956.692750719921
H21.33.012,Sst,0.037429427419362504,7956.692750719921
H21.33.012,Sst Chodl,0.003390857040636005,7956.692750719921
H21.33.012,VLMC & Perivascular,0.036883429718867364,7956.692750719921
H21.33.012,Vip,0.004024874544433028,7956.692750719921
H21.33.013,Astrocyte,0.017951812088703358,5769.674692622951
H21.33.013,Chandelier,0.012233944639394746,5769.674692622951
H21.33.013,Endothelial,0.0018985996251276237,5769.674692622951
H21.33.013,Immune,0.047889720384632066,5769.674692622951
H21.33.013,L2/3 IT,0.0006174747094392456,5769.674692622951
H21.33.013,L4 IT,0.03617965174146118,5769.674692622951
H21.33.013,L5 ET,0.004170003179151323,5769.674692622951
H21.33.013,L5 IT,0.015592403501107036,5769.674692622951
H21.33.013,L5/6 NP,0.021596231494492767,5769.674692622951
H21.33.013,L6 CT,0.010014072250348912,5769.674692622951
H21.33.013,L6 IT,0.05374059380821659,5769.674692622951
H21.33.013,L6 IT Car3,0.018783484072320566,5769.674692622951
H21.33.013,L6b,0.0062959185686052846,5769.674692622951
H21.33.013,Lamp5,0.032296547146423625,5769.674692622951
H21.33.013,Lamp5 Lhx6,0.014149340558575625,5769.674692622951
H21.33.013,OPC,0.027518057049394022,5769.674692622951
H21.33.013,Oligodendrocyte,0.10241457917062999,5769.674692622951
H21.33.013,Pax6,0.0014233799464539022,5769.674692622951
H21.33.013,Pvalb,0.012421805023809105,5769.674692622951
H21.33.013,Sncg,0.030562533059119885,5769.674692622951
H21.33.013,Sst,0.004045184086773906,5769.674692622951
H21.33.013,Sst Chodl,0.027301982185678603,5769.674692622951
H21.33.013,VLMC & Perivascular,0.0035028299209648203,5769.674692622951
H21.33.013,Vip,0.026498711551463317,5769.674692622951
H21.33.014,Astrocyte,0.03105012546936465,6758.6290525072
H21.33.014,Chandelier,0.005502311554495087,6758.6290525072
H21.33.014,Endothelial,0.018662004277098306,6758.6290525072
H21.33.014,Immune,0.025207598755212526,6758.6290525072
H21.33.014,L2/3 IT,0.04632839213583674,6758.6290525072
H21.33.014,L4 IT,0.007653676860173708,6758.6290525072
H21.33.014,L5 ET,0.0004330617339693461,6758.6290525072
H21.33.014,L5 IT,0.06609676960270276,6758.6290525072
H21.33.014,L5/6 NP,0.02122687600185937,6758.6290525072
H21.33.014,L6 CT,0.008532588104970287,6758.6290525072
H21.33.014,L6 IT,0.02247663064704046,6758.6290525072
H21.33.014,L6 IT Car3,0.001776704344620062,6758.6290525072
H21.33.014,L6b,0.028231368636189687,6758.6290525072
H21.33.014,Lamp5,0.011615277506330898,6758.6290525072
H21.33.014,Lamp5 Lhx6,0.014966292466733274,6758.6290525072
H21.33.014,OPC,0.023210195342140735,6758.6290525072
H21.33.014,Oligodendrocyte,0.029797643563354754,6758.6290525072
H21.33.014,Pax6,0.0026267114793283664,6758.6290525072
H21.33.014,Pvalb,0.011063633843132439,6758.6290525072
H21.33.014,Sncg,0.0156881145707188,6758.6290525072
H21.33.014,Sst,0.019044627331759583,6758.6290525072
H21.33.014,Sst Chodl,0.0030800789583639095,6758.6290525072
H21.33.014,VLMC & Perivascular,0.009313631350205031,6758.6290525072
H21.33.014,Vip,0.039346502867799046,6758.6290525072
H21.33.015,Astrocyte,0.04125269547062806,8658.813412593063
H21.33.015,Chandelier,0.005019731493566534,8658.813412593063
H21.33.015,Endothelial,0.014934785909521051,8658.813412593063
H21.33.015,Immune,0.0030257604867357114,8658.813412593063
H21.33.015,L2/3 IT,0.011259117927908832,8658.813412593063
H21.33.015,L4 IT,0.03279842029454754,8658.813412593063
H21.33.015,L5 ET,0.03684258123758779,8658.813412593063
H21.33.015,L5 IT,0.00541439376351538,8658.813412593063
H21.33.015,L5/6 NP,0.009360726787010403,8658.813412593063
H21.33.015,L6 CT,0.02095775658333383,8658.813412593063
H21.33.015,L6 IT,0.008637754822738,8658.813412593063
H21.33.015,L6 IT Car3,0.008377720440932893,8658.813412593063
H21.33.015,L6b,0.020008551459183017,8658.813412593063
H21.33.015,Lamp5,0.002190550580070846,8658.813412593063
H21.33.015,Lamp5 Lhx6,0.019473558360585713,8658.813412593063
H21.33.015,OPC,0.016354175560163272,8658.813412593063
H21.33.015,Oligodendrocyte,0.023375973691909416,8658.813412593063
H21.33.015,Pax6,0.010039119521307776,8658.813412593063
H21.33.015,Pvalb,0.00563205589765102,8658.813412593063
H21.33.015,Sncg,0.00505375521451134,8658.813412593063
H21.33.015,Sst,0.022981305751991327,8658.813412593063
H21.33.015,Sst Chodl,0.00867094262471408,8658.813412593063
H21.33.015,VLMC & Perivascular,0.004653356112632619,8658.813412593063
H21.33.015,Vip,0.021256953532616314,8658.813412593063
H21.33.017,Astrocyte,0.04816521906609528,3553.982991774711
H21.33.017,Chandelier,0.0209195584421259,3553.982991774711
H21.33.017,Endothelial,0.03540725870999532,3553.982991774711
H21.33.017,Immune,0.10000443077068866,3553.982991774711
H21.33.017,L2/3 IT,0.06498668360680188,3553.982991774711
H21.33.017,L4 IT,0.015927318504914294,3553.982991774711
H21.33.017,L5 ET,0.03293102055292427,3553.982991774711
H21.33.017,L5 IT,0.07346754339346921,3553.982991774711
H21.33.017,L5/6 NP,0.05706110030981819,3553.982991774711
H21.33.017,L6 CT,0.007218020401113255,3553.982991774711
H21.33.017,L6 IT,0.05387771676928638,3553.982991774711
H21.33.017,L6 IT Car3,0.006732766309084405,3553.982991774711
H21.33.017,L6b,0.05031414681159734,3553.982991774711
H21.33.017,Lamp5,0.0510561186404786,3553.982991774711
H21.33.017,Lamp5 Lhx6,0.04200381814824668,3553.982991774711
H21.33.017,OPC,0.16442300777779073,3553.982991774711
H21.33.017,Oligodendrocyte,0.011943690327216542,3553.982991774711
H21.33.017,Pax6,0.014520615195941692,3553.982991774711
H21.33.017,Pvalb,0.017658157318357418,3553.982991774711
H21.33.017,Sncg,0.0039659323415521626,3553.982991774711
H21.33.017,Sst,0.045903503831523924,3553.982991774711
H21.33.017,Sst Chodl,0.0032094491204432665,3553.982991774711
H21.33.017,VLMC & Perivascular,0.0450338359724328,3553.982991774711
H21.33.017,Vip,0.01622394514623057,3553.982991774711
H21.33.018,Astrocyte,0.03870345410540984,6527.5720164609065
H21.33.018,Chandelier,0.0047384590088035,6527.5720164609065
H21.33.018,Endothelial,0.008499621972833764,6527.5720164609065
H21.33.018,Immune,0.006663000176747086,6527.5720164609065
H21.33.018,L2/3 IT,0.0008674690273280292,6527.5720164609065
H21.33.018,L4 IT,0.02323134738749694,6527.5720164609065
H21.33.018,L5 ET,0.014289674809937198,6527.5720164609065
H21.33.018,L5 IT,0.03136175894707341,6527.5720164609065
H21.33.018,L5/6 NP,0.016945853796498184,6527.5720164609065
H21.33.018,L6 CT,0.009205271656551868,6527.5720164609065
H21.33.018,L6 IT,0.05768336021959281,6527.5720164609065
H21.33.018,L6 IT Car3,0.0004847657397223922,6527.5720164609065
H21.33.018,L6b,0.013881390379330952,6527.5720164609065
H21.33.018,Lamp5,0.021095743942325506,6527.5720164609065
H21.33.018,Lamp5 Lhx6,0.02551328620449398,6527.5720164609065
H21.33.018,OPC,0.021839870185358275,6527.5720164609065
H21.33.018,Oligodendrocyte,0.04021525379903637,6527.5720164609065
H21.33.018,Pax6,0.005566520432479707,6527.5720164609065
H21.33.018,Pvalb,0.018772628268951694,6527.5720164609065
H21.33.018,Sncg,0.04000754136258325,6527.5720164609065
H21.33.018,Sst,0.05063639343506943,6527.5720164609065
H21.33.018,Sst Chodl,0.013879875245523195,6527.5720164609065
H21.33.018,VLMC & Perivascular,0.016998521083204765,6527.5720164609065
H21.33.018,Vip,0.014458372511327344,6527.5720164609065
H21.33.019,Astrocyte,0.026824269238314564,7556.255606557377
H21.33.019,Chandelier,0.010485020285638327,7556.255606557377
H21.33.019,Endothelial,0.020355650580427508,7556.255606557377
H21.33.019,Immune,0.0025969564374100336,7556.255606557377
H21.33.019,L2/3 IT,0.005500125991289276,7556.255606557377
H21.33.019,L4 IT,0.010481727677291997,7556.255606557377
H21.33.019,L5 ET,0.004037343544122874,7556.255606557377
H21.33.019,L5 IT,0.04767097249165344,7556.255606557377
H21.33.019,L5/6 NP,0.0019738324709371933,7556.255606557377
H21.33.019,L6 CT,0.04679994065930138,7556.255606557377
H21.33.019,L6 IT,0.013682586649469137,7556.255606557377
H21.33.019,L6 IT Car3,0.014842092184011384,7556.255606557377
H21.33.019,L6b,0.012166961566091409,7556.255606557377
H21.33.019,Lamp5,0.032317405330550664,7556.255606557377
H21.33.019,Lamp5 Lhx6,0.012746150832615337,7556.255606557377
H21.33.019,OPC,0.014880177523574609,7556.255606557377
H21.33.019,Oligodendrocyte,0.023752332470387803,7556.255606557377
H21.33.019,Pax6,0.003082611318367941,7556.255606557377
H21.33.019,Pvalb,0.004145289734392976,7556.255606557377
H21.33.019,Sncg,0.010038343742853293,7556.255606557377
H21.33.019,Sst,0.03607618506257976,7556.255606557377
H21.33.019,Sst Chodl,0.006210333705159823,7556.255606557377
H21.33.019,VLMC & Perivascular,0.0027026489542091646,7556.255606557377
H21.33.019,Vip,0.019094808464474144,7556.255606557377
H21.33.019,Astrocyte,0.05391170807869494,7529.107349841939
H21.33.019,Chandelier,0.03302281276779987,7529.107349841939
H21.33.019,Endothelial,0.07036662405827238,7529.107349841939
H21.33.019,Immune,0.011288941305806592,7529.107349841939
H21.33.019,L2/3 IT,0.05038513904430622,7529.107349841939
H21.33.019,L4 IT,0.11340951530627516,7529.107349841939
H21.33.019,L5 ET,0.010404842608965717,7529.107349841939
H21.33.019,L5 IT,0.04749679585330111,7529.107349841939
H21.33.019,L5/6 NP,0.039064719634223664,7529.107349841939
H21.33.019,L6 CT,0.15136780562361588,7529.107349841939
H21.33.019,L6 IT,0.1530301160228978,7529.107349841939
H21.33.019,L6 IT Car3,0.10338384111074388,7529.107349841939
H21.33.019,L6b,0.041195615459869286,7529.107349841939
H21.33.019,Lamp5,0.043465826857853405,7529.107349841939
H21.33.019,Lamp5 Lhx6,0.027078027521341013,7529.107349841939
H21.33.019,OPC,0.030812504684685344,7529.107349841939
H21.33.019,Oligodendrocyte,0.019630643411583847,7529.107349841939
H21.33.019,Pax6,0.0468957059015614,7529.107349841939
H21.33.019,Pvalb,0.0009197819463185373,7529.107349841939
H21.33.019,Sncg,0.04826884378305135,7529.107349841939
H21.33.019,Sst,0.0030620552436696124,7529.107349841939
H21.33.019,Sst Chodl,0.004773981998341361,7529.107349841939
H21.33.019,VLMC & Perivascular,0.05659343794114927,7529.107349841939
H21.33.019,Vip,0.09492888155577178,7529.107349841939
H21.33.019,Astrocyte,0.027289206369514298,8315.869047619048
H21.33.019,Chandelier,0.022365984596898567,8315.869047619048
H21.33.019,Endothelial,0.051840019130922545,8315.869047619048
H21.33.019,Immune,0.008719885197266035,8315.869047619048
H21.33.019,L2/3 IT,0.05582736092151465,8315.869047619048
H21.33.019,L4 IT,0.10224082731916627,8315.869047619048
H21.33.019,L5 ET,0.006328301693304544,8315.869047619048
H21.33.019,L5 IT,0.09498009744245718,8315.869047619048
H21.33.019,L5/6 NP,0.0374071852900681,8315.869047619048
H21.33.019,L6 CT,0.19220144815916357,8315.869047619048
H21.33.019,L6 IT,0.16842238805783138,8315.869047619048
H21.33.019,L6 IT Car3,0.11890597524284273,8315.869047619048
H21.33.019,L6b,0.029750348290299402,8315.869047619048
H21.33.019,Lamp5,0.07526960104858324,8315.869047619048
H21.33.019,Lamp5 Lhx6,0.01449870360440836,8315.869047619048
H21.33.019,OPC,0.04549862716973766,8315.869047619048
H21.33.019,Oligodendrocyte,0.004142087107370375,8315.869047619048
H21.33.019,Pax6,0.049148646261345484,8315.869047619048
H21.33.019,Pvalb,0.0032268495261629352,8315.869047619048
H21.33.019,Sncg,0.05764261899020509,8315.869047619048
H21.33.019,Sst,0.032886760825360545,8315.869047619048
H21.33.019,Sst Chodl,0.01094805985936804,8315.869047619048
H21.33.019,VLMC & Perivascular,0.05247287055382155,8315.869047619048
H21.33.019,Vip,0.11308389699381428,8315.869047619048
H21.33.020,Astrocyte,0.027140086013234033,702.1717530163237
H21.33.020,Endothelial,0.11329351309520284,702.1717530163237
H21.33.020,Immune,0.003402586136459142,702.1717530163237
H21.33.020,L2/3 IT,0.07928095312170176,702.1717530163237
H21.33.020,L4 IT,0.06235022183914369,702.1717530163237
H21.33.020,L5 IT,0.010691387837722043,702.1717530163237
H21.33.020,L5/6 NP,0.1009128690837183,702.1717530163237
H21.33.020,L6 IT,0.08000384556868692,702.1717530163237
H21.33.020,Lamp5,0.05655116892790947,702.1717530163237
H21.33.020,OPC,0.034851045575889215,702.1717530163237
H21.33.020,Oligodendrocyte,0.11588637552666944,702.1717530163237
H21.33.020,Pax6,0.004349202342995735,702.1717530163237
H21.33.020,Pvalb,0.050402652574673676,702.1717530163237
H21.33.020,Sncg,0.05655116892790947,702.1717530163237
H21.33.020,Sst,0.004349202342995735,702.1717530163237
H21.33.020,VLMC & Perivascular,0.0882484939950202,702.1717530163237
H21.33.020,Vip,0.0241775058228555,702.1717530163237
H21.33.021,Astrocyte,0.04802864025352438,5761.970669906283
H21.33.021,Chandelier,0.013089457192551422,5761.970669906283
H21.33.021,Endothelial,0.0057595461089232445,5761.970669906283
H21.33.021,Immune,0.06069477156150532,5761.970669906283
H21.33.021,L2/3 IT,0.006602103021943512,5761.970669906283
H21.33.021,L4 IT,0.006172488415331433,5761.970669906283
H21.33.021,L5 IT,0.0016082812039519313,5761.970669906283
H21.33.021,L5/6 NP,0.011042487538622595,5761.970669906283
H21.33.021,L6 CT,0.009565276865965998,5761.970669906283
H21.33.021,L6 IT,0.03404819796244874,5761.970669906283
H21.33.021,L6 IT Car3,0.0059074961637756015,5761.970669906283
H21.33.021,L6b,0.026978830834415407,5761.970669906283
H21.33.021,Lamp5,0.021826012025351553,5761.970669906283
H21.33.021,Lamp5 Lhx6,0.0034472356538863317,5761.970669906283
H21.33.021,OPC,0.010259862591599387,5761.970669906283
H21.33.021,Oligodendrocyte,0.02196081520650183,5761.970669906283
H21.33.021,Pax6,0.027385818945840565,5761.970669906283
H21.33.021,Pvalb,0.01618581280519321,5761.970669906283
H21.33.021,Sncg,0.007348425859637644,5761.970669906283
H21.33.021,Sst,0.012859685126948251,5761.970669906283
H21.33.021,Sst Chodl,0.015112925159203778,5761.970669906283
H21.33.021,VLMC & Perivascular,0.019650369947796703,5761.970669906283
H21.33.021,Vip,0.027892858284508364,5761.970669906283
H21.33.022,Astrocyte,0.03192363929466586,9243.799326250324
H21.33.022,Chandelier,0.023633377111504608,9243.799326250324
H21.33.022,Endothelial,0.008625521808159058,9243.799326250324
H21.33.022,Immune,0.022590067140355115,9243.799326250324
H21.33.022,L2/3 IT,0.016507509079165244,9243.799326250324
H21.33.022,L4 IT,0.010656169259233503,9243.799326250324
H21.33.022,L5 ET,0.012559579360496839,9243.799326250324
H21.33.022,L5 IT,0.001862475543812302,9243.799326250324
H21.33.022,L5/6 NP,0.0016795413690099041,9243.799326250324
H21.33.022,L6 CT,0.0051335621498081975,9243.799326250324
H21.33.022,L6 IT,0.010640403519331106,9243.799326250324
H21.33.022,L6 IT Car3,0.009068804478754538,9243.799326250324
H21.33.022,L6b,0.00037917796890725577,9243.799326250324
H21.33.022,Lamp5,0.003944971278608927,9243.799326250324
H21.33.022,Lamp5 Lhx6,0.03115072322206478,9243.799326250324
H21.33.022,OPC,0.0075005709118670365,9243.799326250324
H21.33.022,Oligodendrocyte,0.006161266979795483,9243.799326250324
H21.33.022,Pax6,0.012651184301570762,9243.799326250324
H21.33.022,Pvalb,0.01787545571185367,9243.799326250324
H21.33.022,Sncg,0.02196722499253787,9243.799326250324
H21.33.022,Sst,0.02164905604881718,9243.799326250324
H21.33.022,Sst Chodl,0.01776561232542504,9243.799326250324
H21.33.022,VLMC & Perivascular,0.005574688337640869,9243.799326250324
H21.33.022,Vip,0.003338439097239254,9243.799326250324
H21.33.023,Astrocyte,0.01739381195988002,7663.375048631824
H21.33.023,Chandelier,0.014958296540303959,7663.375048631824
H21.33.023,Endothelial,0.01645598873800529,7663.375048631824
H21.33.023,Immune,0.00284820402720935,7663.375048631824
H21.33.023,L2/3 IT,0.011426404514276917,7663.375048631824
H21.33.023,L4 IT,0.011848128966392563,7663.375048631824
H21.33.023,L5 ET,0.018828273747039877,7663.375048631824
H21.33.023,L5 IT,0.0044022000275069076,7663.375048631824
H21.33.023,L5/6 NP,0.008209347309625836,7663.375048631824
H21.33.023,L6 CT,0.012113387876490174,7663.375048631824
H21.33.023,L6 IT,0.003973312014433176,7663.375048631824
H21.33.023,L6 IT Car3,0.004043513072585509,7663.375048631824
H21.33.023,L6b,0.031077558399726292,7663.375048631824
H21.33.023,Lamp5,0.007282788520148433,7663.375048631824
H21.33.023,Lamp5 Lhx6,0.017995777702320213,7663.375048631824
H21.33.023,OPC,0.03449214292025579,7663.375048631824
H21.33.023,Oligodendrocyte,0.02133655664506214,7663.375048631824
H21.33.023,Pax6,0.01885680034080935,7663.375048631824
H21.33.023,Pvalb,0.025050798935455035,7663.375048631824
H21.33.023,Sncg,0.012149901880058295,7663.375048631824
H21.33.023,Sst,0.03922131548829924,7663.375048631824
H21.33.023,Sst Chodl,0.02003150836731354,7663.375048631824
H21.33.023,VLMC & Perivascular,0.007211709403267926,7663.375048631824
H21.33.023,Vip,0.01234520615691991,7663.375048631824
H21.33.025,Astrocyte,0.011602022677880925,6342.139205662603
H21.33.025,Chandelier,0.010804576418603327,6342.139205662603
H21.33.025,Endothelial,0.011244003734081692,6342.139205662603
H21.33.025,Immune,0.029537831518105538,6342.139205662603
H21.33.025,L2/3 IT,0.014389262640424142,6342.139205662603
H21.33.025,L4 IT,5.919607217022279e-05,6342.139205662603
H21.33.025,L5 ET,0.0001252100509009518,6342.139205662603
H21.33.025,L5 IT,0.0023945544646011506,6342.139205662603
H21.33.025,L5/6 NP,0.04232875064049588,6342.139205662603
H21.33.025,L6 CT,0.011299035085412088,6342.139205662603
H21.33.025,L6 IT,0.003605810724761983,6342.139205662603
H21.33.025,L6 IT Car3,0.010479831039882422,6342.139205662603
H21.33.025,L6b,0.023768346861154675,6342.139205662603
H21.33.025,Lamp5,0.011922993276383114,6342.139205662603
H21.33.025,Lamp5 Lhx6,0.019554247571985494,6342.139205662603
H21.33.025,OPC,0.007062365077484913,6342.139205662603
H21.33.025,Oligodendrocyte,0.018174636620061104,6342.139205662603
H21.33.025,Pax6,0.0280335961817518,6342.139205662603
H21.33.025,Pvalb,0.011816626806280307,6342.139205662603
H21.33.025,Sncg,0.009380609353730644,6342.139205662603
H21.33.025,Sst,0.015026791101180813,6342.139205662603
H21.33.025,Sst Chodl,0.030982968997691686,6342.139205662603
H21.33.025,VLMC & Perivascular,0.007368497011398836,6342.139205662603
H21.33.025,Vip,0.0032810211410564875,6342.139205662603
H21.33.026,Astrocyte,0.013700225515710127,5281.054624633153
H21.33.026,Chandelier,0.012149444553366227,5281.054624633153
H21.33.026,Endothelial,0.024081894036096854,5281.054624633153
H21.33.026,Immune,0.0031078543898237195,5281.054624633153
H21.33.026,L2/3 IT,0.003146491831956261,5281.054624633153
H21.33.026,L4 IT,0.003766491682191159,5281.054624633153
H21.33.026,L5 IT,0.0034921484328465954,5281.054624633153
H21.33.026,L5/6 NP,0.023088479581157336,5281.054624633153
H21.33.026,L6 CT,0.011117628933876125,5281.054624633153
H21.33.026,L6 IT,0.006812824549872548,5281.054624633153
H21.33.026,L6 IT Car3,0.0036214559095668532,5281.054624633153
H21.33.026,L6b,0.03553218521793733,5281.054624633153
H21.33.026,Lamp5,0.000356732236200356,5281.054624633153
H21.33.026,Lamp5 Lhx6,0.0066394047019865295,5281.054624633153
H21.33.026,OPC,0.0002888251158661478,5281.054624633153
H21.33.026,Oligodendrocyte,0.03189936313658946,5281.054624633153
H21.33.026,Pax6,0.006702848032374051,5281.054624633153
H21.33.026,Pvalb,0.0293186726549386,5281.054624633153
H21.33.026,Sncg,0.01805805121620873,5281.054624633153
H21.33.026,Sst,0.0022142300774611098,5281.054624633153
H21.33.026,Sst Chodl,0.0005654095056416766,5281.054624633153
H21.33.026,VLMC & Perivascular,0.013464239954088722,5281.054624633153
H21.33.026,Vip,0.014647007974632824,5281.054624633153
H21.33.027,Astrocyte,0.05806065807592187,7417.705485914545
H21.33.027,Chandelier,0.005649433137659515,7417.705485914545
H21.33.027,Endothelial,0.005897816386553049,7417.705485914545
H21.33.027,Immune,7.758045690578861e-06,7417.705485914545
H21.33.027,L2/3 IT,0.014121750226108593,7417.705485914545
H21.33.027,L4 IT,0.008556458861030096,7417.705485914545
H21.33.027,L5 ET,0.03326917884496121,7417.705485914545
H21.33.027,L5 IT,0.0007717156656148223,7417.705485914545
H21.33.027,L5/6 NP,0.02430322284353129,7417.705485914545
H21.33.027,L6 CT,0.010363295212693158,7417.705485914545
H21.33.027,L6 IT,0.002527934201811783,7417.705485914545
H21.33.027,L6 IT Car3,0.02099550725224996,7417.705485914545
H21.33.027,L6b,0.015668671787389593,7417.705485914545
H21.33.027,Lamp5,0.015070642033519151,7417.705485914545
H21.33.027,Lamp5 Lhx6,0.005374101617347992,7417.705485914545
H21.33.027,OPC,0.03225755016178301,7417.705485914545
H21.33.027,Oligodendrocyte,0.00018921918502681312,7417.705485914545
H21.33.027,Pax6,0.005442833050858691,7417.705485914545
H21.33.027,Pvalb,0.016330351377459418,7417.705485914545
H21.33.027,Sncg,0.018842106424015334,7417.705485914545
H21.33.027,Sst,0.005444031028795552,7417.705485914545
H21.33.027,Sst Chodl,0.04179146550815354,7417.705485914545
H21.33.027,VLMC & Perivascular,0.021452776830792344,7417.705485914545
H21.33.027,Vip,0.007292366364889504,7417.705485914545
H21.33.027,Astrocyte,0.16178065076565962,8886.92204445399
H21.33.027,Chandelier,0.0021395481841881663,8886.92204445399
H21.33.027,Endothelial,0.0041555544739934475,8886.92204445399
H21.33.027,Immune,0.14415769141875107,8886.92204445399
H21.33.027,L2/3 IT,0.04059905822046599,8886.92204445399
H21.33.027,L4 IT,0.020172992787672244,8886.92204445399
H21.33.027,L5 ET,0.025953518712384178,8886.92204445399
H21.33.027,L5 IT,0.024943404973520874,8886.92204445399
H21.33.027,L5/6 NP,0.013100230471404324,8886.92204445399
H21.33.027,L6 CT,0.008991649673196747,8886.92204445399
H21.33.027,L6 IT,0.0013736785839488946,8886.92204445399
H21.33.027,L6 IT Car3,0.003653112307086561,8886.92204445399
H21.33.027,L6b,0.008207832447677749,8886.92204445399
H21.33.027,Lamp5,0.007810139644188791,8886.92204445399
H21.33.027,Lamp5 Lhx6,0.03246952838955399,8886.92204445399
H21.33.027,OPC,0.1437221245733583,8886.92204445399
H21.33.027,Oligodendrocyte,0.05045778886732032,8886.92204445399
H21.33.027,Pax6,0.001440194585625754,8886.92204445399
H21.33.027,Pvalb,0.02812278343699778,8886.92204445399
H21.33.027,Sncg,0.0007769351238152186,8886.92204445399
H21.33.027,Sst,0.008463486993495258,8886.92204445399
H21.33.027,Sst Chodl,0.03218142830692416,8886.92204445399
H21.33.027,VLMC & Perivascular,0.018581070422822487,8886.92204445399
H21.33.027,Vip,0.0189510968818835,8886.92204445399
H21.33.027,Astrocyte,0.10753733102494474,9029.82520454787
H21.33.027,Chandelier,0.0035039707254621304,9029.82520454787
H21.33.027,Endothelial,0.001731447842963467,9029.82520454787
H21.33.027,Immune,0.14381866056479758,9029.82520454787
H21.33.027,L2/3 IT,0.02645929190185784,9029.82520454787
H21.33.027,L4 IT,0.02878045622591048,9029.82520454787
H21.33.027,L5 ET,0.008517907353600272,9029.82520454787
H21.33.027,L5 IT,0.025714199918823347,9029.82520454787
H21.33.027,L5/6 NP,0.01123032890712063,9029.82520454787
H21.33.027,L6 CT,0.001269483279102881,9029.82520454787
H21.33.027,L6 IT,0.003909478900897464,9029.82520454787
H21.33.027,L6 IT Car3,0.01717787872134269,9029.82520454787
H21.33.027,L6b,0.007516510204162245,9029.82520454787
H21.33.027,Lamp5,0.023015255404260738,9029.82520454787
H21.33.027,Lamp5 Lhx6,0.026948631364144902,9029.82520454787
H21.33.027,OPC,0.1734016854388093,9029.82520454787
H21.33.027,Oligodendrocyte,0.0506141671197527,9029.82520454787
H21.33.027,Pax6,0.003993737324867829,9029.82520454787
H21.33.027,Pvalb,0.04464226623745009,9029.82520454787
H21.33.027,Sncg,0.01941916455890399,9029.82520454787
H21.33.027,Sst,0.00299315867507279,9029.82520454787
H21.33.027,Sst Chodl,0.012840831989049617,9029.82520454787
H21.33.027,VLMC & Perivascular,0.03906171864514199,9029.82520454787
H21.33.027,Vip,0.011610530496617574,9029.82520454787
H21.33.028,Astrocyte,0.00990314205541897,6261.445340573346
H21.33.028,Chandelier,0.007346841307939095,6261.445340573346
H21.33.028,Endothelial,0.015007030371080143,6261.445340573346
H21.33.028,Immune,0.01967462879903878,6261.445340573346
H21.33.028,L2/3 IT,0.021102096056402227,6261.445340573346
H21.33.028,L4 IT,0.006205716812466639,6261.445340573346
H21.33.028,L5 ET,0.005801092384598039,6261.445340573346
H21.33.028,L5 IT,0.018348093696177514,6261.445340573346
H21.33.028,L5/6 NP,0.018986755476872903,6261.445340573346
H21.33.028,L6 CT,0.010918698032713742,6261.445340573346
H21.33.028,L6 IT,0.018308070126721438,6261.445340573346
H21.33.028,L6 IT Car3,0.006666373017810139,6261.445340573346
H21.33.028,L6b,0.006244288857469713,6261.445340573346
H21.33.028,Lamp5,0.022989513836578927,6261.445340573346
H21.33.028,Lamp5 Lhx6,0.014571248516226471,6261.445340573346
H21.33.028,OPC,0.005152646849993928,6261.445340573346
H21.33.028,Oligodendrocyte,0.01998935686650303,6261.445340573346
H21.33.028,Pax6,0.004502883372270011,6261.445340573346
H21.33.028,Pvalb,0.026691086814856196,6261.445340573346
H21.33.028,Sncg,0.003543523991489927,6261.445340573346
H21.33.028,Sst,0.003076188402217657,6261.445340573346
H21.33.028,Sst Chodl,0.02013116266394255,6261.445340573346
H21.33.028,VLMC & Perivascular,0.0051833205719165245,6261.445340573346
H21.33.028,Vip,0.007030905317756637,6261.445340573346
H21.33.029,Astrocyte,0.006197993609569395,4181.984696317551
H21.33.029,Chandelier,0.009884279406637353,4181.984696317551
H21.33.029,Endothelial,0.014885693663123164,4181.984696317551
H21.33.029,Immune,0.012467941901867823,4181.984696317551
H21.33.029,L2/3 IT,0.021068688068238306,4181.984696317551
H21.33.029,L4 IT,0.021724733713451155,4181.984696317551
H21.33.029,L5 ET,0.029820459553044413,4181.984696317551
H21.33.029,L5 IT,0.01762746849056113,4181.984696317551
H21.33.029,L5/6 NP,0.016750214690743698,4181.984696317551
H21.33.029,L6 CT,0.005499602973023663,4181.984696317551
H21.33.029,L6 IT,0.0038651536326973937,4181.984696317551
H21.33.029,L6 IT Car3,0.020224905166365825,4181.984696317551
H21.33.029,L6b,0.04101400989238495,4181.984696317551
H21.33.029,Lamp5,0.0005674021611705438,4181.984696317551
H21.33.029,Lamp5 Lhx6,0.06128380256909348,4181.984696317551
H21.33.029,OPC,0.0020884400774444506,4181.984696317551
H21.33.029,Oligodendrocyte,0.02745370650163915,4181.984696317551
H21.33.029,Pax6,0.03036710541826877,4181.984696317551
H21.33.029,Pvalb,0.005052563249561531,4181.984696317551
H21.33.029,Sncg,0.01610073261969216,4181.984696317551
H21.33.029,Sst,0.00047696263644924405,4181.984696317551
H21.33.029,Sst Chodl,8.368823341606793e-05,4181.984696317551
H21.33.029,VLMC & Perivascular,0.0072717923910087835,4181.984696317551
H21.33.029,Vip,0.061057139432646845,4181.984696317551
H21.33.030,Astrocyte,0.19903736536343183,3500.4518637958836
H21.33.030,Chandelier,0.07275092412842339,3500.4518637958836
H21.33.030,Endothelial,0.030677311300119834,3500.4518637958836
H21.33.030,Immune,0.014026477459579793,3500.4518637958836
H21.33.030,L2/3 IT,0.12452572684462279,3500.4518637958836
H21.33.030,L4 IT,0.008023158302796691,3500.4518637958836
H21.33.030,L5 ET,0.04226865491729588,3500.4518637958836
H21.33.030,L5 IT,0.04170495861774079,3500.4518637958836
H21.33.030,L5/6 NP,0.0013138716559965148,3500.4518637958836
H21.33.030,L6 CT,0.012287643472721824,3500.4518637958836
H21.33.030,L6 IT,0.019355749645548436,3500.4518637958836
H21.33.030,L6 IT Car3,0.022388520427107754,3500.4518637958836
H21.33.030,L6b,0.03237223629906057,3500.4518637958836
H21.33.030,Lamp5,0.09672142049641458,3500.4518637958836
H21.33.030,Lamp5 Lhx6,0.006929650724723446,3500.4518637958836
H21.33.030,OPC,0.0806639206976574,3500.4518637958836
H21.33.030,Oligodendrocyte,0.16972056247899672,3500.4518637958836
H21.33.030,Pax6,0.050214912174794214,3500.4518637958836
H21.33.030,Pvalb,0.014007961592225355,3500.4518637958836
H21.33.030,Sncg,0.0035498898180363505,3500.4518637958836
H21.33.030,Sst,0.06887938790239888,3500.4518637958836
H21.33.030,Sst Chodl,0.030478912187847238,3500.4518637958836
H21.33.030,VLMC & Perivascular,0.022463018319144035,3500.4518637958836
H21.33.030,Vip,0.05654076977300466,3500.4518637958836
H21.33.031,Astrocyte,0.0004128474212989361,7351.336280176811
H21.33.031,Chandelier,0.04315584366136897,7351.336280176811
H21.33.031,Endothelial,0.0173350663242412,7351.336280176811
H21.33.031,Immune,0.015055911186905005,7351.336280176811
H21.33.031,L2/3 IT,0.016610113007702407,7351.336280176811
H21.33.031,L4 IT,0.01604161895974957,7351.336280176811
H21.33.031,L5 ET,0.006064871185570387,7351.336280176811
H21.33.031,L5 IT,0.006477435644223118,7351.336280176811
H21.33.031,L5/6 NP,0.0068895170664370915,7351.336280176811
H21.33.031,L6 CT,0.017302193808849755,7351.336280176811
H21.33.031,L6 IT,0.012530952722180437,7351.336280176811
H21.33.031,L6 IT Car3,0.031568877011572224,7351.336280176811
H21.33.031,L6b,0.008059127753813917,7351.336280176811
H21.33.031,Lamp5,0.033385490128465325,7351.336280176811
H21.33.031,Lamp5 Lhx6,0.000641681208617427,7351.336280176811
H21.33.031,OPC,0.01683406384290681,7351.336280176811
H21.33.031,Oligodendrocyte,0.09658248030982496,7351.336280176811
H21.33.031,Pax6,0.012098150136605893,7351.336280176811
H21.33.031,Pvalb,0.006871258972655258,7351.336280176811
H21.33.031,Sncg,0.002646132628054007,7351.336280176811
H21.33.031,Sst,0.017901190852695755,7351.336280176811
H21.33.031,Sst Chodl,0.013979727935505342,7351.336280176811
H21.33.031,VLMC & Perivascular,0.022208112361250646,7351.336280176811
H21.33.031,Vip,0.024769123157193113,7351.336280176811
H21.33.032,Astrocyte,0.016286351920238678,7697.330658209825
H21.33.032,Chandelier,0.0048619581239449485,7697.330658209825
H21.33.032,Endothelial,0.008736319592237399,7697.330658209825
H21.33.032,Immune,0.006680330264631439,7697.330658209825
H21.33.032,L2/3 IT,0.00940713938635257,7697.330658209825
H21.33.032,L4 IT,0.00844249353253584,7697.330658209825
H21.33.032,L5 ET,0.0009445882898332738,7697.330658209825
H21.33.032,L5 IT,0.013521733136235248,7697.330658209825
H21.33.032,L5/6 NP,0.0010814464877923185,7697.330658209825
H21.33.032,L6 CT,0.015948949163000305,7697.330658209825
H21.33.032,L6 IT,0.0007157157591842054,7697.330658209825
H21.33.032,L6 IT Car3,0.0008869611685507743,7697.330658209825
H21.33.032,L6b,0.025984259731817134,7697.330658209825
H21.33.032,Lamp5,0.0003051677397013398,7697.330658209825
H21.33.032,Lamp5 Lhx6,0.010161337748000092,7697.330658209825
H21.33.032,OPC,0.08385005249335864,7697.330658209825
H21.33.032,Oligodendrocyte,0.019483798813750366,7697.330658209825
H21.33.032,Pax6,0.01694173627573546,7697.330658209825
H21.33.032,Pvalb,0.014033511022254242,7697.330658209825
H21.33.032,Sncg,0.014447611507813027,7697.330658209825
H21.33.032,Sst,0.008073481784289379,7697.330658209825
H21.33.032,Sst Chodl,0.011376973547358568,7697.330658209825
H21.33.032,VLMC & Perivascular,0.011288569158605401,7697.330658209825
H21.33.032,Vip,0.008984863848310754,7697.330658209825
H21.33.033,Astrocyte,0.044636762788850856,2754.6820809248557
H21.33.033,Chandelier,0.02098247560977276,2754.6820809248557
H21.33.033,Endothelial,0.001973389855860422,2754.6820809248557
H21.33.033,Immune,0.021557575150619117,2754.6820809248557
H21.33.033,L2/3 IT,0.02146556942407698,2754.6820809248557
H21.33.033,L4 IT,0.0089439360371827,2754.6820809248557
H21.33.033,L5 ET,0.007504991295435626,2754.6820809248557
H21.33.033,L5 IT,0.050212757505502456,2754.6820809248557
H21.33.033,L5/6 NP,0.008857675532520648,2754.6820809248557
H21.33.033,L6 CT,0.023212030440182482,2754.6820809248557
H21.33.033,L6 IT,0.031112290989115644,2754.6820809248557
H21.33.033,L6 IT Car3,0.02055679144588894,2754.6820809248557
H21.33.033,L6b,0.03833323519909082,2754.6820809248557
H21.33.033,Lamp5,0.048567640905886264,2754.6820809248557
H21.33.033,Lamp5 Lhx6,0.048957217751526234,2754.6820809248557
H21.33.033,OPC,0.045816647600867004,2754.6820809248557
H21.33.033,Oligodendrocyte,0.0900890002413821,2754.6820809248557
H21.33.033,Pax6,0.012109228951594794,2754.6820809248557
H21.33.033,Pvalb,0.042900781687604125,2754.6820809248557
H21.33.033,Sncg,0.03856142000811594,2754.6820809248557
H21.33.033,Sst,0.01185857033322745,2754.6820809248557
H21.33.033,Sst Chodl,0.028886266266744006,2754.6820809248557
H21.33.033,VLMC & Perivascular,0.005205694292722919,2754.6820809248557
H21.33.033,Vip,0.030797647627579673,2754.6820809248557
H21.33.034,Astrocyte,0.059263694971689755,1332.809291869614
H21.33.034,Chandelier,0.02478288029945085,1332.809291869614
H21.33.034,Endothelial,0.04901287501861398,1332.809291869614
H21.33.034,Immune,0.04590924637600244,1332.809291869614
H21.33.034,L2/3 IT,0.05664759456415558,1332.809291869614
H21.33.034,L4 IT,0.061290769539371404,1332.809291869614
H21.33.034,L5 IT,0.022307807683639023,1332.809291869614
H21.33.034,L5/6 NP,0.05554134528132178,1332.809291869614
H21.33.034,L6 CT,0.02478288029945085,1332.809291869614
H21.33.034,L6 IT,0.036681134856262024,1332.809291869614
H21.33.034,L6 IT Car3,0.007570338036658376,1332.809291869614
H21.33.034,L6b,0.0033833399389289545,1332.809291869614
H21.33.034,Lamp5,0.052874958911095914,1332.809291869614
H21.33.034,Lamp5 Lhx6,0.0039082123222257395,1332.809291869614
H21.33.034,OPC,0.005052149239780136,1332.809291869614
H21.33.034,Oligodendrocyte,0.0385867374052208,1332.809291869614
H21.33.034,Pax6,0.048965499272212686,1332.809291869614
H21.33.034,Pvalb,0.002204664938157332,1332.809291869614
H21.33.034,Sncg,0.017639571140316095,1332.809291869614
H21.33.034,Sst,0.026695284969114306,1332.809291869614
H21.33.034,VLMC & Perivascular,0.16352885437952583,1332.809291869614
H21.33.034,Vip,0.048380471230375,1332.809291869614
H21.33.035,Astrocyte,0.01016616724474798,6749.259758536405
H21.33.035,Chandelier,0.010482714883381487,6749.259758536405
H21.33.035,Endothelial,0.00132160678403942,6749.259758536405
H21.33.035,Immune,0.015985306973208397,6749.259758536405
H21.33.035,L2/3 IT,0.03968303176032746,6749.259758536405
H21.33.035,L4 IT,0.008468221300674579,6749.259758536405
H21.33.035,L5 ET,0.01474365774853575,6749.259758536405
H21.33.035,L5 IT,0.017513992879124404,6749.259758536405
H21.33.035,L5/6 NP,0.013645391017765372,6749.259758536405
H21.33.035,L6 CT,0.010439115918125335,6749.259758536405
H21.33.035,L6 IT,0.020607661112351273,6749.259758536405
H21.33.035,L6 IT Car3,0.008515512195248636,6749.259758536405
H21.33.035,L6b,0.0013561316541328917,6749.259758536405
H21.33.035,Lamp5,0.020123474489061845,6749.259758536405
H21.33.035,Lamp5 Lhx6,0.02100459133903943,6749.259758536405
H21.33.035,OPC,0.023450857790537717,6749.259758536405
H21.33.035,Oligodendrocyte,0.0025737226533820282,6749.259758536405
H21.33.035,Pax6,0.04447447799708811,6749.259758536405
H21.33.035,Pvalb,0.01665231195294172,6749.259758536405
H21.33.035,Sncg,0.013705232435590705,6749.259758536405
H21.33.035,Sst,0.03612188327737807,6749.259758536405
H21.33.035,Sst Chodl,0.007178670955878098,6749.259758536405
H21.33.035,VLMC & Perivascular,0.01737873684916361,6749.259758536405
H21.33.035,Vip,0.006348759369919644,6749.259758536405
H21.33.036,Astrocyte,0.11836268491475765,4825.57678442682
H21.33.036,Chandelier,0.018637391229014862,4825.57678442682
H21.33.036,Endothelial,0.01973287721216106,4825.57678442682
H21.33.036,Immune,0.052289594786213756,4825.57678442682
H21.33.036,L2/3 IT,0.009345829155921154,4825.57678442682
H21.33.036,L4 IT,0.030766353403748743,4825.57678442682
H21.33.036,L5 ET,0.0014717526978103603,4825.57678442682
H21.33.036,L5 IT,0.00025461376981862643,4825.57678442682
H21.33.036,L5/6 NP,0.022873358255706074,4825.57678442682
H21.33.036,L6 CT,0.03581286572032724,4825.57678442682
H21.33.036,L6 IT,0.021992462098841536,4825.57678442682
H21.33.036,L6 IT Car3,0.009093110281726753,4825.57678442682
H21.33.036,L6b,0.01865503424419074,4825.57678442682
H21.33.036,Lamp5,0.002403454909161797,4825.57678442682
H21.33.036,Lamp5 Lhx6,0.0014409296466258948,4825.57678442682
H21.33.036,OPC,0.12316287618828603,4825.57678442682
H21.33.036,Oligodendrocyte,0.0518822330817118,4825.57678442682
H21.33.036,Pax6,0.01765781471834151,4825.57678442682
H21.33.036,Pvalb,0.0005026338586326105,4825.57678442682
H21.33.036,Sncg,0.01688049638490981,4825.57678442682
H21.33.036,Sst,0.08283624820414032,4825.57678442682
H21.33.036,Sst Chodl,0.001040545581306627,4825.57678442682
H21.33.036,VLMC & Perivascular,0.009602654687277421,4825.57678442682
H21.33.036,Vip,0.02874297388754167,4825.57678442682
H21.33.037,Astrocyte,0.21842877017362305,3146.4886527178123
H21.33.037,Chandelier,0.005244133022847157,3146.4886527178123
H21.33.037,Endothelial,0.014408264792879948,3146.4886527178123
H21.33.037,Immune,0.05541484625897075,3146.4886527178123
H21.33.037,L2/3 IT,0.08581820979516928,3146.4886527178123
H21.33.037,L4 IT,0.08227913381941017,3146.4886527178123
H21.33.037,L5 IT,0.06936074022110274,3146.4886527178123
H21.33.037,L5/6 NP,0.0037345423572099482,3146.4886527178123
H21.33.037,L6 CT,0.021048584826647197,3146.4886527178123
H21.33.037,L6 IT,0.0011803206795337712,3146.4886527178123
H21.33.037,L6 IT Car3,0.011437351438124705,3146.4886527178123
H21.33.037,L6b,0.018496142097589777,3146.4886527178123
H21.33.037,Lamp5,0.05267080322703544,3146.4886527178123
H21.33.037,Lamp5 Lhx6,0.004514804529783883,3146.4886527178123
H21.33.037,OPC,0.14783316919865316,3146.4886527178123
H21.33.037,Oligodendrocyte,0.12890897789295128,3146.4886527178123
H21.33.037,Pax6,0.011436817577258954,3146.4886527178123
H21.33.037,Pvalb,0.00035510540881713177,3146.4886527178123
H21.33.037,Sncg,0.04351495244145886,3146.4886527178123
H21.33.037,Sst,0.07454336213159567,3146.4886527178123
H21.33.037,Sst Chodl,0.0030670675370377026,3146.4886527178123
H21.33.037,VLMC & Perivascular,0.0767301589946797,3146.4886527178123
H21.33.037,Vip,0.016986353737412408,3146.4886527178123
H21.33.039,Astrocyte,0.004170673703435086,3932.8516588280154
H21.33.039,Chandelier,0.019147255366100072,3932.8516588280154
H21.33.039,Endothelial,0.0004095240790537502,3932.8516588280154
H21.33.039,Immune,0.00737853714960853,3932.8516588280154
H21.33.039,L2/3 IT,0.03056687206434506,3932.8516588280154
H21.33.039,L4 IT,0.008135930788612968,3932.8516588280154
H21.33.039,L5 ET,0.0008193607520345766,3932.8516588280154
H21.33.039,L5 IT,0.030013615992130278,3932.8516588280154
H21.33.039,L5/6 NP,0.010690492544177857,3932.8516588280154
H21.33.039,L6 CT,0.06560895511390868,3932.8516588280154
H21.33.039,L6 IT,0.0008229299414379562,3932.8516588280154
H21.33.039,L6 IT Car3,0.0013954289599906369,3932.8516588280154
H21.33.039,L6b,0.041954412452244016,3932.8516588280154
H21.33.039,Lamp5,0.013426522506114646,3932.8516588280154
H21.33.039,Lamp5 Lhx6,0.021698192309563345,3932.8516588280154
H21.33.039,OPC,0.008294240163504283,3932.8516588280154
H21.33.039,Oligodendrocyte,0.0097269807371378,3932.8516588280154
H21.33.039,Pax6,0.0013085632603152797,3932.8516588280154
H21.33.039,Pvalb,0.019519792009870363,3932.8516588280154
H21.33.039,Sncg,0.00246815253667834,3932.8516588280154
H21.33.039,Sst,0.03555585292564018,3932.8516588280154
H21.33.039,Sst Chodl,0.023137584180588488,3932.8516588280154
H21.33.039,VLMC & Perivascular,0.009413766833138652,3932.8516588280154
H21.33.039,Vip,0.027638522878506166,3932.8516588280154
H21.33.040,Astrocyte,0.009594902763274796,7528.617836509728
H21.33.040,Chandelier,0.015208590886766621,7528.617836509728
H21.33.040,Endothelial,0.003913889570205876,7528.617836509728
H21.33.040,Immune,0.007718819129703378,7528.617836509728
H21.33.040,L2/3 IT,0.00012043471631862562,7528.617836509728
H21.33.040,L4 IT,0.008319705742654582,7528.617836509728
H21.33.040,L5 ET,0.025221255204085104,7528.617836509728
H21.33.040,L5 IT,0.02087801462780666,7528.617836509728
H21.33.040,L5/6 NP,0.00016746222542067245,7528.617836509728
H21.33.040,L6 CT,0.021695294939677395,7528.617836509728
H21.33.040,L6 IT,0.00982571908319165,7528.617836509728
H21.33.040,L6 IT Car3,0.0035034993375370675,7528.617836509728
H21.33.040,L6b,0.00043214104315998316,7528.617836509728
H21.33.040,Lamp5,0.023718672888804034,7528.617836509728
H21.33.040,Lamp5 Lhx6,0.012418516455107045,7528.617836509728
H21.33.040,OPC,0.012003340604291021,7528.617836509728
H21.33.040,Oligodendrocyte,0.024840767339713323,7528.617836509728
H21.33.040,Pax6,0.01742375775181068,7528.617836509728
H21.33.040,Pvalb,0.006568802891610019,7528.617836509728
H21.33.040,Sncg,0.021012650327684648,7528.617836509728
H21.33.040,Sst,0.0016128424350364814,7528.617836509728
H21.33.040,Sst Chodl,0.006504799874922741,7528.617836509728
H21.33.040,VLMC & Perivascular,0.008355316610880561,7528.617836509728
H21.33.040,Vip,0.006074166188391221,7528.617836509728
H21.33.041,Astrocyte,0.00621479518095662,6907.101851851852
H21.33.041,Chandelier,0.002535873402082847,6907.101851851852
H21.33.041,Endothelial,0.023743734438291413,6907.101851851852
H21.33.041,Immune,0.02694197185852411,6907.101851851852
H21.33.041,L2/3 IT,0.03886126397157809,6907.101851851852
H21.33.041,L4 IT,0.004931371732704904,6907.101851851852
H21.33.041,L5 ET,0.017440040380860156,6907.101851851852
H21.33.041,L5 IT,0.028264612255240584,6907.101851851852
H21.33.041,L5/6 NP,0.0031527495597835813,6907.101851851852
H21.33.041,L6 CT,0.008139155314673404,6907.101851851852
H21.33.041,L6 IT,0.000245836108529526,6907.101851851852
H21.33.041,L6 IT Car3,0.02061128310476209,6907.101851851852
H21.33.041,L6b,0.018923702265008308,6907.101851851852
H21.33.041,Lamp5,0.027425077246270944,6907.101851851852
H21.33.041,Lamp5 Lhx6,0.001392018394621363,6907.101851851852
H21.33.041,OPC,0.0017430369931136682,6907.101851851852
H21.33.041,Oligodendrocyte,0.09451385625903629,6907.101851851852
H21.33.041,Pax6,0.012842510513424249,6907.101851851852
H21.33.041,Pvalb,0.026413275025643154,6907.101851851852
H21.33.041,Sncg,0.007882199113986943,6907.101851851852
H21.33.041,Sst,0.0021427464383092227,6907.101851851852
H21.33.041,Sst Chodl,0.03106689555522089,6907.101851851852
H21.33.041,VLMC & Perivascular,0.006294072458774693,6907.101851851852
H21.33.041,Vip,0.013444995945721827,6907.101851851852
H21.33.042,Astrocyte,0.032980863443121455,6971.500035855145
H21.33.042,Chandelier,0.006147716661428017,6971.500035855145
H21.33.042,Endothelial,0.03347672606448159,6971.500035855145
H21.33.042,Immune,0.0043238366777631435,6971.500035855145
H21.33.042,L2/3 IT,0.015094248182132099,6971.500035855145
H21.33.042,L4 IT,0.01329494345353053,6971.500035855145
H21.33.042,L5 ET,0.015177674196397829,6971.500035855145
H21.33.042,L5 IT,0.0064572819476100786,6971.500035855145
H21.33.042,L5/6 NP,0.007686269735431517,6971.500035855145
H21.33.042,L6 CT,0.006546489322067754,6971.500035855145
H21.33.042,L6 IT,0.017670254369238723,6971.500035855145
H21.33.042,L6 IT Car3,0.03040331802432385,6971.500035855145
H21.33.042,L6b,0.00800328433891828,6971.500035855145
H21.33.042,Lamp5,0.011503241135548167,6971.500035855145
H21.33.042,Lamp5 Lhx6,0.004295228212636474,6971.500035855145
H21.33.042,OPC,0.015124358552256145,6971.500035855145
H21.33.042,Oligodendrocyte,0.036513011585314066,6971.500035855145
H21.33.042,Pax6,0.0055138730872722475,6971.500035855145
H21.33.042,Pvalb,0.014741693735323103,6971.500035855145
H21.33.042,Sncg,0.012871561340699817,6971.500035855145
H21.33.042,Sst,0.014982184812006789,6971.500035855145
H21.33.042,Sst Chodl,0.016000833337405693,6971.500035855145
H21.33.042,VLMC & Perivascular,0.0022079610106237896,6971.500035855145
H21.33.042,Vip,0.023499502238464243,6971.500035855145
H21.33.043,Astrocyte,0.014502830500026449,7205.92658895365
H21.33.043,Chandelier,0.018893071711394767,7205.92658895365
H21.33.043,Endothelial,0.0032918126904791316,7205.92658895365
H21.33.043,Immune,0.00837487901713447,7205.92658895365
H21.33.043,L2/3 IT,0.0027025291673098794,7205.92658895365
H21.33.043,L4 IT,0.014429000656433606,7205.92658895365
H21.33.043,L5 ET,0.004097754630723593,7205.92658895365
H21.33.043,L5 IT,0.01800757661721874,7205.92658895365
H21.33.043,L5/6 NP,0.0211583027749248,7205.92658895365
H21.33.043,L6 CT,0.02021457391790975,7205.92658895365
H21.33.043,L6 IT,0.01229721909033288,7205.92658895365
H21.33.043,L6 IT Car3,0.01229736089180375,7205.92658895365
H21.33.043,L6b,0.025347583463869595,7205.92658895365
H21.33.043,Lamp5,0.003992098635456907,7205.92658895365
H21.33.043,Lamp5 Lhx6,0.0003327265980193422,7205.92658895365
H21.33.043,OPC,0.0020267183545688394,7205.92658895365
H21.33.043,Oligodendrocyte,0.014468655112309433,7205.92658895365
H21.33.043,Pax6,0.013340961074040007,7205.92658895365
H21.33.043,Pvalb,0.0070825266764717116,7205.92658895365
H21.33.043,Sncg,0.011115708956958448,7205.92658895365
H21.33.043,Sst,0.020614124217196297,7205.92658895365
H21.33.043,Sst Chodl,0.004430898241311536,7205.92658895365
H21.33.043,VLMC & Perivascular,0.023108957407201685,7205.92658895365
H21.33.043,Vip,0.015167616547058678,7205.92658895365
H21.33.044,Astrocyte,0.01954334980692603,2603.8064887694377
H21.33.044,Chandelier,0.050338630373993665,2603.8064887694377
H21.33.044,Endothelial,0.08562250897139762,2603.8064887694377
H21.33.044,Immune,0.02385447703888714,2603.8064887694377
H21.33.044,L2/3 IT,0.02439997915320954,2603.8064887694377
H21.33.044,L4 IT,0.0049908846503052,2603.8064887694377
H21.33.044,L5 ET,0.0011085593084078455,2603.8064887694377
H21.33.044,L5 IT,0.028580666089898638,2603.8064887694377
H21.33.044,L5/6 NP,0.048268490177185604,2603.8064887694377
H21.33.044,L6 CT,0.02344928674508616,2603.8064887694377
H21.33.044,L6 IT,0.011569204433617463,2603.8064887694377
H21.33.044,L6 IT Car3,0.025377761579926095,2603.8064887694377
H21.33.044,L6b,0.010195561646239961,2603.8064887694377
H21.33.044,Lamp5,0.02854310789621662,2603.8064887694377
H21.33.044,Lamp5 Lhx6,0.02307736279424793,2603.8064887694377
H21.33.044,OPC,0.0897615821804311,2603.8064887694377
H21.33.044,Oligodendrocyte,0.05395250062642964,2603.8064887694377
H21.33.044,Pax6,0.00929308786007463,2603.8064887694377
H21.33.044,Pvalb,0.055463833903471024,2603.8064887694377
H21.33.044,Sncg,0.025574506444766446,2603.8064887694377
H21.33.044,Sst,0.045646848918092495,2603.8064887694377
H21.33.044,Sst Chodl,0.028173431327307458,2603.8064887694377
H21.33.044,VLMC & Perivascular,0.08887092301254447,2603.8064887694377
H21.33.044,Vip,0.06463755275857146,2603.8064887694377
H21.33.045,Astrocyte,0.03467961246187405,2773.561891269701
H21.33.045,Chandelier,0.02107385623233628,2773.561891269701
H21.33.045,Endothelial,0.02297683353307848,2773.561891269701
H21.33.045,Immune,0.03910588130933672,2773.561891269701
H21.33.045,L2/3 IT,0.010259253349727486,2773.561891269701
H21.33.045,L4 IT,0.02345893078126696,2773.561891269701
H21.33.045,L5 ET,0.04699790706942725,2773.561891269701
H21.33.045,L5 IT,0.02848011739024538,2773.561891269701
H21.33.045,L5/6 NP,0.0235952138104689,2773.561891269701
H21.33.045,L6 CT,0.015311675048859849,2773.561891269701
H21.33.045,L6 IT,0.09975073718503269,2773.561891269701
H21.33.045,L6 IT Car3,0.06621748849388412,2773.561891269701
H21.33.045,L6b,0.01693371134888617,2773.561891269701
H21.33.045,Lamp5,0.02884010317923202,2773.561891269701
H21.33.045,Lamp5 Lhx6,0.03267261067837501,2773.561891269701
H21.33.045,OPC,0.04118928429018139,2773.561891269701
H21.33.045,Oligodendrocyte,0.031097992300210677,2773.561891269701
H21.33.045,Pax6,0.002420660295038428,2773.561891269701
H21.33.045,Pvalb,0.024167747075739227,2773.561891269701
H21.33.045,Sncg,0.009621513892928073,2773.561891269701
H21.33.045,Sst,0.009918633200633943,2773.561891269701
H21.33.045,Sst Chodl,0.030699827651386454,2773.561891269701
H21.33.045,VLMC & Perivascular,0.01637226267006886,2773.561891269701
H21.33.045,Vip,0.010106888951316726,2773.561891269701
H21.33.047,Astrocyte,0.015365888622612307,6600.35014702556
H21.33.047,Chandelier,0.01684830672136812,6600.35014702556
H21.33.047,Endothelial,0.01356837219586081,6600.35014702556
H21.33.047,Immune,0.010706579002530631,6600.35014702556
H21.33.047,L2/3 IT,0.002667616308929336,6600.35014702556
H21.33.047,L4 IT,0.004612639196609348,6600.35014702556
H21.33.047,L5 ET,0.022986215921055108,6600.35014702556
H21.33.047,L5 IT,0.016724268762994664,6600.35014702556
H21.33.047,L5/6 NP,0.0028657965604245894,6600.35014702556
H21.33.047,L6 CT,0.0011826618334127325,6600.35014702556
H21.33.047,L6 IT,0.01143927847197368,6600.35014702556
H21.33.047,L6 IT Car3,0.015422674416698017,6600.35014702556
H21.33.047,L6b,0.012280412148040555,6600.35014702556
H21.33.047,Lamp5,0.017084107010473717,6600.35014702556
H21.33.047,Lamp5 Lhx6,0.0007117367072202872,6600.35014702556
H21.33.047,OPC,0.002248890180277174,6600.35014702556
H21.33.047,Oligodendrocyte,0.044769883704999534,6600.35014702556
H21.33.047,Pax6,0.004336614900108628,6600.35014702556
H21.33.047,Pvalb,0.001972314704410134,6600.35014702556
H21.33.047,Sncg,0.009781409092759898,6600.35014702556
H21.33.047,Sst,0.03343861915753064,6600.35014702556
H21.33.047,Sst Chodl,0.014812641835334182,6600.35014702556
H21.33.047,VLMC & Perivascular,0.01723369511304479,6600.35014702556
H21.33.047,Vip,0.008144538902444466,6600.35014702556
