donor,ct,floor,n_eff
H19.33.004,Astrocyte,0.1137589231132415,458.82035306334376
H19.33.004,Chandelier,0.3060095328351469,68.28368794326241
H19.33.004,Endothelial,0.004007965940940824,31.42857142857143
H19.33.004,Immune,0.14924025413922093,116.86324786324786
H19.33.004,L2/3 IT,0.6708685295392529,1560.2037808394746
H19.33.004,L4 IT,0.41567218899691566,693.6944045911048
H19.33.004,L5 ET,0.18202559896918305,11.478260869565217
H19.33.004,L5 IT,0.08764813555452948,520.1758652946679
H19.33.004,L5/6 NP,0.48846552152656175,95.95833333333334
H19.33.004,L6 CT,0.005052742852050471,58.144000000000005
H19.33.004,L6 IT,0.372031652374871,181.51466666666667
H19.33.004,L6 IT Car3,0.08022643563769227,140.54609929078015
H19.33.004,L6b,0.1414386661092618,33.908256880733944
H19.33.004,Lamp5,0.04144032803102936,154.91961414790995
H19.33.004,Lamp5 Lhx6,0.5539335098365811,115.99137931034481
H19.33.004,OPC,0.15005163151814085,245.17202268430998
H19.33.004,Oligodendrocyte,0.02335284524137704,129.7655172413793
H19.33.004,Pax6,0.5243902554166554,49.02
H19.33.004,Pvalb,0.3870399758174023,503.14624505928856
H19.33.004,Sncg,1.0291571345440997,66.76119402985074
H19.33.004,Sst,0.5352783292873933,349.92857142857144
H19.33.004,VLMC & Perivascular,0.32778862786462093,17.6
H19.33.004,Vip,0.1517161388903944,517.3568702290077
H19.33.004,Astrocyte,0.14552884213117626,350.79716312056735
H19.33.004,Chandelier,0.09170684318110654,61.621212121212125
H19.33.004,Endothelial,0.16427412688942464,24.64
H19.33.004,Immune,0.04301970048708925,105.80465116279069
H19.33.004,L2/3 IT,0.923138602717051,1329.158357771261
H19.33.004,L4 IT,0.5677962073857429,577.9982905982905
H19.33.004,L5 ET,0.25912424895775127,9.263157894736842
H19.33.004,L5 IT,0.24124372084179824,461.044420368364
H19.33.004,L5/6 NP,0.634845844935815,83.67251461988305
H19.33.004,L6 CT,0.13269867141768402,40.390243902439025
H19.33.004,L6 IT,0.3495094066942014,156.94267515923565
H19.33.004,L6 IT Car3,0.018852007264498077,128.5267175572519
H19.33.004,L6b,0.2780898060405564,27.05084745762712
H19.33.004,Lamp5,0.04135632630249617,132.32958801498128
H19.33.004,Lamp5 Lhx6,0.8099299428192394,105.23584905660377
H19.33.004,OPC,0.45222268078063593,197.87373737373736
H19.33.004,Oligodendrocyte,0.047089930228075096,97.4974358974359
H19.33.004,Pax6,0.7133352484045572,39.775
H19.33.004,Pvalb,0.5835938755654951,417.59999999999997
H19.33.004,Sncg,1.0041294003895689,63.84496124031008
H19.33.004,Sst,0.6416669752568187,286.52542372881356
H19.33.004,VLMC & Perivascular,0.1713660590377038,14.068965517241379
H19.33.004,Vip,0.4153400266901509,468.9658848614072
H19.33.004,Astrocyte,1.1388745916581993,543.75
H19.33.004,Chandelier,0.7358782067304731,98.79024390243903
H19.33.004,Endothelial,0.5638460428540544,29.764705882352942
H19.33.004,Immune,0.9995556152618833,185.03112840466926
H19.33.004,L2/3 IT,1.0978032672833171,1788.1209455744913
H19.33.004,L4 IT,1.1827979086529714,822.6038374717832
H19.33.004,L5 ET,1.154960516313398,16.097560975609756
H19.33.004,L5 IT,1.157362011486398,586.837817063797
H19.33.004,L5/6 NP,1.377086075019967,129.5363321799308
H19.33.004,L6 CT,1.2248999763465365,65.87654320987654
H19.33.004,L6 IT,1.5384960209574854,223.75133214920072
H19.33.004,L6 IT Car3,1.1406021383586753,203.72823779193206
H19.33.004,L6b,0.9230607171773599,33.6
H19.33.004,Lamp5,0.7675842012125104,165.86982248520712
H19.33.004,Lamp5 Lhx6,1.4868456002370798,148.86503067484662
H19.33.004,OPC,0.8227643613800084,273.80421686746985
H19.33.004,Oligodendrocyte,0.6406480382519183,103.20772946859904
H19.33.004,Pax6,1.2912509589371919,56.65079365079366
H19.33.004,Pvalb,1.1414798947424316,602.3762376237623
H19.33.004,Sncg,1.1328061642931047,65.0381679389313
H19.33.004,Sst,1.0366494389303205,413.8399071925754
H19.33.004,VLMC & Perivascular,1.0323976706470896,14.709677419354842
H19.33.004,Vip,1.1903831205831235,605.3378378378378
H19.33.004,Astrocyte,0.031769919017934745,420.58643326039385
H19.33.004,Chandelier,0.39771637601625354,53.1214953271028
H19.33.004,Endothelial,0.1682820928303656,37.10843373493976
H19.33.004,Immune,0.19225995462631018,102.6280193236715
H19.33.004,L2/3 IT,0.2522700731777981,1313.7385474860337
H19.33.004,L4 IT,0.1521240183888271,613.1832543443918
H19.33.004,L5 ET,0.0770986499885683,9.600000000000001
H19.33.004,L5 IT,0.15359558528726888,539.2932604735884
H19.33.004,L5/6 NP,0.14638032340925317,82.17964071856287
H19.33.004,L6 CT,0.1276459285656334,49.46086956521739
H19.33.004,L6 IT,0.022522245680669854,185.61679790026247
H19.33.004,L6 IT Car3,0.09907844290219044,122.1869918699187
H19.33.004,L6b,0.13665113993129452,53.079365079365076
H19.33.004,Lamp5,0.08279665433352548,139.6153846153846
H19.33.004,Lamp5 Lhx6,0.25599643298265845,106.06542056074765
H19.33.004,OPC,0.3021710492624952,253.09090909090907
H19.33.004,Oligodendrocyte,0.023737084986698156,128.8858131487889
H19.33.004,Pax6,0.1889449929879016,44.87234042553192
H19.33.004,Pvalb,0.19655389974809273,445.35939196525516
H19.33.004,Sncg,0.02502773415453075,60.396694214876035
H19.33.004,Sst,0.10638864596942561,289.9166666666667
H19.33.004,VLMC & Perivascular,0.15642256882691716,22.44
H19.33.004,Vip,0.2636238877997567,522.2708333333334
H19.33.004,Astrocyte,1.252633514771441,732.0307495195387
H19.33.004,Chandelier,0.42986867389532624,78.62222222222222
H19.33.004,Endothelial,0.5678540087949953,50.099009900990104
H19.33.004,Immune,0.8503153611226625,175.5296442687747
H19.33.004,L2/3 IT,0.42693473774406426,1760.3248956884563
H19.33.004,L4 IT,0.7671257196560557,895.754817987152
H19.33.004,L5 ET,1.336986115282581,17.142857142857142
H19.33.004,L5 IT,1.0697138759318685,719.7669376693767
H19.33.004,L5/6 NP,0.8886205534934052,125.99298245614035
H19.33.004,L6 CT,1.2299527191985868,93.98974358974358
H19.33.004,L6 IT,1.1664643685826142,286.94920634920635
H19.33.004,L6 IT Car3,1.060375702720983,188.24615384615387
H19.33.004,L6b,1.0644993832866216,85.95348837209302
H19.33.004,Lamp5,0.8090245292435397,177.47899159663865
H19.33.004,Lamp5 Lhx6,0.932912090400499,150.53048780487802
H19.33.004,OPC,0.9728159928981491,392.2081784386618
H19.33.004,Oligodendrocyte,0.6172951930105413,139.05647840531563
H19.33.004,Pax6,0.7668607035205364,67.58571428571429
H19.33.004,Pvalb,0.7544399189250296,661.886249100072
H19.33.004,Sncg,0.10364902974900526,61.46341463414635
H19.33.004,Sst,0.5013711096429273,420.9518348623853
H19.33.004,Sst Chodl,1.6186698076525554,14.0
H19.33.004,VLMC & Perivascular,0.7046090427824685,24.115384615384617
H19.33.004,Vip,1.038666981692729,697.1875862068965
H19.33.004,Astrocyte,1.2844034337893757,490.8672294704528
H19.33.004,Chandelier,0.8275850499115798,69.91812865497077
H19.33.004,Endothelial,0.39957191596462976,34.810810810810814
H19.33.004,Immune,1.0425753157489726,151.71252566735112
H19.33.004,L2/3 IT,0.17466466456626614,1471.690193628982
H19.33.004,L4 IT,0.6150017012672286,711.7798053527981
H19.33.004,L5 ET,1.4140847652711492,12.631578947368421
H19.33.004,L5 IT,0.9161182906445998,611.2842105263159
H19.33.004,L5/6 NP,0.7422402300841522,105.62878787878789
H19.33.004,L6 CT,1.3575986477642201,54.94736842105263
H19.33.004,L6 IT,1.1889866142632841,230.0175746924429
H19.33.004,L6 IT Car3,1.1594541456231735,167.29195402298853
H19.33.004,L6b,1.2011505232179163,52.32786885245902
H19.33.004,Lamp5,0.7262278749100141,148.44728434504793
H19.33.004,Lamp5 Lhx6,0.6769156574178405,132.9025974025974
H19.33.004,OPC,1.2749870421606444,283.7181008902077
H19.33.004,Oligodendrocyte,0.593558108023843,102.6504854368932
H19.33.004,Pax6,0.5779157105326347,51.18333333333334
H19.33.004,Pvalb,0.5578860191769368,521.3829787234042
H19.33.004,Sncg,0.128676763903536,58.98305084745762
H19.33.004,Sst,0.39498246367350176,332.4540682414698
H19.33.004,VLMC & Perivascular,0.8610316116093858,17.944444444444446
H19.33.004,Vip,0.7750430938929723,612.076119402985
H20.33.001,Astrocyte,0.4095306394212032,469.37619961612285
H20.33.001,Chandelier,0.8792012456248637,48.379999999999995
H20.33.001,Endothelial,1.161844444451316,12.214285714285715
H20.33.001,Immune,0.5212967836383018,300.3636363636364
H20.33.001,L2/3 IT,0.5064482024778757,1870.8838280450357
H20.33.001,L4 IT,0.5615985076556458,929.7066392177047
H20.33.001,L5 ET,0.6839092742385189,16.864864864864867
H20.33.001,L5 IT,0.5095854581267064,674.0729613733906
H20.33.001,L5/6 NP,0.45811603886224017,139.83552631578948
H20.33.001,L6 CT,0.7631270255435411,102.74380165289256
H20.33.001,L6 IT,0.7747792432700114,299.7243491577335
H20.33.001,L6 IT Car3,0.8363737641062253,187.42346938775512
H20.33.001,L6b,0.801304516508909,90.95833333333334
H20.33.001,Lamp5,0.4751675066165823,122.23481781376519
H20.33.001,Lamp5 Lhx6,0.582788954348999,97.11219512195123
H20.33.001,OPC,0.485158105112705,235.4671968190855
H20.33.001,Oligodendrocyte,0.3463733277841147,219.73498964803312
H20.33.001,Pax6,0.617247903250955,27.69230769230769
H20.33.001,Pvalb,0.40808163631061245,414.9639344262295
H20.33.001,Sncg,0.5087529451191483,48.379999999999995
H20.33.001,Sst,0.6252137834008261,119.8099173553719
H20.33.001,VLMC & Perivascular,0.8521404897021981,12.235294117647058
H20.33.001,Vip,0.6588968672617062,455.06596858638744
H20.33.001,Astrocyte,0.44939337101399807,138.60948081264107
H20.33.001,Chandelier,0.1996103065114905,34.647887323943664
H20.33.001,Endothelial,0.9542283393153765,8.470588235294118
H20.33.001,Immune,1.0876649479925815,175.74468085106383
H20.33.001,L2/3 IT,0.5642923312514777,1444.1082012405238
H20.33.001,L4 IT,0.34178081606626864,643.7037037037037
H20.33.001,L5 ET,0.5487910981311508,13.928571428571429
H20.33.001,L5 IT,0.7534258961210024,510.9593023255814
H20.33.001,L5/6 NP,0.9854488866790864,82.21714285714286
H20.33.001,L6 CT,0.11910654863666291,78.2420382165605
H20.33.001,L6 IT,0.07996614820176678,235.4734607218684
H20.33.001,L6 IT Car3,0.8720108394489666,119.32539682539682
H20.33.001,L6b,0.7019879476802456,87.49171270718232
H20.33.001,Lamp5,1.071700181417302,135.23239436619718
H20.33.001,Lamp5 Lhx6,0.5000091096299311,79.0
H20.33.001,OPC,1.129765325189986,192.39480519480523
H20.33.001,Oligodendrocyte,0.7150263256354485,27.554347826086957
H20.33.001,Pax6,0.19963631231966397,20.952380952380953
H20.33.001,Pvalb,0.2950176607684046,322.922600619195
H20.33.001,Sncg,1.1532077235460496,43.35632183908046
H20.33.001,Sst,0.23080244473162514,116.01716738197425
H20.33.001,VLMC & Perivascular,0.3069762671480732,13.968253968253968
H20.33.001,Vip,0.6329521879941031,372.9973190348526
H20.33.001,Astrocyte,0.03986273159279462,152.81452658884567
H20.33.001,Chandelier,1.0788115521363542,39.7752808988764
H20.33.001,Endothelial,0.20761610513593942,11.25925925925926
H20.33.001,Immune,0.5663681643542798,209.1139240506329
H20.33.001,L2/3 IT,1.0707405337293532,1717.5334412081984
H20.33.001,L4 IT,0.9033793237219144,751.6442641946697
H20.33.001,L5 ET,0.13511817610736804,18.46153846153846
H20.33.001,L5 IT,1.2630113542477088,596.3194444444445
H20.33.001,L5/6 NP,1.4435649255413263,98.62068965517241
H20.33.001,L6 CT,0.882233574180204,111.10756972111554
H20.33.001,L6 IT,0.6948130950682445,303.82978723404256
H20.33.001,L6 IT Car3,0.03563707534274154,137.65868263473055
H20.33.001,L6b,0.0993165688286634,112.23111111111112
H20.33.001,Lamp5,1.5468676880338845,152.28478964401296
H20.33.001,Lamp5 Lhx6,1.08279806397893,97.11219512195123
H20.33.001,OPC,0.6446072200772809,242.40234375
H20.33.001,Oligodendrocyte,0.3686529978513338,28.632218844984802
H20.33.001,Pax6,0.8168842155706189,29.55223880597015
H20.33.001,Pvalb,0.703099297079017,423.38594594594593
H20.33.001,Sncg,1.661960668665198,51.6952380952381
H20.33.001,Sst,0.8560162281324514,128.34241245136187
H20.33.001,VLMC & Perivascular,0.5451642225541251,35.30864197530864
H20.33.001,Vip,1.2918490552558093,453.58237145855196
H20.33.002,Astrocyte,0.37192824085869186,211.94748358862142
H20.33.002,Chandelier,0.7251920532428884,46.97872340425533
H20.33.002,Immune,0.014063751086436658,182.0616740088106
H20.33.002,L2/3 IT,0.43209104247109176,2131.8192090395482
H20.33.002,L4 IT,0.5001640757217146,758.3518873960332
H20.33.002,L5 ET,0.029543790810658208,9.9
H20.33.002,L5 IT,0.48557271651174866,652.6681647940076
H20.33.002,L5/6 NP,0.5205716136721888,108.51754385964912
H20.33.002,L6 CT,0.7393178605200119,64.84285714285714
H20.33.002,L6 IT,0.054322707260822285,142.78032786885245
H20.33.002,L6 IT Car3,0.0304102757874017,120.0790513833992
H20.33.002,L6b,0.5207343324648921,43.82608695652174
H20.33.002,Lamp5,0.5795415321863008,225.0
H20.33.002,Lamp5 Lhx6,0.6585424259700254,114.0603448275862
H20.33.002,OPC,0.34135940311451407,111.86147186147187
H20.33.002,Oligodendrocyte,0.20901455316801393,626.8804347826087
H20.33.002,Pax6,0.5363038175381756,50.82352941176471
H20.33.002,Pvalb,0.4109484344109583,471.15966386554624
H20.33.002,Sncg,0.6780451301121101,156.78233438485805
H20.33.002,Sst,0.6391848107974787,220.90293453724604
H20.33.002,Sst Chodl,2.3107905444536683,5.0
H20.33.002,VLMC & Perivascular,0.4307226009722036,11.999999999999998
H20.33.002,Vip,0.7505209355031213,490.41123370110336
H20.33.002,Astrocyte,0.46279504823821865,149.9141914191419
H20.33.002,Chandelier,0.1472845445425203,53.72477064220183
H20.33.002,Immune,0.12397499620548881,94.81188118811882
H20.33.002,L2/3 IT,1.2897843132273206,1960.540813747789
H20.33.002,L4 IT,0.7160935679271978,608.8788870703764
H20.33.002,L5 IT,0.9522693176581245,513.1737451737451
H20.33.002,L5/6 NP,0.1959997491555134,65.64539007092199
H20.33.002,L6 CT,0.8720976345496311,32.64
H20.33.002,L6 IT,0.4291116298140562,77.75722543352602
H20.33.002,L6 IT Car3,2.2966601868148433,94.90526315789475
H20.33.002,L6b,0.8276288040817257,21.176470588235293
H20.33.002,Lamp5,0.5185689456157853,208.92857142857142
H20.33.002,Lamp5 Lhx6,0.4700204209123139,90.5136612021858
H20.33.002,OPC,0.3367901099043461,57.279411764705884
H20.33.002,Oligodendrocyte,0.02859633464862493,472.74791666666664
H20.33.002,Pax6,0.8679200575677886,48.97959183673469
H20.33.002,Pvalb,1.3576029570729764,388.6938775510204
H20.33.002,Sncg,0.47510184070613737,129.48659003831418
H20.33.002,Sst,0.3233569154465343,204.87804878048777
H20.33.002,Sst Chodl,1.92198102780259,5.0
H20.33.002,VLMC & Perivascular,0.3477038765587383,7.5
H20.33.002,Vip,0.5425720352901662,423.1877213695396
H20.33.002,Astrocyte,0.09086680737952678,185.1643192488263
H20.33.002,Chandelier,0.8724765977854086,52.44859813084112
H20.33.002,Immune,0.13803874729192558,123.40594059405942
H20.33.002,L2/3 IT,0.8576932707562288,2378.1945022907125
H20.33.002,L4 IT,0.21592949220548333,706.5057008718981
H20.33.002,L5 IT,0.46669660114637584,581.3052631578947
H20.33.002,L5/6 NP,0.7165713628277022,75.68586387434554
H20.33.002,L6 CT,0.13277977402961916,37.80530973451327
H20.33.002,L6 IT,0.3747889225532339,90.15199999999999
H20.33.002,L6 IT Car3,2.266249911027441,115.46558704453442
H20.33.002,L6b,0.30689447161683353,23.661971830985912
H20.33.002,Lamp5,0.06097258657051574,208.92857142857142
H20.33.002,Lamp5 Lhx6,0.18852200505771152,100.86384976525822
H20.33.002,OPC,0.004569293210167779,63.00564971751412
H20.33.002,Oligodendrocyte,0.18041821851938897,539.0239316239316
H20.33.002,Pax6,0.33161624002961304,51.92307692307692
H20.33.002,Pvalb,0.946654522662018,423.9636363636364
H20.33.002,Sncg,0.20294328940597267,141.66666666666666
H20.33.002,Sst,0.3158278953509445,215.24249422632792
H20.33.002,Sst Chodl,0.3888095166510781,5.0
H20.33.002,VLMC & Perivascular,0.778426477530942,8.571428571428571
H20.33.002,Vip,0.2079489002129552,475.44969199178644
H20.33.004,Astrocyte,0.02610822019426591,233.48496240601503
H20.33.004,Chandelier,0.1189645260898276,44.57142857142857
H20.33.004,Immune,0.4834725138809519,257.56906077348066
H20.33.004,L2/3 IT,0.029217115518343533,1899.0722453222454
H20.33.004,L4 IT,0.08675326189596361,906.3182066703116
H20.33.004,L5 ET,0.04357312122265167,16.941176470588236
H20.33.004,L5 IT,0.03167881556617449,614.7231372549019
H20.33.004,L5/6 NP,0.0623282595070216,110.82969432314411
H20.33.004,L6 CT,0.09726611543682105,82.69714285714285
H20.33.004,L6 IT,0.1054680282359432,246.31213872832367
H20.33.004,L6 IT Car3,0.1076493295434888,108.51063829787233
H20.33.004,L6b,0.10262756683312046,89.77339901477832
H20.33.004,Lamp5,0.04309249768051616,214.14814814814815
H20.33.004,Lamp5 Lhx6,0.1381368531815943,121.81673306772907
H20.33.004,OPC,0.26937289827648825,171.1627906976744
H20.33.004,Oligodendrocyte,0.06783274423865282,312.5111111111111
H20.33.004,Pax6,0.16436373267177676,48.371134020618555
H20.33.004,Pvalb,0.043469069583930965,521.3793103448276
H20.33.004,Sncg,0.8462317099063857,110.85585585585586
H20.33.004,Sst,0.12985257831072755,192.39480519480523
H20.33.004,VLMC & Perivascular,0.3656753394835524,21.50943396226415
H20.33.004,Vip,0.06009333295888167,532.314606741573
H20.33.004,Astrocyte,0.08452977200604674,242.439446366782
H20.33.004,Chandelier,0.3142642044451262,57.37931034482759
H20.33.004,Immune,0.5204577737790411,163.60465116279067
H20.33.004,L2/3 IT,0.19122087037837987,2022.5948743223264
H20.33.004,L4 IT,0.43124462557757237,868.5147058823529
H20.33.004,L5 ET,0.12315632179045297,9.0
H20.33.004,L5 IT,0.34370706575034843,701.5931963146704
H20.33.004,L5/6 NP,0.5706095038573609,132.45283018867923
H20.33.004,L6 CT,0.5024713676620335,89.21739130434783
H20.33.004,L6 IT,0.15014244453358672,283.0366492146597
H20.33.004,L6 IT Car3,0.24714638478081638,129.54545454545453
H20.33.004,L6b,0.6283289317048079,56.93023255813954
H20.33.004,Lamp5,0.9115178987779284,177.38547486033522
H20.33.004,Lamp5 Lhx6,0.6905977608563344,118.3170731707317
H20.33.004,OPC,0.03356991006614555,199.56218905472636
H20.33.004,Oligodendrocyte,0.16073327213336894,127.09738717339667
H20.33.004,Pax6,0.7100504506849215,30.73972602739726
H20.33.004,Pvalb,0.5790936736319147,509.9120234604105
H20.33.004,Sncg,1.343777978711377,75.22424242424242
H20.33.004,Sst,0.11381099637215789,193.43669250645993
H20.33.004,VLMC & Perivascular,0.28013052541257616,12.692307692307692
H20.33.004,Vip,0.5733569380735369,479.90020790020793
H20.33.004,Astrocyte,0.05842155181178085,380.6151832460733
H20.33.004,Chandelier,0.43322873053495364,48.46601941747573
H20.33.004,Endothelial,0.3026147349990674,8.210526315789474
H20.33.004,Immune,0.03698525989808923,191.10064239828696
H20.33.004,L2/3 IT,0.22043798589672342,1803.9088397790053
H20.33.004,L4 IT,0.3444913636816086,796.3335423197493
H20.33.004,L5 ET,0.16672944301310483,8.727272727272728
H20.33.004,L5 IT,0.3120282501841739,577.0957264957265
H20.33.004,L5/6 NP,0.5082812443503395,109.10714285714285
H20.33.004,L6 CT,0.40520525222521253,71.21678321678321
H20.33.004,L6 IT,0.2556104727695298,224.80263157894737
H20.33.004,L6 IT Car3,0.35479571432430507,97.38693467336684
H20.33.004,L6b,0.5257013648716873,46.83495145631068
H20.33.004,Lamp5,0.8684254010974125,192.1206030150754
H20.33.004,Lamp5 Lhx6,0.5524609076747403,101.43842364532019
H20.33.004,OPC,0.23580298821034287,184.55026455026453
H20.33.004,Oligodendrocyte,0.09290052789471595,122.66301369863015
H20.33.004,Pax6,0.5456867180131447,29.764705882352942
H20.33.004,Pvalb,0.6225627432158458,493.27659574468083
H20.33.004,Sncg,0.49754626880499103,77.10982658959539
H20.33.004,Sst,0.2436635746828855,188.994708994709
H20.33.004,VLMC & Perivascular,0.6458058648961288,17.06122448979592
H20.33.004,Vip,0.5132636051146552,505.50293542074365
H20.33.005,Astrocyte,0.30609267640529036,360.4672131147541
H20.33.005,Chandelier,0.2488664658657331,69.20863309352518
H20.33.005,Endothelial,0.28269795211350035,13.928571428571429
H20.33.005,Immune,0.21982831323966381,177.66937669376696
H20.33.005,L2/3 IT,0.11859614299077467,958.1824817518248
H20.33.005,L4 IT,0.3075553788286948,657.5607902735563
H20.33.005,L5 IT,0.20411179938019802,415.75296912114015
H20.33.005,L5/6 NP,0.38254525093864417,60.396694214876035
H20.33.005,L6 CT,0.6116463719822133,27.418181818181818
H20.33.005,L6 IT,0.39514233157387224,81.40243902439023
H20.33.005,L6 IT Car3,0.3876430588890616,41.78823529411765
H20.33.005,L6b,0.3756557198701698,36.75675675675676
H20.33.005,Lamp5,0.4681524927646912,180.77134986225894
H20.33.005,Lamp5 Lhx6,0.159731662594737,67.31851851851852
H20.33.005,OPC,0.4650319931721174,127.45098039215686
H20.33.005,Oligodendrocyte,1.0538848593923962,32.12307692307692
H20.33.005,Pax6,0.4646882030468658,44.449438202247194
H20.33.005,Pvalb,0.0859230020903895,303.7894736842105
H20.33.005,Sncg,0.05451753840609062,93.90476190476191
H20.33.005,Sst,0.6318014818086994,72.92517006802721
H20.33.005,VLMC & Perivascular,0.3841369286914325,20.952380952380953
H20.33.005,Vip,0.15979076754679553,520.5086372360845
H20.33.005,Astrocyte,0.29019624198865596,418.84725536992846
H20.33.005,Chandelier,0.14336933492523873,67.47058823529412
H20.33.005,Endothelial,0.3391809931613174,12.48
H20.33.005,Immune,0.3329979763828787,223.44519015659952
H20.33.005,L2/3 IT,0.2082344883944307,1011.3824110671935
H20.33.005,L4 IT,0.030356540340586602,708.274647887324
H20.33.005,L5 IT,0.0025538198866161114,450.35920177383593
H20.33.005,L5/6 NP,0.3223623146170176,61.98387096774193
H20.33.005,L6 CT,0.028317646960395914,24.408163265306122
H20.33.005,L6 IT,0.03405775761329704,90.47513812154696
H20.33.005,L6 IT Car3,0.0005295856984198048,45.91304347826087
H20.33.005,L6b,0.1203962992855394,41.904761904761905
H20.33.005,Lamp5,0.17671559023907854,198.3476070528967
H20.33.005,Lamp5 Lhx6,0.022504552658440775,78.18987341772151
H20.33.005,OPC,0.20251943121011076,131.4828897338403
H20.33.005,Oligodendrocyte,0.006794245491108112,41.505882352941185
H20.33.005,Pax6,0.2955616081118963,47.47916666666667
H20.33.005,Pvalb,0.30099089627406606,318.36734693877554
H20.33.005,Sncg,0.18014287417569233,98.90909090909092
H20.33.005,Sst,0.005759945578561438,88.08988764044943
H20.33.005,VLMC & Perivascular,0.2244486294161853,20.48780487804878
H20.33.005,Vip,0.18615614071414566,538.4958217270196
H20.33.005,Astrocyte,0.06567903334128657,368.5208053691275
H20.33.005,Chandelier,0.2148209879345567,66.26865671641791
H20.33.005,Endothelial,0.1965790500556139,17.105263157894736
H20.33.005,Immune,0.18226205246405763,135.59748427672957
H20.33.005,L2/3 IT,0.25039517382504517,1016.5857493857493
H20.33.005,L4 IT,0.07444830454225103,825.9919493962049
H20.33.005,L5 IT,0.3898751735671561,636.3775649794801
H20.33.005,L5/6 NP,0.44211462188444195,83.77659574468085
H20.33.005,L6 CT,0.2927795269636288,41.096774193548384
H20.33.005,L6 IT,0.2040808230049352,147.8247619047619
H20.33.005,L6 IT Car3,0.1133009551253492,72.36923076923077
H20.33.005,L6b,0.11238211869321774,62.887700534759354
H20.33.005,Lamp5,0.20411214601568317,174.95750708215297
H20.33.005,Lamp5 Lhx6,0.2498458947063988,74.33557046979867
H20.33.005,OPC,0.32856604366294895,153.0379746835443
H20.33.005,Oligodendrocyte,0.41116022422811627,49.46086956521739
H20.33.005,Pax6,0.06814083169143757,24.366666666666667
H20.33.005,Pvalb,0.5702832680658785,363.0241286863271
H20.33.005,Sncg,0.3609473384698917,52.11678832116788
H20.33.005,Sst,0.30075863491548843,95.02538071065989
H20.33.005,VLMC & Perivascular,0.5933502862138753,23.6734693877551
H20.33.005,Vip,0.2783745387811367,428.1567749160135
H20.33.005,Astrocyte,0.35410173797709144,378.6377952755905
H20.33.005,Chandelier,0.5887756818103906,58.95934959349594
H20.33.005,Immune,0.49418092734583047,149.30930930930933
H20.33.005,L2/3 IT,0.3892003327736934,915.6958174904942
H20.33.005,L4 IT,0.1940009083342289,922.38385734397
H20.33.005,L5 IT,0.49254752074598734,611.7601776461879
H20.33.005,L5/6 NP,0.6799842058101623,91.93133047210301
H20.33.005,L6 CT,0.2849417374660451,41.51937984496124
H20.33.005,L6 IT,0.5377124590103485,142.5592841163311
H20.33.005,L6 IT Car3,0.20973457066148038,73.73913043478261
H20.33.005,L6b,0.5655949881312028,64.39024390243902
H20.33.005,Lamp5,0.5143647075351204,151.72955974842765
H20.33.005,Lamp5 Lhx6,0.7738822046496079,79.76543209876543
H20.33.005,OPC,0.07751737833863256,119.75103734439836
H20.33.005,Oligodendrocyte,0.13026590803093938,63.665594855305464
H20.33.005,Pax6,0.9931167939815401,19.96428571428571
H20.33.005,Pvalb,0.9564082922478573,325.398773006135
H20.33.005,Sncg,0.5597090523948488,27.661016949152547
H20.33.005,Sst,0.4402777343956518,110.19455252918287
H20.33.005,VLMC & Perivascular,0.18616435821433583,20.0
H20.33.005,Vip,0.6175180855662765,425.25084364454443
H20.33.005,Astrocyte,0.5962889183939463,366.48930481283423
H20.33.005,Chandelier,0.39223580079097176,63.46456692913386
H20.33.005,Endothelial,0.6218789452748177,13.333333333333334
H20.33.005,Immune,0.5528262896225424,179.9095744680851
H20.33.005,L2/3 IT,0.32683063138520546,981.145325203252
H20.33.005,L4 IT,0.3379119191692815,689.098124098124
H20.33.005,L5 IT,0.201557979493582,401.7722772277228
H20.33.005,L5/6 NP,0.704907565555662,59.46218487394958
H20.33.005,L6 CT,0.6399640189426092,25.653846153846153
H20.33.005,L6 IT,0.4292000891871694,82.63473053892214
H20.33.005,L6 IT Car3,0.3871134731906418,40.19753086419753
H20.33.005,L6b,0.2552594205846305,38.35897435897436
H20.33.005,Lamp5,0.29143690252561266,185.45454545454547
H20.33.005,Lamp5 Lhx6,0.18223621525317774,73.74834437086093
H20.33.005,OPC,0.6675514243822283,128.87596899224806
H20.33.005,Oligodendrocyte,1.060679104883504,36.43589743589744
H20.33.005,Pax6,0.16912659493496954,49.25252525252526
H20.33.005,Pvalb,0.38691389836445583,309.8228663446055
H20.33.005,Sncg,0.12562533576960175,91.27868852459018
H20.33.005,Sst,0.6375614273872608,79.5878787878788
H20.33.005,VLMC & Perivascular,0.6085855581076178,21.488372093023255
H20.33.005,Vip,0.3459469082609411,521.9138755980861
H20.33.005,Astrocyte,0.371771709746577,327.3709923664122
H20.33.005,Chandelier,0.46368745380028986,62.400000000000006
H20.33.005,Endothelial,0.08611890205788653,18.75
H20.33.005,Immune,0.4020903657037214,118.23481781376519
H20.33.005,L2/3 IT,0.36899131681581987,986.0414350682163
H20.33.005,L4 IT,0.23310707428644384,800.0281524926686
H20.33.005,L5 IT,0.5939869729473545,543.5029239766081
H20.33.005,L5/6 NP,0.8246598728230863,79.23497267759564
H20.33.005,L6 CT,0.31886684501858453,44.75590551181103
H20.33.005,L6 IT,0.1910615085689372,127.98434442270056
H20.33.005,L6 IT Car3,0.500944014014411,59.1195652173913
H20.33.005,L6b,0.26327360117695214,55.226519337016576
H20.33.005,Lamp5,0.6722646387803745,164.84848484848484
H20.33.005,Lamp5 Lhx6,0.40957755730113565,70.30985915492958
H20.33.005,OPC,0.13646594950916863,149.5176848874598
H20.33.005,Oligodendrocyte,0.6427246351642797,42.42592592592593
H20.33.005,Pax6,0.5328290347383035,24.825396825396826
H20.33.005,Pvalb,0.6562062701562681,351.9561643835616
H20.33.005,Sncg,0.30642980006380094,49.91803278688525
H20.33.005,Sst,0.9325601167241878,85.20652173913044
H20.33.005,VLMC & Perivascular,0.2092133575224428,25.019607843137255
H20.33.005,Vip,0.43816530632793205,417.60743321718934
H20.33.005,Astrocyte,0.6601944143823818,335.33035714285717
H20.33.005,Chandelier,0.8376421476761235,55.877192982456144
H20.33.005,Immune,0.7140092405854942,128.5267175572519
H20.33.005,L2/3 IT,0.5077964757644683,890.8392156862747
H20.33.005,L4 IT,0.5015562871629237,890.1249403910347
H20.33.005,L5 IT,0.6966593201261855,525.4447096260939
H20.33.005,L5/6 NP,1.0625294567488066,86.49122807017544
H20.33.005,L6 CT,0.8965881094482585,45.257575757575765
H20.33.005,L6 IT,0.9328547905842205,124.01847575057737
H20.33.005,L6 IT Car3,0.597377629550542,60.03061224489796
H20.33.005,L6b,0.9412507080013726,56.3819095477387
H20.33.005,Lamp5,0.9825172002998116,144.0677966101695
H20.33.005,Lamp5 Lhx6,0.9336138672443447,75.14838709677419
H20.33.005,OPC,0.5425493715107502,117.58474576271188
H20.33.005,Oligodendrocyte,0.9236189513614567,52.46710526315789
H20.33.005,Pax6,1.4578049970284057,20.271186440677965
H20.33.005,Pvalb,1.0423312943382468,316.47798742138366
H20.33.005,Sncg,0.505191513988758,27.02912621359223
H20.33.005,Sst,1.0720792162043515,97.20491803278689
H20.33.005,VLMC & Perivascular,0.5703012869057682,20.952380952380953
H20.33.005,Vip,0.7773088531130721,414.84247374562426
H20.33.005,Astrocyte,0.22451720864736924,374.8173455978975
H20.33.005,Chandelier,0.07145165300931801,60.98360655737706
H20.33.005,Endothelial,0.5357600432169313,16.216216216216218
H20.33.005,Immune,0.15073592391882112,136.89846153846153
H20.33.005,L2/3 IT,0.04216068543061447,1042.4709832134292
H20.33.005,L4 IT,0.10480484488283774,876.3736871199558
H20.33.005,L5 IT,0.39242899345377225,604.1960784313725
H20.33.005,L5/6 NP,0.11975230726742436,81.98924731182795
H20.33.005,L6 CT,0.3210971739240246,37.25619834710744
H20.33.005,L6 IT,0.2381385806182323,151.93939393939394
H20.33.005,L6 IT Car3,0.1138305408237692,67.72774869109948
H20.33.005,L6b,0.008014180592321623,67.72774869109948
H20.33.005,Lamp5,0.38082773625476163,179.34065934065933
H20.33.005,Lamp5 Lhx6,0.22734134204795806,82.25454545454545
H20.33.005,OPC,0.5310854748730598,155.09717868338558
H20.33.005,Oligodendrocyte,0.41795446971922423,60.484375
H20.33.005,Pax6,0.3637024398033337,25.742857142857144
H20.33.005,Pvalb,0.26929237179181226,371.67325428194994
H20.33.005,Sncg,0.18080446429419922,51.29770992366412
H20.33.005,Sst,0.29499868933692697,106.66046511627906
H20.33.005,VLMC & Perivascular,0.8177989156300606,24.36
H20.33.005,Vip,0.09221839806699107,429.10714285714283
H20.33.005,Astrocyte,0.06390549598843548,385.28791773778914
H20.33.005,Chandelier,0.4454063468851518,54.738738738738746
H20.33.005,Immune,0.16118295096295182,150.88823529411766
H20.33.005,L2/3 IT,0.18096584437926283,936.6451612903226
H20.33.005,L4 IT,0.16364436799364232,985.6610631531123
H20.33.005,L5 IT,0.49510134063260347,581.9620349278664
H20.33.005,L5/6 NP,0.3576218911931447,89.78354978354977
H20.33.005,L6 CT,0.2566240905056492,37.60317460317461
H20.33.005,L6 IT,0.5036547013970513,146.38222222222223
H20.33.005,L6 IT Car3,0.21026415635990023,68.92610837438424
H20.33.005,L6b,0.6859912874167422,69.47368421052632
H20.33.005,Lamp5,0.6910802977741989,155.01519756838906
H20.33.005,Lamp5 Lhx6,0.751377651991167,88.95505617977527
H20.33.005,OPC,0.12500205287147803,121.00819672131149
H20.33.005,Oligodendrocyte,0.13706015352204734,83.17901234567903
H20.33.005,Pax6,1.2886784020934363,20.87878787878788
H20.33.005,Pvalb,0.6554173959737912,332.3308270676692
H20.33.005,Sncg,0.3795661782191564,27.428571428571427
H20.33.005,Sst,0.4345177888170905,126.15272727272726
H20.33.005,VLMC & Perivascular,0.03828427120184955,20.48780487804878
H20.33.005,Vip,0.43136194485213103,426.1883408071749
H20.33.005,Astrocyte,0.2884227046358047,342.28905109489045
H20.33.005,Chandelier,0.37395469387583374,53.94495412844037
H20.33.005,Immune,0.3119188748817728,104.96682464454977
H20.33.005,L2/3 IT,0.1388051589486484,941.106203995794
H20.33.005,L4 IT,0.2684492128764799,1229.511111111111
H20.33.005,L5 IT,0.1026723471788313,935.2179009057006
H20.33.005,L5/6 NP,0.2378695839257204,144.0677966101695
H20.33.005,L6 CT,0.577721264429674,100.43781094527363
H20.33.005,L6 IT,0.7417932820152836,393.168765743073
H20.33.005,L6 IT Car3,0.09643361553613111,152.76470588235296
H20.33.005,L6b,0.6779771068244206,155.48076923076923
H20.33.005,Lamp5,0.31025256151943714,140.35087719298244
H20.33.005,Lamp5 Lhx6,0.524036309943209,84.0
H20.33.005,OPC,0.40608342200158154,139.03030303030303
H20.33.005,Oligodendrocyte,0.2808943161971768,122.74011299435028
H20.33.005,Pax6,0.9249759622901024,14.73333333333333
H20.33.005,Pvalb,0.3861250241819788,381.2919896640827
H20.33.005,Sncg,0.19876171392495692,21.96078431372549
H20.33.005,Sst,0.13951909948016356,140.87755102040816
H20.33.005,VLMC & Perivascular,0.7795146444282112,23.6734693877551
H20.33.005,Vip,0.33914354678513997,353.98870056497174
H20.33.008,Astrocyte,0.6263244241204043,26.88
H20.33.008,Chandelier,0.22718134452046487,26.440677966101692
H20.33.008,Immune,0.14012765423423776,27.580645161290324
H20.33.008,L2/3 IT,0.48226531922306876,773.4531126871552
H20.33.008,L4 IT,0.846096597601538,505.0265870862724
H20.33.008,L5 IT,0.5143418982608073,357.47655583972715
H20.33.008,L5/6 NP,1.012634484493248,76.82412060301507
H20.33.008,L6 CT,0.9723440672295294,42.675862068965515
H20.33.008,L6 IT,0.8567119769497611,96.0
H20.33.008,L6 IT Car3,1.2538815337203224,60.21052631578947
H20.33.008,L6b,1.0131742173998612,20.72727272727273
H20.33.008,Lamp5,0.019036780050339368,46.49999999999999
H20.33.008,Lamp5 Lhx6,0.3564532717298481,44.49523809523809
H20.33.008,OPC,0.5194980714059488,11.46268656716418
H20.33.008,Oligodendrocyte,0.761359569749816,138.03861003861005
H20.33.008,Pvalb,0.020356911283615386,195.95753715498938
H20.33.008,Sncg,0.3038140434836207,20.425531914893618
H20.33.008,Sst,0.17988167313712697,74.78666666666666
H20.33.008,Vip,0.5127709541464838,171.77937649880096
H20.33.011,Astrocyte,0.4233878127882941,531.003745318352
H20.33.011,Chandelier,0.10924219813952794,69.94285714285715
H20.33.011,Endothelial,0.6992313042575306,6.857142857142858
H20.33.011,Immune,0.4514827845690327,184.62365591397847
H20.33.011,L2/3 IT,0.32795160895488806,2349.7607452890115
H20.33.011,L4 IT,0.4201157333563558,735.8225806451612
H20.33.011,L5 ET,0.4127768507310164,12.692307692307692
H20.33.011,L5 IT,0.2991046877064567,576.5232358003442
H20.33.011,L5/6 NP,0.6260818344973685,79.22222222222223
H20.33.011,L6 CT,0.32307628269504257,70.0
H20.33.011,L6 IT,0.39340707981579964,210.07125890736341
H20.33.011,L6 IT Car3,0.45186068427250237,101.3793103448276
H20.33.011,L6b,0.3028742010130868,56.14035087719298
H20.33.011,Lamp5,0.38579105553312165,185.2722371967655
H20.33.011,Lamp5 Lhx6,0.5781640236771651,105.3302752293578
H20.33.011,OPC,0.5016767033243137,151.83596214511041
H20.33.011,Oligodendrocyte,0.3328102291949914,746.2906898861354
H20.33.011,Pax6,0.22945984277951073,59.67213114754099
H20.33.011,Pvalb,0.17987521934629908,479.25078043704474
H20.33.011,Sncg,0.408136746561276,132.71375464684016
H20.33.011,Sst,0.18214805475447554,194.3794871794872
H20.33.011,Sst Chodl,1.5030059400419644,7.875
H20.33.011,VLMC & Perivascular,0.07735773878555158,7.764705882352941
H20.33.011,Vip,0.2594875201114553,564.3
H20.33.011,Astrocyte,0.33212732183048876,53.395348837209305
H20.33.011,Chandelier,0.6918680282414228,20.4
H20.33.011,Immune,0.48134558513099773,27.92626728110599
H20.33.011,L2/3 IT,0.6725834350235904,536.3507779349363
H20.33.011,L4 IT,0.7597081097254401,276.2186234817814
H20.33.011,L5 IT,0.3602563631202178,180.08141112618725
H20.33.011,L5/6 NP,1.1384107226578157,27.30275229357798
H20.33.011,L6 CT,0.6165574006166286,29.8876404494382
H20.33.011,L6 IT,1.2301312125989454,46.5040650406504
H20.33.011,L6 IT Car3,0.07521817897696993,27.768595041322317
H20.33.011,L6b,0.27561539691192216,30.476190476190474
H20.33.011,Lamp5,0.818563694080779,92.58498023715416
H20.33.011,Lamp5 Lhx6,0.9830841996915783,55.060975609756106
H20.33.011,OPC,0.263627088622529,24.343137254901958
H20.33.011,Oligodendrocyte,0.5350521639258682,426.9256038647343
H20.33.011,Pax6,0.5939842617608105,17.5
H20.33.011,Pvalb,0.7786856463885079,173.85245901639342
H20.33.011,Sncg,0.6839007624320507,88.73239436619718
H20.33.011,Sst,0.508506742717283,123.5523465703971
H20.33.011,Vip,1.0604161730096264,279.70260223048325
H20.33.011,Astrocyte,0.755515134618783,52.99616858237548
H20.33.011,Chandelier,0.8011102263809506,20.571428571428573
H20.33.011,Immune,0.02986280056196522,27.567567567567572
H20.33.011,L2/3 IT,0.34463182606870246,527.8557114228457
H20.33.011,L4 IT,0.3395923763690842,265.75961538461536
H20.33.011,L5 IT,0.061151675413760945,175.2755905511811
H20.33.011,L5/6 NP,0.5123288881604473,25.976470588235294
H20.33.011,L6 CT,0.2934811179215859,29.8876404494382
H20.33.011,L6 IT,0.8367241327831458,46.04405286343612
H20.33.011,L6 IT Car3,0.5270788632494723,27.50877192982456
H20.33.011,L6b,0.5784895979250088,28.57142857142857
H20.33.011,Lamp5,0.4327726385476573,90.99166666666666
H20.33.011,Lamp5 Lhx6,0.40492017601441316,50.241935483870975
H20.33.011,OPC,0.2380496147017848,23.568345323741006
H20.33.011,Oligodendrocyte,0.2022419347308768,431.0547169811321
H20.33.011,Pax6,0.3645244189812997,16.774193548387096
H20.33.011,Pvalb,0.5988104270422089,170.6951871657754
H20.33.011,Sncg,0.2757640158707748,82.3846153846154
H20.33.011,Sst,0.3263586879628075,128.14715719063545
H20.33.011,Vip,0.8009286528981711,266.4935064935065
H20.33.012,Astrocyte,0.3346281146473396,510.9686888454012
H20.33.012,Chandelier,0.07846457122344808,70.30985915492958
H20.33.012,Endothelial,0.5865339982607267,8.4
H20.33.012,Immune,0.4515529871974273,187.28571428571428
H20.33.012,L2/3 IT,0.07800501707375568,1636.2697929354445
H20.33.012,L4 IT,0.09450267660051544,805.6576019777502
H20.33.012,L5 ET,0.6679716805903596,12.692307692307692
H20.33.012,L5 IT,0.05684396291945416,669.4548170276325
H20.33.012,L5/6 NP,0.2502511230356911,105.16822429906541
H20.33.012,L6 CT,0.10825000565496706,71.4965034965035
H20.33.012,L6 IT,0.1913676804526152,193.94430379746836
H20.33.012,L6 IT Car3,0.15287820886425169,104.47846889952153
H20.33.012,L6b,0.12345559455565405,91.89189189189189
H20.33.012,Lamp5,0.0789562338849439,159.9503105590062
H20.33.012,Lamp5 Lhx6,0.35257167836228354,72.65753424657534
H20.33.012,OPC,0.10679105359300921,115.96837944664031
H20.33.012,Oligodendrocyte,0.07570778423755108,90.46153846153848
H20.33.012,Pax6,0.3086434667155631,40.18604651162791
H20.33.012,Pvalb,0.09052199666004151,319.4992175273865
H20.33.012,Sncg,0.03651707048651743,93.65625000000001
H20.33.012,Sst,0.22997914410758594,79.47169811320755
H20.33.012,VLMC & Perivascular,0.4592622805039329,22.97872340425532
H20.33.012,Vip,0.17036382594433047,501.7125867195243
H20.33.012,Astrocyte,0.5700214202716782,123.01559792027729
H20.33.012,Chandelier,0.7447787832157997,67.82608695652173
H20.33.012,Immune,0.17981083498084002,136.66019417475727
H20.33.012,L2/3 IT,0.04530171150690147,1330.1867897727273
H20.33.012,L4 IT,0.7308568632522445,815.1853211009173
H20.33.012,L5 IT,0.5481638513519376,536.3839285714286
H20.33.012,L5/6 NP,1.0827324543456234,116.86324786324786
H20.33.012,L6 CT,0.895454723379953,58.67768595041323
H20.33.012,L6 IT,1.160316567278959,85.71841155234657
H20.33.012,L6 IT Car3,0.9804905910423346,61.18120805369128
H20.33.012,L6b,0.1875582626004897,76.5432098765432
H20.33.012,Lamp5,0.4313237503026546,210.6938775510204
H20.33.012,Lamp5 Lhx6,1.2722683279760176,79.47169811320755
H20.33.012,OPC,0.7651756707897854,44.84656084656085
H20.33.012,Oligodendrocyte,0.05665407752606214,142.3463687150838
H20.33.012,Pax6,0.6234816495438381,34.31884057971014
H20.33.012,Pvalb,0.6764732911798209,344.47330447330444
H20.33.012,Sncg,0.8570576391673684,98.60869565217392
H20.33.012,Sst,0.385956766048561,85.66473988439306
H20.33.012,VLMC & Perivascular,0.4322923926816327,22.97872340425532
H20.33.012,Vip,0.7629608026991507,557.0690582959642
H20.33.012,Astrocyte,0.904649534919018,123.24786324786325
H20.33.012,Chandelier,0.6663142119923516,61.93548387096775
H20.33.012,Immune,0.27174215221658726,127.78021978021978
H20.33.012,L2/3 IT,0.12330672858065711,1269.233409610984
H20.33.012,L4 IT,0.6363541866517292,765.4056172436316
H20.33.012,L5 IT,0.4913198884324833,532.8764652840397
H20.33.012,L5/6 NP,0.8324813313099323,102.02912621359224
H20.33.012,L6 CT,0.7872047177249862,59.016393442622956
H20.33.012,L6 IT,0.9689488868263438,80.91964285714286
H20.33.012,L6 IT Car3,0.8276123821780831,60.67123287671234
H20.33.012,L6b,0.06410266804483547,71.70068027210884
H20.33.012,Lamp5,0.5102799841875983,190.43855421686746
H20.33.012,Lamp5 Lhx6,0.9196966496137341,73.93288590604027
H20.33.012,OPC,0.6583846171967761,40.34482758620689
H20.33.012,Oligodendrocyte,0.019053706711489003,126.97674418604652
H20.33.012,Pax6,0.31483818282827497,43.91208791208791
H20.33.012,Pvalb,0.5859512945197793,343.89306358381504
H20.33.012,Sncg,0.820540568680851,118.02531645569621
H20.33.012,Sst,0.6159359101561467,87.44318181818183
H20.33.012,VLMC & Perivascular,0.026969887822300212,20.0
H20.33.012,Vip,0.5925969767548201,514.5980769230769
H20.33.013,Astrocyte,0.10148782219080321,379.4835309617918
H20.33.013,Chandelier,0.2819297573646004,74.77124183006535
H20.33.013,Immune,0.42466008405761924,123.79446640316206
H20.33.013,L2/3 IT,0.20615313131812146,2265.504443962714
H20.33.013,L4 IT,0.12382883231404232,461.7991631799163
H20.33.013,L5 IT,0.01706928080957629,377.77061855670104
H20.33.013,L5/6 NP,0.6364429012396918,56.38938053097346
H20.33.013,L6 CT,0.3359745303299303,58.31404958677686
H20.33.013,L6 IT,0.12468349754342975,107.6923076923077
H20.33.013,L6 IT Car3,0.051246185655920776,60.9375
H20.33.013,L6b,1.3056665167973363,16.47058823529412
H20.33.013,Lamp5,0.3180730604893731,167.87647058823532
H20.33.013,Lamp5 Lhx6,0.18696994501398326,58.67716535433071
H20.33.013,OPC,0.2898423673210355,131.34600760456274
H20.33.013,Oligodendrocyte,0.16735831550769426,429.88604651162797
H20.33.013,Pax6,0.20861221875689367,39.111111111111114
H20.33.013,Pvalb,0.03731053893681879,351.2482853223594
H20.33.013,Sncg,0.11249082169560926,116.99999999999999
H20.33.013,Sst,0.15743382567440634,152.72727272727272
H20.33.013,VLMC & Perivascular,0.02054220672284539,11.586206896551724
H20.33.013,Vip,0.02626801738365039,534.3067033976125
H20.33.013,Astrocyte,0.6017795413443633,332.25222551928783
H20.33.013,Chandelier,0.8837499881209179,41.05263157894737
H20.33.013,Immune,0.052147201425332586,116.23966942148762
H20.33.013,L2/3 IT,0.3821062565920797,1984.9012594458438
H20.33.013,L4 IT,0.4127034708001352,486.0869565217392
H20.33.013,L5 IT,0.20238306095467068,408.29519450800916
H20.33.013,L5/6 NP,0.2705192962833058,63.480916030534345
H20.33.013,L6 CT,0.4714867902975181,66.19867549668875
H20.33.013,L6 IT,0.48104522679938144,119.33793103448278
H20.33.013,L6 IT Car3,1.2704846565651007,71.75141242937853
H20.33.013,L6b,1.086263425513975,19.090909090909093
H20.33.013,Lamp5,1.0379460820487851,131.84328358208955
H20.33.013,Lamp5 Lhx6,0.6762080023673595,56.13559322033898
H20.33.013,OPC,1.1311493567984345,123.43775100401605
H20.33.013,Oligodendrocyte,0.18254043714331922,466.38207043756677
H20.33.013,Pax6,0.1835757902897448,25.666666666666668
H20.33.013,Pvalb,0.5913708948810779,325.8877086494689
H20.33.013,Sncg,1.607846007690892,76.24844720496894
H20.33.013,Sst,0.6052358953313838,161.31147540983608
H20.33.013,Vip,0.39859076367104823,404.48484848484844
H20.33.013,Astrocyte,0.7032673635351665,334.179675994109
H20.33.013,Chandelier,1.1656797454855183,44.74576271186441
H20.33.013,Immune,0.37251288263228677,102.2048780487805
H20.33.013,L2/3 IT,0.1759531252739583,2247.4128680479826
H20.33.013,L4 IT,0.2888746384860928,602.9232039636664
H20.33.013,L5 ET,0.8370265690185059,10.434782608695652
H20.33.013,L5 IT,0.18531378014509434,495.198
H20.33.013,L5/6 NP,0.9069621975229977,66.80882352941177
H20.33.013,L6 CT,0.13551225996758778,84.41379310344828
H20.33.013,L6 IT,0.35636172925595194,173.59550561797755
H20.33.013,L6 IT Car3,1.3217308422210214,96.64390243902439
H20.33.013,L6b,0.21940309128336152,23.999999999999996
H20.33.013,Lamp5,1.3560191425381583,144.52941176470588
H20.33.013,Lamp5 Lhx6,0.48923805735337633,76.23529411764706
H20.33.013,OPC,0.8413069894773989,119.59166666666667
H20.33.013,Oligodendrocyte,0.34989875265101356,458.2881906825569
H20.33.013,Pax6,0.39218800904663836,29.217391304347828
H20.33.013,Pvalb,0.5540603559442592,395.9298245614035
H20.33.013,Sncg,1.495355185995283,86.49756097560976
H20.33.013,Sst,0.7626697210057902,226.578947368421
H20.33.013,Vip,0.42485878105469854,451.2217659137577
H20.33.014,Astrocyte,0.40900175160532887,74.4
H20.33.014,Chandelier,0.27436667250370855,44.608695652173914
H20.33.014,Immune,0.44403375811737505,59.1044776119403
H20.33.014,L2/3 IT,0.4047380192821817,1997.8922040423486
H20.33.014,L4 IT,0.38962544507394153,748.392487046632
H20.33.014,L5 IT,0.42925028956911077,774.3211586901763
H20.33.014,L5/6 NP,0.16598356151712743,103.96536796536797
H20.33.014,L6 CT,0.6195658057255176,109.80530973451326
H20.33.014,L6 IT,0.43760367022372476,208.6247086247086
H20.33.014,L6 IT Car3,0.38247113276787675,131.25
H20.33.014,L6b,0.316683086805939,97.77777777777777
H20.33.014,Lamp5,0.21221654027810388,185.30456852791878
H20.33.014,Lamp5 Lhx6,0.4785758326435446,111.2654867256637
H20.33.014,OPC,0.5818038204715654,162.10055865921788
H20.33.014,Oligodendrocyte,0.3075463397819777,650.9916613213597
H20.33.014,Pax6,0.43655105039258985,32.94117647058824
H20.33.014,Pvalb,0.23464210627476773,503.58152686145144
H20.33.014,Sncg,0.13062335133501152,93.06122448979593
H20.33.014,Sst,0.34685920386238317,350.6911957950066
H20.33.014,Sst Chodl,0.036414175063847545,8.23529411764706
H20.33.014,Vip,0.35837691596096394,440.44536082474224
H20.33.014,Astrocyte,0.8020211940412073,44.74226804123712
H20.33.014,Chandelier,0.34755890739369866,42.418604651162795
H20.33.014,Immune,0.42910338074222154,65.48837209302326
H20.33.014,L2/3 IT,0.5948213415217796,1889.7139885595425
H20.33.014,L4 IT,0.09144720283685184,601.6404308202154
H20.33.014,L5 ET,0.4377968489452184,6.153846153846153
H20.33.014,L5 IT,0.27798879587717645,553.4934268185802
H20.33.014,L5/6 NP,0.07639953403468798,80.472049689441
H20.33.014,L6 CT,0.4194523153726391,61.77142857142857
H20.33.014,L6 IT,0.5145079233275205,140.77288135593218
H20.33.014,L6 IT Car3,0.9524956760435331,108.38709677419355
H20.33.014,L6b,0.04455306994984387,19.555555555555554
H20.33.014,Lamp5,0.314770954020115,175.3425414364641
H20.33.014,Lamp5 Lhx6,0.3801107347100979,95.90625
H20.33.014,OPC,0.8757345289619982,149.75079872204472
H20.33.014,Oligodendrocyte,0.46853338059147526,459.98043478260865
H20.33.014,Pax6,0.2882566492623714,25.254901960784316
H20.33.014,Pvalb,0.013366079482142896,477.26326530612243
H20.33.014,Sncg,0.3543912786855422,86.73446327683615
H20.33.014,Sst,0.07319489544717794,343.7115646258503
H20.33.014,Sst Chodl,0.47877603485590026,5.833333333333333
H20.33.014,Vip,0.2939796400872621,417.2366930917328
H20.33.014,Astrocyte,0.3930194424358784,50.859375
H20.33.014,Chandelier,0.07319223488999017,50.82352941176471
H20.33.014,Immune,0.01493037737515358,105.6880733944954
H20.33.014,L2/3 IT,0.19008332223959773,2320.6932646932646
H20.33.014,L4 IT,0.2981782422370897,700.0541638456331
H20.33.014,L5 IT,0.15126149369193437,623.6779295470884
H20.33.014,L5/6 NP,0.08958402748243949,106.52991452991454
H20.33.014,L6 CT,0.2001134903528783,68.2247191011236
H20.33.014,L6 IT,0.07690425310379576,158.46994535519127
H20.33.014,L6 IT Car3,0.5700245432756564,136.58536585365854
H20.33.014,L6b,0.2721300168560952,20.0
H20.33.014,Lamp5,0.5269874942982189,227.882096069869
H20.33.014,Lamp5 Lhx6,0.0984650979334468,107.37272727272727
H20.33.014,OPC,0.2939307084904329,209.1063829787234
H20.33.014,Oligodendrocyte,0.1609870408094974,645.03799098519
H20.33.014,Pax6,0.14829440113021844,29.20634920634921
H20.33.014,Pvalb,0.24800818575691047,606.8088597210829
H20.33.014,Sncg,0.4850146300205536,109.68325791855203
H20.33.014,Sst,0.27366430841520545,473.64345991561174
H20.33.014,Sst Chodl,0.4423618597920528,6.666666666666666
H20.33.014,VLMC & Perivascular,0.11259671071706705,7.199999999999999
H20.33.014,Vip,0.06439727587370173,585.2846219201359
H20.33.015,Astrocyte,0.21630222236179428,220.3563474387528
H20.33.015,Chandelier,0.009861399990110119,54.70909090909092
H20.33.015,Immune,0.4220960919776068,81.9
H20.33.015,L2/3 IT,0.10273122398346338,1545.489375402447
H20.33.015,L4 IT,0.16809470633708265,626.5668789808917
H20.33.015,L5 ET,0.26996050813133077,22.22222222222222
H20.33.015,L5 IT,0.1410540194604921,535.3650793650794
H20.33.015,L5/6 NP,0.27168415237230314,77.53846153846155
H20.33.015,L6 CT,0.18674449463444145,77.55
H20.33.015,L6 IT,0.3399289212994133,282.71378091872793
H20.33.015,L6 IT Car3,0.606560963872627,125.20634920634922
H20.33.015,L6b,0.17148545463117873,63.859375
H20.33.015,Lamp5,0.21680412535114674,100.94581280788177
H20.33.015,Lamp5 Lhx6,0.19086098350317315,94.1151832460733
H20.33.015,OPC,0.4317001358143676,84.65217391304348
H20.33.015,Oligodendrocyte,0.14672168332410024,111.14503816793892
H20.33.015,Pax6,0.12532092076143994,41.1764705882353
H20.33.015,Pvalb,0.04015764834511154,357.9972067039106
H20.33.015,Sncg,0.20150362856924417,58.0
H20.33.015,Sst,0.07704186513699614,73.49659863945578
H20.33.015,VLMC & Perivascular,0.8882952727831572,6.857142857142858
H20.33.015,Vip,0.10877759169176901,302.6842105263158
H20.33.015,Astrocyte,0.4357914037809688,221.09977827051
H20.33.015,Chandelier,0.7801083634744018,43.13978494623655
H20.33.015,Immune,0.09883387121140069,91.63636363636364
H20.33.015,L2/3 IT,0.5380524778865583,1698.5449358059914
H20.33.015,L4 IT,0.537701316935961,709.4639455782313
H20.33.015,L5 ET,0.13363506483437482,17.105263157894736
H20.33.015,L5 IT,0.17204594867379414,633.1984848484848
H20.33.015,L5/6 NP,1.039804457478525,102.05607476635514
H20.33.015,L6 CT,0.4696485276261775,70.64788732394366
H20.33.015,L6 IT,0.7399245791019603,281.3001776198934
H20.33.015,L6 IT Car3,0.06648744033768451,136.56737588652481
H20.33.015,L6b,0.173046894074094,65.62121212121212
H20.33.015,Lamp5,1.3606950181865718,111.82758620689656
H20.33.015,Lamp5 Lhx6,1.1474385245374488,78.68354430379746
H20.33.015,OPC,0.4253489459412949,92.57918552036199
H20.33.015,Oligodendrocyte,0.24479257433130894,120.61538461538461
H20.33.015,Pax6,0.916567060580359,15.254237288135595
H20.33.015,Pvalb,1.0075515358538876,301.54368932038835
H20.33.015,Sncg,1.4802452049214394,41.24444444444445
H20.33.015,Sst,0.15782042004036423,94.00975609756098
H20.33.015,Sst Chodl,0.049494511247754065,8.23529411764706
H20.33.015,VLMC & Perivascular,0.18561037012803183,8.88888888888889
H20.33.015,Vip,0.9605149950519016,240.32621359223302
H20.33.015,Astrocyte,0.652093626142763,255.99609375
H20.33.015,Chandelier,0.789969763464512,40.8
H20.33.015,Immune,0.5209299631890074,137.93684210526314
H20.33.015,L2/3 IT,0.6407837018700216,1839.1077667293741
H20.33.015,L4 IT,0.7057960232730438,750.0339869281045
H20.33.015,L5 ET,0.13632544329695614,15.757575757575758
H20.33.015,L5 IT,0.3130999681342861,645.3133881824981
H20.33.015,L5/6 NP,1.3114886098508278,92.67326732673267
H20.33.015,L6 CT,0.6563930222606188,84.04705882352941
H20.33.015,L6 IT,0.39999565780254703,290.4922547332186
H20.33.015,L6 IT Car3,0.6730484042103115,149.50993377483442
H20.33.015,L6b,0.0015614394429151936,68.94202898550725
H20.33.015,Lamp5,1.5774991435377184,121.79757085020242
H20.33.015,Lamp5 Lhx6,1.3382995080406217,87.49171270718232
H20.33.015,OPC,0.8570490817556625,133.99267399267399
H20.33.015,Oligodendrocyte,0.0980708910072087,208.8524590163934
H20.33.015,Pax6,0.7912461398189191,14.318181818181818
H20.33.015,Pvalb,1.047709184198999,302.2548387096774
H20.33.015,Sncg,1.6817488334906834,41.24444444444445
H20.33.015,Sst,0.23486228517736035,94.83495145631068
H20.33.015,VLMC & Perivascular,0.7026849026551253,7.5
H20.33.015,Vip,0.8517374033601326,228.39578947368418
H20.33.016,Astrocyte,0.705549302391878,197.5909090909091
H20.33.016,Chandelier,0.5050763051631774,35.0
H20.33.016,Immune,0.6229303509201767,55.18333333333333
H20.33.016,L2/3 IT,0.2877096606869753,1025.975633528265
H20.33.016,L4 IT,0.6756305742026817,721.1884456671252
H20.33.016,L5 ET,0.5385360307447632,14.666666666666668
H20.33.016,L5 IT,0.5705944004364296,598.735056542811
H20.33.016,L5/6 NP,0.9496541374594913,83.72254335260115
H20.33.016,L6 CT,0.6556163071686971,107.60526315789474
H20.33.016,L6 IT,0.6212652204914779,308.07371794871796
H20.33.016,L6 IT Car3,0.5133007731957742,89.50276243093923
H20.33.016,L6b,0.6314488328689588,97.03960396039604
H20.33.016,Lamp5,0.8206117646328125,125.20634920634922
H20.33.016,Lamp5 Lhx6,0.8978188120169198,85.03954802259886
H20.33.016,OPC,0.5084197022039714,86.79775280898878
H20.33.016,Oligodendrocyte,0.4401154351442554,435.24684270952923
H20.33.016,Pax6,0.5301345294331143,27.59322033898305
H20.33.016,Pvalb,0.6078581783584055,337.037037037037
H20.33.016,Sncg,0.5474156742019279,47.0
H20.33.016,Sst,0.19954746320539352,169.99411764705883
H20.33.016,Vip,0.4030289197754431,274.3682310469314
H20.33.016,Astrocyte,0.6984876385576917,258.18545454545455
H20.33.016,Chandelier,1.0500513342330466,38.58974358974359
H20.33.016,Immune,0.21100602051432713,100.34389140271493
H20.33.016,L2/3 IT,0.6860402061489602,1520.0876879938824
H20.33.016,L4 IT,0.6104775253801641,794.719806763285
H20.33.016,L5 ET,0.8226928887396809,9.9
H20.33.016,L5 IT,0.8596718529560311,534.8779123951538
H20.33.016,L5/6 NP,1.2585273886072226,76.53246753246754
H20.33.016,L6 CT,0.7254765248949764,50.926829268292686
H20.33.016,L6 IT,0.333672086356535,197.12093023255812
H20.33.016,L6 IT Car3,1.1337314068513489,75.09933774834438
H20.33.016,L6b,0.943167743882711,34.601941747572816
H20.33.016,Lamp5,0.22247322648046425,141.9933110367893
H20.33.016,Lamp5 Lhx6,0.4603483264883928,83.38372093023256
H20.33.016,OPC,0.7777537143200984,85.71428571428571
H20.33.016,Oligodendrocyte,0.1339581264860364,546.0591304347826
H20.33.016,Pax6,0.49286884928692287,30.171428571428574
H20.33.016,Pvalb,0.33640438573325837,364.1407307171854
H20.33.016,Sncg,0.562271201224506,62.66666666666667
H20.33.016,Sst,0.5702551747371924,170.4868035190616
H20.33.016,Vip,0.24858109786419275,337.87289234760055
H20.33.016,Astrocyte,0.007061663834186175,243.7105263157895
H20.33.016,Chandelier,0.5449750290698694,38.58974358974359
H20.33.016,Immune,0.8339363714345037,66.22459893048128
H20.33.016,L2/3 IT,0.39833054546198504,1509.1909021211345
H20.33.016,L4 IT,0.06515304882251771,881.5767077267637
H20.33.016,L5 ET,0.28415685799491774,12.774193548387096
H20.33.016,L5 IT,0.2890774525196016,638.0046260601388
H20.33.016,L5/6 NP,0.30887325114773134,91.52432432432433
H20.33.016,L6 CT,0.06986021772627932,57.35593220338984
H20.33.016,L6 IT,0.2875931341349429,212.364
H20.33.016,L6 IT Car3,0.6204306336555746,82.3529411764706
H20.33.016,L6b,0.3117189110137522,37.230769230769226
H20.33.016,Lamp5,0.5981385381523483,156.0376175548589
H20.33.016,Lamp5 Lhx6,0.43747048552852696,103.43961352657006
H20.33.016,OPC,0.26933401211612706,101.47783251231529
H20.33.016,Oligodendrocyte,0.3061573086582192,530.0265721877768
H20.33.016,Pax6,0.03726568014619153,41.78823529411765
H20.33.016,Pvalb,0.27145379262514713,379.3193717277487
H20.33.016,Sncg,0.014855527022578262,62.66666666666667
H20.33.016,Sst,0.37070771153179877,171.49854227405248
H20.33.016,VLMC & Perivascular,0.10510187997459008,8.0
H20.33.016,Vip,0.15444782191125048,383.96121212121216
H20.33.017,Astrocyte,1.5085532032746871,11.831381733021077
H20.33.017,Chandelier,0.3780354281913143,76.53246753246754
H20.33.017,Immune,0.09268517753877187,39.25490196078431
H20.33.017,L2/3 IT,0.7904994997310517,379.9635499207607
H20.33.017,L4 IT,0.3439716016518255,600.7434640522875
H20.33.017,L5 IT,0.9040323528037609,453.107822410148
H20.33.017,L5/6 NP,0.24379778493971893,73.55421686746989
H20.33.017,L6 CT,0.29815440249884956,120.67450980392157
H20.33.017,L6 IT,0.8371473984662166,197.12093023255812
H20.33.017,L6 IT Car3,0.2314206146265438,117.99242424242425
H20.33.017,L6b,0.24218386147500404,78.8135593220339
H20.33.017,Lamp5,0.8004107456416857,110.925
H20.33.017,Lamp5 Lhx6,0.0408098134207623,122.17557251908397
H20.33.017,Oligodendrocyte,0.10926378121439055,66.94329896907216
H20.33.017,Pax6,0.2675608364120562,21.155555555555555
H20.33.017,Pvalb,0.283731547628468,278.6443661971831
H20.33.017,Sncg,0.5903277187260166,29.97101449275362
H20.33.017,Sst,0.46805050898314815,154.21935483870968
H20.33.017,Sst Chodl,1.099471484589873,9.73913043478261
H20.33.017,VLMC & Perivascular,0.1737285069668127,14.594594594594595
H20.33.017,Vip,0.16002181525362086,346.3780663780664
H20.33.017,Astrocyte,0.032556885470187195,460.0150862068965
H20.33.017,Chandelier,0.19571558514437906,62.61417322834645
H20.33.017,Immune,0.02139007056101303,229.62271805273832
H20.33.017,L2/3 IT,0.2447637379610147,977.55
H20.33.017,L4 IT,0.16198594833816493,916.4460784313725
H20.33.017,L5 IT,0.4323893410666187,595.322715842414
H20.33.017,L5/6 NP,0.18643458604058374,109.47945205479454
H20.33.017,L6 CT,0.02047998133281357,75.19496855345912
H20.33.017,L6 IT,0.038218703926618046,167.45591939546597
H20.33.017,L6 IT Car3,0.027498238348464786,156.17088607594937
H20.33.017,L6b,0.09015356501448679,39.02439024390244
H20.33.017,Lamp5,0.31920409529605875,112.2122448979592
H20.33.017,Lamp5 Lhx6,0.19127305867160965,111.1013215859031
H20.33.017,OPC,0.25536304109686325,121.99180327868851
H20.33.017,Oligodendrocyte,0.04964183523720334,366.7591836734694
H20.33.017,Pax6,0.6776772408943676,22.638297872340427
H20.33.017,Pvalb,0.4174840215885363,398.77488151658764
H20.33.017,Sncg,0.18573916867820361,42.62790697674419
H20.33.017,Sst,0.34745116298272427,177.9946949602122
H20.33.017,VLMC & Perivascular,0.09753636719541717,25.411764705882355
H20.33.017,Vip,0.3260753651719817,403.18347509113
H20.33.017,Astrocyte,1.541110088744874,11.859649122807017
H20.33.017,Chandelier,0.5737510133356932,66.87769784172662
H20.33.017,Immune,0.11407524809978484,41.09309309309309
H20.33.017,L2/3 IT,0.5457357617700371,372.71993127147766
H20.33.017,L4 IT,0.5059575499899903,759.3436499466382
H20.33.017,L5 IT,0.471643011737142,468.964964964965
H20.33.017,L5/6 NP,0.43023237098030254,72.88343558282209
H20.33.017,L6 CT,0.31863438383166315,87.8623853211009
H20.33.017,L6 IT,0.8753661023928344,134.5054945054945
H20.33.017,L6 IT Car3,0.25891885297500844,109.12173913043479
H20.33.017,L6b,0.3323374264894909,54.60550458715596
H20.33.017,Lamp5,1.1196148409377447,155.45980707395498
H20.33.017,Lamp5 Lhx6,0.232082872092372,145.4237288135593
H20.33.017,Oligodendrocyte,0.05962194597718702,67.49643705463183
H20.33.017,Pax6,0.9452380773064237,17.944444444444446
H20.33.017,Pvalb,0.7012155692170042,333.27676240208876
H20.33.017,Sncg,0.404588550047813,28.131147540983605
H20.33.017,Sst,0.12059934600042396,193.87468671679198
H20.33.017,VLMC & Perivascular,0.27126487416223,14.117647058823529
H20.33.017,Vip,0.4860971804256024,394.56790123456796
H20.33.018,Astrocyte,0.08348343070391064,528.9319470699432
H20.33.018,Chandelier,0.2140076236916771,45.45054945054945
H20.33.018,Endothelial,0.1177579304514333,12.923076923076923
H20.33.018,Immune,0.052712271390298854,123.96923076923078
H20.33.018,L2/3 IT,0.16236919116964862,980.4936257011727
H20.33.018,L4 IT,0.20315551945527416,670.353982300885
H20.33.018,L5 ET,0.21650259468038888,17.77777777777778
H20.33.018,L5 IT,0.03358399691578116,613.941368078176
H20.33.018,L5/6 NP,0.1784702269285967,75.47019867549669
H20.33.018,L6 CT,0.12792891072038148,90.95604395604396
H20.33.018,L6 IT,0.11635573252369964,364.93150684931504
H20.33.018,L6 IT Car3,0.16958034885585618,181.92896174863387
H20.33.018,L6b,0.04294028768971525,98.43654822335026
H20.33.018,Lamp5,0.008947790701774858,105.3302752293578
H20.33.018,Lamp5 Lhx6,0.26000827833386136,93.49732620320856
H20.33.018,OPC,0.21491196438779547,100.86956521739131
H20.33.018,Oligodendrocyte,0.0011354439755688638,190.2139534883721
H20.33.018,Pax6,0.07772784828657625,31.42857142857143
H20.33.018,Pvalb,0.1735247214617031,337.5952732644018
H20.33.018,Sncg,0.08230464783645017,26.714285714285715
H20.33.018,Sst,0.02410661677104613,113.4977973568282
H20.33.018,VLMC & Perivascular,0.32430398095121843,49.92
H20.33.018,Vip,0.0043493624562171125,317.78471138845555
H20.33.018,Astrocyte,0.33027108116428106,412.09733487833137
H20.33.018,Chandelier,0.1967610071316069,38.98734177215189
H20.33.018,Endothelial,0.39159744238169397,10.956521739130435
H20.33.018,Immune,0.2301933373044771,90.29508196721312
H20.33.018,L2/3 IT,0.5440133310760749,824.0662721893492
H20.33.018,L4 IT,0.15365421040769436,687.0021443888492
H20.33.018,L5 ET,0.9850396101168208,11.52
H20.33.018,L5 IT,0.18790323570447628,507.83141762452107
H20.33.018,L5/6 NP,0.39652788757421636,57.487603305785115
H20.33.018,L6 CT,0.19305210578713575,64.02877697841727
H20.33.018,L6 IT,0.03450799998710556,217.67441860465115
H20.33.018,L6 IT Car3,0.18584064241807902,89.64347826086957
H20.33.018,L6b,0.3409510486924787,70.3741935483871
H20.33.018,Lamp5,0.2988836536722825,99.57425742574257
H20.33.018,Lamp5 Lhx6,0.12539436314961364,87.01714285714286
H20.33.018,OPC,0.5716127236821881,87.0
H20.33.018,Oligodendrocyte,0.13439441069188002,171.0364145658263
H20.33.018,Pax6,0.38181526414158623,34.434782608695656
H20.33.018,Pvalb,0.19975408447412932,277.8975265017668
H20.33.018,Sncg,0.0539948896407293,22.956521739130434
H20.33.018,Sst,0.16053884007229077,106.10328638497651
H20.33.018,VLMC & Perivascular,0.3093831996232396,38.400000000000006
H20.33.018,Vip,0.042797917518031484,296.8787878787879
H20.33.018,Astrocyte,0.17412074138392358,403.9131455399061
H20.33.018,Chandelier,0.1751316546696224,31.058823529411764
H20.33.018,Endothelial,0.27951728370782103,12.32
H20.33.018,Immune,0.08111727429948039,110.69058295964126
H20.33.018,L2/3 IT,0.3146815262743444,767.8211180124223
H20.33.018,L4 IT,0.06170688010675365,617.7669902912621
H20.33.018,L5 ET,0.02314228719540763,10.666666666666666
H20.33.018,L5 IT,0.07428459117390446,498.90203685742
H20.33.018,L5/6 NP,0.35086242465498924,67.47058823529412
H20.33.018,L6 CT,0.04068237688867169,75.12987012987013
H20.33.018,L6 IT,0.18495132290108107,241.7712177121771
H20.33.018,L6 IT Car3,0.10629503667105583,103.89344262295081
H20.33.018,L6b,0.271558372136788,75.27950310559007
H20.33.018,Lamp5,0.38357940646422517,96.75897435897437
H20.33.018,Lamp5 Lhx6,0.33834766517430065,91.95652173913044
H20.33.018,OPC,0.037444827192662795,71.0204081632653
H20.33.018,Oligodendrocyte,0.08549194151567906,171.97777777777776
H20.33.018,Pax6,0.2476386701413837,27.78947368421053
H20.33.018,Pvalb,0.011459115375064055,275.9573712255772
H20.33.018,Sncg,0.1224118918105241,21.488372093023255
H20.33.018,Sst,0.15041684255309842,107.76851851851852
H20.33.018,VLMC & Perivascular,0.3768181770483537,30.171428571428574
H20.33.018,Vip,0.0627091812141143,298.3115577889447
H20.33.018,Astrocyte,0.5453901551787019,310.7069892473118
H20.33.018,Immune,0.48686935314618174,80.14285714285714
H20.33.018,L2/3 IT,0.36570452235793716,27.60483870967742
H20.33.018,L4 IT,0.344372653542181,550.3135135135135
H20.33.018,L5 IT,0.01161798407542733,268.14358974358976
H20.33.018,L5/6 NP,1.7316794169587912,11.1
H20.33.018,L6 CT,0.1315645680558839,83.70238095238096
H20.33.018,L6 IT,0.6665118062897255,192.09775967413444
H20.33.018,L6 IT Car3,0.6887595423998222,102.93004115226337
H20.33.018,L6b,0.28239617630602765,92.89839572192513
H20.33.018,Lamp5,2.361198155689262,56.138461538461534
H20.33.018,Lamp5 Lhx6,1.4431876068104985,59.00729927007299
H20.33.018,OPC,0.396984771033343,76.96153846153845
H20.33.018,Oligodendrocyte,0.4814163390682011,241.0521831735889
H20.33.018,Pvalb,1.5650978595257095,85.02162162162162
H20.33.018,Sst,1.434068094160003,97.66834170854271
H20.33.018,VLMC & Perivascular,0.4124728897918667,35.36842105263158
H20.33.018,Vip,1.293965550165988,73.4054054054054
H20.33.018,Astrocyte,0.4137545118681915,415.7714285714286
H20.33.018,Chandelier,0.0172466165600702,40.1219512195122
H20.33.018,Endothelial,0.5093553728331274,10.285714285714286
H20.33.018,Immune,0.2829056086947761,107.09623430962344
H20.33.018,L2/3 IT,0.38164413990642626,825.83598820059
H20.33.018,L4 IT,0.049501309047579725,770.9008425145821
H20.33.018,L5 ET,0.7685370154364319,12.413793103448278
H20.33.018,L5 IT,0.15431923878869494,511.969696969697
H20.33.018,L5/6 NP,0.5749981145028131,58.37096774193548
H20.33.018,L6 CT,0.32098101650751726,65.03496503496503
H20.33.018,L6 IT,0.08184773253659423,219.46768060836501
H20.33.018,L6 IT Car3,0.01626029356222294,93.15503875968993
H20.33.018,L6b,0.2980107610027633,69.12
H20.33.018,Lamp5,0.28993586297050766,120.47107438016529
H20.33.018,Lamp5 Lhx6,0.13461391518424792,86.58620689655173
H20.33.018,OPC,0.3567007592943926,100.86956521739131
H20.33.018,Oligodendrocyte,0.13552985466744905,246.2027833001988
H20.33.018,Pax6,0.30408741585501,32.72727272727273
H20.33.018,Pvalb,0.37327880593583235,290.2495840266223
H20.33.018,Sncg,0.02830975819572075,28.137931034482758
H20.33.018,Sst,0.13643222330124455,106.54205607476635
H20.33.018,VLMC & Perivascular,0.014920781327978808,39.61904761904762
H20.33.018,Vip,0.03844855506181436,324.8085758039816
H20.33.018,Astrocyte,0.25760417208783404,407.4421296296296
H20.33.018,Chandelier,0.03887596902205484,31.774647887323948
H20.33.018,Endothelial,0.39727521415925443,11.478260869565217
H20.33.018,Immune,0.1338295456897793,137.04659498207886
H20.33.018,L2/3 IT,0.15231233510469586,769.3572755417956
H20.33.018,L4 IT,0.14144863934852045,684.7826086956521
H20.33.018,L5 ET,0.19336030748498137,11.428571428571429
H20.33.018,L5 IT,0.0407005942581234,502.89549376797703
H20.33.018,L5/6 NP,0.5293326515835861,68.69064748201438
H20.33.018,L6 CT,0.16861128760905314,76.51898734177215
H20.33.018,L6 IT,0.06859559037738136,243.98550724637676
H20.33.018,L6 IT Car3,0.275875385526912,108.63970588235294
H20.33.018,L6b,0.22861808444707274,73.84615384615384
H20.33.018,Lamp5,0.3746316157624502,116.3744680851064
H20.33.018,Lamp5 Lhx6,0.07833938684043923,91.47540983606558
H20.33.018,OPC,0.2523567915804582,80.0
H20.33.018,Oligodendrocyte,0.08662738549124813,248.1581027667984
H20.33.018,Pax6,0.16991082185480733,26.666666666666668
H20.33.018,Pvalb,0.18498383683676697,288.13377926421407
H20.33.018,Sncg,0.04010724397407388,25.96363636363636
H20.33.018,Sst,0.12631022578205242,108.22119815668204
H20.33.018,VLMC & Perivascular,0.05251419609713525,30.91891891891892
H20.33.018,Vip,0.05835981875789717,326.5243902439024
H20.33.018,Astrocyte,0.6288735858826124,312.79100529100526
H20.33.018,Immune,0.5395816245364808,93.10714285714286
H20.33.018,L2/3 IT,0.20333533118828867,27.606820461384157
H20.33.018,L4 IT,0.5475281729974552,602.8708133971293
H20.33.018,L5 IT,0.045201980991208486,269.29292929292933
H20.33.018,L5/6 NP,1.910149643887388,11.132530120481928
H20.33.018,L6 CT,0.25949347877626516,85.43023255813952
H20.33.018,L6 IT,0.7828675388134254,193.4930139720559
H20.33.018,L6 IT Car3,0.5191791935439658,107.58671586715866
H20.33.018,L6b,0.23945588861631234,90.72527472527473
H20.33.018,Lamp5,2.3522503649874866,62.2235294117647
H20.33.018,Lamp5 Lhx6,1.7031958851443598,58.80882352941176
H20.33.018,OPC,0.6118967354211386,87.61904761904762
H20.33.018,Oligodendrocyte,0.48255178304376994,423.10783410138254
H20.33.018,Pvalb,1.7386225809874125,86.14320987654321
H20.33.018,Sst,1.409961477388957,98.04
H20.33.018,VLMC & Perivascular,0.08816890884064817,36.4
H20.33.018,Vip,1.2983149126222049,75.0
H20.33.018,Astrocyte,0.15615033978035744,334.40956651718983
H20.33.018,Chandelier,0.021629352461984448,28.47457627118644
H20.33.018,Endothelial,0.1120801586738729,9.9
H20.33.018,Immune,0.1490760630049966,97.03960396039604
H20.33.018,L2/3 IT,0.2293318048017305,669.6190476190477
H20.33.018,L4 IT,0.09194733030094064,702.1644413211525
H20.33.018,L5 ET,0.9618973229214132,8.470588235294118
H20.33.018,L5 IT,0.11361864453057154,429.40162980209544
H20.33.018,L5/6 NP,0.045665462919227136,53.46788990825688
H20.33.018,L6 CT,0.1523697288984642,56.521739130434774
H20.33.018,L6 IT,0.15044332291397572,168.0
H20.33.018,L6 IT Car3,0.2921356790891348,67.27941176470588
H20.33.018,L6b,0.06939267655569076,56.842105263157904
H20.33.018,Lamp5,0.08469575279194258,109.38812785388129
H20.33.018,Lamp5 Lhx6,0.21295330202468707,85.26315789473684
H20.33.018,OPC,0.6090575508748508,71.0204081632653
H20.33.018,Oligodendrocyte,0.04890246917620078,216.48960739030022
H20.33.018,Pax6,0.1341765940002024,28.799999999999997
H20.33.018,Pvalb,0.1882949690990654,243.4907597535934
H20.33.018,Sncg,0.06841700216979478,22.400000000000002
H20.33.018,Sst,0.010121997519192237,101.47783251231529
H20.33.018,VLMC & Perivascular,0.06743497742511405,26.074074074074073
H20.33.018,Vip,0.019911263696082752,304.4926108374384
H20.33.018,Astrocyte,0.21511907401442087,267.8787878787879
H20.33.018,Immune,0.25667601584170463,72.73469387755102
H20.33.018,L2/3 IT,0.17830880871813778,27.46005509641873
H20.33.018,L4 IT,0.4980268639498753,616.3022359290671
H20.33.018,L5 IT,0.19952121977990336,246.68421052631578
H20.33.018,L5/6 NP,1.3351515293845748,10.641509433962264
H20.33.018,L6 CT,0.06148753773125188,61.240310077519375
H20.33.018,L6 IT,0.7010198062768311,142.41114982578398
H20.33.018,L6 IT Car3,0.502918899981743,66.87407407407407
H20.33.018,L6b,0.05855487238645095,66.34285714285714
H20.33.018,Lamp5,2.0623145020169793,60.16883116883117
H20.33.018,Lamp5 Lhx6,1.5685819699601118,56.17741935483871
H20.33.018,OPC,0.968597494715531,76.96153846153845
H20.33.018,Oligodendrocyte,0.347021928376321,338.64624505928856
H20.33.018,Pvalb,1.3653437750515802,81.66666666666667
H20.33.018,Sst,1.2735292540877123,92.47311827956989
H20.33.018,VLMC & Perivascular,0.10308969016862711,29.866666666666667
H20.33.018,Vip,1.3367634676840194,73.77391304347827
H20.33.018,Astrocyte,0.37126941379477846,264.3963636363636
H20.33.018,Immune,0.40575207884670134,85.41176470588235
H20.33.018,L2/3 IT,0.05102299608359263,27.393188854489168
H20.33.018,L4 IT,0.4060795336489347,560.0
H20.33.018,L5 IT,0.08590257524933186,244.55798319327732
H20.33.018,L5/6 NP,1.380816992303802,10.941176470588236
H20.33.018,L6 CT,0.09088219116721212,71.31944444444444
H20.33.018,L6 IT,0.8514631291908068,152.34504792332268
H20.33.018,L6 IT Car3,0.7950545790708778,74.496644295302
H20.33.018,L6b,0.010837804169239578,70.68493150684931
H20.33.018,Lamp5,1.9776187492250366,59.12925170068027
H20.33.018,Lamp5 Lhx6,1.781535271984799,58.19548872180451
H20.33.018,OPC,0.35953994384068033,64.18604651162791
H20.33.018,Oligodendrocyte,0.39592439755252196,342.35665024630543
H20.33.018,Pvalb,1.5536387441506456,81.49828178694159
H20.33.018,Sst,1.2836512516069045,93.73544973544973
H20.33.018,Sst Chodl,0.5910787945011342,5.833333333333333
H20.33.018,VLMC & Perivascular,0.03565471274351293,24.64
H20.33.018,Vip,1.356674731380102,73.86206896551725
H20.33.019,Astrocyte,0.19310126610141867,355.7941585535466
H20.33.019,Chandelier,0.4413060989135594,35.30555555555556
H20.33.019,Endothelial,0.20360978171869176,7.0
H20.33.019,Immune,0.10437509120143419,133.85915492957747
H20.33.019,L2/3 IT,0.29597021730062334,1646.2175757575758
H20.33.019,L4 IT,0.1758573181706995,855.3945061367621
H20.33.019,L5 ET,0.5452919019345179,20.390243902439025
H20.33.019,L5 IT,0.2151693819611559,677.9867647058824
H20.33.019,L5/6 NP,0.64491114635012,94.55497382198952
H20.33.019,L6 CT,0.059689925886037234,101.20588235294116
H20.33.019,L6 IT,0.11915190492741841,317.7452830188679
H20.33.019,L6 IT Car3,0.32307762179074334,124.83794466403162
H20.33.019,L6b,0.09663294257805731,56.24347826086957
H20.33.019,Lamp5,0.267424019689679,174.3887323943662
H20.33.019,Lamp5 Lhx6,0.32008796480941126,87.48022598870057
H20.33.019,OPC,0.15891546931590905,178.43478260869566
H20.33.019,Oligodendrocyte,0.024517528920253856,336.2108345534407
H20.33.019,Pax6,0.49161496285107703,38.44155844155844
H20.33.019,Pvalb,0.24781079526538266,342.4408759124088
H20.33.019,Sncg,0.14620471322124692,61.398373983739845
H20.33.019,Sst,0.4272685131530533,160.46105919003116
H20.33.019,VLMC & Perivascular,0.022725458395265036,10.636363636363637
H20.33.019,Vip,0.3327868554910383,394.2205323193916
H20.33.019,Astrocyte,0.30627729163575673,307.2694805194805
H20.33.019,Chandelier,0.04044965080276845,31.06060606060606
H20.33.019,Immune,0.13853603663324052,72.88343558282209
H20.33.019,L2/3 IT,0.13135579698839714,1761.8632624113477
H20.33.019,L4 IT,0.02021682161670968,758.2792207792207
H20.33.019,L5 ET,0.5060255829078066,13.75
H20.33.019,L5 IT,0.054649596840361865,725.4004135079256
H20.33.019,L5/6 NP,0.1690852976523017,92.0855614973262
H20.33.019,L6 CT,0.31801872878723164,77.20754716981132
H20.33.019,L6 IT,0.10208933463879391,309.6231884057971
H20.33.019,L6 IT Car3,0.5743728121084746,110.47963800904978
H20.33.019,L6b,0.03384913720185607,27.03614457831325
H20.33.019,Lamp5,0.8139646661789967,118.4842105263158
H20.33.019,Lamp5 Lhx6,0.5490841875927556,83.01176470588237
H20.33.019,OPC,0.31996171360462256,142.9965156794425
H20.33.019,Oligodendrocyte,0.07989844561128291,282.652557319224
H20.33.019,Pax6,0.20926850866573976,16.0
H20.33.019,Pvalb,0.4449503264444582,282.7332185886403
H20.33.019,Sncg,1.3035803877794627,27.584415584415588
H20.33.019,Sst,0.44616254850330683,155.68589743589743
H20.33.019,VLMC & Perivascular,0.06739928528558632,10.636363636363637
H20.33.019,Vip,0.26019275650791485,286.7942583732057
H20.33.019,Astrocyte,0.11317602553433802,336.8011611030479
H20.33.019,Chandelier,0.40085644811079096,27.678571428571427
H20.33.019,Immune,0.03416094543180622,83.80952380952381
H20.33.019,L2/3 IT,0.16461442031222628,1675.98217998218
H20.33.019,L4 IT,0.15564049655398976,750.8875739644972
H20.33.019,L5 ET,1.0513174848423246,13.10344827586207
H20.33.019,L5 IT,0.16051978512079418,685.4931009440814
H20.33.019,L5/6 NP,0.8139964440024218,83.95238095238095
H20.33.019,L6 CT,0.37770865467326886,82.77966101694916
H20.33.019,L6 IT,0.22124123956621253,301.3134328358209
H20.33.019,L6 IT Car3,0.8974504338992181,122.952
H20.33.019,L6b,0.13048207977991344,25.242424242424246
H20.33.019,Lamp5,1.0813886858686756,108.70588235294117
H20.33.019,Lamp5 Lhx6,0.8691721524021669,75.33774834437087
H20.33.019,OPC,0.4788771829205316,166.15384615384616
H20.33.019,Oligodendrocyte,0.10441597453153668,315.680981595092
H20.33.019,Pax6,0.7008834715168166,15.744680851063828
H20.33.019,Pvalb,0.6927611217098409,285.83389830508474
H20.33.019,Sncg,1.44978510100071,28.097560975609756
H20.33.019,Sst,0.8734310616563603,153.36807817589576
H20.33.019,VLMC & Perivascular,0.09012474368085141,13.0
H20.33.019,Vip,0.5929796119989532,281.3465346534653
H20.33.020,Astrocyte,0.07026595766621987,476.7949790794979
H20.33.020,Chandelier,0.3507453673084768,33.6231884057971
H20.33.020,Endothelial,0.10651553054443043,11.666666666666666
H20.33.020,Immune,0.06253429328114596,173.08357348703169
H20.33.020,L2/3 IT,0.15319663900808841,876.4654877353108
H20.33.020,L4 IT,0.1881110803003643,502.99801192842943
H20.33.020,L5 ET,0.2797847998309483,12.0
H20.33.020,L5 IT,0.23918654590593472,443.9977477477477
H20.33.020,L5/6 NP,0.20726940734060273,58.0
H20.33.020,L6 CT,0.0018658758949661395,89.79234972677597
H20.33.020,L6 IT,0.009873841066734237,228.81917211328974
H20.33.020,L6 IT Car3,0.18921128557864547,113.92105263157893
H20.33.020,L6b,0.12212404366457089,113.27800829875518
H20.33.020,Lamp5,0.023891692426676915,125.45454545454545
H20.33.020,Lamp5 Lhx6,0.018137996017293906,68.13986013986015
H20.33.020,OPC,0.02252917108424799,97.43589743589743
H20.33.020,Oligodendrocyte,0.3002004973241908,283.88091068301225
H20.33.020,Pax6,0.6225648477689721,29.836065573770494
H20.33.020,Pvalb,0.2484838793814153,194.8235294117647
H20.33.020,Sncg,0.3840256159262352,40.97560975609756
H20.33.020,Sst,0.15326640433506472,74.88000000000001
H20.33.020,VLMC & Perivascular,0.40886457100309526,26.40740740740741
H20.33.020,Vip,0.008979100453871734,190.91623036649216
H20.33.020,Astrocyte,0.43747330098108456,329.02247191011236
H20.33.020,Chandelier,0.03563553941302785,30.426229508196723
H20.33.020,Endothelial,0.25092220429548695,7.368421052631578
H20.33.020,Immune,0.2513493934465324,110.44354838709677
H20.33.020,L2/3 IT,0.1320096716084657,803.6685219542361
H20.33.020,L4 IT,0.1040281166214763,490.230377166157
H20.33.020,L5 ET,0.5293062449083492,11.478260869565217
H20.33.020,L5 IT,0.33099537018710506,415.378896882494
H20.33.020,L5/6 NP,0.13378531509703565,48.72
H20.33.020,L6 CT,0.17607357842729934,76.41830065359477
H20.33.020,L6 IT,0.238968017004,207.06506024096385
H20.33.020,L6 IT Car3,0.1676814964721522,108.44239631336406
H20.33.020,L6b,0.3189177306370769,105.32407407407406
H20.33.020,Lamp5,0.3296633247178575,129.4296577946768
H20.33.020,Lamp5 Lhx6,0.3165699173629451,64.48484848484848
H20.33.020,OPC,0.4245118510001086,78.58024691358025
H20.33.020,Oligodendrocyte,0.5432188549900584,323.5562403697997
H20.33.020,Pax6,0.6272888043174264,30.875
H20.33.020,Pvalb,0.056312400547894895,137.55483870967743
H20.33.020,Sncg,0.327533154335753,43.44827586206896
H20.33.020,Sst,0.2363303142921283,75.94736842105263
H20.33.020,VLMC & Perivascular,0.4117445620598425,26.763636363636365
H20.33.020,Vip,0.35403356769605954,189.95263157894738
H20.33.020,Astrocyte,0.0803186143600175,385.52598225602026
H20.33.020,Chandelier,0.1589949172051891,32.8955223880597
H20.33.020,Immune,0.08077796755197073,156.5923566878981
H20.33.020,L2/3 IT,0.624091576642625,847.376179245283
H20.33.020,L4 IT,0.047444513514242385,712.6658959537573
H20.33.020,L5 IT,0.2597034757029155,512.9030418250951
H20.33.020,L5/6 NP,1.1416181911534424,59.93333333333334
H20.33.020,L6 CT,0.2599544152511141,48.50877192982456
H20.33.020,L6 IT,0.823655220512053,176.6830601092896
H20.33.020,L6 IT Car3,0.8092635933865479,97.54545454545456
H20.33.020,L6b,0.7951394315937963,50.55555555555556
H20.33.020,Lamp5,0.675180093262194,121.59836065573772
H20.33.020,Lamp5 Lhx6,0.9010182504493207,58.847457627118644
H20.33.020,OPC,0.44393088904095046,52.21374045801527
H20.33.020,Oligodendrocyte,0.2756238362383992,281.5520282186949
H20.33.020,Pax6,0.3725140280829598,30.193548387096772
H20.33.020,Pvalb,0.8546386633423406,229.7032258064516
H20.33.020,Sncg,0.8731214858372986,38.18181818181819
H20.33.020,Sst,0.22999938868837802,106.93548387096774
H20.33.020,VLMC & Perivascular,0.4344028241457749,18.157894736842106
H20.33.020,Vip,0.6366427858272459,210.21077283372367
H20.33.020,Astrocyte,0.3672073433148646,340.8315789473684
H20.33.020,Chandelier,0.3151098278954487,35.55555555555556
H20.33.020,Endothelial,0.3574377348399173,6.666666666666666
H20.33.020,Immune,0.1888151001653866,114.0075471698113
H20.33.020,L2/3 IT,0.02118696739962278,808.3194103194104
H20.33.020,L4 IT,0.08408296367888804,491.18209562563584
H20.33.020,L5 ET,0.24952144507740087,11.478260869565217
H20.33.020,L5 IT,0.09180882428117045,416.255980861244
H20.33.020,L5/6 NP,0.07348409224356707,48.72
H20.33.020,L6 CT,0.17793945432226563,86.47191011235955
H20.33.020,L6 IT,0.2488418580707342,217.79999999999995
H20.33.020,L6 IT Car3,0.35689278205079783,111.22869955156949
H20.33.020,L6b,0.19679368697250607,136.36363636363635
H20.33.020,Lamp5,0.30577163229118065,142.8251748251748
H20.33.020,Lamp5 Lhx6,0.3347079133802391,81.12883435582822
H20.33.020,OPC,0.40198267991586045,80.23952095808383
H20.33.020,Oligodendrocyte,0.24301835766586763,297.980198019802
H20.33.020,Pax6,0.004723956548454212,36.43835616438356
H20.33.020,Pvalb,0.19217147883352037,132.06968641114983
H20.33.020,Sncg,0.05649246159048229,42.35294117647059
H20.33.020,Sst,0.08306390995706357,72.98630136986301
H20.33.020,VLMC & Perivascular,0.002879991056747194,31.492063492063494
H20.33.020,Vip,0.3630126681499313,193.99484536082474
H20.33.020,Astrocyte,0.010052656693797476,401.8399044205496
H20.33.020,Chandelier,0.5097402845136657,38.97435897435897
H20.33.020,Immune,0.018243674270824878,163.85498489425981
H20.33.020,L2/3 IT,0.47089493763453677,852.548330404218
H20.33.020,L4 IT,0.2355555938146068,714.6789838337182
H20.33.020,L5 IT,0.0205169297969809,514.2409867172676
H20.33.020,L5/6 NP,0.9343487838128396,59.93333333333334
H20.33.020,L6 CT,0.2618202911460804,52.374100719424455
H20.33.020,L6 IT,0.8335290615787873,184.4398976982097
H20.33.020,L6 IT Car3,0.9984748789651933,99.79411764705883
H20.33.020,L6b,0.6730153879292253,56.756756756756765
H20.33.020,Lamp5,0.6512884008355171,133.34831460674155
H20.33.020,Lamp5 Lhx6,0.9191562464666145,72.40268456375838
H20.33.020,OPC,0.46646006012519853,52.94117647058823
H20.33.020,Oligodendrocyte,0.024576661085791693,261.98473282442745
H20.33.020,Pax6,0.9950788758519321,35.49295774647888
H20.33.020,Pvalb,0.6061547839609253,214.8054298642534
H20.33.020,Sncg,1.257147101763534,37.33333333333333
H20.33.020,Sst,0.07673298435331331,101.15702479338843
H20.33.020,VLMC & Perivascular,0.025538253142679698,20.217391304347828
H20.33.020,Vip,0.6456218862811177,215.17241379310346
H20.33.020,Astrocyte,0.3571546866210671,291.5008431703204
H20.33.020,Chandelier,0.19463045661821696,34.74285714285714
H20.33.020,Immune,0.17057142589456167,106.61206896551724
H20.33.020,L2/3 IT,0.4920819050341594,783.5136855506047
H20.33.020,L4 IT,0.1514726301357188,689.1763327475103
H20.33.020,L5 IT,0.07129189448418943,476.23799999999994
H20.33.020,L5/6 NP,1.0078328760564066,50.07692307692308
H20.33.020,L6 CT,0.08388083682381496,47.52293577981652
H20.33.020,L6 IT,0.5846872035080531,170.04034582132564
H20.33.020,L6 IT Car3,0.6415820969143955,95.56476683937825
H20.33.020,L6b,0.47622170095671945,54.68749999999999
H20.33.020,Lamp5,0.34551676854433644,137.84837545126354
H20.33.020,Lamp5 Lhx6,0.5844483330863757,68.28985507246377
H20.33.020,OPC,0.868442740041059,46.83495145631068
H20.33.020,Oligodendrocyte,0.26759501875165936,295.4152823920266
H20.33.020,Pax6,0.999802832400386,36.972972972972975
H20.33.020,Pvalb,0.7983262627944456,147.22437673130196
H20.33.020,Sncg,1.2006546401730516,39.375
H20.33.020,Sst,0.006330925603750258,103.11475409836065
H20.33.020,VLMC & Perivascular,0.02265826208593248,20.425531914893618
H20.33.020,Vip,0.2826092181311864,213.94919168591224
H20.33.024,Astrocyte,0.1050049460103619,37.76315789473684
H20.33.024,Chandelier,0.09247655993192738,57.854304635761586
H20.33.024,Immune,0.0938178820799617,56.23931623931624
H20.33.024,L2/3 IT,0.09035088100784133,1566.230985915493
H20.33.024,L4 IT,0.05838826767665563,724.3717277486911
H20.33.024,L5 ET,0.45102202350400544,12.48
H20.33.024,L5 IT,0.08178051655753521,633.3830455259027
H20.33.024,L5/6 NP,0.07199076559255095,87.31182795698925
H20.33.024,L6 CT,0.05781786310417311,125.8015873015873
H20.33.024,L6 IT,0.18192048411437964,289.46689303904924
H20.33.024,L6 IT Car3,0.1668560627836292,149.6051779935275
H20.33.024,L6b,0.17758100121128134,130.29545454545453
H20.33.024,Lamp5,0.09988589680274472,201.4814814814815
H20.33.024,Lamp5 Lhx6,0.050094520370231446,166.23631123919307
H20.33.024,OPC,0.06651693025659355,56.89655172413792
H20.33.024,Oligodendrocyte,0.13468518304226024,1171.5200648561004
H20.33.024,Pax6,0.48909614546406555,38.769230769230774
H20.33.024,Pvalb,0.004575952864681784,566.6345177664974
H20.33.024,Sncg,0.16939545682236337,76.56497175141243
H20.33.024,Sst,0.15848908672144923,484.39809523809527
H20.33.024,Sst Chodl,0.13708466597412597,16.61111111111111
H20.33.024,Vip,0.028257381472002237,496.1354359925789
H20.33.025,Astrocyte,0.8635572269613829,237.79411764705884
H20.33.025,Chandelier,0.542415487666219,61.398373983739845
H20.33.025,Endothelial,0.11718019670729557,6.153846153846153
H20.33.025,Immune,0.6412925602476907,287.6923076923077
H20.33.025,L2/3 IT,0.43704218266795863,2691.5713756025216
H20.33.025,L4 IT,0.3615763914518302,515.4762366634335
H20.33.025,L5 ET,0.0732324808224718,8.470588235294118
H20.33.025,L5 IT,0.13820505028487215,449.432703003337
H20.33.025,L5/6 NP,0.5979626122209933,58.28571428571428
H20.33.025,L6 CT,0.7048175136142336,45.97894736842105
H20.33.025,L6 IT,0.3239145165999856,113.94782608695652
H20.33.025,L6 IT Car3,0.3028947492989983,58.847457627118644
H20.33.025,L6b,0.2088073685849875,29.423728813559322
H20.33.025,Lamp5,0.8103641170148993,265.45864661654133
H20.33.025,Lamp5 Lhx6,0.36498983672353585,83.5764705882353
H20.33.025,OPC,0.5801198037671198,147.18543046357618
H20.33.025,Oligodendrocyte,0.29124225302532325,797.5615240474704
H20.33.025,Pax6,0.44269524994009035,26.79310344827586
H20.33.025,Pvalb,0.44319809155895373,473.58649789029533
H20.33.025,Sncg,0.4669954448401243,147.27272727272728
H20.33.025,Sst,0.2712410323772754,297.5980066445183
H20.33.025,VLMC & Perivascular,0.058097322501103214,9.9
H20.33.025,Vip,0.4016053057183303,589.9579124579125
H20.33.025,Astrocyte,0.21161220507735579,241.0434782608696
H20.33.025,Chandelier,0.0487299075004489,37.04651162790698
H20.33.025,Immune,0.3102111992018606,185.6857855361596
H20.33.025,L2/3 IT,0.003205643572362501,2548.71400549235
H20.33.025,L4 IT,0.48911716026404034,718.4708624708624
H20.33.025,L5 ET,1.403062636056902,12.952380952380953
H20.33.025,L5 IT,0.5733365662812057,670.8030040439053
H20.33.025,L5/6 NP,0.5155563061039997,97.6265560165975
H20.33.025,L6 CT,0.3110354652933943,62.15625000000001
H20.33.025,L6 IT,0.7383152243707077,173.33333333333331
H20.33.025,L6 IT Car3,1.878797428606144,88.42105263157895
H20.33.025,L6b,0.8323849367569617,51.88421052631579
H20.33.025,Lamp5,0.3954829527503181,236.64462809917356
H20.33.025,Lamp5 Lhx6,0.1798500536411711,96.49740932642487
H20.33.025,OPC,0.7826133380694026,149.26623376623377
H20.33.025,Oligodendrocyte,0.5315197684033199,623.1526479750779
H20.33.025,Pax6,0.17375731595427904,27.59322033898305
H20.33.025,Pvalb,0.19076778472910325,442.34762979683967
H20.33.025,Sncg,0.475847096273075,70.81967213114754
H20.33.025,Sst,0.17702279712703053,279.1055456171735
H20.33.025,VLMC & Perivascular,0.8723977678964463,9.473684210526315
H20.33.025,Vip,0.07665990362704342,383.6385255648038
H20.33.025,Astrocyte,1.0751694320387386,248.4507042253521
H20.33.025,Chandelier,0.49368558016577035,37.97802197802198
H20.33.025,Immune,0.9515037594495513,202.43697478991598
H20.33.025,L2/3 IT,0.433836539095596,2661.796254681648
H20.33.025,L4 IT,0.8506935517158706,725.3348810214742
H20.33.025,L5 ET,1.4762951168793736,14.232558139534884
H20.33.025,L5 IT,0.711541616566078,658.7720930232558
H20.33.025,L5/6 NP,1.1135189183249932,78.77678571428571
H20.33.025,L6 CT,1.0158529789076278,81.99043062200957
H20.33.025,L6 IT,1.0622297409706933,202.8482972136223
H20.33.025,L6 IT Car3,1.5759026793071458,95.73529411764706
H20.33.025,L6b,1.041192305341949,47.61497326203209
H20.33.025,Lamp5,0.4148811642645811,227.49565217391304
H20.33.025,Lamp5 Lhx6,0.5448398903647069,83.953216374269
H20.33.025,OPC,1.3627331418365223,177.94943820224722
H20.33.025,Oligodendrocyte,0.8227620214286432,654.1173062997829
H20.33.025,Pax6,0.26893793398581123,21.488372093023255
H20.33.025,Pvalb,0.6339658762880569,454.89715536105035
H20.33.025,Sncg,0.008851651432950606,74.05714285714286
H20.33.025,Sst,0.09421823525024484,310.016051364366
H20.33.025,Sst Chodl,1.2316113241957531,7.0
H20.33.025,VLMC & Perivascular,0.8143004453953432,10.476190476190476
H20.33.025,Vip,0.47826520934537364,405.384451544196
H20.33.027,Astrocyte,0.36967081437652893,371.6274694261524
H20.33.027,Chandelier,0.49717547654919214,65.875
H20.33.027,Endothelial,0.16259253324019465,13.0
H20.33.027,Immune,0.04613298260445847,63.84
H20.33.027,L2/3 IT,0.45494079302686724,1989.469603524229
H20.33.027,L4 IT,0.3467466337098219,322.50997150997154
H20.33.027,L5 ET,0.30169061586993784,9.1
H20.33.027,L5 IT,0.34802008005334484,285.97222222222223
H20.33.027,L5/6 NP,0.092569946636409,17.06122448979592
H20.33.027,L6 CT,0.5409558512038526,20.313725490196077
H20.33.027,L6 IT,0.17990413557304644,59.31818181818181
H20.33.027,L6 IT Car3,0.2946254340756837,109.90909090909092
H20.33.027,L6b,0.12763222221946366,19.200000000000003
H20.33.027,Lamp5,0.4964111342003276,276.0198347107438
H20.33.027,Lamp5 Lhx6,0.578891937279259,97.1830985915493
H20.33.027,OPC,1.1312630691731667,41.909287257019436
H20.33.027,Oligodendrocyte,0.17644457091636265,99.26368159203982
H20.33.027,Pax6,0.6054811760583569,45.27835051546391
H20.33.027,Pvalb,0.4317987515088481,544.1526717557252
H20.33.027,Sncg,0.7096233881960099,162.5936599423631
H20.33.027,Sst,0.46245117983221923,241.43426294820716
H20.33.027,VLMC & Perivascular,0.16091826073410612,25.714285714285715
H20.33.027,Vip,0.3884944434209892,584.5447705041385
H20.33.027,Astrocyte,0.9896645691626541,165.24590163934428
H20.33.027,Chandelier,0.911699835135844,21.96923076923077
H20.33.027,Endothelial,0.9590785317666215,7.222222222222221
H20.33.027,Immune,0.598577102419815,40.44444444444444
H20.33.027,L2/3 IT,0.4001058444161204,1576.0808080808083
H20.33.027,L4 IT,0.8510368730568726,388.17705510388436
H20.33.027,L5 ET,1.0005681979023129,9.916666666666666
H20.33.027,L5 IT,0.7587551168582981,335.0801603206413
H20.33.027,L5/6 NP,0.8651074473608519,18.857142857142858
H20.33.027,L6 CT,1.2085912190096275,24.59130434782609
H20.33.027,L6 IT,0.9795857444393283,80.53738317757009
H20.33.027,L6 IT Car3,0.979659488589238,106.53658536585367
H20.33.027,L6b,1.182294139671226,27.345454545454544
H20.33.027,Lamp5,0.3544076739076878,190.3168831168831
H20.33.027,Lamp5 Lhx6,0.4762027722752079,80.98159509202455
H20.33.027,OPC,0.05769809680523815,36.721804511278194
H20.33.027,Oligodendrocyte,0.30905607216327574,91.8853046594982
H20.33.027,Pax6,0.11452959727734455,24.0
H20.33.027,Pvalb,0.6027465319781332,466.29117959617423
H20.33.027,Sncg,0.10109585362961603,72.22222222222221
H20.33.027,Sst,0.38756317962987963,216.8256880733945
H20.33.027,VLMC & Perivascular,0.10370716691112283,16.941176470588236
H20.33.027,Vip,0.46273833432328537,304.9028400597908
H20.33.027,Astrocyte,0.6199937547861251,218.54162276080086
H20.33.027,Chandelier,0.4145243585866515,24.33644859813084
H20.33.027,Endothelial,1.121671065006816,7.222222222222221
H20.33.027,Immune,0.5524441198153563,60.31395348837209
H20.33.027,L2/3 IT,0.0548349486107469,2184.4366078925273
H20.33.027,L4 IT,0.5042902393470508,590.7513389441468
H20.33.027,L5 ET,0.6988775820323753,14.73333333333333
H20.33.027,L5 IT,0.4107350368049532,559.7950819672132
H20.33.027,L5/6 NP,0.7725375007244429,48.23076923076923
H20.33.027,L6 CT,0.667635367805775,54.15942028985507
H20.33.027,L6 IT,0.7996816088662818,141.79148936170213
H20.33.027,L6 IT Car3,0.6850340545135544,176.54237288135593
H20.33.027,L6b,1.0546619174517624,38.23728813559322
H20.33.027,Lamp5,0.14200346029263963,239.0921985815603
H20.33.027,Lamp5 Lhx6,0.10268916500405124,107.46902654867256
H20.33.027,OPC,1.188961165978405,177.3586956521739
H20.33.027,Oligodendrocyte,0.48550064307963836,269.11150442477873
H20.33.027,Pax6,0.4909515787810125,27.79746835443038
H20.33.027,Pvalb,0.1709477804692851,611.6640378548896
H20.33.027,Sncg,0.6085275345663941,81.27340823970037
H20.33.027,Sst,0.8500143594620988,262.9213483146067
H20.33.027,Sst Chodl,0.3000122251515659,9.263157894736842
H20.33.027,VLMC & Perivascular,0.26462542764522895,23.606557377049178
H20.33.027,Vip,0.07424389090229615,372.2566371681416
H20.33.028,Astrocyte,0.15642670508627407,297.53937592867754
H20.33.028,Endothelial,0.4855753644197028,11.428571428571429
H20.33.028,Immune,0.053548191583139525,131.49825783972125
H20.33.028,L2/3 IT,0.3014527230294656,95.25773195876289
H20.33.028,L4 IT,0.10142580488874862,400.5785536159601
H20.33.028,L5 IT,0.17859807950877174,103.65384615384615
H20.33.028,L5/6 NP,0.3577405073703575,8.0
H20.33.028,L6 IT,0.11064406368399239,118.88429752066116
H20.33.028,L6 IT Car3,0.4095791998726426,83.84357541899442
H20.33.028,L6b,0.016571530990003733,91.69892473118279
H20.33.028,Lamp5,0.11589847915122319,65.40458015267176
H20.33.028,Lamp5 Lhx6,0.46476407727106267,12.9375
H20.33.028,OPC,0.7591419242956248,41.74545454545455
H20.33.028,Oligodendrocyte,0.5968374087530188,35.50877192982456
H20.33.028,Pvalb,0.172937805007342,28.137931034482758
H20.33.028,Sst,0.08404410617233649,24.489795918367346
H20.33.028,VLMC & Perivascular,1.230271897889213,11.11764705882353
H20.33.028,Vip,0.2113686207280761,87.463687150838
H20.33.028,Astrocyte,0.13619188043608585,317.305912596401
H20.33.028,Endothelial,0.4113290296253805,9.600000000000001
H20.33.028,Immune,0.1735666399957116,158.3684210526316
H20.33.028,L2/3 IT,0.34807916317546195,107.94893617021278
H20.33.028,L4 IT,0.34341299845176404,481.68132942326497
H20.33.028,L5 IT,0.4052032941723772,97.4974358974359
H20.33.028,L5/6 NP,0.47850457255543477,5.454545454545454
H20.33.028,L6 IT,0.6047923657329072,114.95689655172413
H20.33.028,L6 IT Car3,0.32581924718971905,80.55952380952381
H20.33.028,L6b,0.4986472084093431,34.69230769230769
H20.33.028,Lamp5,0.36941048278719874,69.3
H20.33.028,Lamp5 Lhx6,0.7634591746717238,17.405405405405407
H20.33.028,OPC,0.890625849433862,46.32098765432099
H20.33.028,Oligodendrocyte,0.32570725891055596,27.866666666666667
H20.33.028,Pvalb,0.32723030592895697,30.709677419354843
H20.33.028,Sst,0.1476287377831964,25.96153846153846
H20.33.028,VLMC & Perivascular,1.3866654391809812,10.5
H20.33.028,Vip,0.24571003008853698,90.55319148936171
H20.33.028,Astrocyte,0.7069965530711614,326.0956937799043
H20.33.028,Immune,0.9210011807599029,160.28571428571428
H20.33.028,L2/3 IT,1.4962140403128938,89.16201117318437
H20.33.028,L4 IT,1.6881646890184518,213.21869158878505
H20.33.028,L5 IT,1.2248021562863032,18.14814814814815
H20.33.028,L6 IT Car3,1.5255489125745532,11.013698630136988
H20.33.028,Lamp5,2.067412921409017,62.496
H20.33.028,OPC,1.8656699026049925,45.684210526315795
H20.33.028,Oligodendrocyte,1.2430647019950931,36.256
H20.33.028,Sst,1.2770215161179193,20.23809523809524
H20.33.028,VLMC & Perivascular,1.3397047178379375,11.421052631578949
H20.33.028,Vip,1.338793249128385,93.94974874371859
H20.33.028,Astrocyte,0.02023482465018824,498.025819265144
H20.33.028,Endothelial,0.0742463347943224,15.0
H20.33.028,Immune,0.22711483157885112,243.00556586270872
H20.33.028,L2/3 IT,0.6495318862049275,127.27969348659005
H20.33.028,L4 IT,0.24198719356301543,501.2202097235462
H20.33.028,L5 IT,0.22660521466360553,103.09178743961353
H20.33.028,L5/6 NP,0.8362450799257923,7.0588235294117645
H20.33.028,L6 IT,0.7154364294168998,131.81060606060606
H20.33.028,L6 IT Car3,0.7353984470623615,106.21596244131456
H20.33.028,L6b,0.5152187393993469,36.317460317460316
H20.33.028,Lamp5,0.25351200363597554,72.22068965517241
H20.33.028,Lamp5 Lhx6,0.2986950974006611,10.956521739130435
H20.33.028,OPC,0.13148392513823745,101.74074074074073
H20.33.028,Oligodendrocyte,0.2711301498424626,53.784615384615385
H20.33.028,Pax6,0.9921078174158319,8.0
H20.33.028,Pvalb,0.1542925009216151,25.846153846153847
H20.33.028,Sst,0.23167284395553303,25.411764705882355
H20.33.028,VLMC & Perivascular,0.15639354129176788,23.625
H20.33.028,Vip,0.03434140936046094,107.31162790697675
H20.33.028,Astrocyte,0.8634232581574354,520.0262910798123
H20.33.028,Immune,0.9745493723430427,247.54919499105543
H20.33.028,L2/3 IT,1.7976667633423595,101.95121951219511
H20.33.028,L4 IT,1.5867388841297034,216.9625668449198
H20.33.028,L5 IT,1.0462040767775316,18.333333333333332
H20.33.028,L6 IT Car3,1.9351281124471957,11.389830508474578
H20.33.028,Lamp5,1.951514442257794,64.86153846153846
H20.33.028,OPC,1.1065279783093678,98.71844660194175
H20.33.028,Oligodendrocyte,0.6462272932420745,97.1897435897436
H20.33.028,Sst,1.361065622290256,19.902439024390244
H20.33.028,VLMC & Perivascular,0.10943281994872436,28.862068965517242
H20.33.028,Vip,1.1274246284003087,112.11504424778762
H20.33.028,Astrocyte,0.843188433507247,583.5623931623932
H20.33.028,Immune,0.7474345407641915,363.7252747252747
H20.33.028,L2/3 IT,1.1481348771374318,116.6260162601626
H20.33.028,L4 IT,1.344751690566688,238.73401534526852
H20.33.028,L5 IT,0.819598862113926,18.130841121495326
H20.33.028,L6 IT Car3,1.1997296653848342,11.327102803738319
H20.33.028,Lamp5,1.6980024386218182,68.69064748201438
H20.33.028,OPC,0.9750440531711305,128.80620155038758
H20.33.028,Oligodendrocyte,0.9173574430845373,55.51773049645391
H20.33.028,Sst,1.1293927783347228,20.863636363636363
H20.33.028,VLMC & Perivascular,0.04696072134304361,25.03846153846154
H20.33.028,Vip,1.0930832190398478,117.24255319148938
H20.33.029,Astrocyte,0.014109055298438368,226.46696035242294
H20.33.029,Chandelier,0.23738516913992133,60.16528925619835
H20.33.029,Immune,0.06672916806417004,171.92528735632183
H20.33.029,L2/3 IT,0.15040737822867362,1552.5673940949935
H20.33.029,L4 IT,0.2997834897365683,734.395649218219
H20.33.029,L5 ET,0.689763448654816,9.9
H20.33.029,L5 IT,0.09852720147379071,469.5647558386412
H20.33.029,L5/6 NP,0.2508250967419381,76.95483870967742
H20.33.029,L6 CT,0.0055927018808464455,36.15584415584416
H20.33.029,L6 IT,0.025100844626320912,93.73404255319149
H20.33.029,L6 IT Car3,0.23079858197865477,44.359550561797754
H20.33.029,L6b,0.508877423854383,17.11111111111111
H20.33.029,Lamp5,0.0733574409824808,133.54814814814813
H20.33.029,Lamp5 Lhx6,0.9200276554221631,53.333333333333336
H20.33.029,OPC,0.6143214581300729,112.90829694323143
H20.33.029,Oligodendrocyte,0.057315023531624744,413.8454106280193
H20.33.029,Pax6,1.278543016719068,33.46478873239437
H20.33.029,Pvalb,0.3292868419814226,379.92660550458714
H20.33.029,Sncg,0.6773637707216871,94.05291005291006
H20.33.029,Sst,0.12935230788150434,251.3214990138067
H20.33.029,VLMC & Perivascular,0.11607481288897997,15.757575757575758
H20.33.029,Vip,0.38868321487145635,482.9391124871001
H20.33.030,Astrocyte,0.032430438781605876,210.47030878859857
H20.33.030,Chandelier,0.2167643162440152,76.15384615384615
H20.33.030,Endothelial,0.4030390895176853,12.592592592592593
H20.33.030,Immune,0.0778859140951713,195.77272727272728
H20.33.030,L2/3 IT,0.05373640530988428,1823.2914724431037
H20.33.030,L4 IT,0.11716824499969926,751.8390957446808
H20.33.030,L5 ET,0.10211092607914138,10.636363636363637
H20.33.030,L5 IT,0.029706208060834453,553.4634146341464
H20.33.030,L5/6 NP,0.13993341624518593,99.0753768844221
H20.33.030,L6 CT,0.07184265219071682,87.98863636363636
H20.33.030,L6 IT,0.034372291209620466,257.0718446601942
H20.33.030,L6 IT Car3,0.1753642261188717,109.31506849315068
H20.33.030,L6b,0.12853048900716482,61.20967741935484
H20.33.030,Lamp5,0.22723018782061694,204.2249388753056
H20.33.030,Lamp5 Lhx6,0.4009277478866695,102.8785046728972
H20.33.030,OPC,0.12062703534338354,141.993006993007
H20.33.030,Oligodendrocyte,0.0135627402165127,917.467029972752
H20.33.030,Pax6,0.24213747705203792,56.36842105263158
H20.33.030,Pvalb,0.15664976309052905,474.94736842105266
H20.33.030,Sncg,0.04801086895126285,131.24242424242425
H20.33.030,Sst,0.023632560078190798,258.28239845261123
H20.33.030,VLMC & Perivascular,0.08343416043249796,32.43076923076923
H20.33.030,Vip,0.1597406068631464,571.4645669291339
H20.33.030,Astrocyte,0.23044295677642063,227.44857768052518
H20.33.030,Chandelier,0.07248429097270132,102.85714285714286
H20.33.030,Endothelial,0.0775845398884011,14.068965517241379
H20.33.030,Immune,0.06536987478246722,213.3583138173302
H20.33.030,L2/3 IT,0.06198347704607542,1995.704404080617
H20.33.030,L4 IT,0.10375856547655618,846.6896149358226
H20.33.030,L5 ET,0.09040609951501559,14.344827586206897
H20.33.030,L5 IT,0.16506368837671184,592.7175188600168
H20.33.030,L5/6 NP,0.11278151572741334,118.36666666666667
H20.33.030,L6 CT,0.055640568386372796,101.56937799043061
H20.33.030,L6 IT,0.24668885687966713,269.98518518518523
H20.33.030,L6 IT Car3,0.009602950597437643,130.65168539325842
H20.33.030,L6b,0.22086926618049957,68.27586206896551
H20.33.030,Lamp5,0.08059577025906994,228.8553191489362
H20.33.030,Lamp5 Lhx6,0.19894561656526488,133.7313432835821
H20.33.030,OPC,0.06587307665073883,170.72463768115944
H20.33.030,Oligodendrocyte,0.1478720132309859,733.9030144167759
H20.33.030,Pax6,0.10642728140450111,68.05839416058394
H20.33.030,Pvalb,0.07522600408400368,529.7478991596639
H20.33.030,Sncg,0.15015294448952554,164.68639053254438
H20.33.030,Sst,0.28243766894779515,263.8109640831758
H20.33.030,VLMC & Perivascular,0.14999406961046036,32.43076923076923
H20.33.030,Vip,0.09718981167708887,634.0171073094868
H20.33.030,Astrocyte,0.19801251799481462,224.5663716814159
H20.33.030,Chandelier,0.2892486072167167,85.16129032258065
H20.33.030,Endothelial,0.3254545496292844,10.909090909090908
H20.33.030,Immune,0.012516039312704065,191.25194805194803
H20.33.030,L2/3 IT,0.11571988235595985,1972.6150753768845
H20.33.030,L4 IT,0.22092681047625545,832.9680851063829
H20.33.030,L5 ET,0.19251702559415693,11.52
H20.33.030,L5 IT,0.19476989643754636,597.9234608985025
H20.33.030,L5/6 NP,0.02715190051777271,109.79735682819383
H20.33.030,L6 CT,0.016202083804343854,102.91943127962084
H20.33.030,L6 IT,0.21231656567004664,258.89788053949906
H20.33.030,L6 IT Car3,0.16576127552143405,124.53488372093022
H20.33.030,L6b,0.34939975518766436,78.11320754716981
H20.33.030,Lamp5,0.14663441756154716,238.6639175257732
H20.33.030,Lamp5 Lhx6,0.20198213132140466,106.54867256637169
H20.33.030,OPC,0.054753958692644634,155.0778816199377
H20.33.030,Oligodendrocyte,0.13430927301447326,737.4391672088484
H20.33.030,Pax6,0.13571019564753697,60.384
H20.33.030,Pvalb,0.08142375900652554,523.6003770028276
H20.33.030,Sncg,0.10214207553826259,150.38993710691824
H20.33.030,Sst,0.25880510886960434,271.86764705882354
H20.33.030,VLMC & Perivascular,0.2334282300429585,34.0
H20.33.030,Vip,0.06255079518605747,639.6046332046333
H20.33.031,Astrocyte,0.02927478667322718,334.3283582089552
H20.33.031,Chandelier,0.34992547551485087,43.82608695652174
H20.33.031,Immune,0.3411380212403355,172.25507246376813
H20.33.031,L2/3 IT,0.06971644157111605,1694.883597883598
H20.33.031,L4 IT,0.04003564984769095,700.6114649681529
H20.33.031,L5 IT,0.13320042209551164,553.7421100090171
H20.33.031,L5/6 NP,0.10289330213782613,86.12429378531074
H20.33.031,L6 CT,0.05971603370532595,68.4963503649635
H20.33.031,L6 IT,0.19502630437545018,215.95833333333334
H20.33.031,L6 IT Car3,0.47546989650469035,110.990990990991
H20.33.031,L6b,0.2157942249099937,37.97402597402598
H20.33.031,Lamp5,0.03727027162846286,174.30199430199428
H20.33.031,Lamp5 Lhx6,0.1478641916665806,78.47560975609755
H20.33.031,OPC,0.3740643935863587,79.47169811320755
H20.33.031,Oligodendrocyte,0.10170305282218124,561.0657193605684
H20.33.031,Pax6,0.045774310605753724,35.32394366197183
H20.33.031,Pvalb,0.17234932365592942,419.7619047619047
H20.33.031,Sncg,0.5166551295845995,76.96153846153845
H20.33.031,Sst,0.01527655420945382,274.0182149362477
H20.33.031,Vip,0.051392456400500816,448.63495575221236
H20.33.032,Astrocyte,0.14862166933986573,290.58419243986253
H20.33.032,Chandelier,0.14867726773827306,22.97872340425532
H20.33.032,Immune,0.21921699507155504,104.9904761904762
H20.33.032,L2/3 IT,0.01940432156649843,1606.8501243781095
H20.33.032,L4 IT,0.10019353123843543,788.2699619771863
H20.33.032,L5 ET,0.23317503171221782,17.5
H20.33.032,L5 IT,0.03990073291677063,642.900466562986
H20.33.032,L5/6 NP,0.20406906745236225,130.51145038167937
H20.33.032,L6 CT,0.03545671036506914,168.0
H20.33.032,L6 IT,0.011765642121430137,392.28426395939084
H20.33.032,L6 IT Car3,0.10423385072796407,161.15170278637768
H20.33.032,L6b,0.14682214221244677,160.39384615384617
H20.33.032,Lamp5,0.19659841445578125,182.97814207650273
H20.33.032,Lamp5 Lhx6,0.4217835380532441,104.64454976303318
H20.33.032,OPC,0.0077831378772210665,163.37614678899084
H20.33.032,Oligodendrocyte,0.06898116603082982,911.1956284153007
H20.33.032,Pax6,0.21101791685491836,23.489361702127663
H20.33.032,Pvalb,0.08538308922934082,379.1695137976347
H20.33.032,Sncg,0.2959177676475773,44.04494382022472
H20.33.032,Sst,0.18493264062200446,180.33240997229916
H20.33.032,Sst Chodl,0.3912489060739466,10.666666666666666
H20.33.032,VLMC & Perivascular,0.31292498966604526,15.75
H20.33.032,Vip,0.00945258117620449,291.12178387650084
H20.33.033,Astrocyte,0.3699541946178105,109.5022624434389
H20.33.033,Chandelier,0.17113984152515052,7.466666666666667
H20.33.033,Immune,0.40280979659640265,54.48648648648649
H20.33.033,L2/3 IT,0.053344062009078264,100.29850746268657
H20.33.033,L4 IT,0.08065065998823852,111.67857142857143
H20.33.033,L5 IT,0.13910207797541213,50.495049504950494
H20.33.033,L5/6 NP,0.2433921807046379,9.9
H20.33.033,L6 IT,0.3746049640351908,11.916666666666666
H20.33.033,L6 IT Car3,0.42460424507504524,7.0
H20.33.033,Lamp5,0.05138946438385588,138.41155234657037
H20.33.033,Lamp5 Lhx6,0.6154950535888238,15.354838709677422
H20.33.033,OPC,0.24873362243779823,17.94871794871795
H20.33.033,Oligodendrocyte,0.2046495992014614,45.47916666666667
H20.33.033,Pax6,0.05409967098538221,20.930232558139533
H20.33.033,Pvalb,0.22838285917883083,17.405405405405407
H20.33.033,Sncg,0.13233930760700346,47.666666666666664
H20.33.033,Sst,0.5197141634254621,34.31884057971014
H20.33.033,Vip,0.08150165279227312,151.12871287128712
H20.33.033,Astrocyte,0.17769429757234642,130.6615969581749
H20.33.033,Chandelier,1.35857721095353,6.461538461538462
H20.33.033,Immune,0.15935575973212499,52.11428571428572
H20.33.033,L2/3 IT,1.1870285356677361,176.6414523449319
H20.33.033,L4 IT,0.33568231308507646,165.6659793814433
H20.33.033,L5 IT,0.3503247481252515,71.75581395348837
H20.33.033,L5/6 NP,0.5723984413739657,14.193548387096772
H20.33.033,L6 CT,1.2433676194788321,11.277777777777777
H20.33.033,L6 IT,0.20649722837073767,23.66896551724138
H20.33.033,L6 IT Car3,0.6364316722577145,12.492307692307692
H20.33.033,L6b,0.14517423043874916,21.827160493827158
H20.33.033,Lamp5,0.2878700376835768,156.78233438485805
H20.33.033,Lamp5 Lhx6,0.11855516277055618,19.47826086956522
H20.33.033,OPC,0.5130424178716747,16.216216216216218
H20.33.033,Oligodendrocyte,0.39460961758105484,55.839285714285715
H20.33.033,Pax6,0.8444231871702954,18.486486486486488
H20.33.033,Pvalb,0.0990881663699668,20.461538461538463
H20.33.033,Sncg,0.7761115441074814,40.37647058823529
H20.33.033,Sst,0.4504236347954481,46.62
H20.33.033,VLMC & Perivascular,0.29788208077858574,10.838709677419356
H20.33.033,Vip,0.538523289732862,179.434554973822
H20.33.033,Astrocyte,0.19225989704546398,117.35537190082646
H20.33.033,Chandelier,1.5297170524786805,6.857142857142858
H20.33.033,Immune,0.24345403686427758,59.85
H20.33.033,L2/3 IT,1.2403725976768143,163.73006134969324
H20.33.033,L4 IT,0.41633297307331496,179.96780684104627
H20.33.033,L5 IT,0.21122267014983936,70.76023391812865
H20.33.033,L5/6 NP,0.3290062606693278,12.413793103448278
H20.33.033,L6 IT,0.1681077356644534,20.30769230769231
H20.33.033,L6 IT Car3,0.2118274271826692,12.492307692307692
H20.33.033,Lamp5,0.23648057329972094,152.4193548387097
H20.33.033,Lamp5 Lhx6,0.7340502163593798,22.20408163265306
H20.33.033,OPC,0.2643087954338765,12.923076923076923
H20.33.033,Oligodendrocyte,0.5992592167825161,43.57777777777778
H20.33.033,Pax6,0.8985228581556778,21.59090909090909
H20.33.033,Pvalb,0.12929469280886416,28.655737704918035
H20.33.033,Sncg,0.6437722365004779,37.714285714285715
H20.33.033,Sst,0.06929052863001389,42.4421052631579
H20.33.033,Vip,0.4570216369405888,190.63979848866498
H20.33.034,Astrocyte,0.1752059152414883,289.45768566493956
H20.33.034,Chandelier,0.1570851036441166,62.46399999999999
H20.33.034,Endothelial,0.14292218380445643,16.941176470588236
H20.33.034,Immune,0.4097728235391246,172.32463768115943
H20.33.034,L2/3 IT,0.31073103028119764,2247.1177122589224
H20.33.034,L4 IT,0.3750847191017872,921.0736955352339
H20.33.034,L5 ET,0.17976185172584377,10.909090909090908
H20.33.034,L5 IT,0.27263826681338565,656.2646387832699
H20.33.034,L5/6 NP,0.4961203881253259,147.02702702702703
H20.33.034,L6 CT,0.44811288094524837,90.10989010989012
H20.33.034,L6 IT,0.08560605944992054,250.5179282868526
H20.33.034,L6 IT Car3,0.43205414725438385,116.47257383966245
H20.33.034,L6b,0.5503850767092747,80.20987654320987
H20.33.034,Lamp5,0.2148624064561746,198.21662468513856
H20.33.034,Lamp5 Lhx6,0.3738975493104429,89.67032967032966
H20.33.034,OPC,0.18338099247482323,147.06040268456374
H20.33.034,Oligodendrocyte,0.19641858567888326,1103.8153010411952
H20.33.034,Pax6,0.23084939790032669,39.75308641975309
H20.33.034,Pvalb,0.4559681248867378,544.1908256880733
H20.33.034,Sncg,0.10573355281561318,98.49746192893402
H20.33.034,Sst,0.24518519783104847,368.8081081081081
H20.33.034,Sst Chodl,0.14730423224351116,9.0
H20.33.034,VLMC & Perivascular,0.6207525372603115,17.37142857142857
H20.33.034,Vip,0.32535400681688514,557.1326164874552
H20.33.035,Astrocyte,1.0096885338844805,26.35294117647059
H20.33.035,Chandelier,1.5331273013666515,10.285714285714286
H20.33.035,Immune,0.4376400658920881,32.625
H20.33.035,L2/3 IT,0.8700427647019814,380.72564207093353
H20.33.035,L4 IT,0.9655659581852603,129.03803131991052
H20.33.035,L5 IT,0.03634230695903164,58.78056951423786
H20.33.035,L5/6 NP,0.9618533969509232,16.024390243902438
H20.33.035,L6 CT,0.46321199306959276,16.0
H20.33.035,L6 IT,1.1668998538757527,37.6551724137931
H20.33.035,L6 IT Car3,1.4037521975979312,19.839285714285715
H20.33.035,Lamp5,0.5373363050897257,45.19230769230769
H20.33.035,Lamp5 Lhx6,0.7728614868130035,18.11320754716981
H20.33.035,Oligodendrocyte,0.3158364537682639,76.81908548707753
H20.33.035,Pvalb,0.7646075929966638,71.8421052631579
H20.33.035,Sncg,0.5049423677001793,16.753846153846155
H20.33.035,Sst,0.8028703010947261,65.50375939849624
H20.33.035,Vip,1.1556221419116093,90.89253187613843
H20.33.036,Astrocyte,0.2945816056600357,105.54418604651163
H20.33.036,Immune,0.06444006156021162,38.075949367088604
H20.33.036,L2/3 IT,0.3842381465169756,78.714859437751
H20.33.036,L4 IT,0.6438282438374094,412.5635467980296
H20.33.036,L5 IT,0.6984351394652589,148.29629629629628
H20.33.036,L5/6 NP,0.030586741899734392,20.930232558139533
H20.33.036,L6 IT,0.13569665704578018,37.58940397350993
H20.33.036,L6 IT Car3,0.009866901602195772,41.53846153846154
H20.33.036,Lamp5,0.1508571075569251,48.648148148148145
H20.33.036,Lamp5 Lhx6,0.07082887547057892,32.49230769230769
H20.33.036,OPC,0.11590422172681947,69.90070921985816
H20.33.036,Oligodendrocyte,0.10019515810506603,148.08888888888887
H20.33.036,Pax6,0.31627373029687444,11.666666666666666
H20.33.036,Pvalb,0.27963213224700423,70.4895104895105
H20.33.036,Sst,0.32699838678421794,25.411764705882355
H20.33.036,VLMC & Perivascular,0.08172992548206709,18.958333333333332
H20.33.036,Vip,0.2513501938771774,149.11897106109325
H20.33.036,Astrocyte,0.2855149573033958,112.28318584070794
H20.33.036,Endothelial,0.7886653271282598,5.833333333333333
H20.33.036,Immune,0.5960025822385144,42.4421052631579
H20.33.036,L2/3 IT,0.11457645787711931,78.0746887966805
H20.33.036,L4 IT,0.3604445402854748,390.8571428571429
H20.33.036,L5 IT,0.3558228904061589,127.48062015503875
H20.33.036,L5/6 NP,0.19216163524994784,20.571428571428573
H20.33.036,L6 IT,0.05372914881165907,26.875
H20.33.036,L6 IT Car3,0.07339380499517793,22.718446601941746
H20.33.036,L6b,0.06430292624486121,13.100917431192661
H20.33.036,Lamp5,0.0228389002247599,49.10909090909091
H20.33.036,Lamp5 Lhx6,0.5095944656354098,29.28813559322034
H20.33.036,OPC,0.38609447324153184,29.30120481927711
H20.33.036,Oligodendrocyte,0.5768607752535553,90.69803921568628
H20.33.036,Pax6,0.6140123071099793,10.476190476190476
H20.33.036,Pvalb,0.5427359334506322,70.875
H20.33.036,Sst,0.12547848427605937,28.421052631578952
H20.33.036,VLMC & Perivascular,0.040705695113218296,20.0
H20.33.036,Vip,0.26130261558102746,146.5082508250825
H20.33.036,Astrocyte,0.009066648356640013,98.19289340101523
H20.33.036,Chandelier,0.6165789971428913,11.304347826086955
H20.33.036,Immune,0.5315625206783027,53.836363636363636
H20.33.036,L2/3 IT,0.26966168863985607,195.91836734693877
H20.33.036,L4 IT,0.2833837035519346,662.1962546816479
H20.33.036,L5 IT,0.34261224905910004,131.6728624535316
H20.33.036,L5/6 NP,0.22274837714968224,24.489795918367346
H20.33.036,L6 IT,0.18942580585743932,17.83783783783784
H20.33.036,L6 IT Car3,0.06352690339298207,17.55
H20.33.036,Lamp5,0.12801820733216546,71.98611111111111
H20.33.036,Lamp5 Lhx6,0.5804233411059888,29.7
H20.33.036,OPC,0.27019025151471254,30.479166666666664
H20.33.036,Oligodendrocyte,0.47666561714848926,78.8876404494382
H20.33.036,Pax6,0.29773857681310506,12.32
H20.33.036,Pvalb,0.26310380120362803,80.4968944099379
H20.33.036,Sncg,0.36705333127897716,8.210526315789474
H20.33.036,Sst,0.20151990250815843,26.666666666666668
H20.33.036,VLMC & Perivascular,0.12243562059528537,13.481481481481481
H20.33.036,Vip,0.009952421703850101,182.91256830601094
H20.33.037,Astrocyte,0.05462905558421562,100.06374501992032
H20.33.037,Chandelier,0.08962953641380204,12.307692307692307
H20.33.037,Endothelial,0.03735456593065649,5.833333333333333
H20.33.037,Immune,0.26471027543982184,29.423728813559322
H20.33.037,L2/3 IT,0.5587217297633031,167.6600566572238
H20.33.037,L4 IT,0.22400092063441823,257.7546468401487
H20.33.037,L5 IT,0.5048700882363437,176.2982005141388
H20.33.037,L5/6 NP,0.7213533438775526,15.744680851063828
H20.33.037,L6 CT,0.11414683427562425,12.600000000000001
H20.33.037,L6 IT,0.6769059195637159,75.66804979253112
H20.33.037,L6 IT Car3,0.24242694544929197,20.48780487804878
H20.33.037,L6b,0.283999533828421,53.58620689655172
H20.33.037,Lamp5,0.03300628127981628,108.31858407079646
H20.33.037,Lamp5 Lhx6,0.21354301184296912,23.560000000000002
H20.33.037,OPC,0.9061268383266005,12.592592592592593
H20.33.037,Oligodendrocyte,0.06766673489362951,143.77104377104376
H20.33.037,Pvalb,0.06161179304330205,44.85436893203884
H20.33.037,Sncg,0.2608587229589452,11.52
H20.33.037,Sst,0.31571351142876186,38.44155844155844
H20.33.037,VLMC & Perivascular,0.047651293870917995,27.418181818181818
H20.33.037,Vip,0.19793937761190883,89.05583756345177
H20.33.037,Astrocyte,0.07163243836385247,144.63576158940398
H20.33.037,Chandelier,0.2684674526871917,10.666666666666666
H20.33.037,Endothelial,0.8894602720727127,9.1
H20.33.037,Immune,1.2919816595275786,12.717948717948717
H20.33.037,L2/3 IT,0.07597570268807115,170.30386740331494
H20.33.037,L4 IT,0.08594445576489844,268.7095652173913
H20.33.037,L5 IT,0.10024920490283842,199.311004784689
H20.33.037,L5/6 NP,0.05296869989160495,19.24
H20.33.037,L6 CT,0.23702482102680628,16.058823529411764
H20.33.037,L6 IT,0.08655367436729346,86.912
H20.33.037,L6 IT Car3,0.32629419727089826,34.623655913978496
H20.33.037,L6b,0.3586722303744492,42.69230769230769
H20.33.037,Lamp5,0.1186088642810521,114.93975903614458
H20.33.037,Lamp5 Lhx6,0.5580278197746374,24.313725490196077
H20.33.037,OPC,0.11701737312902626,13.333333333333332
H20.33.037,Oligodendrocyte,0.037592563719466864,128.07971014492753
H20.33.037,Pvalb,0.3506766737982228,43.775510204081634
H20.33.037,Sncg,0.27731220608240165,13.235294117647058
H20.33.037,Sst,0.13213624565614543,36.75675675675676
H20.33.037,VLMC & Perivascular,0.046782224690950266,24.36
H20.33.037,Vip,0.27067114164905404,87.06878306878306
H20.33.037,Astrocyte,0.12626149394806785,87.61904761904762
H20.33.037,Chandelier,0.1788379162733897,8.88888888888889
H20.33.037,Endothelial,0.9268148380033693,7.222222222222221
H20.33.037,Immune,1.5566919349674004,12.444444444444446
H20.33.037,L2/3 IT,0.48274602707523206,220.40816326530611
H20.33.037,L4 IT,0.13805646486951983,341.50072992700734
H20.33.037,L5 IT,0.4046208833335054,148.09364548494983
H20.33.037,L5/6 NP,0.7743220437691576,11.304347826086955
H20.33.037,L6 CT,0.35117165530243033,10.636363636363637
H20.33.037,L6 IT,0.5903522451964226,51.10679611650486
H20.33.037,L6 IT Car3,0.5687211427201903,15.77142857142857
H20.33.037,L6b,0.0746726965460282,35.0
H20.33.037,Lamp5,0.15161514556086822,146.60338983050846
H20.33.037,Lamp5 Lhx6,0.34448480793166825,19.487179487179485
H20.33.037,OPC,1.0231442114556266,18.37837837837838
H20.33.037,Oligodendrocyte,0.10525929861309621,110.51121076233184
H20.33.037,Pax6,0.2761432848868936,9.0
H20.33.037,Pvalb,0.28906488075492087,67.4074074074074
H20.33.037,Sncg,0.016453483123456597,19.51219512195122
H20.33.037,Sst,0.44784975708490726,35.436619718309856
H20.33.037,VLMC & Perivascular,0.09443351856186834,23.23404255319149
H20.33.037,Vip,0.4686105192609629,124.872
H20.33.038,Astrocyte,1.4928645024593963,500.61744966442956
H20.33.038,Immune,0.9528939848941897,98.2876254180602
H20.33.038,L2/3 IT,1.341900659829405,42.78
H20.33.038,L4 IT,0.8366136970030856,81.42
H20.33.038,L5 IT,1.4021033974134138,23.625
H20.33.038,Lamp5,1.4575851959849109,13.155555555555555
H20.33.038,OPC,1.6361503070421026,117.95263157894736
H20.33.038,Oligodendrocyte,0.661252321443047,20.611764705882354
H20.33.038,Pvalb,1.598567373785525,10.230769230769232
H20.33.038,Sst,1.4212328907758578,18.857142857142858
H20.33.038,VLMC & Perivascular,0.5762023811988172,13.090909090909092
H20.33.038,Vip,1.0684234879194583,26.71875
H20.33.039,Astrocyte,0.2619731693788528,69.888
H20.33.039,Chandelier,0.02300997804650047,20.390243902439025
H20.33.039,Immune,0.5510984244195566,69.20388349514563
H20.33.039,L2/3 IT,0.6429115390666758,1469.7186700767265
H20.33.039,L4 IT,0.5196529332948353,1236.4086687306503
H20.33.039,L5 ET,0.6770621166065431,25.735849056603772
H20.33.039,L5 IT,0.4947403657179043,1163.7791213220476
H20.33.039,L5/6 NP,0.6645945538070982,230.6844262295082
H20.33.039,L6 CT,0.34072458911670583,371.9438058748404
H20.33.039,L6 IT,0.47927376114551395,675.7035519125683
H20.33.039,L6 IT Car3,0.41304281495011536,361.13385826771656
H20.33.039,L6b,0.3055548378059543,362.53521126760563
H20.33.039,Lamp5,0.579806066696632,173.15288220551378
H20.33.039,Lamp5 Lhx6,0.5196785317285558,192.5
H20.33.039,OPC,0.6650424166032558,43.33603238866397
H20.33.039,Oligodendrocyte,0.07197015205892979,356.48968363136174
H20.33.039,Pax6,0.3970916822954348,24.115384615384617
H20.33.039,Pvalb,0.5032343808456617,549.8091068301226
H20.33.039,Sncg,0.6112860135485672,31.617647058823533
H20.33.039,Sst,0.58128220262767,291.517571884984
H20.33.039,Sst Chodl,0.1765921534198541,10.636363636363637
H20.33.039,Vip,0.5936833024472123,280.69084628670123
H20.33.039,Astrocyte,0.42663148164166365,273.0742049469965
H20.33.039,Chandelier,0.34529575500896387,25.735849056603772
H20.33.039,Endothelial,0.2063235799100774,8.0
H20.33.039,Immune,0.003755242406501904,170.52631578947367
H20.33.039,L2/3 IT,0.02468999626884881,1543.1035494279847
H20.33.039,L4 IT,0.387668388607581,756.6502463054186
H20.33.039,L5 ET,0.4740569107361842,8.148148148148147
H20.33.039,L5 IT,0.11073792616336701,694.9232839838493
H20.33.039,L5/6 NP,0.4752160607168949,125.11032028469752
H20.33.039,L6 CT,0.1287181587664856,82.90909090909092
H20.33.039,L6 IT,0.10748294116847461,187.57698289269052
H20.33.039,L6 IT Car3,0.6586922443691825,99.66101694915254
H20.33.039,L6b,0.11286218965411225,40.857142857142854
H20.33.039,Lamp5,0.543033798675939,156.24848484848485
H20.33.039,Lamp5 Lhx6,0.4729997266116779,100.25316455696202
H20.33.039,OPC,0.47902832841285176,213.6214953271028
H20.33.039,Oligodendrocyte,0.09209934725535586,590.5719534598898
H20.33.039,Pax6,0.10681455025911146,24.115384615384617
H20.33.039,Pvalb,0.3128610318181387,401.7527539779682
H20.33.039,Sncg,0.5815645019192093,40.87591240875912
H20.33.039,Sst,0.14898396680681844,251.08695652173913
H20.33.039,VLMC & Perivascular,0.09725779189225055,9.263157894736842
H20.33.039,Vip,0.054811806794011216,316.4130127298444
H20.33.039,Astrocyte,0.16465831226281066,66.6914498141264
H20.33.039,Chandelier,0.36830573305546427,23.560000000000002
H20.33.039,Immune,0.5473431820130547,70.71428571428571
H20.33.039,L2/3 IT,0.6676015353355246,2079.0481206607615
H20.33.039,L4 IT,0.9073213219024163,866.6666666666666
H20.33.039,L5 ET,0.20300520587035895,8.61111111111111
H20.33.039,L5 IT,0.6054782918812713,816.1160247265811
H20.33.039,L5/6 NP,1.139810614523993,143.2607594936709
H20.33.039,L6 CT,0.4694427478831914,87.25616698292221
H20.33.039,L6 IT,0.37179081997703933,203.22211630123928
H20.33.039,L6 IT Car3,0.24564942941906695,106.36363636363637
H20.33.039,L6b,0.192692648151842,42.12765957446808
H20.33.039,Lamp5,1.122839865372571,232.48842105263157
H20.33.039,Lamp5 Lhx6,0.992678258340234,109.7821782178218
H20.33.039,OPC,0.18601408819040405,42.96943231441048
H20.33.039,Oligodendrocyte,0.020129195196426385,270.57478991596633
H20.33.039,Pax6,0.2902771320363236,33.0
H20.33.039,Pvalb,0.8160954126638006,467.5718418514947
H20.33.039,Sncg,1.1928505154677764,62.141935483870974
H20.33.039,Sst,0.43229823582085164,324.25373134328356
H20.33.039,Vip,0.5388714956532011,393.86138613861385
H20.33.040,Astrocyte,0.07415394622140238,600.0981193785772
H20.33.040,Chandelier,0.07462944559755824,40.77108433734939
H20.33.040,Endothelial,0.28635688859146813,9.9
H20.33.040,Immune,0.009831497190193482,253.51937984496126
H20.33.040,L2/3 IT,0.058026783112872696,1339.9540394973071
H20.33.040,L4 IT,0.14245213751794014,798.0607563546187
H20.33.040,L5 ET,0.11431190278695418,8.88888888888889
H20.33.040,L5 IT,0.13149945760735696,501.9747817652764
H20.33.040,L5/6 NP,0.10045959804865245,86.4367816091954
H20.33.040,L6 CT,0.2599090673932487,93.90476190476191
H20.33.040,L6 IT,0.024995004349805297,217.88839285714286
H20.33.040,L6 IT Car3,0.1887225544629339,108.59728506787332
H20.33.040,L6b,0.1105604258560329,56.521739130434774
H20.33.040,Lamp5,0.2719447669734003,146.79611650485438
H20.33.040,Lamp5 Lhx6,0.0930275349539477,58.60465116279069
H20.33.040,OPC,0.1097026191276791,213.30275229357798
H20.33.040,Oligodendrocyte,0.021788124650000344,230.39999999999998
H20.33.040,Pax6,0.17656915115454083,46.494623655913976
H20.33.040,Pvalb,0.10892967825175205,375.3410553410553
H20.33.040,Sncg,0.2708378284753978,57.786885245901644
H20.33.040,Sst,0.344250953587335,113.3387755102041
H20.33.040,VLMC & Perivascular,0.5746850971601803,17.485714285714288
H20.33.040,Vip,0.14427646567853655,350.6850828729282
H20.33.041,Astrocyte,0.1512098981246537,182.99453551912566
H20.33.041,Chandelier,0.059261779616137725,24.408163265306122
H20.33.041,Endothelial,0.4634703596417034,7.466666666666667
H20.33.041,Immune,0.11954153142606821,129.80842911877394
H20.33.041,L2/3 IT,0.07174267285025387,1741.7118402282451
H20.33.041,L4 IT,0.1210003169729925,1055.3701605288006
H20.33.041,L5 ET,0.32400263098578935,20.558139534883722
H20.33.041,L5 IT,0.043473131137762064,772.8185328185328
H20.33.041,L5/6 NP,0.05612139032185602,110.990990990991
H20.33.041,L6 CT,0.0942771917505654,98.35353535353535
H20.33.041,L6 IT,0.1595521299421267,347.89772727272725
H20.33.041,L6 IT Car3,0.3210514762725806,150.04635761589404
H20.33.041,L6b,0.25024421274276054,85.43023255813952
H20.33.041,Lamp5,0.08124256112934178,183.39784946236557
H20.33.041,Lamp5 Lhx6,0.4261805877037538,98.77227722772277
H20.33.041,OPC,0.2464834975359948,175.61473087818698
H20.33.041,Oligodendrocyte,0.1227980956850726,740.7048517520215
H20.33.041,Pax6,0.3155286194587826,32.25974025974026
H20.33.041,Pvalb,0.20332001652559153,426.88707799767167
H20.33.041,Sncg,0.1779181414964201,103.50710900473933
H20.33.041,Sst,0.07831951019150991,152.1311475409836
H20.33.041,Vip,0.06985201037842777,382.8937259923175
H20.33.043,Astrocyte,0.020546125777915234,225.916114790287
H20.33.043,Chandelier,0.0829525514436825,60.58536585365854
H20.33.043,Immune,0.047863168073752564,225.55752212389385
H20.33.043,L2/3 IT,0.008369232564732024,1860.356626506024
H20.33.043,L4 IT,0.06408373774927646,908.5161998901704
H20.33.043,L5 ET,0.042560462228045576,8.842105263157896
H20.33.043,L5 IT,0.035878435790074166,732.8666215301287
H20.33.043,L5/6 NP,0.1452422489904289,105.39622641509436
H20.33.043,L6 CT,0.06708567869581507,75.41721854304636
H20.33.043,L6 IT,0.10405975965942774,273.7509025270758
H20.33.043,L6 IT Car3,0.07699747354930826,121.48148148148148
H20.33.043,L6b,0.35621267781511373,76.94805194805194
H20.33.043,Lamp5,0.12600584121615654,221.20627802690584
H20.33.043,Lamp5 Lhx6,0.12016424105412311,114.78260869565217
H20.33.043,OPC,0.032051801220815565,115.32478632478634
H20.33.043,Oligodendrocyte,0.19563202526379433,1346.3092783505153
H20.33.043,Pax6,0.19364752966140106,36.64197530864198
H20.33.043,Pvalb,0.18800972022744977,466.37942122186496
H20.33.043,Sncg,0.1027771128795396,133.74814814814815
H20.33.043,Sst,0.19375312668387187,453.73932092004384
H20.33.043,Sst Chodl,0.2574638448611171,6.461538461538462
H20.33.043,VLMC & Perivascular,0.5763374874342773,8.23529411764706
H20.33.043,Vip,0.08384274756763915,645.2777777777777
H20.33.043,Astrocyte,0.018688657978018886,255.16569200779728
H20.33.043,Chandelier,0.060946309741244174,54.473684210526315
H20.33.043,Immune,0.3780458779663693,257.7846153846154
H20.33.043,L2/3 IT,0.11956876362895184,2009.150534958945
H20.33.043,L4 IT,0.09662338666336354,870.4139110604333
H20.33.043,L5 ET,0.7246792331407237,8.23529411764706
H20.33.043,L5 IT,0.00907389044734191,730.4955872369314
H20.33.043,L5/6 NP,0.21254119953703768,103.03846153846153
H20.33.043,L6 CT,0.05668976595830686,74.94666666666667
H20.33.043,L6 IT,0.08556774229573554,270.6520947176685
H20.33.043,L6 IT Car3,0.4965467319666142,116.137339055794
H20.33.043,L6b,0.06493330197254704,66.22058823529413
H20.33.043,Lamp5,0.49068755757918125,230.92872570194385
H20.33.043,Lamp5 Lhx6,0.25586989764630835,106.66666666666667
H20.33.043,OPC,0.4134077035328891,131.99242424242425
H20.33.043,Oligodendrocyte,0.23327224306801075,1423.64095371669
H20.33.043,Pax6,0.3457455239689689,39.11904761904762
H20.33.043,Pvalb,0.039709270824575545,468.9466950959489
H20.33.043,Sncg,0.282104876449582,145.4570446735395
H20.33.043,Sst,0.04660793483444523,479.7
H20.33.043,Sst Chodl,0.2828529719132762,7.466666666666667
H20.33.043,VLMC & Perivascular,0.10887750307046411,8.23529411764706
H20.33.043,Vip,0.0628047156552417,665.1351351351351
H20.33.043,Astrocyte,0.0018574677998964347,241.32653061224494
H20.33.043,Chandelier,0.14389886118492667,49.090909090909086
H20.33.043,Immune,0.425909046040122,245.376
H20.33.043,L2/3 IT,0.11119953106421997,1883.3537486800421
H20.33.043,L4 IT,0.16070712441264004,833.1551827441582
H20.33.043,L5 ET,0.6821187709126781,10.909090909090908
H20.33.043,L5 IT,0.0268045453427322,671.9940476190477
H20.33.043,L5/6 NP,0.06729895054660884,95.95833333333334
H20.33.043,L6 CT,0.010395912737508164,77.49677419354839
H20.33.043,L6 IT,0.18962750195516348,244.47443762781185
H20.33.043,L6 IT Car3,0.5735442055159224,114.78260869565217
H20.33.043,L6b,0.4211459797876607,64.77272727272727
H20.33.043,Lamp5,0.36468171636302465,211.1583924349882
H20.33.043,Lamp5 Lhx6,0.3760341387004316,102.52427184466019
H20.33.043,OPC,0.4454595047537047,116.09322033898306
H20.33.043,Oligodendrocyte,0.42890426833180506,1296.443076923077
H20.33.043,Pax6,0.5393930536303699,29.423728813559322
H20.33.043,Pvalb,0.22771899105202523,461.486457204767
H20.33.043,Sncg,0.3848819893291217,131.66792452830188
H20.33.043,Sst,0.1471451918494268,443.25759280089983
H20.33.043,Sst Chodl,0.02538912705215905,6.857142857142858
H20.33.043,VLMC & Perivascular,0.6852149905047412,7.0
H20.33.043,Vip,0.021038031912397444,623.4807692307692
H20.33.044,Astrocyte,0.16586243624931643,351.17897727272725
H20.33.044,Chandelier,0.6950874914619362,25.714285714285715
H20.33.044,Endothelial,0.2702789442176593,6.428571428571429
H20.33.044,Immune,0.10823028726564134,157.59493670886076
H20.33.044,L2/3 IT,0.05346430118537675,1876.3973368841541
H20.33.044,L4 IT,0.06526851967323123,678.7368421052631
H20.33.044,L5 ET,0.14783337424604112,9.904761904761905
H20.33.044,L5 IT,0.024965444769534856,661.8022641509434
H20.33.044,L5/6 NP,0.008741197335064933,82.22891566265059
H20.33.044,L6 CT,0.028505326958819063,109.0
H20.33.044,L6 IT,0.024685824970162105,223.00671140939596
H20.33.044,L6 IT Car3,0.024818104563003613,94.73958333333333
H20.33.044,L6b,0.04287697515904607,77.53846153846155
H20.33.044,Lamp5,0.0025369790375064636,242.85831622176593
H20.33.044,Lamp5 Lhx6,0.1563644772155742,84.47337278106508
H20.33.044,OPC,0.005389229430421653,204.8564476885645
H20.33.044,Oligodendrocyte,0.05616747180134214,705.1799576570219
H20.33.044,Pax6,0.13664474695685636,42.418604651162795
H20.33.044,Pvalb,0.013370908730599257,419.99047619047616
H20.33.044,Sncg,0.2274647154330257,91.43169398907104
H20.33.044,Sst,0.058077422159405985,485.8895705521472
H20.33.044,Sst Chodl,0.45496090973949904,7.199999999999999
H20.33.044,VLMC & Perivascular,0.34103691783506696,12.692307692307692
H20.33.044,Vip,0.09564071270330726,476.8301886792452
H20.33.044,Astrocyte,1.0163956586763014,19.42028985507246
H20.33.044,L2/3 IT,0.7621310476634011,212.86992287917738
H20.33.044,L4 IT,0.9635873301519899,71.63746223564955
H20.33.044,L5 IT,0.5293982587637203,69.96165191740413
H20.33.044,L6 CT,0.9499644233974613,11.373913043478261
H20.33.044,L6 IT,0.5536008251785747,29.764192139737993
H20.33.044,L6b,1.2820025617187814,9.35064935064935
H20.33.044,Lamp5,0.5989761615699191,24.614754098360653
H20.33.044,Lamp5 Lhx6,0.7992043232989795,9.431818181818182
H20.33.044,OPC,0.4912552862515527,26.303030303030308
H20.33.044,Oligodendrocyte,0.16429224285473834,68.27586206896552
H20.33.044,Pvalb,0.934568676426607,66.29074889867842
H20.33.044,Sst,0.5180722170660058,50.943396226415096
H20.33.044,Vip,0.7169336007059416,34.66666666666667
H20.33.044,Astrocyte,1.1822580949256178,19.472295514511874
H20.33.044,L2/3 IT,0.8155953488487776,213.4567779960707
H20.33.044,L4 IT,1.028855849825221,72.30690537084399
H20.33.044,L5 IT,0.5543637035332553,70.20249653259361
H20.33.044,L6 CT,0.9214590964386421,11.373913043478261
H20.33.044,L6 IT,0.5782866501487368,29.952
H20.33.044,L6b,1.239125586559735,9.43820224719101
H20.33.044,Lamp5,0.6015131406074254,24.74349442379182
H20.33.044,Lamp5 Lhx6,0.9555688005145538,9.45054945054945
H20.33.044,OPC,0.4966445156819745,26.115384615384617
H20.33.044,Oligodendrocyte,0.22045971465608025,68.73139974779319
H20.33.044,Pvalb,0.9479395851572064,66.3406113537118
H20.33.044,Sst,0.4599947949066,51.37297297297298
H20.33.044,Vip,0.8125743134092489,34.714285714285715
H20.33.045,Astrocyte,0.18776089762213927,136.8832116788321
H20.33.045,Chandelier,0.14931107100580715,18.94736842105263
H20.33.045,Endothelial,0.26289727403948987,13.928571428571429
H20.33.045,Immune,0.054048643048495944,121.03703703703704
H20.33.045,L2/3 IT,0.01785481892531084,264.38563327032136
H20.33.045,L4 IT,0.08711418659950447,693.789928057554
H20.33.045,L5 IT,0.2120870227824359,230.15151515151513
H20.33.045,L5/6 NP,0.29111393738844094,28.689655172413794
H20.33.045,L6 CT,1.3048019370707207,11.304347826086955
H20.33.045,L6 IT,0.30625402085805326,27.964285714285715
H20.33.045,L6 IT Car3,0.20083316277708493,10.666666666666666
H20.33.045,L6b,0.4898544320033315,18.46153846153846
H20.33.045,Lamp5,0.12052120382125903,413.42684401451027
H20.33.045,Lamp5 Lhx6,0.14799346274402805,94.7434554973822
H20.33.045,OPC,0.3671726486740192,41.61904761904762
H20.33.045,Oligodendrocyte,0.0564067824556111,306.7012987012987
H20.33.045,Pax6,0.24058797657665226,130.40613026819923
H20.33.045,Pvalb,0.036464326288937525,240.7344398340249
H20.33.045,Sncg,0.008339300912729492,152.78175895765472
H20.33.045,Sst,0.12894473848252036,185.19676549865227
H20.33.045,VLMC & Perivascular,0.06527847218435334,35.67123287671233
H20.33.045,Vip,0.13035453014028653,568.9841827768014
H20.33.046,Astrocyte,0.021850850248633036,491.07411167512686
H20.33.046,Chandelier,0.6914264352209394,13.93939393939394
H20.33.046,Endothelial,0.38575409294096485,24.96
H20.33.046,Immune,0.1471042940322108,242.38193018480493
H20.33.046,L2/3 IT,0.18418438216810737,1379.9913074972835
H20.33.046,L4 IT,0.16240170284483288,1035.5915221579962
H20.33.046,L5 ET,1.0096630973507197,13.0
H20.33.046,L5 IT,0.1846136052759745,744.9946308724832
H20.33.046,L5/6 NP,0.5593691039786907,66.66666666666667
H20.33.046,L6 CT,0.13130449940419966,46.45161290322581
H20.33.046,L6 IT,0.32978930837299775,220.41704035874437
H20.33.046,L6 IT Car3,0.1512252991719644,92.0855614973262
H20.33.046,L6b,0.161229347834499,86.81564245810056
H20.33.046,Lamp5,0.3152035771860201,223.48993288590603
H20.33.046,Lamp5 Lhx6,0.18385277607240816,54.95495495495495
H20.33.046,OPC,0.4651062649685101,97.06666666666665
H20.33.046,Oligodendrocyte,0.3583879421685169,168.8470588235294
H20.33.046,Pax6,0.21033987166072182,14.709677419354842
H20.33.046,Pvalb,0.15896318528474063,291.8941979522184
H20.33.046,Sncg,0.15823418742355938,39.375
H20.33.046,Sst,0.09526833711696302,94.0
H20.33.046,VLMC & Perivascular,0.3698272915289112,44.977777777777774
H20.33.046,Vip,0.09067734516219553,251.1071428571429
H21.33.001,Astrocyte,0.5639507731318698,129.90114068441065
H21.33.001,Chandelier,0.20392680773121652,44.93478260869565
H21.33.001,Endothelial,0.6519351734111972,12.592592592592593
H21.33.001,Immune,0.36719505990942236,329.97372262773723
H21.33.001,L2/3 IT,0.20440920327552434,1049.548872180451
H21.33.001,L4 IT,0.5732391651840972,771.1082963901204
H21.33.001,L5 IT,0.623460513295621,450.89343379978476
H21.33.001,L5/6 NP,0.4456279315011117,81.05263157894737
H21.33.001,L6 CT,0.9887722380465351,23.84313725490196
H21.33.001,L6 IT,0.522609803086792,60.143884892086334
H21.33.001,L6 IT Car3,0.7787011811145926,34.647887323943664
H21.33.001,L6b,0.9960803134065656,17.333333333333332
H21.33.001,Lamp5,0.02468202751509874,179.41397849462365
H21.33.001,Lamp5 Lhx6,0.19659223303305487,60.18897637795276
H21.33.001,OPC,0.6618003487700445,71.58666666666667
H21.33.001,Oligodendrocyte,0.47510027451425235,214.3047210300429
H21.33.001,Pax6,0.4184881624508875,37.23456790123457
H21.33.001,Pvalb,0.27395935468324406,347.3833097595474
H21.33.001,Sncg,0.0697011075773887,129.62307692307692
H21.33.001,Sst,0.024718313482570833,329.32935916542476
H21.33.001,VLMC & Perivascular,0.20413695364188994,9.9
H21.33.001,Vip,0.050867450878077584,441.9692307692308
H21.33.001,Astrocyte,1.441310396065414,127.88372093023256
H21.33.001,Chandelier,0.15577246864086935,27.972222222222225
H21.33.001,Endothelial,0.17113637859449468,11.769230769230768
H21.33.001,Immune,1.1135938264565655,183.32850241545893
H21.33.001,L2/3 IT,0.9975111045200962,977.9070954568658
H21.33.001,L4 IT,0.8031920038343432,593.30615640599
H21.33.001,L5 IT,0.6255967227003917,414.97005988023955
H21.33.001,L5/6 NP,0.5327459486289456,71.91724137931035
H21.33.001,L6 CT,0.5580489985883077,28.5
H21.33.001,L6 IT,0.5315860519342379,63.01935483870968
H21.33.001,L6 IT Car3,1.0104910316145352,37.77777777777778
H21.33.001,L6b,0.0352834463687537,20.172413793103445
H21.33.001,Lamp5,0.1527197015946093,155.8397435897436
H21.33.001,Lamp5 Lhx6,0.3726854093072528,57.30508474576272
H21.33.001,OPC,1.5600634895029826,41.494505494505496
H21.33.001,Oligodendrocyte,0.9305556439926799,121.91634980988593
H21.33.001,Pax6,0.5953393494478669,29.96666666666667
H21.33.001,Pvalb,0.3803397696496737,355.07417582417577
H21.33.001,Sncg,0.19525725068645156,132.67415730337078
H21.33.001,Sst,0.09514289520711092,318.8198757763975
H21.33.001,VLMC & Perivascular,0.6483072820826856,8.470588235294118
H21.33.001,Vip,0.05850802934446518,386.7906976744186
H21.33.001,Astrocyte,0.8773596229335441,143.45644599303137
H21.33.001,Chandelier,0.048154339090347144,25.55172413793104
H21.33.001,Endothelial,0.4807987948167025,9.473684210526315
H21.33.001,Immune,0.7463987665471432,205.12293577981652
H21.33.001,L2/3 IT,0.7931019012445719,1097.0294517444497
H21.33.001,L4 IT,0.2299528386502461,672.2522522522522
H21.33.001,L5 ET,0.1991045668340633,6.428571428571429
H21.33.001,L5 IT,0.002136209404770845,492.55533199195173
H21.33.001,L5/6 NP,0.08711801712783401,90.16304347826087
H21.33.001,L6 CT,0.43072323945822727,40.98876404494382
H21.33.001,L6 IT,1.0541958550210297,102.37864077669903
H21.33.001,L6 IT Car3,0.2317898504999429,45.45652173913044
H21.33.001,L6b,0.9607968670378119,32.95774647887323
H21.33.001,Lamp5,0.1774017291097079,186.28795811518327
H21.33.001,Lamp5 Lhx6,0.17609317627419782,73.22448979591837
H21.33.001,OPC,0.8982631407329381,47.349593495934954
H21.33.001,Oligodendrocyte,0.4554553694784276,145.3367088607595
H21.33.001,Pax6,0.17685118699697946,38.8433734939759
H21.33.001,Pvalb,0.10638041496642969,410.23142509135204
H21.33.001,Sncg,0.1255561431090626,140.41281138790035
H21.33.001,Sst,0.11986120868968182,367.0040816326531
H21.33.001,Sst Chodl,0.15682820357554297,5.833333333333333
H21.33.001,VLMC & Perivascular,0.4441703284407958,9.263157894736842
H21.33.001,Vip,0.007640578466387322,454.03448275862064
H21.33.002,Astrocyte,0.009509730803005835,350.93239436619723
H21.33.002,Chandelier,0.16729474539764042,103.62857142857142
H21.33.002,Endothelial,0.512895235962045,17.37142857142857
H21.33.002,Immune,0.018504770428631048,215.92592592592592
H21.33.002,L2/3 IT,0.18138870782676011,1925.3046409126264
H21.33.002,L4 IT,0.4645033774530315,657.0098261526833
H21.33.002,L5 IT,0.4099920748950444,406.93857493857496
H21.33.002,L5/6 NP,0.44195130506851243,43.44827586206896
H21.33.002,L6 CT,0.4721132967837585,28.44827586206896
H21.33.002,L6 IT,0.6291039210639199,149.99333333333334
H21.33.002,L6 IT Car3,0.4725608839529826,132.67415730337078
H21.33.002,L6b,0.8400774049027067,12.48
H21.33.002,Lamp5,0.1530143648748545,357.82984658298466
H21.33.002,Lamp5 Lhx6,0.06353766360720631,180.82191780821918
H21.33.002,OPC,0.37441715802073267,158.59748427672955
H21.33.002,Oligodendrocyte,0.17540802097700053,321.84782608695656
H21.33.002,Pax6,0.315685262830192,85.84971098265896
H21.33.002,Pvalb,0.05719084584393412,798.3364602876796
H21.33.002,Sncg,0.22153790922873817,190.95287958115185
H21.33.002,Sst,0.19985026708005715,538.4280442804428
H21.33.002,VLMC & Perivascular,0.2630707599529328,38.075949367088604
H21.33.002,Vip,0.22985541821229433,883.8213680045225
H21.33.003,Astrocyte,0.1958110100326631,512.0272638753651
H21.33.003,Chandelier,0.06370952939056854,76.98701298701299
H21.33.003,Endothelial,0.15569508896481488,8.88888888888889
H21.33.003,Immune,0.21386156385209174,188.90575916230367
H21.33.003,L2/3 IT,0.10975587802715175,1900.696740547588
H21.33.003,L4 IT,0.24639064619956244,670.1799256505576
H21.33.003,L5 ET,0.01682074653365161,15.77142857142857
H21.33.003,L5 IT,0.4852971766557106,637.4341692789968
H21.33.003,L5/6 NP,0.2661631090248829,88.47457627118644
H21.33.003,L6 CT,0.030183752839964915,123.49797570850201
H21.33.003,L6 IT,0.3955803030491299,217.83295711060944
H21.33.003,L6 IT Car3,0.3215316869986664,94.32124352331606
H21.33.003,L6b,0.06320780074875454,105.91509433962264
H21.33.003,Lamp5,0.07729812549190725,263.49146110056927
H21.33.003,Lamp5 Lhx6,0.050291699974212144,119.44769874476988
H21.33.003,OPC,0.008516284985116016,173.12320916905443
H21.33.003,Oligodendrocyte,0.08155108024954441,527.4767772511849
H21.33.003,Pax6,0.03924627321606276,45.65217391304348
H21.33.003,Pvalb,0.04725523326734035,648.65907365224
H21.33.003,Sncg,0.17006398034663447,143.15972222222223
H21.33.003,Sst,0.23751404344645563,474.02313354363827
H21.33.003,VLMC & Perivascular,0.46488883687186616,13.714285714285715
H21.33.003,Vip,0.1623468531814033,734.213750850919
H21.33.003,Astrocyte,0.9461603816517913,158.9328743545611
H21.33.003,Chandelier,0.06847770980411881,41.98095238095238
H21.33.003,Immune,0.21967457262359155,96.27731092436974
H21.33.003,L2/3 IT,0.10051551275837643,1220.9466218738335
H21.33.003,L4 IT,0.6214741179780324,429.9921568627451
H21.33.003,L5 ET,0.5188529174801786,8.842105263157896
H21.33.003,L5 IT,0.5650375266999498,454.439672801636
H21.33.003,L5/6 NP,0.34723947442708125,51.91935483870967
H21.33.003,L6 CT,0.08218666956266833,76.01123595505618
H21.33.003,L6 IT,0.5036070223241286,146.4565916398714
H21.33.003,L6 IT Car3,0.618952086620714,65.11764705882354
H21.33.003,L6b,0.038261737814958695,55.51773049645391
H21.33.003,Lamp5,0.06838326262139822,144.14835164835162
H21.33.003,Lamp5 Lhx6,0.36141731751855194,51.480000000000004
H21.33.003,OPC,0.49451265592872057,70.1470588235294
H21.33.003,Oligodendrocyte,0.4268116789675306,318.0395778364116
H21.33.003,Pax6,0.05955546679049365,23.17241379310345
H21.33.003,Pvalb,0.07468672544191395,336.1619631901841
H21.33.003,Sncg,0.3065598017401344,50.27027027027027
H21.33.003,Sst,0.05796111304120609,289.8521870286577
H21.33.003,Vip,0.26396709778917504,353.1
H21.33.003,Astrocyte,0.7503493716191282,161.61949685534591
H21.33.003,Chandelier,0.004768180413550286,42.280373831775705
H21.33.003,Immune,0.005813008771499744,101.70503597122301
H21.33.003,L2/3 IT,0.009240365268775537,1299.0631994733378
H21.33.003,L4 IT,0.37508347177847,414.3761955366631
H21.33.003,L5 ET,0.53567366401383,10.733333333333334
H21.33.003,L5 IT,0.07974035004423922,464.29724409448824
H21.33.003,L5/6 NP,0.08107636540219844,52.440944881889756
H21.33.003,L6 CT,0.05200291672270334,76.20111731843576
H21.33.003,L6 IT,0.10802671927499863,160.32608695652175
H21.33.003,L6 IT Car3,0.29742039962204764,72.65454545454546
H21.33.003,L6b,0.024946062933795827,56.353741496598644
H21.33.003,Lamp5,0.008914862870509126,143.70083102493075
H21.33.003,Lamp5 Lhx6,0.3111256175443397,51.94838709677419
H21.33.003,OPC,0.4859963709436044,72.76595744680851
H21.33.003,Oligodendrocyte,0.3452605987179861,316.7723035952064
H21.33.003,Pax6,0.02030919357443098,24.242424242424242
H21.33.003,Pvalb,0.027431492174573465,358.8995901639345
H21.33.003,Sncg,0.13649582139350017,48.95705521472393
H21.33.003,Sst,0.17955293040524975,300.0782122905028
H21.33.003,Vip,0.10162024460777179,349.7791798107255
H21.33.004,Astrocyte,0.18382385939652804,311.45367412140575
H21.33.004,Chandelier,0.3722823366210908,87.07954545454545
H21.33.004,Immune,0.24071254041901277,158.26086956521738
H21.33.004,L2/3 IT,0.09495124655055985,1958.997958141909
H21.33.004,L4 IT,0.07431314968153843,848.698468786808
H21.33.004,L5 ET,0.4841860747974647,11.304347826086955
H21.33.004,L5 IT,0.004473637411379072,719.5509355509356
H21.33.004,L5/6 NP,0.22049931691337862,101.56190476190477
H21.33.004,L6 CT,0.06466291214687417,69.20863309352518
H21.33.004,L6 IT,0.2547203849890907,198.01507537688443
H21.33.004,L6 IT Car3,0.32330419734416826,145.4982817869416
H21.33.004,L6b,0.41121943460796084,33.134328358208954
H21.33.004,Lamp5,0.11191998644503512,197.18592964824117
H21.33.004,Lamp5 Lhx6,0.3127209184401474,85.34482758620689
H21.33.004,OPC,0.05971471294067707,211.35926773455375
H21.33.004,Oligodendrocyte,0.16859823271710825,693.8146551724138
H21.33.004,Pax6,0.9746104203099966,32.49230769230769
H21.33.004,Pvalb,0.30978216477100445,527.7221172022685
H21.33.004,Sncg,0.19178044250747603,115.55084745762713
H21.33.004,Sst,0.3988910069278083,447.4949720670391
H21.33.004,VLMC & Perivascular,0.6614977034440334,9.473684210526315
H21.33.004,Vip,0.34402089098789973,572.956369982548
H21.33.005,Astrocyte,0.9809328066649395,365.5431818181818
H21.33.005,Chandelier,0.190078124436896,13.023255813953488
H21.33.005,Immune,0.5174039505404601,139.27672955974845
H21.33.005,L2/3 IT,0.06854615135166862,811.0285714285715
H21.33.005,L4 IT,0.12944079000246236,692.5440229062276
H21.33.005,L5 ET,0.5621940628095885,11.304347826086955
H21.33.005,L5 IT,0.11562328420960107,484.3574144486692
H21.33.005,L5/6 NP,0.640352239163479,69.32515337423312
H21.33.005,L6 CT,0.3057229152230736,83.6355140186916
H21.33.005,L6 IT,0.3454560294975009,224.83271375464685
H21.33.005,L6 IT Car3,0.7077341438729094,90.80468750000001
H21.33.005,L6b,0.4430313306716106,53.268292682926834
H21.33.005,Lamp5,0.04675344283247549,91.11956521739131
H21.33.005,Lamp5 Lhx6,0.19129967129637535,70.68
H21.33.005,OPC,0.9187189990220068,104.4401913875598
H21.33.005,Oligodendrocyte,0.6281436512133196,184.56216216216214
H21.33.005,Pax6,0.0021778136598652486,44.64646464646464
H21.33.005,Pvalb,0.29066128508804756,315.36608557844687
H21.33.005,Sncg,0.27119696100749574,39.43902439024391
H21.33.005,Sst,0.3221157299914643,50.74626865671642
H21.33.005,VLMC & Perivascular,0.38776629174513005,12.342857142857143
H21.33.005,Vip,0.058893689053568614,299.1872
H21.33.005,Astrocyte,0.9098597159009703,360.16235294117644
H21.33.005,Chandelier,0.14991344705532655,13.584905660377357
H21.33.005,Immune,0.4176148917301183,140.91411042944787
H21.33.005,L2/3 IT,0.08119381217638431,886.0735785953178
H21.33.005,L4 IT,0.18773811676305616,759.8381795195955
H21.33.005,L5 ET,0.03438054199126548,12.48
H21.33.005,L5 IT,0.1433364300982352,498.31920649233547
H21.33.005,L5/6 NP,0.5304105707306679,73.82198952879581
H21.33.005,L6 CT,0.31897799379229036,83.20379146919431
H21.33.005,L6 IT,0.29297558024687975,226.9090909090909
H21.33.005,L6 IT Car3,0.43470257741267604,91.9250936329588
H21.33.005,L6b,0.18033061316079657,57.02068965517242
H21.33.005,Lamp5,0.3898456674589977,102.96116504854368
H21.33.005,Lamp5 Lhx6,0.09502784974749987,73.63975155279503
H21.33.005,OPC,0.7996942262990044,102.99029126213593
H21.33.005,Oligodendrocyte,0.6867878230900157,183.65217391304347
H21.33.005,Pax6,0.32884323587200276,40.1063829787234
H21.33.005,Pvalb,0.41516228369624547,346.74715909090907
H21.33.005,Sncg,0.030406478977661928,40.144578313253014
H21.33.005,Sst,0.244780167457551,50.616541353383454
H21.33.005,VLMC & Perivascular,0.3836457747251666,10.434782608695652
H21.33.005,Vip,0.04515245625336125,321.99696048632217
H21.33.005,Astrocyte,0.07107309076396932,605.6287128712871
H21.33.005,Chandelier,0.3399915714922226,39.375
H21.33.005,Immune,0.09978905881034188,218.92694063926942
H21.33.005,L2/3 IT,0.012647660824715443,736.6153846153846
H21.33.005,L4 IT,0.058297326760593654,845.4985388661603
H21.33.005,L5 ET,0.5278135208183228,10.909090909090908
H21.33.005,L5 IT,0.02771314588863424,701.3437722419928
H21.33.005,L5/6 NP,0.10994166843281093,125.45669291338582
H21.33.005,L6 CT,0.013255078569217003,155.48553054662378
H21.33.005,L6 IT,0.05248044925062105,383.90625000000006
H21.33.005,L6 IT Car3,0.2730315664602335,202.3506172839506
H21.33.005,L6b,0.2627007175108139,93.7263157894737
H21.33.005,Lamp5,0.3430922246265223,92.7127659574468
H21.33.005,Lamp5 Lhx6,0.09627182154887536,98.19289340101523
H21.33.005,OPC,0.11902477272300237,105.47867298578198
H21.33.005,Oligodendrocyte,0.0586441718766961,192.99481865284974
H21.33.005,Pax6,0.3266654222121377,31.301587301587304
H21.33.005,Pvalb,0.12450099860819808,354.78382147838215
H21.33.005,Sncg,0.2407904820298339,33.492537313432834
H21.33.005,Sst,0.07733556253391333,99.49748743718592
H21.33.005,VLMC & Perivascular,0.004120517019963437,19.285714285714285
H21.33.005,Vip,0.10404614530692972,263.4706994328923
H21.33.006,Astrocyte,0.43194378242537035,179.16897506925207
H21.33.006,Chandelier,0.7710893529445721,60.31746031746031
H21.33.006,Immune,0.4288349597430934,273.755033557047
H21.33.006,L2/3 IT,0.47515849171641467,2127.4619170377314
H21.33.006,L4 IT,0.46925517922307564,890.1803921568627
H21.33.006,L5 IT,0.41177932241123844,606.6167763157895
H21.33.006,L5/6 NP,0.4785147802152003,121.35968379446639
H21.33.006,L6 CT,0.639879008065025,40.44444444444444
H21.33.006,L6 IT,0.5785004846855156,147.3627118644068
H21.33.006,L6 IT Car3,0.40493426120206627,90.3578947368421
H21.33.006,L6b,0.5119009096902115,39.310344827586206
H21.33.006,Lamp5,0.31947821263297166,202.8501228501229
H21.33.006,Lamp5 Lhx6,0.7677785256133952,143.65972222222223
H21.33.006,OPC,0.30040817407751236,187.72774869109946
H21.33.006,Oligodendrocyte,0.37761611542952855,686.9469090909091
H21.33.006,Pax6,0.4890897860726572,64.85496183206106
H21.33.006,Pvalb,0.7149143976458092,542.4657534246575
H21.33.006,Sncg,0.6765283054984708,107.67272727272727
H21.33.006,Sst,0.19301692253594604,279.7836879432624
H21.33.006,VLMC & Perivascular,0.14914144515539143,6.461538461538462
H21.33.006,Vip,0.42796645996221244,584.3600682593857
H21.33.006,Astrocyte,0.4785945566548997,201.27659574468083
H21.33.006,Chandelier,0.32040732626478363,52.38095238095239
H21.33.006,Immune,0.4230094115857459,202.5073891625616
H21.33.006,L2/3 IT,0.019338000838466138,2175.952489721334
H21.33.006,L4 IT,0.06438438066176427,655.0296886314266
H21.33.006,L5 IT,0.14982180702624173,524.872521246459
H21.33.006,L5/6 NP,0.09192206702784123,79.09638554216866
H21.33.006,L6 CT,0.47023709011339165,43.03448275862069
H21.33.006,L6 IT,0.1512926289345742,123.7063492063492
H21.33.006,L6 IT Car3,0.6951965143239375,75.47019867549669
H21.33.006,L6b,0.628089093574052,27.272727272727273
H21.33.006,Lamp5,0.48233336717361414,200.5955334987593
H21.33.006,Lamp5 Lhx6,0.01689819291522649,114.26382978723404
H21.33.006,OPC,0.5293328861473003,100.43697478991598
H21.33.006,Oligodendrocyte,0.40372468545554907,779.6109725685785
H21.33.006,Pax6,0.1371447846167512,52.93457943925234
H21.33.006,Pvalb,0.050465066982987854,437.5197294250282
H21.33.006,Sncg,0.17836847298697817,131.2699619771863
H21.33.006,Sst,0.11848958953306715,272.06227106227107
H21.33.006,VLMC & Perivascular,0.4708182991414309,7.466666666666667
H21.33.006,Vip,0.075632121408639,509.5614035087719
H21.33.006,Astrocyte,0.046650774229529485,222.76651982378857
H21.33.006,Chandelier,1.091496679209356,63.81679389312978
H21.33.006,Immune,0.005825548157347399,256.66319444444446
H21.33.006,L2/3 IT,0.4944964925548808,2301.1622149837135
H21.33.006,L4 IT,0.4048707985613114,680.5597826086956
H21.33.006,L5 ET,1.6313232036129635,5.454545454545454
H21.33.006,L5 IT,0.26195751538499656,547.4664279319605
H21.33.006,L5/6 NP,0.5704368472430414,91.05990783410138
H21.33.006,L6 CT,0.1696419179516333,44.800000000000004
H21.33.006,L6 IT,0.42720785575094133,126.95785440613027
H21.33.006,L6 IT Car3,0.29026225312187104,92.55958549222798
H21.33.006,L6b,0.11618818388384065,34.75609756097561
H21.33.006,Lamp5,0.8018115798065859,189.97894736842105
H21.33.006,Lamp5 Lhx6,0.7846767185286218,118.85943775100401
H21.33.006,OPC,0.22892471206978782,108.0
H21.33.006,Oligodendrocyte,0.02610857002602035,805.5410833840535
H21.33.006,Pax6,0.3519450014559063,57.599999999999994
H21.33.006,Pvalb,0.7653794646287969,474.1935483870968
H21.33.006,Sncg,0.8548967784854489,111.4978354978355
H21.33.006,Sst,0.07452733300287895,297.72818791946304
H21.33.006,VLMC & Perivascular,0.3216768539860394,6.857142857142858
H21.33.006,Vip,0.35233433855357343,534.2040441176471
H21.33.007,Astrocyte,0.10221372436218078,303.2655737704918
H21.33.007,Chandelier,0.06475360234385326,101.42439024390244
H21.33.007,Endothelial,0.49129186029662814,10.476190476190476
H21.33.007,Immune,0.07323465486891109,175.9090909090909
H21.33.007,L2/3 IT,0.0546382084994016,1505.4520092992361
H21.33.007,L4 IT,0.10499978270991434,1034.2425120772946
H21.33.007,L5 ET,0.7701920638116049,9.9
H21.33.007,L5 IT,0.07357364533290511,532.1051643192488
H21.33.007,L5/6 NP,0.1990019575649041,54.70909090909092
H21.33.007,L6 CT,0.02062204527714505,55.27927927927928
H21.33.007,L6 IT,0.328447428297095,258.75289575289577
H21.33.007,L6 IT Car3,0.5972570671003379,156.9269841269841
H21.33.007,L6b,0.036362088671580424,53.98148148148148
H21.33.007,Lamp5,0.0776593540213871,323.09119010819165
H21.33.007,Lamp5 Lhx6,0.09210355030165954,169.99411764705883
H21.33.007,OPC,0.1490485664225043,110.13274336283186
H21.33.007,Oligodendrocyte,0.10631285117055264,979.2629984856134
H21.33.007,Pax6,0.2714904918546688,57.28695652173913
H21.33.007,Pvalb,0.09363537470895915,728.9637234770704
H21.33.007,Sncg,0.26656519095585873,126.8031496062992
H21.33.007,Sst,0.06650966211342504,610.3816543816544
H21.33.007,VLMC & Perivascular,0.15616220710525694,27.964285714285715
H21.33.007,Vip,0.1643221996411577,751.7007978723404
H21.33.008,Astrocyte,0.2153960951879322,109.68325791855203
H21.33.008,Chandelier,0.7697186738666115,69.27777777777779
H21.33.008,Immune,0.3342141383544268,222.57815845824413
H21.33.008,L2/3 IT,0.49480830013828514,609.7244732576986
H21.33.008,L4 IT,0.7079440695375155,1307.5612514134941
H21.33.008,L5 IT,0.633597445817765,521.6562203228871
H21.33.008,L5/6 NP,0.5946744228229631,130.96774193548387
H21.33.008,L6 CT,0.3881330803262514,36.642857142857146
H21.33.008,L6 IT,1.0654524559142966,67.94666666666667
H21.33.008,L6 IT Car3,0.6160235249565227,36.63636363636363
H21.33.008,L6b,0.426566006023221,49.74757281553398
H21.33.008,Lamp5,0.40962581617737603,393.9771573604061
H21.33.008,Lamp5 Lhx6,0.36364183491723084,144.83552631578948
H21.33.008,OPC,1.103997530203437,12.121212121212121
H21.33.008,Oligodendrocyte,0.09457632610382981,685.965379494008
H21.33.008,Pax6,0.9467556252103317,63.496062992125985
H21.33.008,Pvalb,0.35184754593364115,370.51702395964696
H21.33.008,Sncg,0.7678677860202161,132.39852398523985
H21.33.008,Sst,0.2270161996829616,269.5308219178082
H21.33.008,VLMC & Perivascular,0.45223199658689267,13.655172413793103
H21.33.008,Vip,0.5886388278966114,557.8597402597403
H21.33.008,Astrocyte,0.5757323975135273,151.92660550458717
H21.33.008,Chandelier,0.3232053814169115,75.94805194805195
H21.33.008,Immune,0.14035406170727527,264.78195488721803
H21.33.008,L2/3 IT,0.27807986666461526,794.295524218271
H21.33.008,L4 IT,0.583920185103966,1141.455223880597
H21.33.008,L5 IT,0.6980553359791385,486.8076152304609
H21.33.008,L5/6 NP,0.9377479244005594,93.5798319327731
H21.33.008,L6 CT,0.9659402498701501,50.9126213592233
H21.33.008,L6 IT,0.6997440248869904,72.07741935483872
H21.33.008,L6 IT Car3,0.2786890941994268,48.627450980392155
H21.33.008,L6b,0.8704988702136024,54.95495495495495
H21.33.008,Lamp5,0.46214878281508065,425.7546728971962
H21.33.008,Lamp5 Lhx6,0.5715876234625689,141.0702341137124
H21.33.008,OPC,1.3659637849629973,8.470588235294118
H21.33.008,Oligodendrocyte,0.21454049995238691,781.9040590405903
H21.33.008,Pax6,0.4118022635809499,69.3
H21.33.008,Pvalb,0.3376618151027746,409.7021276595745
H21.33.008,Sncg,0.022393687766133187,153.97402597402598
H21.33.008,Sst,0.4949656066433194,249.99643493761144
H21.33.008,VLMC & Perivascular,0.6002238602396098,12.857142857142858
H21.33.008,Vip,0.393004132071802,598.5
H21.33.008,Astrocyte,0.7911284927014595,135.75974025974025
H21.33.008,Chandelier,1.092924055283523,62.60317460317461
H21.33.008,Immune,0.47456820006170203,210.5986078886311
H21.33.008,L2/3 IT,0.7728881668029004,695.8583834335337
H21.33.008,L4 IT,1.2918642546414818,1033.638186157518
H21.33.008,L5 IT,1.3316527817969033,446.81382385730205
H21.33.008,L5/6 NP,1.5324223472235226,79.5266272189349
H21.33.008,L6 CT,1.3540733301964014,34.02739726027397
H21.33.008,L6 IT,1.765196480801287,54.38532110091743
H21.33.008,L6 IT Car3,0.8947126191559496,31.515151515151516
H21.33.008,L6b,1.2970648762368233,45.65217391304348
H21.33.008,Lamp5,0.8717745989924566,422.28
H21.33.008,Lamp5 Lhx6,0.9352294583797998,116.44635193133048
H21.33.008,OPC,0.2619662547595603,13.235294117647058
H21.33.008,Oligodendrocyte,0.3091168260562168,585.5067567567567
H21.33.008,Pax6,1.3585578887912817,69.90070921985816
H21.33.008,Pvalb,0.6895093610364157,319.31570762052877
H21.33.008,Sncg,0.7902614737863493,130.93632958801498
H21.33.008,Sst,0.7219818063262811,198.83709273182956
H21.33.008,VLMC & Perivascular,1.0524558568265026,10.476190476190476
H21.33.008,Vip,0.9816429599684134,499.64506480558333
H21.33.009,Astrocyte,0.008760224507938017,25.21276595744681
H21.33.009,Chandelier,1.0658889564617058,34.929577464788736
H21.33.009,Immune,1.162196259525026,125.5813953488372
H21.33.009,L2/3 IT,0.9147539406529557,335.9124087591241
H21.33.009,L4 IT,0.8500560949796421,1083.326352530541
H21.33.009,L5 IT,0.9037130960907226,483.55239064089517
H21.33.009,L5/6 NP,0.9344824394366292,80.472049689441
H21.33.009,L6 CT,1.4196810843561605,82.9940119760479
H21.33.009,L6 IT,1.4622771015022977,165.4259818731118
H21.33.009,L6 IT Car3,1.6432517930164552,115.92241379310346
H21.33.009,L6b,1.3620926236716802,87.81818181818183
H21.33.009,Lamp5,0.7129768127275364,241.81818181818178
H21.33.009,Lamp5 Lhx6,1.088815290095438,106.9626168224299
H21.33.009,OPC,0.8662131679773432,27.87878787878788
H21.33.009,Oligodendrocyte,0.6168152199531147,665.8615873015873
H21.33.009,Pax6,0.8523357622227865,33.492537313432834
H21.33.009,Pvalb,0.8518777294489218,422.31771428571426
H21.33.009,Sncg,0.46595231169864004,32.8955223880597
H21.33.009,Sst,0.6176638025907409,351.00000000000006
H21.33.009,VLMC & Perivascular,0.39787450073647873,23.466666666666665
H21.33.009,Vip,0.8448273584331689,412.29383886255926
H21.33.010,Astrocyte,0.22328347388862424,509.88213961922025
H21.33.010,Chandelier,0.3332183923285201,37.61702127659574
H21.33.010,Endothelial,0.020293034991998582,36.32876712328767
H21.33.010,Immune,0.46463453807689503,321.4506828528073
H21.33.010,L2/3 IT,0.057195401581542994,907.0615133369623
H21.33.010,L4 IT,0.17477481497486275,828.8665893271462
H21.33.010,L5 IT,0.2894111485082498,455.23906408952183
H21.33.010,L5/6 NP,0.2117724211311409,93.33333333333333
H21.33.010,L6 CT,0.45645227902083085,17.64705882352941
H21.33.010,L6 IT,0.3735893809288409,114.4535519125683
H21.33.010,L6 IT Car3,0.3802378514475829,74.18181818181817
H21.33.010,L6b,0.18436182396561313,29.484374999999996
H21.33.010,Lamp5,0.6166713604484944,134.97037037037038
H21.33.010,Lamp5 Lhx6,0.004344112430176051,92.31182795698923
H21.33.010,OPC,0.26166380012345025,125.71428571428572
H21.33.010,Oligodendrocyte,0.010559305789039864,83.0404984423676
H21.33.010,Pax6,0.08360426302117342,52.477064220183486
H21.33.010,Pvalb,0.013400832493349866,381.8181818181818
H21.33.010,Sncg,0.12109287473226732,75.34177215189874
H21.33.010,Sst,0.067030818443752,130.42904290429044
H21.33.010,VLMC & Perivascular,0.218786290999987,44.449438202247194
H21.33.010,Vip,0.03651757128649287,525.3929590865843
H21.33.010,Astrocyte,0.1867398727040554,514.7303877366996
H21.33.010,Chandelier,0.1599974866042755,37.768421052631574
H21.33.010,Endothelial,0.18096380353291727,30.098360655737704
H21.33.010,Immune,0.4445697916938471,300.4387917329094
H21.33.010,L2/3 IT,0.2042678863454501,965.6541042849767
H21.33.010,L4 IT,0.25695772310986054,827.2460732984293
H21.33.010,L5 IT,0.25613925655657155,471.41221374045807
H21.33.010,L5/6 NP,0.3728282060539082,93.67875647668393
H21.33.010,L6 CT,0.3794701482178252,17.674418604651162
H21.33.010,L6 IT,0.2661835302186815,115.18617021276596
H21.33.010,L6 IT Car3,0.3634945876130065,72.10344827586206
H21.33.010,L6b,0.016126173153992975,29.14285714285714
H21.33.010,Lamp5,0.7768512509707968,140.54609929078015
H21.33.010,Lamp5 Lhx6,0.12261381412615703,88.82022471910112
H21.33.010,OPC,0.17536498012657453,121.96721311475412
H21.33.010,Oligodendrocyte,0.06873083922655313,77.99166666666666
H21.33.010,Pax6,0.22286269319377033,49.52380952380952
H21.33.010,Pvalb,0.09546301709093574,377.63157894736844
H21.33.010,Sncg,0.10553727158550719,72.31168831168831
H21.33.010,Sst,0.0773278143404088,131.7741935483871
H21.33.010,VLMC & Perivascular,0.06012099243757093,44.91111111111111
H21.33.010,Vip,0.10822754270570609,509.8745098039216
H21.33.010,Astrocyte,0.036543601184568654,402.9776674937965
H21.33.010,Chandelier,0.17322090572424473,68.4963503649635
H21.33.010,Endothelial,0.1606707685409187,31.909090909090914
H21.33.010,Immune,0.020064746383048036,262.1444866920152
H21.33.010,L2/3 IT,0.1470724847639072,863.1131639722864
H21.33.010,L4 IT,0.08218290813499783,1028.4939231891105
H21.33.010,L5 ET,0.4621386004858114,7.0
H21.33.010,L5 IT,0.033271891951678005,655.893536121673
H21.33.010,L5/6 NP,0.16105578492276718,112.49777777777778
H21.33.010,L6 CT,0.07698213080300559,75.49668874172185
H21.33.010,L6 IT,0.10740585071015919,299.9166666666667
H21.33.010,L6 IT Car3,0.01674326383457634,129.17374517374517
H21.33.010,L6b,0.2004879971196063,106.30985915492958
H21.33.010,Lamp5,0.16017989052230241,142.74825174825176
H21.33.010,Lamp5 Lhx6,0.11826970169598104,96.83505154639175
H21.33.010,OPC,0.08629881999687578,127.875
H21.33.010,Oligodendrocyte,0.05817153343751324,224.41468682505402
H21.33.010,Pax6,0.3064669562149437,41.904761904761905
H21.33.010,Pvalb,0.10886384958428581,414.93975903614455
H21.33.010,Sncg,0.2266301463177746,59.93333333333334
H21.33.010,Sst,0.010296995896656782,211.44208037825058
H21.33.010,VLMC & Perivascular,0.15866529856241618,46.494623655913976
H21.33.010,Vip,0.07170997141921331,517.0357487922705
H21.33.011,Astrocyte,0.42651808448955725,154.70063694267517
H21.33.011,Chandelier,0.24931943482636146,73.33333333333333
H21.33.011,Immune,0.06416450143314152,230.09871244635193
H21.33.011,L2/3 IT,0.18169407567349824,3210.456661562021
H21.33.011,L4 IT,0.12623686009065263,852.7638248847926
H21.33.011,L5 ET,0.735769081519651,14.482758620689655
H21.33.011,L5 IT,0.17063486046937207,650.0030349013657
H21.33.011,L5/6 NP,0.2938292918544336,70.30985915492958
H21.33.011,L6 CT,0.09303814322091726,55.38461538461539
H21.33.011,L6 IT,0.25471582040955076,169.1529411764706
H21.33.011,L6 IT Car3,0.14937431490183137,95.46268656716418
H21.33.011,L6b,0.008831538411780127,61.30081300813008
H21.33.011,Lamp5,0.08561045776053719,298.09555189456347
H21.33.011,Lamp5 Lhx6,0.4474969102640344,106.37442922374427
H21.33.011,OPC,0.09294515380316849,251.7193675889328
H21.33.011,Oligodendrocyte,0.011878869535979565,1003.6633663366337
H21.33.011,Pax6,0.03040734388174601,62.0
H21.33.011,Pvalb,0.1844643706869435,515.4332061068702
H21.33.011,Sncg,0.1359908031603196,186.71052631578945
H21.33.011,Sst,0.09343063385231551,335.4377745241581
H21.33.011,Sst Chodl,0.16534392754078567,5.454545454545454
H21.33.011,VLMC & Perivascular,0.6175185644522421,8.210526315789474
H21.33.011,Vip,0.07501982809616181,795.9199499687305
H21.33.012,Astrocyte,0.39297968832502317,125.76512455516014
H21.33.012,Chandelier,0.16359042584478792,57.93103448275862
H21.33.012,Endothelial,0.1935793868235215,9.333333333333334
H21.33.012,Immune,0.45247030638581703,103.96172248803828
H21.33.012,L2/3 IT,0.2700952066491351,1693.201062887511
H21.33.012,L4 IT,0.49187803250758216,934.9689637033141
H21.33.012,L5 ET,0.49644725515835875,16.8
H21.33.012,L5 IT,0.2613278411888886,705.6135401974612
H21.33.012,L5/6 NP,0.4672890846347446,136.48351648351647
H21.33.012,L6 CT,0.27968907899792567,93.65625000000001
H21.33.012,L6 IT,0.5841703062398834,267.8666666666667
H21.33.012,L6 IT Car3,0.9553193715758443,118.57740585774057
H21.33.012,L6b,0.6875817942542788,63.62790697674419
H21.33.012,Lamp5,0.3748275451399927,226.73245614035085
H21.33.012,Lamp5 Lhx6,0.6296338395465954,133.7313432835821
H21.33.012,OPC,0.6038027145872259,237.91231732776615
H21.33.012,Oligodendrocyte,0.5660910612680293,1443.5677530017153
H21.33.012,Pax6,0.34984714770894093,52.69811320754718
H21.33.012,Pvalb,0.5757581473946443,638.943661971831
H21.33.012,Sncg,0.41236855535135586,96.34020618556701
H21.33.012,Sst,0.11919395507104301,185.3494623655914
H21.33.012,Sst Chodl,0.9893751893511863,6.0
H21.33.012,VLMC & Perivascular,0.69859716679099,21.702127659574465
H21.33.012,Vip,0.3506648617817124,551.372513562387
H21.33.013,Astrocyte,0.4600573034329674,458.25159914712157
H21.33.013,Chandelier,0.22828693130651842,21.91304347826087
H21.33.013,Endothelial,2.0092054586467096,5.454545454545454
H21.33.013,Immune,0.27195386762646756,223.76793248945148
H21.33.013,L2/3 IT,0.10135976480541543,824.8124253285544
H21.33.013,L4 IT,0.16426088865932426,1043.2118039029035
H21.33.013,L5 ET,0.7079070854924062,15.096774193548386
H21.33.013,L5 IT,0.05737504688224919,627.7397476340694
H21.33.013,L5/6 NP,0.21429699656909107,122.70731707317073
H21.33.013,L6 CT,0.3951083716517662,155.37735849056605
H21.33.013,L6 IT,0.23421415218922265,393.79441624365484
H21.33.013,L6 IT Car3,0.17816057957218606,159.9030303030303
H21.33.013,L6b,0.3871815957644276,136.57971014492753
H21.33.013,Lamp5,0.04656630803614678,176.328611898017
H21.33.013,Lamp5 Lhx6,0.17698454724590584,90.60439560439562
H21.33.013,OPC,0.5055901450233674,216.4543429844098
H21.33.013,Oligodendrocyte,0.3439064639828572,191.16404494382022
H21.33.013,Pax6,0.3949974412906138,26.666666666666668
H21.33.013,Pvalb,0.1533079558255164,346.69714285714286
H21.33.013,Sncg,0.8834437090578111,50.92156862745098
H21.33.013,Sst,0.23548129786565894,110.71428571428571
H21.33.013,VLMC & Perivascular,0.1300474506208005,11.916666666666666
H21.33.013,Vip,0.27867788489295253,325.2995529061103
H21.33.014,Astrocyte,0.34181326838017356,189.12207792207792
H21.33.014,Chandelier,0.0010423070598709059,29.0
H21.33.014,Immune,0.20993900151349765,114.8119658119658
H21.33.014,L2/3 IT,0.24543372207189995,1859.9655913978493
H21.33.014,L4 IT,0.18958566654339928,795.2148241206031
H21.33.014,L5 ET,0.46419938113038883,13.481481481481481
H21.33.014,L5 IT,0.06163298560613658,548.3793103448276
H21.33.014,L5/6 NP,0.09516658345452789,66.52941176470588
H21.33.014,L6 CT,0.06455478682844858,130.48275862068965
H21.33.014,L6 IT,0.0006273514622258146,303.9703947368421
H21.33.014,L6 IT Car3,0.24352438935530207,157.14285714285714
H21.33.014,L6b,0.37606463681982216,76.17834394904459
H21.33.014,Lamp5,0.553335258982164,215.82027649769586
H21.33.014,Lamp5 Lhx6,0.04382045240806533,108.89999999999998
H21.33.014,OPC,0.12253001770028106,119.52263374485597
H21.33.014,Oligodendrocyte,0.15721870682507164,454.18102508178845
H21.33.014,Pax6,0.839037656654046,32.87878787878788
H21.33.014,Pvalb,0.3414470035033672,582.9059829059829
H21.33.014,Sncg,0.6994537598935765,84.44444444444446
H21.33.014,Sst,0.3907299170345346,365.55434782608694
H21.33.014,Sst Chodl,0.10582451397242482,12.923076923076923
H21.33.014,Vip,0.027947219496671838,470.8867924528302
H21.33.015,Astrocyte,0.40099502387069336,160.9296636085627
H21.33.015,Chandelier,0.09361110798371435,47.49473684210526
H21.33.015,Endothelial,1.071647675150318,6.428571428571429
H21.33.015,Immune,0.03320843956209197,216.95852534562215
H21.33.015,L2/3 IT,0.08383686320849477,2411.479701739851
H21.33.015,L4 IT,0.042018265363124835,808.874613959234
H21.33.015,L5 IT,0.0004037419766443122,626.3846767757383
H21.33.015,L5/6 NP,0.13253102603149994,69.94285714285715
H21.33.015,L6 CT,0.3516297139917657,44.83516483516483
H21.33.015,L6 IT,0.06612056599502636,219.45000000000002
H21.33.015,L6 IT Car3,0.03324413060933912,110.47963800904978
H21.33.015,L6b,0.06674157625641103,70.23776223776224
H21.33.015,Lamp5,0.15020069816106812,263.42314990512335
H21.33.015,Lamp5 Lhx6,0.008807360188450531,101.20975609756097
H21.33.015,OPC,0.039812119088106626,121.25102880658436
H21.33.015,Oligodendrocyte,0.053849398528843344,1300.107403145378
H21.33.015,Pax6,0.024469401765419608,59.583333333333336
H21.33.015,Pvalb,0.06171158740251713,523.3816793893129
H21.33.015,Sncg,0.010276462420390667,201.68316831683168
H21.33.015,Sst,0.024801014191924334,537.2539534883721
H21.33.015,Sst Chodl,0.06702918559339743,8.88888888888889
H21.33.015,VLMC & Perivascular,0.16121741791205726,24.489795918367346
H21.33.015,Vip,0.007513955327254036,701.0518834399433
H21.33.017,Astrocyte,0.03957752201234246,169.9764705882353
H21.33.017,Chandelier,0.26969326601975907,42.0
H21.33.017,Immune,0.4069284634374657,436.8777142857142
H21.33.017,L2/3 IT,0.19474778277351446,965.0400405473897
H21.33.017,L4 IT,0.2417692493737922,250.60117878192534
H21.33.017,L5 IT,0.1593080925700474,233.54969574036508
H21.33.017,L5/6 NP,0.008033611490381905,32.8421052631579
H21.33.017,L6 CT,0.502456631718261,13.481481481481481
H21.33.017,L6 IT,0.458858734537856,52.17391304347826
H21.33.017,L6 IT Car3,0.03755304436992486,17.142857142857142
H21.33.017,Lamp5,0.18671649822861125,112.1181434599156
H21.33.017,Lamp5 Lhx6,0.45342936420475133,76.33986928104575
H21.33.017,OPC,0.47733011292022914,18.72972972972973
H21.33.017,Oligodendrocyte,0.17956633708971115,202.57907542579076
H21.33.017,Pax6,0.35855494860633,35.0
H21.33.017,Pvalb,0.4623241541461385,201.2871287128713
H21.33.017,Sncg,0.05274417178842761,53.333333333333336
H21.33.017,Sst,0.18239984895095163,183.49863760217985
H21.33.017,VLMC & Perivascular,0.6201198428143001,18.157894736842106
H21.33.017,Vip,0.3029482589051501,364.7675675675676
H21.33.018,Astrocyte,0.46944107776489635,333.8539493293591
H21.33.018,Chandelier,0.31591864968855776,84.41379310344828
H21.33.018,Endothelial,0.5847089737824684,10.476190476190476
H21.33.018,Immune,0.16040325765577843,367.1523178807947
H21.33.018,L2/3 IT,0.013756825316467542,1493.1883584041857
H21.33.018,L4 IT,0.030182003165071924,705.2830188679245
H21.33.018,L5 ET,0.37358173124230926,5.454545454545454
H21.33.018,L5 IT,0.031587466195353284,489.7431749241658
H21.33.018,L5/6 NP,0.06166247936068236,115.55364806866955
H21.33.018,L6 CT,0.13670380618798775,29.28813559322034
H21.33.018,L6 IT,0.20811060078662336,124.16064257028113
H21.33.018,L6 IT Car3,0.03838137125714876,126.56370656370656
H21.33.018,L6b,0.22398611941719662,32.405797101449274
H21.33.018,Lamp5,0.1678508979916716,247.5
H21.33.018,Lamp5 Lhx6,0.013498908189916645,117.58474576271188
H21.33.018,OPC,0.21225481594744175,156.09756097560975
H21.33.018,Oligodendrocyte,0.08030258211259612,535.5160142348755
H21.33.018,Pax6,0.07442252221738356,41.51162790697675
H21.33.018,Pvalb,0.06298819018903491,478.6034308779011
H21.33.018,Sncg,0.10414864509448343,108.9539748953975
H21.33.018,Sst,0.42046811263572087,165.13498622589532
H21.33.018,VLMC & Perivascular,0.15451498526444266,15.77142857142857
H21.33.018,Vip,0.10887069724297306,715.1153324287653
H21.33.019,Astrocyte,0.24285030231249022,539.30608537693
H21.33.019,Chandelier,0.20141774657282965,56.92982456140351
H21.33.019,Endothelial,0.11813422944276117,15.75
H21.33.019,Immune,0.18145444809953248,83.03571428571429
H21.33.019,L2/3 IT,0.11576731526095412,2309.117924528302
H21.33.019,L4 IT,0.07561037981884423,914.4703965236284
H21.33.019,L5 ET,0.7126779683942803,11.478260869565217
H21.33.019,L5 IT,0.12362273531797917,634.3262411347517
H21.33.019,L5/6 NP,0.09333126156937523,90.5136612021858
H21.33.019,L6 CT,0.052387479603832034,47.676767676767675
H21.33.019,L6 IT,0.13042552158698634,162.6073619631902
H21.33.019,L6 IT Car3,0.0037890663617185113,73.46938775510203
H21.33.019,L6b,0.01140033866847067,34.309859154929576
H21.33.019,Lamp5,0.19511353227157713,224.03017241379314
H21.33.019,Lamp5 Lhx6,0.31775366397238103,74.10526315789474
H21.33.019,OPC,0.05789718461245813,200.5281173594132
H21.33.019,Oligodendrocyte,0.2551724915973144,425.1428571428571
H21.33.019,Pax6,0.03916514375397651,52.320754716981135
H21.33.019,Pvalb,0.15390248162814574,496.2113659022931
H21.33.019,Sncg,0.2009778860088422,116.84873949579833
H21.33.019,Sst,0.1577722471177719,318.9717868338558
H21.33.019,Sst Chodl,0.16757441942828666,8.0
H21.33.019,VLMC & Perivascular,0.12924379675600148,21.3953488372093
H21.33.019,Vip,0.0007965410101246318,627.3349019607844
H21.33.019,Astrocyte,0.5517510964943527,558.8936905790839
H21.33.019,Chandelier,0.3972107086617135,48.888888888888886
H21.33.019,Immune,0.0898349023255068,85.71428571428571
H21.33.019,L2/3 IT,0.46495422017885213,2210.4813895781635
H21.33.019,L4 IT,0.28471503578038565,783.1542857142857
H21.33.019,L5 ET,0.9365981449234925,10.476190476190476
H21.33.019,L5 IT,0.27767450166483804,725.3476510067114
H21.33.019,L5/6 NP,0.22426313139273304,102.59360730593606
H21.33.019,L6 CT,0.35098866161195647,95.2483660130719
H21.33.019,L6 IT,0.2814791033588033,227.8632478632479
H21.33.019,L6 IT Car3,0.7166439980430391,105.88235294117646
H21.33.019,L6b,0.579427465000476,39.31111111111111
H21.33.019,Lamp5,0.23459980817652612,180.09972299168976
H21.33.019,Lamp5 Lhx6,0.3288988888426585,78.04878048780488
H21.33.019,OPC,0.6014698091771552,174.487106017192
H21.33.019,Oligodendrocyte,0.4141327241838091,420.67289719626166
H21.33.019,Pax6,0.11676087936459315,35.868421052631575
H21.33.019,Pvalb,0.34348844114530225,491.73387096774195
H21.33.019,Sncg,0.07480266905364713,90.05464480874318
H21.33.019,Sst,0.47128954462505795,342.56231884057974
H21.33.019,Sst Chodl,0.01722191958919014,9.263157894736842
H21.33.019,VLMC & Perivascular,0.5566886877185155,8.0
H21.33.019,Vip,0.2425444929391736,510.4027237354086
H21.33.019,Astrocyte,0.30890079418186245,655.8066971080669
H21.33.019,Chandelier,0.19579296208888358,50.40776699029126
H21.33.019,Immune,0.2712893504250391,96.37305699481865
H21.33.019,L2/3 IT,0.3491869049178979,2442.049438202247
H21.33.019,L4 IT,0.20910465596154137,841.4791183294665
H21.33.019,L5 ET,0.22392017652921198,10.909090909090908
H21.33.019,L5 IT,0.1540517663468589,739.3381866313699
H21.33.019,L5/6 NP,0.13093186982335783,116.27731092436974
H21.33.019,L6 CT,0.29860118200812447,68.85017421602787
H21.33.019,L6 IT,0.41190462494578967,244.69217970049917
H21.33.019,L6 IT Car3,0.7204330644047575,109.0909090909091
H21.33.019,L6b,0.5680271263320056,49.74757281553398
H21.33.019,Lamp5,0.4297133404481032,211.63310961968682
H21.33.019,Lamp5 Lhx6,0.011145224870277507,93.61702127659575
H21.33.019,OPC,0.5435726245646972,198.56650246305418
H21.33.019,Oligodendrocyte,0.1589602325864947,489.9265306122449
H21.33.019,Pax6,0.07759573561061654,38.88636363636364
H21.33.019,Pvalb,0.1895859595171564,547.4447488584475
H21.33.019,Sncg,0.12617521695519493,100.46511627906976
H21.33.019,Sst,0.3135172975072859,346.05747126436785
H21.33.019,Sst Chodl,0.18479633901747675,9.263157894736842
H21.33.019,VLMC & Perivascular,0.42744489096251403,8.214285714285714
H21.33.019,Vip,0.24334103394929818,568.8444070647603
H21.33.020,Astrocyte,0.16361602933086372,484.36251287332647
H21.33.020,Immune,0.11968763780239057,46.808510638297875
H21.33.020,L2/3 IT,0.3033468134035929,19.902439024390244
H21.33.020,L4 IT,0.11192326464529215,71.4125874125874
H21.33.020,L5 IT,1.0078128182321116,6.0
H21.33.020,OPC,0.014753287717707219,27.42857142857143
H21.33.020,VLMC & Perivascular,0.4670118957314988,21.958333333333332
H21.33.021,Astrocyte,0.2062459637477595,260.1973434535104
H21.33.021,Chandelier,0.6568244631884342,70.77464788732394
H21.33.021,Endothelial,1.274618462398212,5.454545454545454
H21.33.021,Immune,0.38443441764934044,117.1918367346939
H21.33.021,L2/3 IT,0.5925041454989,622.467469879518
H21.33.021,L4 IT,0.39574777733033906,1331.4171986481413
H21.33.021,L5 IT,0.36688880298757803,377.989417989418
H21.33.021,L5/6 NP,0.6371093573341398,134.34944237918214
H21.33.021,L6 CT,0.45568854909130213,52.38095238095239
H21.33.021,L6 IT,0.24255760225072262,20.363636363636363
H21.33.021,L6 IT Car3,0.274425328748435,21.954545454545457
H21.33.021,L6b,0.38045550004243106,71.50344827586207
H21.33.021,Lamp5,0.4589160415910329,425.93669402110197
H21.33.021,Lamp5 Lhx6,0.43332834929240954,160.9751552795031
H21.33.021,OPC,0.14716301160579412,95.83333333333333
H21.33.021,Oligodendrocyte,0.02344392471262295,111.85777777777777
H21.33.021,Pax6,0.7883434142226353,39.45679012345679
H21.33.021,Pvalb,0.46695482733102317,517.0937198067634
H21.33.021,Sncg,0.6359063721916592,134.4089219330855
H21.33.021,Sst,0.057773817269522555,162.23999999999998
H21.33.021,VLMC & Perivascular,0.24054418555771412,27.42857142857143
H21.33.021,Vip,0.5194219178012404,981.2016293279022
H21.33.022,Astrocyte,0.2309996097327087,702.742857142857
H21.33.022,Chandelier,0.5541510917162256,88.1938775510204
H21.33.022,Endothelial,0.3917751180462758,27.05454545454546
H21.33.022,Immune,0.15104863891159723,418.71284916201114
H21.33.022,L2/3 IT,0.19091513591235623,1784.8678735476897
H21.33.022,L4 IT,0.35590621608693646,1039.0157699443412
H21.33.022,L5 IT,0.28398380315683447,602.7603174603175
H21.33.022,L5/6 NP,0.2603805308542674,188.77974683544306
H21.33.022,L6 CT,0.29049569689126314,115.27572016460906
H21.33.022,L6 IT,0.32177538774811326,257.996336996337
H21.33.022,L6 IT Car3,0.175081686518648,137.94366197183098
H21.33.022,L6b,0.07032688653291522,55.51724137931035
H21.33.022,Lamp5,0.24601984339914404,294.9494290375204
H21.33.022,Lamp5 Lhx6,0.2711883013488629,201.77927927927928
H21.33.022,OPC,0.06995075210419632,370.2901155327343
H21.33.022,Oligodendrocyte,0.2216074610279437,693.8155339805826
H21.33.022,Pax6,0.7861754367786117,67.52054794520548
H21.33.022,Pvalb,0.4173754421997111,695.207810320781
H21.33.022,Sncg,0.23640944695653185,167.78885630498533
H21.33.022,Sst,0.3566406291255053,505.05303760848597
H21.33.022,VLMC & Perivascular,0.00602378762776995,36.15584415584416
H21.33.022,Vip,0.39622452924705676,771.1195516811955
H21.33.023,Astrocyte,0.11297399888322117,371.8647214854111
H21.33.023,Chandelier,0.13735891441378523,36.71052631578947
H21.33.023,Endothelial,0.5684570717323362,10.285714285714286
H21.33.023,Immune,0.05781435219459776,192.5581395348837
H21.33.023,L2/3 IT,0.03918410101954981,2669.54491241148
H21.33.023,L4 IT,0.10924681044915382,749.9603698811097
H21.33.023,L5 ET,0.2105952298158355,14.73333333333333
H21.33.023,L5 IT,0.007429121392896318,629.8187549251379
H21.33.023,L5/6 NP,0.16404274499980015,89.28176795580112
H21.33.023,L6 CT,0.13286476890546667,51.79245283018868
H21.33.023,L6 IT,0.08771804310363912,161.61963190184048
H21.33.023,L6 IT Car3,0.1562820108406543,92.12903225806451
H21.33.023,L6b,0.25634040356195636,42.80459770114943
H21.33.023,Lamp5,0.02174227979250358,231.71612903225804
H21.33.023,Lamp5 Lhx6,0.29562048037242916,83.72093023255813
H21.33.023,OPC,0.23947203345462723,266.2773722627737
H21.33.023,Oligodendrocyte,0.013104758037411485,546.1151736745887
H21.33.023,Pax6,0.4171661268918867,50.07692307692308
H21.33.023,Pvalb,0.15160858898354743,461.1050920910076
H21.33.023,Sncg,0.21033916875400255,125.87301587301586
H21.33.023,Sst,0.11284072015877729,159.6646706586826
H21.33.023,VLMC & Perivascular,0.14886914958228017,16.0
H21.33.023,Vip,0.04933410238116725,591.0505902192243
H21.33.025,Astrocyte,0.07949147983322577,406.7027027027027
H21.33.025,Chandelier,0.20812221007687795,53.49532710280375
H21.33.025,Endothelial,0.12542342677017224,15.9375
H21.33.025,Immune,0.010463835832321126,445.9910313901345
H21.33.025,L2/3 IT,0.08317762251923033,1071.4460966542752
H21.33.025,L4 IT,0.06443431238632796,782.6105799872531
H21.33.025,L5 ET,0.013026021321737588,10.476190476190476
H21.33.025,L5 IT,0.04727165385788692,613.7839155158408
H21.33.025,L5/6 NP,0.05711148371155907,148.87333333333333
H21.33.025,L6 CT,0.2764158156738131,80.20987654320987
H21.33.025,L6 IT,0.01694957550695272,174.8717948717949
H21.33.025,L6 IT Car3,0.22115544358735237,105.6525821596244
H21.33.025,L6b,0.3123809163735967,47.3469387755102
H21.33.025,Lamp5,0.2934872916964028,192.95336787564767
H21.33.025,Lamp5 Lhx6,0.34520026208433024,96.91370558375635
H21.33.025,OPC,0.18530487337488175,214.30303030303025
H21.33.025,Oligodendrocyte,0.005430613356877003,387.2076923076923
H21.33.025,Pax6,0.004636526987285876,49.359223300970875
H21.33.025,Pvalb,0.009669279424234206,436.67048054919917
H21.33.025,Sncg,0.003520847743740707,92.98924731182795
H21.33.025,Sst,0.09505784503132308,225.23788546255506
H21.33.025,VLMC & Perivascular,0.22037789020868537,28.689655172413794
H21.33.025,Vip,0.04379789046172117,646.1095679012346
H21.33.026,Astrocyte,0.041876786627985656,190.86910994764395
H21.33.026,Chandelier,0.3835743784675809,43.35632183908046
H21.33.026,Endothelial,0.12865278042755185,10.181818181818182
H21.33.026,Immune,0.22852720750854946,147.0
H21.33.026,L2/3 IT,0.04530773561491146,1248.8198558847077
H21.33.026,L4 IT,0.1080590052734482,807.8502475247526
H21.33.026,L5 IT,0.004756569469381729,474.8968421052631
H21.33.026,L5/6 NP,0.059698981741104155,161.1111111111111
H21.33.026,L6 CT,0.3737192787260977,69.77142857142857
H21.33.026,L6 IT,0.08509747473130262,89.47486033519553
H21.33.026,L6 IT Car3,0.03622930269239195,85.95348837209302
H21.33.026,L6b,0.2147567523746079,25.96363636363636
H21.33.026,Lamp5,0.11234046462286834,146.48464163822524
H21.33.026,Lamp5 Lhx6,0.02148793077934405,113.48017621145374
H21.33.026,OPC,0.5367399565023178,63.496062992125985
H21.33.026,Oligodendrocyte,0.09521300165568988,443.8024691358025
H21.33.026,Pax6,0.46912131603090523,25.96153846153846
H21.33.026,Pvalb,0.10180400095500321,450.8217054263566
H21.33.026,Sncg,0.06983718757115227,67.47058823529412
H21.33.026,Sst,0.1487820865262859,203.9558823529412
H21.33.026,Sst Chodl,0.5190499156197119,5.0
H21.33.026,VLMC & Perivascular,0.16065029076571338,19.8
H21.33.026,Vip,0.1352304929490049,378.38837516512547
H21.33.027,Astrocyte,0.0521754650128623,460.17967914438503
H21.33.027,Chandelier,0.28974916307088155,38.97435897435897
H21.33.027,Endothelial,0.31228986378951157,22.400000000000002
H21.33.027,Immune,0.1916702645864776,378.934036939314
H21.33.027,L2/3 IT,0.16194158889717647,3048.431031654912
H21.33.027,L4 IT,0.12901954863461598,724.5020689655171
H21.33.027,L5 ET,0.04399132919209369,8.571428571428571
H21.33.027,L5 IT,0.25151727497277077,404.9111111111111
H21.33.027,L5/6 NP,0.03778236003474681,54.19819819819819
H21.33.027,L6 CT,0.8360160984054729,9.263157894736842
H21.33.027,L6 IT,0.16877220539782065,53.45794392523364
H21.33.027,L6 IT Car3,0.15375575137276654,55.357142857142854
H21.33.027,L6b,0.06246780686629839,9.600000000000001
H21.33.027,Lamp5,0.1960392429919714,193.82005141388174
H21.33.027,Lamp5 Lhx6,0.09605040082363167,82.98795180722891
H21.33.027,OPC,0.05664199743528821,386.3070967741935
H21.33.027,Oligodendrocyte,0.12144908852822939,366.93188010899183
H21.33.027,Pax6,0.08839339425242834,52.9811320754717
H21.33.027,Pvalb,0.2323878248683244,452.5733186328556
H21.33.027,Sncg,0.0996991887999718,74.52
H21.33.027,Sst,0.11188535506025198,103.99038461538461
H21.33.027,VLMC & Perivascular,0.21853728162364564,42.80459770114943
H21.33.027,Vip,0.11762827395045868,369.9972972972973
H21.33.027,Astrocyte,0.5810780543507008,601.4550161812298
H21.33.027,Chandelier,0.2704927496176504,47.99999999999999
H21.33.027,Endothelial,0.221614478453813,26.250000000000004
H21.33.027,Immune,0.45815345914725364,318.9325153374233
H21.33.027,L2/3 IT,0.06947551748612502,3611.3263944488926
H21.33.027,L4 IT,0.005825591719479856,835.7734104046243
H21.33.027,L5 ET,0.8600037657351389,13.333333333333334
H21.33.027,L5 IT,0.05525494786808413,463.89506820566635
H21.33.027,L5/6 NP,0.014947698100817221,60.530303030303024
H21.33.027,L6 CT,0.3323613139146976,10.666666666666666
H21.33.027,L6 IT,0.016689843455220524,62.717557251908396
H21.33.027,L6 IT Car3,0.44194122194077723,74.07792207792208
H21.33.027,L6b,0.6604200296383161,13.333333333333334
H21.33.027,Lamp5,0.23547647164403374,217.81858407079645
H21.33.027,Lamp5 Lhx6,0.0894926848014691,88.71910112359551
H21.33.027,OPC,0.8002077453401124,591.9445945945946
H21.33.027,Oligodendrocyte,0.5495298169082863,398.42484472049694
H21.33.027,Pax6,0.09250024061718934,65.11764705882354
H21.33.027,Pvalb,0.08101238403851806,501.58989310009724
H21.33.027,Sncg,0.2623478440945254,98.60869565217392
H21.33.027,Sst,0.11593472459525012,123.8671875
H21.33.027,Sst Chodl,0.22290526255215684,7.764705882352941
H21.33.027,VLMC & Perivascular,0.2526381155614926,64.41958041958043
H21.33.027,Vip,0.009083682443283838,435.44988864142533
H21.33.027,Astrocyte,0.6332535193635631,719.0565583634176
H21.33.027,Chandelier,0.019256413453231265,46.530612244897966
H21.33.027,Endothelial,0.5339043422433246,28.47457627118644
H21.33.027,Immune,0.6498237237337313,322.51359516616316
H21.33.027,L2/3 IT,0.09246607141105151,3631.79050910541
H21.33.027,L4 IT,0.13484514035409592,861.8280542986425
H21.33.027,L5 ET,0.8160124365430454,8.0
H21.33.027,L5 IT,0.3067722228408549,471.9046632124352
H21.33.027,L5/6 NP,0.02283466193392962,73.02013422818791
H21.33.027,L6 CT,0.5036547844907752,13.037037037037036
H21.33.027,L6 IT,0.18546204885304102,64.85074626865672
H21.33.027,L6 IT Car3,0.5956969733135437,64.78873239436619
H21.33.027,L6b,0.5979522227720178,10.434782608695652
H21.33.027,Lamp5,0.039437228652062305,233.3221052631579
H21.33.027,Lamp5 Lhx6,0.006557716022162347,87.5909090909091
H21.33.027,OPC,0.8568497427754007,545.5615866388309
H21.33.027,Oligodendrocyte,0.6709789054365157,404.40736196319017
H21.33.027,Pax6,0.004106846364760873,63.64179104477612
H21.33.027,Pvalb,0.15137544082980614,528.0448598130841
H21.33.027,Sncg,0.1626486552945536,89.16923076923077
H21.33.027,Sst,0.2278200796555021,122.46456692913387
H21.33.027,VLMC & Perivascular,0.4711753971851383,54.121212121212125
H21.33.027,Vip,0.10854459150717473,434.0691964285714
H21.33.028,Astrocyte,0.06612358243637524,895.2964824120603
H21.33.028,Chandelier,0.3250953739660453,55.92857142857143
H21.33.028,Endothelial,0.5302202410607373,10.636363636363637
H21.33.028,Immune,0.12762089726131293,374.01335113484646
H21.33.028,L2/3 IT,0.0001324363190804097,1710.8045574057844
H21.33.028,L4 IT,0.1001741126697785,644.9751937984496
H21.33.028,L5 IT,0.16215679082326517,449.09454949944376
H21.33.028,L5/6 NP,0.16398511596143886,81.40243902439023
H21.33.028,L6 CT,0.24486185453856357,22.82608695652174
H21.33.028,L6 IT,0.10728478112975279,99.94029850746269
H21.33.028,L6 IT Car3,0.006073823218655783,70.94366197183098
H21.33.028,L6b,0.05617445747855528,14.933333333333334
H21.33.028,Lamp5,0.0888140755165695,125.6284584980237
H21.33.028,Lamp5 Lhx6,0.5333202576773901,83.70238095238096
H21.33.028,OPC,0.09709735055961667,277.47747747747746
H21.33.028,Oligodendrocyte,0.2627655937887178,50.9126213592233
H21.33.028,Pax6,0.6552008875116747,56.46017699115045
H21.33.028,Pvalb,0.049111630771073764,387.069587628866
H21.33.028,Sncg,0.16304731940070596,77.98717948717947
H21.33.028,Sst,0.02503688828315616,160.9751552795031
H21.33.028,VLMC & Perivascular,0.3837585715892472,27.964285714285715
H21.33.028,Vip,0.11964578462655945,567.8873239436621
H21.33.029,Astrocyte,0.1610595688712252,226.47240618101546
H21.33.029,Chandelier,0.21945249461549843,23.404255319148938
H21.33.029,Endothelial,0.39609731141967547,9.263157894736842
H21.33.029,Immune,0.36274445480534584,91.82608695652173
H21.33.029,L2/3 IT,0.0741815345131044,918.5647442872688
H21.33.029,L4 IT,0.04471643362156164,453.5044052863437
H21.33.029,L5 ET,0.24345859592029637,16.058823529411764
H21.33.029,L5 IT,0.04088587717105058,562.2648888888889
H21.33.029,L5/6 NP,0.1712907040938222,98.19289340101523
H21.33.029,L6 CT,0.15843376945545662,104.96190476190478
H21.33.029,L6 IT,0.11970149419792696,269.4768089053803
H21.33.029,L6 IT Car3,0.05224781975006862,95.05759162303666
H21.33.029,L6b,0.03959791149939104,134.73992673992674
H21.33.029,Lamp5,0.06142321411270077,90.0
H21.33.029,Lamp5 Lhx6,0.26430162053206313,55.1864406779661
H21.33.029,OPC,0.07622990941835227,120.49792531120333
H21.33.029,Oligodendrocyte,0.039335491276168845,337.33431952662716
H21.33.029,Pax6,0.05223242801486544,20.558139534883722
H21.33.029,Pvalb,0.007439198222568515,333.46326836581704
H21.33.029,Sncg,1.2193053170385013,8.23529411764706
H21.33.029,Sst,0.2215521687614164,64.0
H21.33.029,VLMC & Perivascular,0.29878461940055195,16.941176470588236
H21.33.029,Vip,0.07418792040333233,115.29411764705883
H21.33.030,Astrocyte,0.19432586278380873,32.54040404040404
H21.33.030,Chandelier,0.8833112204636041,42.4421052631579
H21.33.030,Endothelial,0.8880568546552363,8.0
H21.33.030,Immune,0.8620972800546878,77.26829268292683
H21.33.030,L2/3 IT,0.9679941505743177,1186.748920419494
H21.33.030,L4 IT,0.9997942555123647,425.24595219737853
H21.33.030,L5 ET,1.8291353909096517,10.181818181818182
H21.33.030,L5 IT,1.0116590173852997,250.57627118644066
H21.33.030,L5/6 NP,0.9890423414955911,47.5
H21.33.030,L6 CT,1.0770150003478531,33.810526315789474
H21.33.030,L6 IT,1.1265312845621134,66.57798165137615
H21.33.030,L6 IT Car3,0.8799878802682277,37.86153846153846
H21.33.030,L6b,1.2012131431387933,13.793103448275863
H21.33.030,Lamp5,1.223985626627832,105.6
H21.33.030,Lamp5 Lhx6,0.8058489040285464,38.93805309734513
H21.33.030,OPC,0.2774661486939262,30.475609756097565
H21.33.030,Oligodendrocyte,0.5786411819244378,123.87240356083086
H21.33.030,Pax6,0.9765196230643804,10.8
H21.33.030,Pvalb,0.9932739576290897,272.0250941028858
H21.33.030,Sncg,0.9072736657284289,49.27152317880795
H21.33.030,Sst,0.4998994605601089,219.67944250871082
H21.33.030,Vip,0.9771702487673951,343.44314558979806
H21.33.031,Astrocyte,0.3421632971412977,217.95871559633025
H21.33.031,Chandelier,0.26817691200565924,72.19736842105263
H21.33.031,Endothelial,0.16092100464711848,7.5
H21.33.031,Immune,0.22140831826903357,201.29032258064518
H21.33.031,L2/3 IT,0.24344103946582205,2159.600185099491
H21.33.031,L4 IT,0.4262388390475167,699.3967119370978
H21.33.031,L5 ET,0.2715077020465298,10.909090909090908
H21.33.031,L5 IT,0.2186243138884108,595.998322147651
H21.33.031,L5/6 NP,0.1136759137282598,92.82795698924733
H21.33.031,L6 CT,0.2915038809317584,68.28985507246377
H21.33.031,L6 IT,0.4697505298720547,136.35164835164835
H21.33.031,L6 IT Car3,0.035447042393292875,95.34358974358975
H21.33.031,L6b,0.47256188311964936,35.32394366197183
H21.33.031,Lamp5,0.24242587171766242,336.3451327433628
H21.33.031,Lamp5 Lhx6,0.48283808016931806,170.4633431085044
H21.33.031,OPC,0.27736892435452837,158.69182389937106
H21.33.031,Oligodendrocyte,0.16289234349459833,339.03818953323906
H21.33.031,Pax6,0.35683416597302103,54.12844036697248
H21.33.031,Pvalb,0.31947434161710786,648.9984591679507
H21.33.031,Sncg,0.48040728386299575,148.49831649831648
H21.33.031,Sst,0.05029482262861437,336.0385756676558
H21.33.031,VLMC & Perivascular,0.051833903998170235,19.200000000000003
H21.33.031,Vip,0.30605670224448034,714.1899441340781
H21.33.032,Astrocyte,0.3231189286659846,137.0
H21.33.032,Chandelier,0.11651859525823738,69.48571428571428
H21.33.032,Endothelial,0.8836044574370322,7.199999999999999
H21.33.032,Immune,0.3730805783088679,159.77499999999998
H21.33.032,L2/3 IT,0.1946022006262641,2314.3982795698926
H21.33.032,L4 IT,0.14995159160733892,679.7688368690564
H21.33.032,L5 ET,0.15800075401584576,13.928571428571429
H21.33.032,L5 IT,0.20682273100629142,613.1384364820847
H21.33.032,L5/6 NP,0.045059722618651515,75.67105263157895
H21.33.032,L6 CT,0.27966519568282994,74.46979865771813
H21.33.032,L6 IT,0.12427027845663938,182.77929155313353
H21.33.032,L6 IT Car3,0.09884079230594234,122.60162601626016
H21.33.032,L6b,0.029498560312875486,49.50000000000001
H21.33.032,Lamp5,0.24546552383344716,244.08163265306123
H21.33.032,Lamp5 Lhx6,0.35536053838173676,99.40298507462687
H21.33.032,OPC,0.07024951695786641,222.25514403292183
H21.33.032,Oligodendrocyte,0.21782952601258204,841.6023738872404
H21.33.032,Pax6,0.2910660234617828,66.94029850746269
H21.33.032,Pvalb,0.2620926013934649,501.42430278884467
H21.33.032,Sncg,0.4538416619174252,180.46537396121886
H21.33.032,Sst,0.14358431376177117,422.6918536009445
H21.33.032,VLMC & Perivascular,0.5392386597868952,19.950000000000003
H21.33.032,Vip,0.17500004797729496,574.6505190311419
H21.33.033,Astrocyte,0.08648511878465773,386.4217335058215
H21.33.033,Chandelier,0.6296303169563788,24.96
H21.33.033,Endothelial,0.2329274723144254,9.473684210526315
H21.33.033,Immune,0.15061187343281532,290.5349233390119
H21.33.033,L2/3 IT,0.06959391904266736,297.0
H21.33.033,L4 IT,0.04398401936025359,309.41252006420547
H21.33.033,L5 ET,0.7446639775233783,8.0
H21.33.033,L5 IT,0.026518116859274302,196.93069306930693
H21.33.033,L5/6 NP,0.026388860913325853,43.44827586206896
H21.33.033,L6 CT,0.010205450410648334,33.97142857142857
H21.33.033,L6 IT,0.15984621476607902,156.22641509433961
H21.33.033,L6 IT Car3,0.21342192428733026,96.47668393782384
H21.33.033,L6b,0.029684779332606357,63.30708661417323
H21.33.033,Lamp5,0.11205631778950845,41.52808988764045
H21.33.033,Lamp5 Lhx6,0.0749016530124669,60.18897637795276
H21.33.033,OPC,0.1661693840019079,121.33333333333333
H21.33.033,Oligodendrocyte,0.15871349037876584,92.30526315789474
H21.33.033,Pax6,0.32476230342528656,33.492537313432834
H21.33.033,Pvalb,0.013991320716321752,148.93959731543626
H21.33.033,Sncg,0.17578280420166367,27.59322033898305
H21.33.033,Sst,0.13741037152773045,81.62424242424241
H21.33.033,VLMC & Perivascular,0.19480546730845527,23.958333333333332
H21.33.033,Vip,0.11558521223657489,187.98429319371726
H21.33.034,Astrocyte,0.16809574639297614,493.49544072948333
H21.33.034,Endothelial,0.4660851048692364,25.358490566037737
H21.33.034,Immune,0.2878388819717549,106.30985915492958
H21.33.034,L2/3 IT,0.4141786868195597,212.34498834498834
H21.33.034,L4 IT,0.005237766713155844,83.01176470588237
H21.33.034,L5 IT,0.24795545992224213,91.49726775956283
H21.33.034,L5/6 NP,0.1273558424881177,6.666666666666666
H21.33.034,L6 IT,0.3948526466044887,22.304347826086957
H21.33.034,L6 IT Car3,0.05252946862499058,23.404255319148938
H21.33.034,Lamp5,0.2945038339713551,26.40740740740741
H21.33.034,OPC,0.007379530365597499,94.43386243386244
H21.33.034,Oligodendrocyte,0.516616600663422,8.842105263157896
H21.33.034,Pvalb,0.03215866777437418,35.436619718309856
H21.33.034,Sncg,0.16468563626170407,5.833333333333333
H21.33.034,Sst,0.14584504518956148,10.636363636363637
H21.33.034,Vip,0.04494347988133018,57.14782608695653
H21.33.035,Astrocyte,0.046730346907173356,604.4644628099174
H21.33.035,Chandelier,0.16054877451448113,59.39495798319328
H21.33.035,Endothelial,0.06926986207102206,16.0
H21.33.035,Immune,0.02547119336983073,203.29411764705884
H21.33.035,L2/3 IT,0.11775717557705706,1735.2943548387095
H21.33.035,L4 IT,0.17713239812322312,931.9571045576406
H21.33.035,L5 ET,0.16165839340278104,14.068965517241379
H21.33.035,L5 IT,0.12076431947949813,713.3987386124737
H21.33.035,L5/6 NP,0.047325611413155076,101.51960784313727
H21.33.035,L6 CT,0.21883695127664837,60.396694214876035
H21.33.035,L6 IT,0.012712183093617569,143.0
H21.33.035,L6 IT Car3,0.07038644872319871,89.27374301675977
H21.33.035,L6b,0.07510239307115583,45.97826086956522
H21.33.035,Lamp5,0.2360751847393652,217.97260273972603
H21.33.035,Lamp5 Lhx6,0.3695625842070667,67.05882352941177
H21.33.035,OPC,0.038867792608996664,215.4398148148148
H21.33.035,Oligodendrocyte,0.07400058144377678,273.985401459854
H21.33.035,Pax6,0.8294371741338017,26.440677966101692
H21.33.035,Pvalb,0.18814148055534152,392.63024142312577
H21.33.035,Sncg,0.11492949267989158,77.53846153846155
H21.33.035,Sst,0.23077891723419613,231.72707889125797
H21.33.035,VLMC & Perivascular,0.16755486321935092,31.876923076923077
H21.33.035,Vip,0.12781494134315194,479.9979166666667
H21.33.036,Astrocyte,0.009290765974033029,40.342245989304814
H21.33.036,Chandelier,0.9857339997786893,55.18333333333333
H21.33.036,Immune,0.553360921532107,119.49367088607595
H21.33.036,L2/3 IT,0.844386271160503,1199.4281546316558
H21.33.036,L4 IT,0.9408007170178324,430.636186770428
H21.33.036,L5 IT,0.4117718987620713,468.24883936861653
H21.33.036,L5/6 NP,0.7164884722930294,100.69090909090909
H21.33.036,L6 CT,0.9665120376791243,42.36521739130435
H21.33.036,L6 IT,0.9254851954563377,88.57142857142858
H21.33.036,L6 IT Car3,1.06250311780243,77.91304347826087
H21.33.036,L6b,0.7615844593662844,35.36842105263158
H21.33.036,Lamp5,0.6338545662884476,159.91256830601094
H21.33.036,Lamp5 Lhx6,0.5325416403850091,90.11538461538461
H21.33.036,OPC,0.09394849421499556,14.950819672131148
H21.33.036,Oligodendrocyte,0.6997533197263257,774.3401519579194
H21.33.036,Pax6,0.40439321713937915,20.603773584905664
H21.33.036,Pvalb,0.47425389939933643,337.68854568854573
H21.33.036,Sncg,0.6204561534047309,79.47428571428571
H21.33.036,Sst,0.216057855546333,202.78758949880668
H21.33.036,VLMC & Perivascular,0.673620120541553,8.727272727272728
H21.33.036,Vip,0.6882597754791046,426.35999999999996
H21.33.037,Astrocyte,1.2694793977974512,28.783783783783786
H21.33.037,Chandelier,0.7024647208015197,23.571428571428573
H21.33.037,Immune,0.15175053083230847,76.38376383763837
H21.33.037,L2/3 IT,0.6812429134500458,1292.3168994015389
H21.33.037,L4 IT,0.73725759691942,245.55555555555554
H21.33.037,L5 IT,0.6075978370768103,152.07466666666667
H21.33.037,L5/6 NP,0.2213642815981733,20.366666666666664
H21.33.037,L6 CT,1.2177530121280928,10.0
H21.33.037,L6 IT,0.8735237476379213,47.970802919708035
H21.33.037,L6 IT Car3,1.1654085986567158,23.91891891891892
H21.33.037,Lamp5,0.5343726321039395,114.50871080139372
H21.33.037,Lamp5 Lhx6,0.8728760737501763,21.96923076923077
H21.33.037,OPC,1.1263311810697034,18.974358974358974
H21.33.037,Oligodendrocyte,0.4050677562660723,239.33997785160577
H21.33.037,Pax6,0.6377886671226106,12.878048780487806
H21.33.037,Pvalb,0.5772991711074835,197.0070671378092
H21.33.037,Sncg,0.46941381608988064,78.24489795918367
H21.33.037,Sst,0.2791169437393089,166.0392156862745
H21.33.037,VLMC & Perivascular,0.23869023018836136,19.55
H21.33.037,Vip,0.6315611626779651,283.3544303797468
H21.33.039,Astrocyte,0.035746320136681435,281.49200710479573
H21.33.039,Chandelier,0.5016940760647655,21.209302325581397
H21.33.039,Immune,0.2943848155395139,99.99
H21.33.039,L2/3 IT,0.08267347482435415,719.7277777777778
H21.33.039,L4 IT,0.046574786076324606,713.9873949579833
H21.33.039,L5 IT,0.13742061262431868,430.6666666666667
H21.33.039,L5/6 NP,0.3215462106373126,92.95698924731182
H21.33.039,L6 CT,0.054121378673072,27.5
H21.33.039,L6 IT,0.09454232866876244,132.9699248120301
H21.33.039,L6 IT Car3,0.4014746676719727,66.49624060150376
H21.33.039,L6b,0.5084147762128712,30.46875
H21.33.039,Lamp5,0.0656846866893613,119.925
H21.33.039,Lamp5 Lhx6,0.10083610149143575,78.37974683544304
H21.33.039,OPC,0.014341701943199323,26.962962962962962
H21.33.039,Oligodendrocyte,0.0839453219452005,378.2087186261559
H21.33.039,Pax6,0.011659017385299751,23.489361702127663
H21.33.039,Pvalb,0.030218129084039747,199.395
H21.33.039,Sncg,0.003455558636219116,36.0
H21.33.039,Sst,0.04684078395645059,106.06542056074765
H21.33.039,VLMC & Perivascular,0.2253666573563575,8.88888888888889
H21.33.039,Vip,0.2711142019794756,319.8753894080997
H21.33.040,Astrocyte,0.23864345456578737,677.9867256637168
H21.33.040,Chandelier,0.1404314255071547,37.97402597402598
H21.33.040,Endothelial,0.056558877657856985,15.483870967741938
H21.33.040,Immune,0.3207883752434493,189.467018469657
H21.33.040,L2/3 IT,0.097765219769622,1448.3341387642388
H21.33.040,L4 IT,0.20985935707775943,1047.4997613365156
H21.33.040,L5 ET,0.16063952331822606,17.405405405405407
H21.33.040,L5 IT,0.18762104823304915,762.6596858638743
H21.33.040,L5/6 NP,0.1840563317095358,193.979381443299
H21.33.040,L6 CT,0.28741165893797616,118.39330543933056
H21.33.040,L6 IT,0.3788976286181433,332.9519519519519
H21.33.040,L6 IT Car3,0.059595263639192854,213.40515222482435
H21.33.040,L6b,0.19450882486848425,59.49579831932773
H21.33.040,Lamp5,0.09676334059769666,154.21935483870968
H21.33.040,Lamp5 Lhx6,0.09333651847828281,158.84276729559747
H21.33.040,OPC,0.09820075581196494,151.57894736842104
H21.33.040,Oligodendrocyte,0.07465719757020908,587.8167938931298
H21.33.040,Pax6,0.4655238369444689,43.03448275862069
H21.33.040,Pvalb,0.18644561399252646,546.4995425434585
H21.33.040,Sncg,0.41649564609509926,61.824
H21.33.040,Sst,0.019458941407925943,265.9398496240602
H21.33.040,Sst Chodl,0.754597353683633,9.9
H21.33.040,VLMC & Perivascular,0.29054337185904605,23.404255319148938
H21.33.040,Vip,0.16725524363451083,402.27577639751553
H21.33.041,Astrocyte,0.308029260612039,344.44121915820034
H21.33.041,Chandelier,0.5524922297577538,33.43283582089553
H21.33.041,Endothelial,0.44775373538288893,6.666666666666666
H21.33.041,Immune,0.1840189371988114,222.0044943820225
H21.33.041,L2/3 IT,0.19227115733720507,1627.3168044077136
H21.33.041,L4 IT,0.054161825036154285,858.5549738219896
H21.33.041,L5 ET,0.4286183537103715,16.12121212121212
H21.33.041,L5 IT,0.17773194343661444,784.5685279187817
H21.33.041,L5/6 NP,0.27675204466826736,147.29491525423728
H21.33.041,L6 CT,0.040574537849377514,76.67532467532467
H21.33.041,L6 IT,0.40481105590085226,275.29582577132487
H21.33.041,L6 IT Car3,0.42659453070124337,142.63888888888889
H21.33.041,L6b,0.009616321576718894,61.170731707317074
H21.33.041,Lamp5,0.10688991130035681,160.37888198757764
H21.33.041,Lamp5 Lhx6,0.3376455123876988,91.90217391304348
H21.33.041,OPC,0.22809955766978268,222.780269058296
H21.33.041,Oligodendrocyte,0.15662640887349188,667.781388478582
H21.33.041,Pax6,0.08288106248797546,20.571428571428573
H21.33.041,Pvalb,0.2365237833977257,467.82146652497346
H21.33.041,Sncg,0.5324398688285567,39.975
H21.33.041,Sst,0.06670492066688755,180.8011049723757
H21.33.041,VLMC & Perivascular,0.10246338333709107,16.363636363636363
H21.33.041,Vip,0.07322233881046955,411.8280871670702
H21.33.042,Astrocyte,0.15980684941040174,352.04513399153734
H21.33.042,Chandelier,0.454388933751109,36.89189189189189
H21.33.042,Immune,0.1930307889948918,220.0
H21.33.042,L2/3 IT,0.1963147000040934,1730.9976891969961
H21.33.042,L4 IT,0.24676061155618587,806.7566563467492
H21.33.042,L5 ET,0.23843173640658247,18.16216216216216
H21.33.042,L5 IT,0.16943503273054458,684.4967129291454
H21.33.042,L5/6 NP,0.1350472278056685,122.79674796747969
H21.33.042,L6 CT,0.0338049745504873,160.48598130841123
H21.33.042,L6 IT,0.08747646672747415,208.69377990430624
H21.33.042,L6 IT Car3,0.31963700913580295,122.23481781376519
H21.33.042,L6b,0.09081356265973889,77.94871794871794
H21.33.042,Lamp5,0.37980720784586347,146.89115646258503
H21.33.042,Lamp5 Lhx6,0.21024275042437643,122.49795918367346
H21.33.042,OPC,0.08789826582482681,210.29928741092635
H21.33.042,Oligodendrocyte,0.18997094364407058,898.3250138657793
H21.33.042,Pax6,0.15858494754848884,26.415094339622645
H21.33.042,Pvalb,0.27588926238005307,468.77103301384454
H21.33.042,Sncg,0.10709492097722063,62.60317460317461
H21.33.042,Sst,0.12719373571113834,129.26640926640925
H21.33.042,VLMC & Perivascular,0.8538991728370968,13.481481481481481
H21.33.042,Vip,0.186815810341317,333.95515695067263
H21.33.043,Astrocyte,0.1878536585900962,301.2006633499171
H21.33.043,Chandelier,0.39246111585267573,71.31944444444444
H21.33.043,Endothelial,0.22853155843385453,15.483870967741938
H21.33.043,Immune,0.10020149481264946,481.9253112033195
H21.33.043,L2/3 IT,0.13778417130070436,1787.4987412587411
H21.33.043,L4 IT,0.07292475288865358,675.75
H21.33.043,L5 ET,0.03243792604792415,7.466666666666667
H21.33.043,L5 IT,0.02563251160200467,550.3448275862069
H21.33.043,L5/6 NP,0.05161290730253195,64.24615384615385
H21.33.043,L6 CT,0.11913311088570826,71.72413793103448
H21.33.043,L6 IT,0.3981647668256157,180.18836565096953
H21.33.043,L6 IT Car3,0.13003256913420458,84.2603550295858
H21.33.043,L6b,0.13003483944877722,39.80487804878049
H21.33.043,Lamp5,0.004468226268307576,258.4526112185687
H21.33.043,Lamp5 Lhx6,0.3812669634940151,110.49773755656108
H21.33.043,OPC,0.0059833742010172095,226.98237885462552
H21.33.043,Oligodendrocyte,0.13673270055241868,385.21400778210113
H21.33.043,Pax6,0.3463855487498455,58.15384615384616
H21.33.043,Pvalb,0.19205260888850792,546.3677950594694
H21.33.043,Sncg,0.18458372662662748,167.31940298507462
H21.33.043,Sst,0.10648252087908192,305.359477124183
H21.33.043,Sst Chodl,0.14314481126799952,6.461538461538462
H21.33.043,VLMC & Perivascular,0.4251605799166246,19.51219512195122
H21.33.043,Vip,0.15334211724670818,782.0140575079872
H21.33.044,Astrocyte,0.17787207049142217,210.4418052256532
H21.33.044,Chandelier,0.1462784228880439,15.529411764705882
H21.33.044,Endothelial,0.6168594573967072,8.0
H21.33.044,Immune,0.17454487469748492,197.87373737373736
H21.33.044,L2/3 IT,0.002173323060045369,454.66520307354557
H21.33.044,L4 IT,0.03242673944050364,457.9454148471616
H21.33.044,L5 IT,0.11470897172913062,207.62589928057554
H21.33.044,L5/6 NP,0.4474331899239364,13.333333333333332
H21.33.044,L6 CT,0.13223757333163486,41.01204819277108
H21.33.044,L6 IT,0.008394244848859717,82.80722891566266
H21.33.044,L6 IT Car3,0.14832719403947767,51.92380952380953
H21.33.044,L6b,0.1505606218985583,46.97872340425533
H21.33.044,Lamp5,0.056545548214968336,30.098360655737704
H21.33.044,Lamp5 Lhx6,0.23271661674462776,42.023529411764706
H21.33.044,OPC,0.18578324475091987,181.05945945945948
H21.33.044,Oligodendrocyte,0.0672448648939549,23.84313725490196
H21.33.044,Pax6,0.5567468640819694,35.88888888888889
H21.33.044,Pvalb,0.008409213051381854,126.07058823529412
H21.33.044,Sncg,0.07777002889609484,68.89208633093526
H21.33.044,Sst,0.02875090297764661,71.34246575342466
H21.33.044,VLMC & Perivascular,0.3190504281123785,9.600000000000001
H21.33.044,Vip,0.024505622134263452,194.2075949367089
H21.33.045,Astrocyte,0.3401896482713992,332.48955223880597
H21.33.045,Chandelier,0.24342703637429333,17.0
H21.33.045,Endothelial,0.9575741723228092,11.478260869565217
H21.33.045,Immune,0.12178976654862214,157.04126984126984
H21.33.045,L2/3 IT,0.30184434723469883,330.24
H21.33.045,L4 IT,0.1125010115597288,557.1843971631206
H21.33.045,L5 IT,0.16969109284874978,350.73446327683615
H21.33.045,L5/6 NP,0.7089060899804652,21.434782608695652
H21.33.045,L6 CT,0.14672682602059914,9.0
H21.33.045,L6 IT,0.052543196388751275,27.79746835443038
H21.33.045,L6 IT Car3,0.6537938867306773,16.5
H21.33.045,L6b,0.32293629958833325,11.0
H21.33.045,Lamp5,0.5592420556182104,203.458432304038
H21.33.045,Lamp5 Lhx6,0.7575214958075901,16.0
H21.33.045,OPC,0.13457067195264924,25.333333333333336
H21.33.045,Oligodendrocyte,0.09892303679904711,40.18604651162791
H21.33.045,Pax6,0.23754446304395804,43.82022471910113
H21.33.045,Pvalb,0.16574686101217292,132.7709090909091
H21.33.045,Sncg,0.30948874274700827,104.24644549763033
H21.33.045,Sst,0.11321784900479481,76.16883116883116
H21.33.045,VLMC & Perivascular,0.31588699676390575,48.24742268041236
H21.33.045,Vip,0.20637423824507106,221.90748898678413
H21.33.047,Astrocyte,0.22027241213839338,144.4567474048443
H21.33.047,Chandelier,0.541885000081368,77.83647798742139
H21.33.047,Endothelial,0.2039333238996161,9.904761904761905
H21.33.047,Immune,0.11112966734188745,189.10994764397904
H21.33.047,L2/3 IT,0.10082594230017994,1631.3152273420812
H21.33.047,L4 IT,0.02286039973229656,631.371653543307
H21.33.047,L5 IT,0.018136343360449333,440.88335220838053
H21.33.047,L5/6 NP,0.07024764507570253,66.04511278195488
H21.33.047,L6 CT,0.3749172855970023,32.30769230769231
H21.33.047,L6 IT,0.20453828168292468,99.18407960199005
H21.33.047,L6 IT Car3,0.42317443179023256,82.93491124260356
H21.33.047,L6b,0.24845928104870008,35.67123287671233
H21.33.047,Lamp5,0.1678580776544003,282.773851590106
H21.33.047,Lamp5 Lhx6,0.4291892902107814,97.49999999999999
H21.33.047,OPC,0.12379969728947872,177.32022471910113
H21.33.047,Oligodendrocyte,0.0358422564936479,407.5353293413174
H21.33.047,Pax6,0.15156016302692418,55.387387387387385
H21.33.047,Pvalb,0.0003962468208295123,540.1988950276243
H21.33.047,Sncg,0.24954418327910255,281.6197183098592
H21.33.047,Sst,0.27804635326927474,555.3987398739874
H21.33.047,Sst Chodl,0.09384817882321887,8.842105263157896
H21.33.047,VLMC & Perivascular,0.2068541398934118,9.263157894736842
H21.33.047,Vip,0.15492927186003816,733.6032608695652
